date,ADEL,AEFES,AKBNK,AKCNS,AKENR,AKGRT,AKSA,AKSEN,ALARK,ALBRK,ALKIM,ANELE,ANHYT,ANSGR,ARCLK,ASELS,AYGAZ,BAGFS,BANVT,BIMAS,BIZIM,BRISA,BRSAN,CCOLA,CIMSA,CLEBI,DOAS,DOCO,DOHOL,ECILC,EKGYO,ENKAI,EREGL,FROTO,GARAN,GOZDE,GUBRF,HALKB,HURGZ,INDES,ISCTR,ISGYO,IZMDC,KCHOL,KORDS,KRDMD,MGROS,NTHOL,OTKAR,PETKM,PGSUS,SAHOL,SELEC,SISE,SKBNK,SNGYO,TAVHL,TCELL,THYAO,TKFEN,TKNSA,TMSN,TOASO,TRCAS,TRGYO,TSKB,TTKOM,TTRAK,TUPRS,ULKER,VAKBN,VESTL,XBANK,XU030,XU100,XUSIN,YKBNK
2000-01-31,,,,,,,,,,,,,,,,,,,,,,,,,,,,,,,,,,,,,,,,,,,,,,,,,,,,,,,,,,,,,,,,,,,,,,,,,247.76300048828125,204.9960021972656,167.14910888671875,117.2519989013672,
2000-02-29,,,,,,,,,,,,,,,,,,,,,,,,,,,,,,,,,,,,,,,,,,,,,,,,,,,,,,,,,,,,,,,,,,,,,,,,,244.39599609375,199.99200439453125,159.45816040039062,110.27999877929688,
2000-03-31,,,,,,,,,,,,,,,,,,,,,,,,,,,,,,,,,,,,,,,,,,,,,,,,,,,,,,,,,,,,,,,,,,,,,,,,,226.5039978027344,198.6479949951172,159.20016479492188,111.83599853515624,
2000-04-30,,,,,,,,,,,,,,,,,,,,,,,,,,,,,,,,,,,,,,,,,,,,,,,,,,,,,,,,,,,,,,,,,,,,,,,,,290.40399169921875,238.29200744628903,192.0559844970703,138.33399963378906,
2000-05-31,0.5199204087257385,-350231.65625,-101438.109375,-21332.931640625,,-3647.354736328125,-70580.703125,,1.1124390363693235,,,,5.109955310821533,5.012800216674805,2.859947919845581,6.215275764465332,-602979.3125,0.3467091917991638,-81368.3046875,,,0.3592734038829803,-15259.7177734375,7.748456954956055,-3485.037841796875,13.527579307556152,,,1.2701592445373535,-9485.1669921875,,,-13265.029296875,23405266.0,0.3969917893409729,,0.1059526279568672,,-48530.10546875,,,0.7093153595924377,1.4123443365097046,-39100.69140625,2.5656003952026367,0.0742006078362464,-99822.8125,4.209918022155762,5.496166706085205,0.4905951619148254,,-45647.8515625,,-4854.48779296875,0.4157328009605407,,,,0.0014549281913787,,,,0.3600272536277771,0.6553201079368591,,0.3231023252010345,,,172847296.0,,,4.049819469451904,253.35499572753903,201.94700622558597,162.06314086914062,115.81199645996094,11.433865547180176
2000-06-30,0.4632017910480499,-327265.75,-10223.97265625,-19910.734375,,-3504.310546875,-322.162841796875,,0.8719119429588318,,,,3.979063272476196,0.1710580736398697,2.12654185295105,0.0926137864589691,-13983.28515625,0.2908828258514404,-81368.3046875,,,0.3592734038829803,-10681.9765625,6.425549030303955,-3211.69091796875,8.822334289550781,,,1.3382041454315186,-7296.298828125,,,-11635.9501953125,23055930.0,0.3766330778598785,,0.0903710350394249,,-26635.1328125,,,0.5785788893699646,0.0620002150535583,-2919.705810546875,2.2157461643218994,0.0632186084985733,-31026.0078125,2.3680787086486816,0.4972720444202423,0.4483024775981903,,-42180.921875,,-4151.85498046875,0.4055938422679901,,,,0.001312676584348,,,,0.3909386694431305,0.5473851561546326,,0.2370890378952026,,,167687728.0,,,4.218561172485352,216.73800659179688,180.9320068359375,144.6602325439453,107.49199676513672,0.9132592678070068
2000-07-31,0.5293737053871155,-4992.62646484375,-9897.6748046875,-18082.1875,1.215545415878296,-3504.310546875,-269.0583190917969,,0.8418458700180054,,,,3.853408098220825,0.1560199409723281,1.6041160821914673,0.0940606966614723,-14972.0009765625,0.2938209772109985,-55889.33984375,,,0.4538189172744751,-9634.7158203125,6.80352258682251,-3075.03125,10.145685195922852,,,1.474292516708374,-7442.20947265625,,,-10705.0830078125,24802588.0,0.3664544224739074,,0.08725506067276,,-31600.9921875,,,0.5924868583679199,0.0610084161162376,-2488.385986328125,2.3615190982818604,0.0667799636721611,-28328.099609375,2.0297813415527344,0.4798237383365631,0.4567605555057525,,-38714.01171875,,-4151.85498046875,0.3599641919136047,,,-46.389102935791016,0.0012838661205023,,,,0.3727555871009826,0.5705139636993408,,0.2558354139328003,,,167687728.0,,,2.9248690605163574,210.75,172.0590057373047,138.70126342773438,103.46099853515624,0.8998295068740845
2000-08-31,0.6333577632904053,-4480.5556640625,-8810.021484375,-17472.681640625,1.0997796058654783,-3647.354736328125,-240.73825073242188,,0.8117800354957581,,,,3.476445436477661,0.1691782921552658,1.446718454360962,0.073801040649414,-16666.94921875,0.2585626244544983,-50957.93359375,,,0.4254551827907562,-8294.2412109375,5.953083038330078,-3006.68798828125,13.233501434326172,,,1.3608853816986084,-8025.92041015625,,,-10123.2919921875,25850588.0,0.3410060703754425,,0.081022247672081,,-32052.427734375,,,0.6954072713851929,0.0659683942794799,-2422.02880859375,1.341109275817871,0.0831043496727943,-24551.015625,1.992192506790161,0.4885481595993042,0.4398435950279236,,-36980.546875,,-4343.47900390625,0.3447543084621429,,,-37.22089767456055,0.0011983350850641,,,,0.3272975385189056,0.6784491539001465,,0.2370890378952026,,,152208784.0,,,2.9248690605163574,198.2949981689453,161.20700073242188,131.32029724121094,100.2699966430664,0.7386655807495117
2000-09-30,0.5860921144485474,-4800.6083984375,-7178.52734375,-14831.462890625,0.9068359732627868,-3075.217529296875,-177.0109100341797,,0.6839999556541443,,,,2.890055656433105,0.1466211527585983,1.0649452209472656,0.0586070716381073,-12712.076171875,0.2144890278577804,-50136.015625,,,0.2741824090480804,-7540.2197265625,4.819162845611572,-2405.35888671875,12.35126781463623,,,1.1340709924697876,-6274.81787109375,,,-8610.634765625,22007938.0,0.2850198447704315,,0.0716734752058982,,-27989.4453125,,,0.6397743821144104,0.0545607320964336,-1891.17333984375,1.049564003944397,0.0638122856616973,-21583.314453125,1.4283645153045654,0.3838590979576111,0.3552582859992981,,-30046.697265625,,-3960.23193359375,0.3447543084621429,,,-31.828453063964844,0.0009930605301633,,,,0.2545648217201233,0.5011274814605713,,0.1753352284431457,,,136729920.0,,,2.6998794078826904,169.93099975585938,139.49400329589844,113.5023956298828,89.13800048828125,0.6312235593795776
2000-10-31,0.6428107619285583,-5504.701171875,-9353.8486328125,-18082.1875,1.0611907243728638,-3790.38525390625,-208.87294006347656,,0.9320436120033264,,,,3.267019748687744,0.1729378551244735,1.4132293462753296,0.0766955837607383,-16666.94921875,0.2526862323284149,-55889.33984375,,,0.3356368541717529,-8545.5830078125,6.425549030303955,-3143.361572265625,16.76243782043457,,,1.0206639766693115,-8317.77734375,,,-9657.8623046875,30391910.0,0.3359164595603943,,0.0763474479317665,,-36566.87109375,,,0.7093153595924377,0.0620002150535583,-2687.456787109375,1.253645420074463,0.0697483569383621,-25899.970703125,1.6012718677520752,0.4885481595993042,0.532887876033783,,-39291.84375,,-4726.74365234375,0.339684396982193,,,-30.20633316040039,0.0015980803873389,,,,0.3418440818786621,0.5705139636993408,,0.1775410324335098,,,159948240.0,,,3.149859666824341,202.406005859375,168.302001953125,135.38328552246094,103.83899688720705,0.7520959973335266
2000-11-30,0.3800142705440521,-4928.62158203125,-7613.5986328125,-16863.162109375,0.7814223766326904,-2717.62744140625,-155.77163696289062,,0.7065488696098328,,,,2.345553159713745,0.1372223198413849,1.0281071662902832,0.0492006950080394,-12994.5732421875,0.208612635731697,-44382.6875,,,0.2883641123771667,-5780.8349609375,4.157708644866943,-2487.3544921875,10.292724609375,,,0.5534264445304871,-5895.39599609375,,,-6865.19970703125,22706592.0,0.2392128556966781,,0.0461202301084995,,-25732.23828125,,,0.5785788893699646,0.0401757284998893,-1924.3515625,1.0962108373641968,0.0356157347559928,-18615.607421875,0.9773019552230836,0.3576867878437042,0.380634069442749,,-31780.154296875,,-3513.121826171875,0.1348592191934585,,,-21.575176239013672,0.0011983350850641,,,,0.2436547130346298,0.3854825496673584,,0.1235068514943122,,,130280512.0,,,2.3623948097229004,130.4969940185547,107.8759994506836,87.47653198242188,70.88200378417969,0.5439262986183167
2000-12-31,0.408373475074768,-3776.462158203125,-9571.375,-14221.951171875,0.9068359732627868,-2932.187255859375,-145.1488037109375,,0.6990329623222351,,,,0.1112096458673477,0.1221841797232627,0.7836390733718872,0.0434123389422893,-12994.5732421875,0.1762924790382385,-43560.80078125,,,0.2103636860847473,-5697.05078125,3.449007749557495,-2296.016845703125,9.851607322692873,,,0.4717734754085541,-5545.16259765625,,,-6399.76611328125,19213278.0,0.1908610314130783,,0.0411339923739433,,-17831.98828125,,,0.5507626533508301,0.0367044247686862,-1891.17333984375,1.072887659072876,0.0258218273520469,-22932.265625,0.864536464214325,0.2181014716625213,0.3975509405136108,,-33513.62109375,,-3257.6171875,0.1368879377841949,,,-22.386228561401367,0.0011128041660413,,,,0.1709218621253967,0.2652116119861603,,0.0992458909749984,,,123830960.0,,,1.91353976726532,147.2689971923828,119.09700012207033,94.37149810791016,69.55000305175781,0.4566291570663452
2001-01-31,0.59554523229599,-4672.57373046875,-10223.97265625,-15237.80078125,0.9743660688400269,-3504.310546875,-137.36212158203125,,0.7666810154914856,,,,0.1314297169446945,0.124063953757286,0.9242919087409972,0.0390708930790424,-13700.791015625,0.199798047542572,-44382.6875,,,0.2741824090480804,-5026.81298828125,3.779735326766968,-2432.6904296875,9.851607322692873,,,0.4899183511734009,-5837.0185546875,,,-5585.25927734375,19562610.0,0.2519369721412658,,0.0473667904734611,,-22346.408203125,,,0.5424177646636963,0.0372003242373466,-2322.49365234375,1.072887659072876,0.0278993435204029,-20234.353515625,0.962266206741333,0.2137397527694702,0.4060097932815552,,-34091.4375,,-3449.24169921875,0.1196493282914161,,,-23.46580696105957,0.0009813563665375,,,,0.1963784098625183,0.3469339311122894,,0.1179930716753006,,,141889552.0,,,2.2836482524871826,185.8249969482422,136.77999877929688,106.85043334960938,75.04199981689453,0.6513683199882507
2001-02-28,0.5218106508255005,-5312.65966796875,-7939.89697265625,-11783.9013671875,0.8778937458992004,-3003.7021484375,-123.2004852294922,,0.7215821743011475,,,,0.0970556214451789,0.0921079590916633,0.7334057688713074,0.0272046327590942,-13418.30859375,0.1645396649837494,-28930.943359375,,,0.2316364794969558,-3016.08740234375,2.78755521774292,-1968.0203857421875,8.087141990661621,,,0.281249463558197,-4319.3935546875,,,-4770.7509765625,15195955.0,0.1654133796691894,,0.0336554609239101,,-14897.59765625,,,0.4534054398536682,0.029759868979454,-2090.244384765625,1.0145784616470337,0.0172145497053861,-20234.353515625,0.6615577936172485,0.1788433939218521,0.3552582859992981,,-32173.068359375,,-2650.807861328125,0.0861883535981178,,,-20.76959800720215,0.0009696520864963,,,,0.1509205251932144,0.2189539223909378,,0.0816023722290992,,,139309728.0,,,2.2836482524871826,142.29600524902344,113.55699920654295,87.91553497314453,65.79399871826172,0.4163385927677154
2001-03-31,0.5388267636299133,-3776.462158203125,-7287.29931640625,-9345.8486328125,0.8682470321655273,-2574.596435546875,-104.79100799560548,,0.6990329623222351,,-3487.32470703125,,0.0970556214451789,0.0996270179748535,0.6563810706138611,0.0243108179420232,-11582.1142578125,0.1410341113805771,-24985.822265625,,,0.2481819987297058,-4063.336181640625,2.5985679626464844,-2077.348388671875,11.469036102294922,,,0.2494954317808151,-3910.815673828125,,,-4375.095703125,14322620.0,0.1475995481014251,,0.034902025014162,,-10518.61328125,,,0.3977725505828857,0.0357116498053073,-1891.17333984375,0.8979603052139282,0.0139496717602014,-18885.396484375,0.7292170524597168,0.1640122979879379,0.3518746197223663,,-28475.017578125,,-2554.986328125,0.073006272315979,,,-14.02358055114746,0.000901227351278,,,,0.1891050785779953,0.169611781835556,,0.0584450773894786,,,128990584.0,,,1.91353976726532,124.16500091552734,101.7760009765625,80.22657012939453,63.95399856567383,0.3559023439884186
2001-04-30,0.5530064105987549,-7168.91064453125,-11202.8720703125,-14221.951171875,1.5628447532653809,-3861.90185546875,-201.7921295166016,,1.1124390363693235,,-5174.74169921875,,0.1354737281799316,0.1315829902887344,1.115178465843201,0.0340059734880924,-16949.44921875,0.2291806638240814,-29588.458984375,,,0.3545461893081665,-6534.85693359375,4.5829291343688965,-3485.037841796875,19.703214645385746,,,0.4808459281921386,-5253.33935546875,,,-7214.2763671875,26199920.0,0.3002888262271881,,0.0673109218478202,,-28892.341796875,,,0.5229458808898926,0.0585289113223552,-3284.6689453125,1.3702640533447266,0.0281958226114511,-25090.599609375,1.375740885734558,0.2311877161264419,0.4905951619148254,,-42157.828125,,-3640.865234375,0.111538141965866,,,-20.76959800720215,0.0014549281913787,,,,0.3818471729755401,0.2467088103294372,,0.0959379151463508,,,190906048.0,,,2.952993392944336,205.0379943847656,158.48500061035156,123.67334747314452,95.38200378417967,0.7386655807495117
2001-05-31,0.5813657641410828,-6080.75732421875,-9571.375,-12393.4091796875,1.215545415878296,-2789.142822265625,-173.47207641601562,,0.7366153597831726,,-4274.78564453125,,0.0962468832731247,0.093987725675106,0.9845723509788512,0.028217613697052,-13277.060546875,0.223304271697998,-32054.1796875,,,0.2694547474384308,-5194.36865234375,4.110461711883545,-2665.025390625,15.292047500610352,,,0.4082654416561126,-4261.0166015625,,,-6283.40771484375,22269932.0,0.2901094555854797,,0.0554690212011337,,-18960.603515625,,,0.3421401679515838,0.0436480045318603,-2023.88720703125,1.049564003944397,0.0172145497053861,-18885.396484375,0.789358913898468,0.1701194494962692,0.3721751868724823,,-35501.33203125,,-2554.986328125,0.1368879377841949,,,-16.182735443115234,0.0009813563665375,,,,0.3163875043392181,0.2158701121807098,,0.09483502805233,,,139309728.0,,,2.2836482524871826,193.8419952392578,139.39599609375,108.79741668701172,82.86100006103516,0.6983749866485596
2001-06-30,0.7061471343040466,-6144.76416015625,-11311.642578125,-15237.80078125,1.369901180267334,-2932.187255859375,-205.33416748046875,,0.7366153597831726,,-4649.759765625,,0.1019087359309196,0.097122922539711,1.069968581199646,0.0311121605336666,-15254.5029296875,0.2379952520132064,-32876.06640625,,,0.2647275328636169,-5278.1533203125,4.063215255737305,-3006.68798828125,20.58544921875,,,0.440019428730011,-4377.77294921875,,,-6632.4814453125,26199920.0,0.3206474781036377,,0.0604552552103996,,-19719.021484375,,,0.3838644623756408,0.0486079789698123,-2156.601318359375,1.0845489501953125,0.0252281464636325,-20773.939453125,0.962266206741333,0.1832051873207092,0.3975509405136108,,-37720.14453125,,-2746.610107421875,0.131817951798439,,,-15.645692825317385,0.0011074021458625,,,,0.3636640012264251,0.2343729585409164,,0.1080683916807174,,,167687728.0,,,2.441141128540039,199.66099548339844,142.25,112.0414047241211,87.02999877929688,0.7957442402839661
2001-07-31,0.59554523229599,-6400.81201171875,-10441.517578125,-12190.2373046875,1.4277836084365845,-2517.384033203125,-212.41493225097656,,0.6990329623222351,,-4349.7666015625,,0.0820928364992141,0.0751916170120239,0.9192686080932616,0.0246003475040197,-13842.0400390625,0.2321189045906067,-23999.533203125,,,0.2883641123771667,-5529.494140625,3.4962546825408936,-3075.03125,26.467002868652344,,,0.3642286658287048,-3910.815673828125,,,-5352.54150390625,26199920.0,0.3229966163635254,,0.0604552552103996,,-15547.6904296875,,,0.3282321095466614,0.0486079789698123,-1990.70849609375,1.037901759147644,0.0195885468274354,-20773.939453125,0.7442527413368225,0.191056877374649,0.3721751868724823,,-33652.296875,,-2427.243896484375,0.0892305150628089,,,-16.960779190063477,0.0009246357367374,,,,0.3818471729755401,0.2744636833667755,,0.079396553337574,,,154788624.0,,,2.0867819786071777,171.84500122070312,125.14099884033205,99.14547729492188,83.11399841308594,0.6245083212852478
2001-08-31,0.6125613451004028,-6272.79931640625,-10441.517578125,-13612.43359375,1.4084891080856323,-2774.83984375,-230.11544799804688,,0.6839999556541443,,-4799.744140625,,0.0863393023610115,0.097122922539711,0.8690351843833923,0.0217058006674051,-12994.5732421875,0.2556244134902954,-23342.017578125,,,0.2694547474384308,-5445.7099609375,3.118281364440918,-3348.364501953125,10.292724609375,,,0.3360447883605957,-3852.438232421875,,,-6399.76611328125,24453252.0,0.3009739220142364,,0.0573384389281272,,-17443.74609375,,,0.3198871910572052,0.0411685034632682,-1791.6375732421875,1.0145784616470337,0.01691734790802,-23202.05859375,0.6841108798980713,0.1936741322278976,0.4093927145004272,,-34761.70703125,,-2363.36279296875,0.087201789021492,,,-15.365703582763672,0.0009246357367374,,,,0.4363968670368194,0.2436249703168869,,0.0771914944052696,,,165107904.0,,,1.96866238117218,163.89700317382812,124.84600067138672,98.7884750366211,86.03199768066406,0.6043626070022583
2001-09-30,0.3743426203727722,-5568.7060546875,-9223.33984375,-10158.5361328125,1.0033073425292969,-2002.459228515625,-166.39126586914062,,0.4434719681739807,,-3224.823486328125,,0.0560495667159557,0.0676725506782531,0.6681020855903625,0.0170755516737699,-9463.435546875,0.1557250916957855,-15616.1162109375,,,0.1867275834083557,-4021.44970703125,1.2756606340408323,-2706.023681640625,1.245746374130249,,,0.2124665379524231,-2539.10302734375,,,-5701.6171875,15545286.0,0.1761796921491623,,0.0361477509140968,,-14637.5751953125,,,0.2503461539745331,0.0272803660482168,-1260.7821044921875,0.6414000988006592,0.010387591086328,-22122.890625,0.0952236279845237,0.1334781497716903,0.2791310250759125,,-28475.017578125,,-1628.80859375,0.0770627930760383,,,-11.996196746826172,0.0005131862708367,,,,0.3127510249614715,0.1541927754878997,,0.0551363565027713,,,141734800.0,,,1.259943962097168,120.56700134277344,98.1240005493164,76.25859832763672,70.68900299072266,0.4431994557380676
2001-10-31,0.4509125351905823,-8065.021484375,-10789.5537109375,-14425.123046875,1.4277836084365845,-2631.808349609375,-258.4387512207031,,0.6313843131065369,,-4499.7744140625,,0.0736006125807762,0.1021357700228691,1.0448521375656128,0.0340059734880924,-11723.3603515625,0.2144890278577804,-19725.638671875,,,0.2410913407802581,-6451.0732421875,2.012708902359009,-3553.3671875,2.409804582595825,,,0.2449869960546493,-3385.48193359375,,,-7097.9169921875,19213278.0,0.2275657504796981,,0.0498599074780941,,-19567.32421875,,,0.2865078449249267,0.0357116498053073,-1857.9947509765625,0.9096220135688782,0.0166208688169717,-26169.76171875,0.1779185682535171,0.2329326272010803,0.390784353017807,,-37350.35546875,,-2171.739501953125,0.0699641108512878,,,-24.322738647460938,0.0006392321083694,,,,0.3527539372444153,0.2371047735214233,,0.0672668367624282,,,172847296.0,,,2.0867819786071777,142.91700744628906,125.51699829101562,98.48748016357422,91.39299774169922,0.5539991855621338
2001-11-30,0.4509125351905823,-8065.021484375,-12181.76953125,-17675.84765625,1.5049614906311035,-2717.62744140625,-272.600341796875,,0.6915163397789001,,-5249.720703125,,0.0835082232952117,0.1052683815360069,1.1754584312438965,0.0549890808761119,-12570.830078125,0.2321189045906067,-21369.443359375,,,0.2694547474384308,-7288.8779296875,2.8820483684539795,-3621.6962890625,2.246427297592163,,,0.3967491388320923,-4144.29296875,,,-7214.2763671875,20086610.0,0.2862918972969055,,0.057962130755186,,-25027.990234375,,,0.3198871910572052,0.0545607320964336,-2057.0654296875,1.067056655883789,0.0216660648584365,-31026.0078125,0.2079899758100509,0.3009802997112274,0.4342048764228821,,-47335.1015625,,-2874.370849609375,0.0801040306687355,,,-28.80595970153809,0.000707656960003,,,,0.4182136654853821,0.3265050947666168,,0.0860132426023483,,,185810912.0,,,2.323021411895752,174.4929962158203,147.718994140625,116.33837890625,100.56900024414062,0.7050902247428894
2001-12-31,0.5189753174781799,-8961.1318359375,-16010.3193359375,-19504.3828125,1.640021800994873,-3289.76416015625,0.0326265096664428,,0.8568789958953857,,-5999.6904296875,,0.1146470457315445,0.1347187012434005,1.6225347518920898,0.0622243210673332,-16101.96875,0.2820682227611542,-23999.533203125,,,0.3167279362678528,-7959.11572265625,3.0710349082946777,-4168.3759765625,2.818245410919189,,,0.5159909129142761,-4728.00439453125,,,-8610.634765625,26636590.0,0.3817227780818939,,0.0779062658548355,,-31474.599609375,,,0.3616114556789398,0.0545607320964336,-2554.7431640625,1.294461727142334,0.0258218273520469,-33723.92578125,0.2380604594945907,0.3664107322692871,0.5272483229637146,,-59168.875,,-3640.865234375,0.0912583097815513,,,-38.40483474731445,0.0008904231945052,,,,0.4636715948581695,0.3265050947666168,,0.1025546193122863,,,211738096.0,,,2.8742470741271973,213.20199584960935,175.16400146484375,137.8272705078125,114.13400268554688,0.8863989114761353
2002-01-31,0.5019593834877014,-7040.875,-13399.9482421875,-18488.53515625,1.910143256187439,-2832.05224609375,0.0319537669420242,,0.7666810154914856,,-6074.69580078125,,0.0976622551679611,0.1178003177046775,1.2809481620788574,0.0564359761774539,-13842.0400390625,0.2879445850849151,-21698.21484375,,,0.345091313123703,-7791.56103515625,2.6458144187927246,-4100.04638671875,2.7365572452545166,,,0.4878068268299103,-4144.29296875,,,-8494.2763671875,23143266.0,0.3890641033649444,,0.0732314586639404,,-29578.521484375,,,0.3337951898574829,0.0510884560644626,-2189.779541015625,1.3644331693649292,0.0255246255546808,-27653.6171875,0.2330482453107834,0.3598678708076477,0.4652194082736969,,-47335.1015625,,-3449.24169921875,0.131817951798439,,,-31.04287338256836,0.000752673309762,,,,0.4500341415405273,0.2876359224319458,,0.1213010400533676,,,190132080.0,,,2.9136202335357666,209.96600341796875,167.7689971923828,132.5222930908203,110.95600128173828,0.7655264735221863
2002-02-28,0.408373475074768,-6912.861328125,-12529.8203125,-15034.62890625,1.7557884454727173,-2402.958984375,0.0279173385351896,,0.7441320419311523,,-5399.728515625,,0.0877546519041061,0.1002554967999458,1.125225067138672,0.0557125210762023,-11864.6083984375,0.2703154385089874,-19068.123046875,,,0.2789095640182495,-9215.8203125,2.296189069747925,-3608.03125,2.083050489425659,,,0.4119257926940918,-3852.438232421875,,,-7796.068359375,29693252.0,0.3670413792133331,,0.0617018155753612,,-33749.8515625,,,0.2865078449249267,0.0391839258372783,-1957.5302734375,1.0845489501953125,0.0207759067416191,-24281.2265625,0.1904481798410415,0.2538705170154571,0.390784353017807,,-41418.203125,,-3660.34228515625,0.0983560606837272,,,-28.164161682128903,0.0006392321083694,,,,0.4182136654853821,0.2487660944461822,,0.1003487855195999,,,150377232.0,,,2.4805145263671875,176.51499938964844,140.30099487304688,110.55641174316406,94.45899963378906,0.6647987961769104
2002-03-31,0.4253894686698913,-8577.0693359375,-14792.1455078125,-18691.708984375,1.5821393728256226,-2689.02099609375,0.0252266768366098,,0.75164794921875,,-6299.68505859375,,0.0849239230155944,0.1052683815360069,1.3613218069076538,0.0535421632230281,-12147.0966796875,0.2673771977424621,-18081.837890625,,,0.293091356754303,-9006.3642578125,2.343435764312744,-3225.356201171875,2.1647396087646484,,,0.494310587644577,-3502.204833984375,,,-6981.55859375,27946600.0,0.3964048624038696,,0.0623246766626834,,-38679.625,,,0.2865078449249267,0.0391839258372783,-2123.42236328125,1.0845489501953125,0.0207759067416191,-25899.970703125,0.2004716694355011,0.2381670773029327,0.4031896889209747,,-45855.8671875,,-3791.0771484375,0.0882161483168602,,,-27.201446533203125,0.0007184608257375,,,,0.413667768239975,0.2409919053316116,,0.0804994627833366,,,127906976.0,,,2.6773805618286133,195.88699340820312,148.98599243164062,116.79338073730467,94.27100372314452,0.7957442402839661
2002-04-30,0.4764364957809448,-7424.9345703125,-14792.1455078125,-19098.044921875,1.4084891080856323,-2832.05224609375,0.0221994966268539,,0.6839999556541443,,-5474.7109375,,0.0835082232952117,0.1115345954895019,1.3362048864364624,0.0393924191594123,-12147.0966796875,0.2497480362653732,-17753.064453125,,,0.2505457401275635,-8587.4677734375,2.2205939292907715,-3170.693115234375,2.123895168304444,,,0.4986469745635986,-5428.43994140625,,,-7796.068359375,26636590.0,0.3817227780818939,,0.0604552552103996,,-41713.31640625,,,0.2781629264354706,0.0436480045318603,-1957.5302734375,1.0145784616470337,0.0204787049442529,-23471.8515625,0.192954272031784,0.2276981621980667,0.3721751868724823,,-43637.05859375,,-4052.52685546875,0.0851739943027496,,,-29.117446899414062,0.0006959526799619,,,,0.4454882442951202,0.3031837344169616,,0.0738835260272026,,,124450080.0,,,2.638007402420044,192.99899291992188,145.69400024414062,114.41439056396484,93.71800231933594,0.7856714129447937
2002-05-31,0.4253894686698913,-7680.96044921875,-13747.9990234375,-17675.84765625,1.312017798423767,-2689.02099609375,0.0197608601301908,,0.5487029552459717,,-5249.720703125,,0.0702035948634147,0.0972479879856109,1.4416950941085815,0.0344681814312934,-11186.6337890625,0.2115508168935775,-25972.080078125,,,0.2505457401275635,-7540.2197265625,2.0316076278686523,-3006.68798828125,1.633765697479248,,,0.4292696416378021,-4903.10546875,,,-6865.19970703125,24889924.0,0.3743820488452911,,0.0669986456632614,,-29578.521484375,,,0.2364381104707718,0.0476161800324916,-1891.1727294921875,0.857143759727478,0.0166208688169717,-19155.189453125,0.1779185682535171,0.1858224123716354,0.3349577188491821,,-38459.75390625,,-3608.052978515625,0.0750340670347213,,,-25.917818069458008,0.0006392321083694,,,,0.3954845666885376,0.2371047735214233,,0.0639588534832,,,115807640.0,,,2.204901695251465,173.677001953125,133.05599975585938,104.1364517211914,87.64800262451172,0.7151622176170349
2002-06-30,0.4296434819698334,-7552.947265625,-17576.55859375,-15644.1484375,1.203969120979309,-2488.77783203125,0.0206017009913921,,0.5938018560409546,,-4799.744140625,,0.0630847066640853,0.0892276018857956,1.6074650287628174,0.0295439418405294,-10508.6513671875,0.199798047542572,-26629.625,,,0.2363641113042831,-7414.5478515625,1.6347354650497437,-3061.36572265625,1.6746100187301636,,,0.418429434299469,-4728.00439453125,,,-7214.2763671875,25326584.0,0.2862918972969055,,0.0617018155753612,,-36025.12890625,,,0.2114037275314331,0.0466243810951709,-1957.529541015625,0.7959191203117371,0.0121686309576034,-18615.607421875,0.1578716039657592,0.1648849248886108,0.3070443570613861,,-37966.6796875,,-3137.44140625,0.0699641108512878,,,-22.39729118347168,0.000581611180678,,,,0.3682096004486084,0.2215569764375686,,0.057342167943716,,,112350768.0,,,2.4805145263671875,130.2969970703125,118.91000366210938,93.79850769042967,88.50700378417969,0.3082246482372284
2002-07-31,0.4849443435668945,-7680.96044921875,-16010.3193359375,-18894.876953125,1.3274531364440918,-2631.808349609375,0.0239651035517454,,0.6539340615272522,,-4874.74755859375,,0.065713346004486,0.0912329405546188,1.9239343404769895,0.0596356838941574,-12373.091796875,0.2203660905361175,-29917.23046875,,,0.2789095640182495,-9802.283203125,1.7292288541793823,-3498.703125,1.980940818786621,,,0.4878068268299103,-5136.5830078125,,-1813.23828125,-8494.2763671875,27946600.0,0.2613330781459808,,0.0669986456632614,,-40196.4609375,,,0.2086218893527984,0.0684488713741302,-2488.385986328125,0.8483971953392029,0.0184011869132518,-23741.640625,0.1478481143712997,0.2695735096931457,0.3349577188491821,,-42897.4140625,,-3477.33642578125,0.1594568341970443,,,-31.684680938720703,0.0006158236064948,,,,0.3773013651371002,0.2332182824611663,,0.0551363565027713,,,138277888.0,,,2.519887924194336,122.43699645996094,128.86099243164062,102.3644561767578,98.83999633789062,0.3384431898593902
2002-08-31,0.5615142583847046,-6400.81201171875,-16184.3408203125,-17675.84765625,1.2965823411941528,-2660.4150390625,0.0248062536120414,,0.6088350415229797,,-5062.24658203125,,0.0672904700040817,0.0922351032495498,1.7581650018692017,0.0642860233783721,-13220.55859375,0.2379952520132064,-40273.19921875,,,0.2789095640182495,-9299.6044921875,1.7953741550445557,-3553.3671875,1.878830075263977,,,0.4401097893714905,-5370.0615234375,,-1720.7252197265625,-8959.7119140625,25763262.0,0.2422471344470977,,0.0638826712965965,,-30336.9609375,,,0.2030587345361709,0.0634888857603073,-2156.601318359375,0.8134121298789978,0.01691734790802,-22392.685546875,0.120282806456089,0.2407843023538589,0.3349577188491821,,-38459.75390625,,-4000.23779296875,0.1221364289522171,,,-27.201446533203125,0.0006392321083694,,,,0.3182059228420257,0.2915224134922027,,0.0650610104203224,,,129635456.0,,,2.323021411895752,114.93000030517578,118.05999755859376,95.47249603271484,93.87000274658205,0.2578612864017486
2002-09-30,0.4849443435668945,-6656.8369140625,-16532.39453125,-17675.84765625,1.17309832572937,-2460.171875,0.0243858285248279,,0.5336697697639465,,-4499.7744140625,,0.0604560710489749,0.0882249027490615,1.6576980352401731,0.0642860233783721,-13051.0732421875,0.2820682227611542,-30903.517578125,,,0.2647275328636169,-10053.6259765625,1.6347354650497437,-3280.0341796875,1.552077293395996,,,0.3794053792953491,-4728.00439453125,,-1609.712158203125,-7446.990234375,24016596.0,0.212883785367012,,0.0598315559327602,,-26544.828125,,,0.1974956691265106,0.0436480045318603,-2057.0654296875,0.7434408068656921,0.0145426280796527,-21853.103515625,0.1002358347177505,0.2329326272010803,0.3194504380226135,,-37473.609375,,-3529.625732421875,0.1255291104316711,,,-25.28544235229492,0.000581611180678,,,,0.2363816350698471,0.2565397322177887,,0.060650136321783,,,115807640.0,,,1.8899157047271729,108.16600036621094,109.18499755859376,88.4215316772461,85.31900024414062,0.2175707072019577
2002-10-31,0.5615142583847046,-7808.97265625,-17228.5,-20113.900390625,1.3428884744644165,-3032.308349609375,0.0290104951709508,,0.6013186573982239,,-4874.74755859375,,0.0778046920895576,0.1132887601852417,1.843560814857483,0.0642860233783721,-15423.986328125,0.311450183391571,-36985.5859375,,,0.3072730302810669,-11184.65625,1.9843612909317017,-4045.368408203125,1.7562977075576782,,,0.3317082226276397,-5428.43994140625,,-1665.2210693359375,-8145.1416015625,24889924.0,0.2833557426929474,,0.0629475489258766,,-31095.380859375,,,0.2364381104707718,0.0520802587270736,-2322.49365234375,0.8921294212341309,0.0163236688822507,-24551.015625,0.1127654314041137,0.2355498969554901,0.3845812976360321,,-46842.0234375,,-4392.42138671875,0.1340112686157226,,,-32.00559616088867,0.0006734444759786,,,,0.3682096004486084,0.2837487757205963,,0.0705747976899147,,,141734800.0,,,2.441141128540039,128.30799865722656,127.34400177001952,102.5184555053711,98.47599792480467,0.2780069410800934
2002-11-30,0.6636080741882324,-7552.947265625,-22010.71484375,-27935.97265625,1.5821393728256226,-3490.007568359375,0.0332150422036647,,0.8117800354957581,,-5999.6904296875,,0.1130268946290016,0.1483784168958664,2.677433490753174,0.0779638737440109,-20339.333984375,0.3760911524295807,-36163.67578125,,,0.4065461754798889,-12818.37109375,2.6458144187927246,-5630.7294921875,1.89925229549408,,,0.4119257926940918,-8463.6884765625,,-1981.9190673828125,-10123.2919921875,32313242.0,0.4110860824584961,,0.0841382294893264,,-40954.90234375,,,0.3198871910572052,0.0634888857603073,-2886.527587890625,1.1370272636413574,0.026414779946208,-27248.931640625,0.1628828793764114,0.2878941297531128,0.5768719911575317,,-56210.40234375,,-5882.69775390625,0.1832055747509002,,,-38.40483474731445,0.0010497812181711,,,,0.3863928318023681,0.4275667667388916,,0.0926299467682838,,,178032752.0,,,3.4254722595214844,177.6750030517578,165.38299560546875,133.0032958984375,125.197998046875,0.3485160171985626
2002-12-31,0.4764364957809448,-5952.74462890625,-19525.62890625,-19707.55078125,1.111355900764465,-2660.4150390625,0.0252266768366098,,0.5487029552459717,,-5718.44384765625,,0.072547398507595,0.123314544558525,2.175100564956665,0.0834351778030395,-15423.986328125,0.2908828258514404,-27944.65625,,,0.3120006322860718,-8671.251953125,1.7481273412704468,-4045.368408203125,1.4295445680618286,,,0.2818439900875091,-6420.73046875,,-1692.8887939453125,-7796.068359375,24453252.0,0.3156552910804748,,0.0585850030183792,,-32991.43359375,,,0.2253118604421615,0.0451366789638996,-2289.3154296875,0.7959191203117371,0.0204787049442529,-23471.8515625,0.11025932431221,0.261722207069397,0.3597691059112549,,-42897.4140625,,-4052.52685546875,0.1306185722351074,,,-31.04287338256836,0.0006734444759786,,,,0.3045685589313507,0.2954095304012298,,0.066163919866085,,,134820864.0,,,2.4805145263671875,138.15499877929688,128.86199951171875,103.69844818115234,98.88700103759766,0.2780069410800934
2003-01-31,0.4934513866901397,-6208.76953125,-21655.6953125,-23872.55859375,1.080485224723816,-3089.5205078125,0.0260675251483917,,0.5712528824806213,,-5624.71826171875,,0.078855887055397,0.1183016449213028,2.426267623901367,0.087538443505764,-15762.9814453125,0.2938209772109985,-29259.685546875,,,0.3498189151287079,-8419.9111328125,1.8237218856811523,-4592.04833984375,1.4703891277313232,,,0.2818439900875091,-7150.35400390625,,-1692.8887939453125,-8959.7119140625,29693252.0,0.3156552910804748,,0.0598315559327602,,-32233.01953125,,,0.2280930131673813,0.0560484379529953,-2256.13623046875,0.8396511673927307,0.0468942075967788,-22257.79296875,0.1052471175789833,0.2748079299926758,0.4342048764228821,,-43390.4921875,,-4183.26220703125,0.128921777009964,,,-35.99802017211914,0.0007418693858198,,,,0.3136601448059082,0.3420528769493103,,0.057342167943716,,,138277888.0,,,2.7167539596557617,147.7740020751953,137.4239959716797,110.31941223144533,107.0189971923828,0.3323990702629089
2003-02-28,0.5104674100875854,-6656.8369140625,-21655.6953125,-23618.58984375,1.1422265768051147,-3203.945556640625,0.0256471000611782,,0.6088350415229797,,-7499.609375,,0.0814845263957977,0.128327414393425,2.345893621444702,0.0861712023615837,-15932.4765625,0.311450183391571,-29917.23046875,,,0.4207278788089752,-9425.2744140625,1.9654620885849,-4756.0537109375,1.511232852935791,,,0.2883476912975311,-7150.35400390625,,-1837.404052734375,-8145.1416015625,30129914.0,0.3347418010234833,,0.0604552552103996,,-33370.65234375,,,0.2420017570257187,0.057040236890316,-2355.67236328125,0.9271144270896912,0.0439265370368957,-22257.79296875,0.1027419418096542,0.2813513278961181,0.4342048764228821,,-38952.828125,,-4836.87890625,0.1441892981529235,,,-34.40294647216797,0.0007301651639863,,,,0.4000304341316223,0.3498271107673645,,0.0584450773894786,,,150377232.0,,,2.8742470741271973,160.36700439453125,144.39100646972656,115.74339294433594,111.18699645996094,0.3525447249412536
2003-03-31,0.4338974058628082,-6144.76416015625,-15798.0029296875,-20317.072265625,1.0341780185699463,-2288.534423828125,0.0239651035517454,,0.5186372995376587,,-6280.91650390625,,0.0683416649699211,0.0992533341050148,1.9691447019577024,0.0629180148243904,-13390.0576171875,0.2497480362653732,-25643.337890625,,,0.3167279362678528,-8671.251953125,1.6347354650497437,-4318.71533203125,1.4295445680618286,,,0.2276431918144226,-6712.58544921875,,-1981.9190673828125,-6865.19970703125,26199920.0,0.2319703102111816,,0.0573384389281272,,-21994.296875,,,0.2030587345361709,0.0496007539331913,-1857.9947509765625,0.8483971953392029,0.0409581325948238,-19829.671875,0.0977297350764274,0.2172292321920395,0.4342048764228821,,-31063.642578125,,-4000.23779296875,0.1221364289522171,,,-27.522348403930664,0.0006617402541451,,,,0.3409349322319031,0.2798616886138916,,0.046314600855112,,,133092464.0,,,2.5592610836029053,120.9250030517578,117.76499938964844,94.75049591064452,96.9229965209961,0.282035619020462
2003-04-30,0.5232293605804443,-8065.021484375,-19703.14453125,-21993.224609375,1.17309832572937,-2706.19287109375,0.0295993369072675,,0.7426285743713379,,-8212.0908203125,,0.0909472554922103,0.1172994971275329,2.561897039413452,0.0640128552913665,-17966.404296875,0.311450183391571,-33728.08203125,,,0.4207278788089752,-11058.98828125,2.144998788833618,-4952.845703125,1.690947413444519,,,0.2840118706226349,-7880.01025390625,,-2209.015869140625,-8796.7724609375,31439908.0,0.2774834334850311,,0.0779062658548355,,-26772.37109375,,,0.2837260365486145,0.0615043155848979,-2096.8798828125,0.9970858097076416,0.043332852423191,-22500.6015625,0.1854359805583953,0.2486360222101211,0.4528132677078247,,-35008.22265625,,-4732.29931640625,0.1950794756412506,,,-30.080150604248047,0.0008274004794657,,,,0.4045760631561279,0.3498271107673645,,0.0628559440374374,,,-28724.79296875,,,2.937244176864624,145.26699829101562,141.2310028076172,115.0993881225586,120.61900329589844,0.3263556361198425
2003-05-31,0.4934513866901397,-7552.947265625,-18638.1015625,-20469.447265625,0.9724364876747132,-2717.62744140625,0.0264879558235406,,0.6794900298118591,,-7837.0908203125,,0.0877929925918579,0.1062710583209991,2.787947177886963,0.0500610992312431,-20303.734375,0.2891201674938202,-31688.369140625,,,0.3900006115436554,-11008.7197265625,2.11665153503418,-4701.3759765625,1.6991158723831177,,,0.2905155718326568,-7669.87451171875,,-2105.791259765625,-9076.068359375,31090572.0,0.287760317325592,,0.0835153684020042,,-32274.42578125,,,0.2698178887367248,0.0555525347590446,-2083.6083984375,0.9970858097076416,0.0412553325295448,-22824.349609375,0.1879420727491378,0.2146119922399521,0.4869295954704284,,-34022.09765625,,-4836.87890625,0.1815087646245956,,,-29.59880256652832,0.0008328023250214,,,,0.3961200416088104,0.3832553923130035,,0.0816023722290992,,,-29530.158203125,,,3.0947370529174805,143.5780029296875,139.89100646972656,113.81340026855467,118.50399780273438,0.3344137966632843
2003-06-30,0.4594205319881439,-7168.91064453125,-21918.40234375,-18539.328125,0.8798233270645142,-2620.3740234375,0.023124249652028,,0.6043247580528259,,-7124.6357421875,,0.0757016614079475,0.0962452962994575,2.501616716384888,0.0445898175239563,-17618.943359375,0.27149099111557,-30449.974609375,,,0.3829096257686615,-10304.9658203125,2.097752571105957,-4296.83984375,1.74812912940979,,,0.2471549212932586,-6566.6728515625,,-2002.5665283203125,-9029.4853515625,30741238.0,0.2862918972969055,,0.0803985595703125,,-31126.32421875,,,0.2420017570257187,0.0500966571271419,-1632.3812255859375,0.9621002078056335,0.0317571796476841,-22662.48046875,0.1528593897819519,0.2015258073806762,0.3721751868724823,,-33035.9453125,,-4470.84765625,0.1594568341970443,,,-30.080150604248047,0.0007247632020153,,,,0.3961200416088104,0.3614878058433532,,0.0727806240320205,,,-25234.87109375,,,2.819124460220337,146.45599365234375,135.18299865722656,108.84342193603516,109.4499969482422,0.3082246482372284
2003-07-31,0.4934513866901397,-7488.94189453125,-20352.8046875,-16253.6533203125,0.7640575170516968,-2031.0655517578125,0.0210221298038959,,0.5772660374641418,,-5905.94189453125,,0.0693931803107261,0.0902302488684654,2.175100564956665,0.0440427623689174,-14542.6220703125,0.260913074016571,-29867.201171875,,,0.3734551668167114,-9425.2744140625,1.880418419837952,-3750.17333984375,1.7562977075576782,,,0.2254746109247207,-6356.5390625,,-1992.24560546875,-9541.501953125,31963908.0,0.2921648025512695,,0.0722963213920593,,-32912.2734375,,,0.2197486758232116,0.048112079501152,-1566.02392578125,0.9795925617218018,0.0270084608346223,-23957.478515625,0.1328124105930328,0.1876038610935211,0.3287546336650848,,-32345.630859375,,-4287.84130859375,0.132314458489418,,,-29.43833541870117,0.0006446340703405,,,,0.3865171074867248,0.3288377523422241,,0.066163919866085,,,-26040.236328125,,,2.70100474357605,140.63400268554688,132.36700439453125,105.7194366455078,106.83499908447266,0.2780069410800934
2003-08-31,0.5189753174781799,-8129.02685546875,-22596.849609375,-19199.634765625,0.8566697239875793,-2402.958984375,0.0229140389710664,,0.6283779740333557,,-6149.67626953125,,0.0804329887032508,0.0982506722211837,2.4513838291168213,0.0519761703908443,-16388.412109375,0.2632635235786438,-31906.91015625,,,0.3734551668167114,-9550.943359375,2.0032591819763184,-4132.84765625,1.2661679983139038,,,0.2428191304206848,-6916.87548828125,,-2147.08203125,-10100.033203125,33710572.0,0.3156552910804748,,0.0791528299450874,,-37632.25,,,0.2559098303318023,0.0496007539331913,-1831.4517822265625,1.067056655883789,0.0296796634793281,-24281.2265625,0.1353185176849365,0.2308970242738723,0.3318565189838409,,-36783.30859375,,-4601.58203125,0.1407966166734695,,,-32.63796615600586,0.0006788464379496,,,,0.4273296594619751,0.3677069246768951,,0.0639588534832,,,-30335.521484375,,,2.8742470741271973,156.09800720214844,146.86900329589844,116.11737823486328,115.5540008544922,0.2780069410800934
2003-09-30,0.4934513866901397,-9101.9599609375,-27919.880859375,-19047.2578125,0.8566697239875793,-2746.233642578125,0.0248062536120414,,0.6824963092803955,,-6055.92822265625,,0.1119753643870353,0.1213096976280212,2.536780595779419,0.0538912378251552,-16500.28515625,0.296759158372879,-37880.34765625,,,0.3829096257686615,-9802.283203125,2.267841339111328,-4209.37353515625,1.2743371725082395,,,0.2883476912975311,-9456.0087890625,,-2105.791259765625,-12566.8154296875,44365188.0,0.3714459538459778,,0.1078220382332801,,-38014.9453125,,,0.2642547488212585,0.0505925565958023,-2136.69384765625,1.049564003944397,0.030273338779807,-27194.974609375,0.1378246247768402,0.2325004935264587,0.3256535232067108,,-44869.71484375,,-5124.4833984375,0.1374039351940155,,,-30.561511993408203,0.0006788464379496,,,,0.4681419730186462,0.3925840556621551,,0.066163919866085,,,-31677.80859375,,,2.9766173362731934,189.2480010986328,167.36300659179688,130.55831909179688,124.74199676513672,0.3203122615814209
2003-10-31,0.5062134265899658,-10542.1337890625,-34965.08984375,-26158.23046875,0.9415658116340636,-3261.158203125,0.0258573126047849,,0.8117800354957581,,-6337.17529296875,,0.154032289981842,0.1553966253995895,3.5163300037384038,0.0585415884852409,-18905.40625,0.3055737614631653,-48078.91015625,,,0.4160005450248718,-11134.390625,2.6741626262664795,-4920.044921875,1.3641940355300903,,,0.401085615158081,-9806.2109375,,-2126.43896484375,-14312.2529296875,56591828.0,0.5035807490348816,,0.1090686023235321,,-48858.12890625,,,0.2948522269725799,0.0590248107910156,-2680.820556640625,1.2419835329055786,0.0356157347559928,-32374.96875,0.1578716039657592,0.2749919891357422,0.344261884689331,,-60155.0078125,,-5934.98828125,0.1560641229152679,,,-35.84700393676758,0.0007589755696244,,,,0.5593695044517517,0.4508881270885467,,0.079396553337574,,,-32214.716796875,,,3.62233829498291,237.31500244140625,204.31700134277344,157.5421600341797,141.88400268554688,0.4149957597255707
2003-11-30,0.5317372679710388,-9908.45703125,-33921.35546875,-29599.435546875,0.9184122085571288,-3289.76416015625,0.0260675251483917,,0.7817142009735107,,-6187.1904296875,,0.1419409215450287,0.1363478004932403,3.189812421798706,0.0525232218205928,-18178.275390625,0.317326545715332,-42251.16015625,,,0.4112733900547027,-10556.306640625,2.4851763248443604,-5630.7294921875,1.4050378799438477,,,0.3707330822944641,-9456.0087890625,,-2209.015869140625,-12915.953125,53098516.0,0.459536075592041,,0.1003426909446716,,-48858.12890625,,,0.2837260365486145,0.0545607320964336,-2402.121337890625,1.1282812356948853,0.0362094156444072,-28489.970703125,0.1628828793764114,0.2589574456214905,0.3101462721824646,,-54238.1328125,,-5281.35546875,0.1679380536079406,,,-35.84700393676758,0.0007472712895832,,,,0.5281600952148438,0.4003576338291168,,0.0838081762194633,,,-27382.5078125,,,3.386099338531494,221.64700317382807,187.64700317382807,146.17422485351562,132.3820037841797,0.3585881292819977
2003-12-31,0.59554523229599,-10196.4951171875,-38357.23828125,-35821.53515625,1.0959205627441406,-4619.9775390625,0.0309027098119258,,1.127472162246704,,-7124.6357421875,,0.1882029175758361,0.1965013444423675,3.893078565597534,0.0672951862215995,-21534.267578125,0.4054731428623199,-54635.12109375,,,0.5058192014694214,-12818.37109375,3.5907483100891118,-6750.31640625,1.47855806350708,,,0.5810316801071167,-12695.546875,,-2992.923583984375,-19315.724609375,65674464.0,0.6019478440284729,,0.1377378404140472,,-63783.46484375,,,0.3616114556789398,0.0813452005386352,-3158.59130859375,1.2174941301345823,0.0480815730988979,-32536.84375,0.1904481798410415,0.307060956954956,0.3659721612930298,,-65578.8203125,,-7320.70166015625,0.1933836042881012,,,-44.804046630859375,0.0008841210510581,,,,0.7442255020141602,0.4664365649223327,,0.1179930716753006,,,-31409.34765625,,,4.646042823791504,290.5799865722656,243.1000061035156,186.2490081787109,162.99200439453125,0.5842168927192688
2004-01-31,0.59554523229599,-10138.8740234375,-33921.35546875,-32266.052734375,1.0110254287719729,-3968.308837890625,0.0279594324529171,,1.1124390363693235,,-6749.6611328125,,0.18925441801548,0.1784556657075882,3.2902793884277344,0.0601827390491962,-19185.0703125,0.428978681564331,-48078.91015625,,,0.4798189997673034,-12014.08203125,3.63799500465393,-5667.89794921875,1.396869659423828,,,0.5485113263130188,-12870.681640625,,-2644.43017578125,-17803.05859375,63927816.0,0.6019478440284729,,0.1626681983470916,,-51026.765625,,,0.4200257062911987,0.0748965516686439,-2822.87841796875,1.2174941301345823,0.0439265370368957,-29542.158203125,0.1879420727491378,0.2725867331027984,0.3783782422542572,,-57196.55078125,,-7712.88720703125,0.1713307350873947,,,-43.22784423828125,0.0008445066632702,,,,0.6121853590011597,0.4858716130256653,,0.1069654896855354,,,-32214.716796875,,,4.331057071685791,266.5559997558594,223.7050018310547,172.5920867919922,153.38699340820312,0.5600425601005554
2004-02-29,0.6040531992912292,-10887.771484375,-36269.76953125,-33599.3671875,1.0650497674942017,-4522.71142578125,0.0290104951709508,,1.1199558973312378,,-7555.86572265625,,0.2039744555950164,0.1914889812469482,3.817728757858277,0.0563526190817356,-19464.7421875,0.42310231924057,-50992.77734375,,,0.4916372001171112,-16462.810546875,3.8553292751312256,-5963.1064453125,1.437713384628296,,,0.6569127440452576,-13833.779296875,,-2767.430908203125,-19083.00390625,63578472.0,0.7047194242477417,,0.1587419807910919,,-58680.7734375,,,0.3866463303565979,0.075392447412014,-2822.87841796875,1.2489811182022097,0.0543148517608642,-29339.81640625,0.2104951590299606,0.367190420627594,0.3287546336650848,,-61141.16015625,,-9281.6083984375,0.2459705471992492,,,-53.1381721496582,0.0009129314566962,,,,0.7010127902030945,0.4897581338882446,,0.1124792769551277,,,-29261.693359375,-9012.658203125,,4.488549709320068,298.63299560546875,244.7250061035156,188.8909912109375,164.90699768066406,0.5942897796630859
2004-03-31,0.7384762167930603,-10196.4951171875,1.0586906671524048,-33777.1328125,1.1190739870071411,0.1083255559206008,0.0292207114398479,,1.1725711822509766,,-11718.1591796875,,0.2381454855203628,0.228583425283432,4.194478511810303,0.0590886324644088,-20974.931640625,0.4348557889461517,-62648.2734375,,,0.557819128036499,-19730.2421875,5.055394649505615,-6848.70654296875,1.5684151649475098,,,0.6829296350479126,-14972.0185546875,,-2644.43017578125,-22922.884765625,76154440.0,0.694442629814148,,0.1727647483348846,,-59318.61328125,,,0.4728765785694122,0.093744657933712,-2937.319580078125,1.3381940126419067,0.0943828299641609,-34196.0625,0.2430717349052429,0.3928456008434295,0.3783782422542572,,-61141.16015625,,-10196.6953125,0.257844477891922,,,-58.51805114746094,0.0010155688505619,,,,0.7802366614341736,0.5674975514411926,,0.1246089935302734,,,-29798.62109375,-11305.3525390625,,4.606669902801514,310.3089904785156,258.989990234375,201.9069366455078,180.4850006103516,0.7312793135643005
2004-04-30,0.6134116053581238,-11521.4521484375,0.9973172545433044,1.0551990270614624,1.026460886001587,0.0916600972414016,0.0264879558235406,,1.0447911024093628,,0.2061483412981033,,0.2023973315954208,0.228583425283432,3.817728757858277,0.0517022646963596,-19017.271484375,0.4054731428623199,-66290.625,,,0.5200010538101196,-19101.88671875,4.8664093017578125,0.0965470448136329,1.511232852935791,,,0.5701916217803955,-15935.119140625,,-2254.940185546875,-18733.927734375,78250440.0,0.6283751130104065,,0.1570590883493423,,-51026.765625,,,0.4228074550628662,0.0877928808331489,-2479.555419921875,1.1860074996948242,0.1053648293018341,-28530.44140625,0.2931900918483734,0.5411649346351624,0.3349577188491821,,-45165.5703125,,-9412.32421875,0.2120437920093536,,,-49.26841354370117,0.000901227351278,,,,0.7610309720039368,0.5014193654060364,,0.1190951913595199,,,0.1998151093721389,-9407.9501953125,,3.685335397720337,278.03399658203125,225.84100341796875,180.22604370117188,166.51800537109375,0.6104059815406799
2004-05-31,0.59554523229599,-10542.1337890625,0.9359439015388488,0.8840852975845337,1.0959205627441406,0.0833273604512214,0.026277732104063,,0.8794280290603638,,0.185690775513649,,0.1803624182939529,0.1553966253995895,3.4912123680114746,0.0514291189610958,0.2202583998441696,0.3819675743579864,-68111.7890625,,,0.4467281699180603,0.7020552158355713,4.564029216766357,0.0908114165067672,1.4540512561798096,,,0.5376711487770081,-16022.6865234375,,0.315349817276001,-17453.982421875,-3209.630859375,0.5990116000175476,,0.1346218436956405,,-47582.4609375,,,0.3977725505828857,0.0848165079951286,2.717965841293335,1.0653076171875,0.1104462668299675,1.439437747001648,0.2881788313388824,0.4289233684539795,0.3256535232067108,,1.2612770795822144,,-9168.4453125,0.2188291400671005,,,-50.212249755859375,0.000895825214684,,,,0.604983389377594,0.4431146383285522,,0.1091705337166786,,,0.196503147482872,-9566.0673828125,,3.58296537399292,265.0480041503906,215.0890045166016,170.8101043701172,156.2969970703125,0.6204787492752075
2004-06-30,0.6521227955818176,0.2445834875106811,1.0260862112045288,0.8641223907470703,0.9955901503562928,0.0868986770510673,0.0243858285248279,,0.8794280290603638,,0.1731014400720596,,0.1997737437486648,0.1614116728305816,3.6670289039611816,0.0495140478014946,0.2239915281534195,0.3702147603034973,1.8870447874069212,,,0.4420005679130554,0.7249981164932251,3.8553292751312256,0.0908114165067672,1.4622201919555664,0.6702678203582764,,0.4487820267677307,0.170589193701744,,0.3345450162887573,0.0677355304360389,-3270.7666015625,0.6430565118789673,,0.1228423938155174,,2.0559213161468506,0.0564998909831047,,0.3949913382530212,0.0838247016072273,2.963027238845825,1.060059666633606,0.1078163832426071,1.5024787187576294,0.270637035369873,0.4048716127872467,0.3318565189838409,,1.3216254711151123,,0.3948632776737213,0.2035616338253021,,,1.441472053527832,0.0008445066632702,,,,0.6241893172264099,0.4508881270885467,,0.1113763973116874,,0.6136217713356018,0.2152703702449798,2.706923246383667,,3.567216157913208,291.9360046386719,230.11700439453125,179.675048828125,155.9219970703125,0.7212064266204834
2004-07-31,0.7325214743614197,0.2839414775371551,1.1603399515151978,0.9354195594787598,1.0187426805496216,0.0988023951649665,0.0248062536120414,,0.9320436120033264,,0.1447757184505462,,0.2491106390953064,0.1774529814720153,3.893078565597534,0.0508820675313472,0.2336978465318679,0.3849057555198669,1.905016541481018,,,0.4585460424423218,0.7158209085464478,4.252201557159424,0.0908114165067672,1.437713384628296,0.6204133033752441,,0.5094871520996094,0.1787610352039337,,0.3345450162887573,0.0797416046261787,-3331.901611328125,0.6606747508049011,,0.1262082010507583,,2.286895275115967,0.0529287308454513,,0.4283706247806549,0.0912651568651199,3.2303690910339355,1.0810508728027344,0.147261694073677,1.6285609006881714,0.2881788313388824,0.4409492313861847,0.3256535232067108,,1.3819737434387207,,0.4422469139099121,0.2459705471992492,,,1.732204794883728,0.0008562108851037,,,,0.7082147002220154,0.4508881270885467,,0.1268147975206375,,0.6421623229980469,0.2340374737977981,2.755261182785034,,3.8034555912017822,313.3519897460937,248.83799743652344,193.8079833984375,171.41099548339844,0.7856714129447937
2004-08-31,0.8278082013130188,0.2867529392242431,1.208288311958313,1.1407554149627686,1.0187426805496216,0.1083255559206008,0.0269083678722381,,0.9621102213859558,,0.1362781971693039,,0.2531546056270599,0.1954991370439529,3.9433114528656006,0.0549853406846523,0.250123918056488,0.3907820880413055,1.8511011600494385,,,0.4821826815605163,0.8672444820404053,4.564029216766357,0.1067433655261993,0.9965967535972596,0.5705586671829224,,0.5528478026390076,0.1869332641363144,,0.3290604948997497,0.0913892611861229,0.2062756419181823,0.7194013595581055,,0.1402309387922287,,2.459491491317749,0.0529287308454513,,0.4784398376941681,0.1031696945428848,3.609101295471192,1.2017507553100586,0.1604096293449401,1.7126154899597168,0.2881788313388824,0.4730182588100433,0.3318565189838409,,1.4634437561035156,,0.4738360643386841,0.2340957373380661,,,1.6441267728805542,0.0008499086252413,,,,0.7802366614341736,0.4897581338882446,,0.1036575213074684,,0.6564326882362366,0.2539086639881134,3.021120309829712,,4.252310752868652,321.1409912109375,259.2340087890625,202.1829376220703,181.7989959716797,0.7312793135643005
2004-09-30,0.7444321513175964,0.3204885721206665,1.313773512840271,1.192089319229126,1.0033073425292969,0.1142777577042579,0.0300615578889846,,1.0598238706588743,,0.1472938060760498,,0.3299905359745025,0.2366038411855697,4.445644855499268,0.0541643947362899,0.265056699514389,0.4213396310806274,1.958932399749756,,,0.5294554829597473,0.9636049866676332,6.00032901763916,0.1258614957332611,1.012934327125549,0.5650193095207214,,0.5918719172477722,0.196126714348793,,0.3921301364898681,0.0994531288743019,0.2172283381223678,0.7414242625236511,,0.1447184085845947,,2.399082660675049,0.053311314433813,,0.6759359836578369,0.1760826259851455,3.987834930419922,1.28571617603302,0.2274665236473083,1.7756567001342771,0.2731431126594543,0.5090958476066589,0.353566825389862,,1.6444885730743408,,0.4738360643386841,0.2731119990348816,,,1.981760144233704,0.0009867582703009,,,,0.8642621040344238,0.5441756248474121,,0.1246089935302734,,0.6611893177032471,0.2693640291690826,3.093626976013184,,4.567296504974365,346.9079895019531,280.2640075683594,219.53384399414065,197.4669952392578,0.801788330078125
2004-10-31,0.7503876686096191,0.3275169730186462,1.275415539741516,1.243423581123352,0.9647184014320374,0.112372986972332,0.0306924916803836,,1.0898901224136353,,0.1652332693338394,,0.3299905359745025,0.2767063677310943,4.495877742767334,0.0541643947362899,0.2493771910667419,0.4407321810722351,1.931974530220032,,,0.6760011315345764,0.9636049866676332,6.614535808563232,0.138288527727127,1.2253239154815674,0.5384302139282227,,0.5766958594322205,0.2002123892307281,,0.4058413505554199,0.1048289313912391,0.2135774344205856,0.8444245457649231,,0.1480841934680938,,2.519900321960449,0.0525461509823799,,0.6230849623680115,0.1795549094676971,3.987834930419922,1.3434419631958008,0.2248366177082061,1.901739358901977,0.2430717349052429,0.5211217999458313,0.4714224338531494,,1.6143141984939575,,0.5169117450714111,0.2697193026542663,,,2.657026767730713,0.0011299103498458,,,,0.8594608902931213,0.5480627417564392,,0.1201981157064437,,0.6611893177032471,0.3002746701240539,2.9727816581726074,,4.449176788330078,355.9840087890625,293.2120056152344,228.99777221679688,208.36099243164065,0.6728569865226746
2004-11-30,0.7980310916900635,0.3289223909378052,1.294594645500183,1.323276400566101,0.8952586650848389,0.1085637956857681,0.031533345580101,,1.0372745990753174,,0.1428873389959335,,0.2798449099063873,0.2887369096279144,3.9181954860687256,0.0716723874211311,0.2329511940479278,0.4266282916069031,1.6444247961044312,,,0.6760011315345764,1.1746803522109983,5.480616569519043,0.1370138227939605,1.2661679983139038,0.443152368068695,,0.5355033278465271,0.1940834522247314,,0.4030991792678833,0.1066209822893142,0.1825448125600814,0.7501235604286194,,0.1503275036811828,,2.3818235397338867,0.055351722985506,,0.6036131381988525,0.1785621345043182,3.453153610229492,1.269972562789917,0.2156327664852142,1.9437659978866575,0.2205186486244201,0.4529750347137451,0.390784353017807,,1.3699042797088623,,0.4767078757286072,0.3172168135643005,,,2.598306655883789,0.0009417419787496,,,,0.6481965780258179,0.5830454230308533,,0.1190951913595199,,0.6516758799552917,0.3223536610603332,2.706923246383667,,3.905825614929199,372.2720031738281,287.989990234375,224.86080932617188,201.6269989013672,0.7655264735221863
2004-12-31,0.7801647186279297,0.3830398023128509,1.60146164894104,1.3689069747924805,0.9570011496543884,0.1285623610019683,0.0325844027101993,,1.2026373147964478,,0.1321867406368255,,0.3202850222587585,0.3268340229988098,4.169361114501953,0.0623709447681903,0.2434041947126388,0.4195769727230072,1.563551425933838,,,0.7138195037841797,1.0920857191085815,6.89801549911499,0.1503965705633163,1.1926488876342771,0.478604644536972,,0.6243924498558044,0.2543517649173736,,0.4085837006568908,0.111100785434246,0.1953229904174804,0.9130073189735411,,0.1480841934680938,,2.778793811798096,0.0515255145728588,,0.5340726971626282,0.1686421781778335,3.9432783126831055,1.28571617603302,0.209058791399002,2.416574716567993,0.2982023060321808,0.4489664137363434,0.4031896889209747,,1.5992274284362793,,0.5398857593536377,0.4885484874248504,,,2.7451038360595703,0.0009183334768749,,,,0.6626007556915283,0.6141409873962402,,0.1422532498836517,,0.6516758799552917,0.3024824559688568,2.489403009414673,,4.055444240570068,439.1990051269531,321.52899169921875,249.71566772460935,208.85499572753903,0.8581952452659607
2005-01-31,0.8158974051475525,0.3760113716125488,1.582282543182373,1.4972412586212158,1.103638768196106,0.1416568458080291,0.0330048240721225,,1.3304171562194824,,0.1403696089982986,,0.3267552256584167,0.3689419329166412,4.320062637329102,0.0744076445698738,0.2687898278236389,0.6390610337257385,1.8600870370864868,,,0.8887287974357605,1.1746803522109983,8.45715618133545,0.1720639914274215,1.2416619062423706,0.4874675571918487,,0.7761545777320862,0.2247282415628433,,0.3860974609851837,0.1173726171255111,0.2062756419181823,1.1251850128173828,,0.1806179881095886,,2.9686496257781982,0.0558618195354938,,0.6147398948669434,0.1745949387550354,3.854165315628052,1.4169113636016846,0.207743838429451,2.16441011428833,0.3082258105278015,0.4970700144767761,0.5241472125053406,,1.689749240875244,,0.585833728313446,0.7531791925430298,,,2.8772213459014893,0.8619648814201355,,,,0.7250199317932129,0.6452372074127197,,0.2194447517395019,,0.7325407266616821,0.3510563373565674,2.4410648345947266,,4.173563957214356,494.3890075683594,347.7040100097656,273.3025207519531,226.8769989013672,1.0878535509109497
2005-02-28,0.8158974051475525,0.3900681436061859,1.4959758520126345,1.6113173961639404,1.0650497674942017,0.1487991511821746,0.0330048240721225,,1.4130984544754028,,0.1384812444448471,,0.3202850222587585,0.3348549902439117,4.219595432281494,0.0979339778423309,0.2643100917339325,0.5421006083488464,1.6713826656341553,,,0.8887287974357605,1.2205666303634644,8.031936645507812,0.1911821067333221,1.298843502998352,0.4564468562602997,,0.8065071105957031,0.2400505989789962,,0.4519098699092865,0.1227484345436096,0.2062756419181823,1.2537777423858645,,0.1671556532382965,,2.9168710708618164,0.055351722985506,,0.6119581460952759,0.1795549094676971,3.87644362449646,1.3854248523712158,0.207743838429451,2.101368904113769,0.3608493506908417,0.5411649346351624,0.5458574891090393,,1.6444885730743408,,0.5973209142684937,0.8583531379699707,,,2.803823947906494,0.8448397517204285,,,,0.672203779220581,0.6413502097129822,,0.2789927721023559,,0.7468109726905823,0.370927482843399,2.561909437179565,,4.134190559387207,535.2230224609375,362.5690002441406,283.96051025390625,231.35299682617188,1.1281440258026123
2005-03-31,0.7206099033355713,0.3584411740303039,1.2846356630325315,1.4718302488327026,0.9570011496543884,0.1200478971004486,0.0283798575401306,,1.142505764961243,,0.1325650811195373,,0.305726408958435,0.3127986788749695,3.893078565597534,0.1381473541259765,0.2329511940479278,0.5068415999412537,1.5096358060836792,,,0.7037069797515869,1.1471489667892456,7.653963088989258,0.1688775420188903,1.3560255765914917,0.4209947288036346,,0.7544741034507751,0.3125769197940826,,0.4255848228931427,0.1155805960297584,0.1934974938631057,1.0973238945007324,,0.1548149436712265,,2.5371601581573486,0.052291102707386,,0.5340726971626282,0.1507858783006668,2.6288516521453857,1.254229187965393,0.1775023937225341,1.9647804498672483,0.2931900918483734,0.5090958476066589,0.3628710210323334,,1.39404296875,,0.4795795381069183,0.5462239980697632,,,2.7010653018951416,0.724963903427124,,,,0.5929798483848572,0.5830454230308533,,0.3109725713729858,,0.7325407266616821,0.4062539041042328,2.146203756332397,,4.212937355041504,467.4840087890625,325.6029968261719,255.5766448974609,216.4669952392578,1.0777807235717771
2005-04-30,0.6461670398712158,0.3724972605705261,1.3543444871902466,1.198142409324646,0.7717746496200562,0.1109688133001327,0.0239651035517454,,1.1124390363693235,,0.1172155737876892,,0.1997737437486648,0.2366038411855697,3.189812421798706,0.1012170761823654,0.1986058354377746,0.4037105739116668,1.3838328123092651,,,0.5518277883529663,0.9727824330329896,6.094822406768799,0.1469424366950988,1.2825061082839966,0.370032250881195,,0.6374011635780334,0.2737599313259125,,0.4562974274158478,0.1039329469203949,0.1789852082729339,1.082321286201477,,0.1273298412561416,,2.122929573059082,0.0474442616105079,,0.4561867713928222,0.1676503717899322,2.294675827026367,1.07580304145813,0.1485759019851684,2.006807327270508,0.2856727242469787,0.3944491744041443,0.3126270473003387,,1.2129985094070437,,0.4336316585540771,0.5190827250480652,,,2.480869770050049,0.5993791818618774,,,,0.4417339265346527,0.5791583061218262,,0.3021508157253265,,0.6374055743217468,0.3841748833656311,1.662824630737305,,3.764082193374634,455.0190124511719,303.1940002441406,235.9147491455078,191.0050048828125,1.023387789726257
2005-05-31,0.7848235368728638,0.3948149085044861,1.434012532234192,1.435338258743286,0.8335171937942505,0.132406085729599,0.0262096486985683,,1.3304171562194824,,0.1227969527244567,,0.2412533611059188,0.2927471399307251,3.911895513534546,0.1018125340342521,0.2282675504684448,0.5087747573852539,1.6623966693878174,,,0.7138323187828064,1.0028685331344604,7.0397562980651855,0.1940750628709793,1.3315188884735107,0.4172249734401703,,0.689433217048645,0.3464401960372925,,0.4936354458332062,0.1135016158223152,0.1664078831672668,1.1037530899047852,,0.1381835490465164,,2.2714476585388184,0.0443179681897163,,0.5840147137641907,0.1418577134609222,2.6980535984039307,1.2728878259658811,0.1656693965196609,2.239369630813598,0.2931900918483734,0.4091387987136841,0.3287546336650848,,1.450413942337036,,0.4842758774757385,0.5462239980697632,,,2.666416883468628,0.724963903427124,,,,0.4708044528961181,0.6607849597930908,,0.2304723411798477,,0.6345513463020325,0.4324467480182647,2.3921775817871094,,3.7955808639526367,486.6669921875,323.2510070800781,252.36366271972656,200.41900634765625,1.0475621223449707
2005-06-30,0.8147784471511841,0.4527694284915924,1.5535134077072144,1.6269193887710571,0.8566697239875793,0.1424938440322876,0.0277384724467992,,1.4506816864013672,,0.1374489367008209,,0.2702038884162903,0.2335963696241378,4.349591255187988,0.1180358901619911,0.2509324550628662,0.5042321681976318,1.7163121700286863,,,0.7796465158462524,1.0229257345199585,8.504403114318848,0.220067024230957,1.380531907081604,0.4026705324649811,,0.7414661645889282,0.4048757255077362,,0.4936354458332062,0.1196926087141037,0.1712453067302703,1.2323459386825562,,0.1393593847751617,,2.8480453491210938,0.0466332361102104,,0.6240942478179932,0.1378895342350006,2.675379991531372,1.6627813577651978,0.1761874556541443,2.239369630813598,0.2856727242469787,0.4571130871772766,0.3659721612930298,,1.5892837047576904,,0.5723258256912231,0.671754002571106,,,2.496220350265503,0.8505478501319885,,,,0.5654633641242981,0.6141409873962402,,0.2293694615364074,,0.6511049866676331,0.4799410104751587,2.504310607910156,,3.7955808639526367,523.4669799804688,344.7380065917969,269.5715637207031,218.8809967041016,1.0274171829223633
2005-07-31,0.9765360951423644,0.4382812082767486,1.7447152137756348,1.7789678573608398,0.9029768705368042,0.1588872224092483,0.0290488898754119,,1.503296136856079,,0.1430307477712631,,0.2858853936195373,0.2666805684566498,4.459014415740967,0.1236301288008689,0.255789190530777,0.5769146084785461,1.878058910369873,0.3515515327453613,,0.799897313117981,1.1031551361083984,9.921804428100586,0.2633874416351318,1.396869659423828,0.4560365676879883,,0.8281874060630798,0.4403547644615173,,0.4472537934780121,0.1351701915264129,0.1876925826072693,1.365225076675415,,0.1587635576725006,,3.0577173233032227,0.0539090484380722,,0.6240942478179932,0.1349141299724578,2.766071319580078,2.293491840362549,0.1958506852388382,2.282024383544922,0.2856727242469787,0.5431046485900879,0.3690740466117859,,1.7590125799179075,,0.6955962181091309,0.95843768119812,,,2.779881477355957,0.9304653406143188,,,,0.589537501335144,0.633575975894928,,0.3131776452064514,,0.7228368520736694,0.4899397790431976,2.579066276550293,,4.055444240570068,590.4749755859375,378.0679931640625,296.1514587402344,234.7169952392578,1.158362627029419
2005-08-31,1.1263121366500854,0.4708803594112396,1.8642157316207888,1.8549925088882449,0.8489525318145752,0.1626700907945633,0.0283936783671379,,1.3604836463928225,,0.1374489367008209,,0.2593474686145782,0.2466295808553695,4.349591255187988,0.1180358901619911,0.2735973000526428,0.6723099946975708,2.021833896636963,0.3919958472251892,,0.799897313117981,1.042983055114746,9.732818603515623,0.2807154357433319,1.4050378799438477,0.4463336765766144,,0.8238515853881836,0.4111367762088775,,0.4836964905261993,0.1527112275362014,0.1915625482797622,1.4177335500717163,,0.1587635576725006,,3.0402443408966064,0.0525864325463771,,0.6069172620773315,0.1349141299724578,3.056071281433105,2.293491840362549,0.1713691502809524,2.452643394470215,0.2781544327735901,0.5521562695503235,0.3628710210323334,,1.7590125799179075,,0.6838562488555908,0.8312118649482727,,,2.7042391300201416,0.8505478501319885,,,,0.5756986141204834,0.6374630331993103,,0.3175884783267975,,0.7338725328445435,0.5249354839324951,2.5167698860168457,,3.8900768756866455,627.0670166015625,397.3970031738281,309.0783386230469,242.4960021972656,1.148289918899536
2005-09-30,1.0963572263717651,0.5034795999526978,2.115168333053589,2.1438841819763184,0.8026454448699951,0.2005003988742828,0.0279568694531917,,1.4130984544754028,,0.1653576493263244,,0.2774413824081421,0.270690768957138,4.26752233505249,0.1342170089483261,0.2784540951251983,0.7359066009521484,1.8600870370864868,0.4199956655502319,,0.8252102732658386,1.0229257345199585,9.827311515808104,0.3292342722415924,2.221921443939209,0.4560365676879883,,0.8065071105957031,0.4048757255077362,,0.4803833663463592,0.1816026866436004,0.1902248859405517,1.5002471208572388,,0.1622918993234634,,3.3896985054016118,0.0502711459994316,,0.7615098357200623,0.1388823091983795,3.107006311416626,2.3852314949035645,0.1643740236759185,2.4099879264831543,0.2781544327735901,0.5747856497764587,0.4155957698822021,,2.098471403121948,,0.6251556277275085,0.7972840666770935,,,2.798793077468872,0.8105894923210144,,,,0.6864100098609924,0.7152027487754822,,0.3991916179656982,,0.7449081540107727,0.5924271941184998,3.0151405334472656,,3.7955808639526367,689.5659790039062,429.3940124511719,333.3302307128906,263.3630065917969,1.138216853141785
2005-10-31,1.3359973430633545,0.4781248271465301,1.9717669486999512,1.885401487350464,0.8026454448699951,0.1916733235120773,0.0253360345959663,,1.4356482028961182,,0.1653576493263244,,0.2689974308013916,0.2566553652286529,4.404302597045898,0.1160946637392044,0.3205460608005523,0.7540770769119263,1.5006499290466309,0.3919958472251892,,0.7796465158462524,0.9727824330329896,12.756606101989746,0.2703186273574829,2.842752456665039,0.5773228406906128,,0.7284581065177917,0.4007020890712738,,0.4969484508037567,0.1485840082168579,0.1943156868219375,1.5077483654022217,,0.1564119011163711,,3.319807767868042,0.0595317892730236,,0.6870766282081604,0.1527704447507858,2.526352405548096,2.350829124450684,0.1503852009773254,2.5166244506835938,0.2856727242469787,0.5385788679122925,0.4062916040420532,,1.8824528455734253,,0.5605859756469727,0.6751466393470764,,,2.666416883468628,0.7820473313331604,,,,0.6781066656112671,0.633575975894928,,0.3859589695930481,,0.7669796347618103,0.5724295377731323,2.7285776138305664,,3.701084852218628,666.948974609375,407.8900146484375,319.6383056640625,252.6210021972656,1.0193589925765991
2005-11-30,1.3659530878067017,0.514346182346344,2.557322263717652,2.356752634048462,0.9029768705368042,0.2257208228111267,0.0273016598075628,,1.5634284019470217,,0.1848934590816497,,0.4053060412406921,0.2927471399307251,4.732573509216309,0.1330845057964325,0.4087770581245422,0.8222168684005737,1.6444247961044312,0.4013291001319885,,0.9214008450508118,1.113184094429016,12.945592880249023,0.3153719007968902,3.0551421642303467,0.7641037106513977,,0.8845568299293518,0.4883556067943573,,0.5068876147270203,0.1785069853067398,0.2331788688898086,1.7027812004089355,,0.1717002689838409,,4.455531120300293,0.067469373345375,,0.7844123244285583,0.1547540426254272,3.3616786003112797,2.499906301498413,0.1608771830797195,2.7938802242279053,0.3082258105278015,0.68340665102005,0.4745236039161682,,2.4996495246887207,,0.6545060276985168,0.8736197352409363,,,3.1959187984466557,0.9761326909065248,,,,0.7971214056015015,1.072803974151611,,0.4896165430545807,,0.9656217694282532,0.5899272561073303,2.95284366607666,2.58732271194458,3.842828750610352,823.5490112304688,489.3070068359375,380.8849792480469,288.0820007324219,1.158362627029419
2005-12-31,1.6625086069107056,0.5505675673484802,2.6051225662231445,2.524006128311157,0.9338476061820984,0.2597679495811462,0.0275200698524713,,1.7137584686279297,,0.2128017842769622,,0.5814211368560791,0.3629263937473297,5.170267581939697,0.1798052936792373,0.4856758713722229,0.9039844870567322,1.6983404159545898,0.4137732684612274,,0.94671368598938,1.1532986164093018,13.51255226135254,0.3326998651027679,3.267531633377075,0.8247470259666443,,0.9495976567268372,0.4591376185417175,,0.5598949790000916,0.182634562253952,0.2462430149316787,1.8378026485443115,,0.1928686201572418,,4.586575984954834,0.0820214226841926,,0.8416685461997986,0.1547540426254272,3.208876132965088,2.70632004737854,0.1923530995845794,2.815207004547119,0.3082258105278015,0.7875016331672668,0.4869295954704284,,2.360780000686645,,0.6897262334823608,0.8651385307312012,,,3.1202752590179443,0.9647156000137328,,,,0.7915855646133423,1.1583172082901,,0.5050548911094666,,1.0704607963562012,0.6199238300323486,3.027599573135376,2.865957736968994,3.984572410583496,856.4420166015625,504.6749877929688,397.77490234375,311.406005859375,1.2792351245880127
2006-01-31,2.201701164245605,0.6374996304512024,2.7724242210388184,3.040970802307129,0.8875414729118347,0.3202966153621673,0.0266464538872241,,1.683692216873169,,0.1988478302955627,,0.790105402469635,0.4691979885101318,6.455996990203857,0.2095377296209335,0.4532973766326904,0.953952968120575,1.7432700395584106,0.5071056485176086,,0.9517763257026672,1.2435569763183594,13.60704517364502,0.3812187612056732,5.064672946929932,1.0369980335235596,,1.1490561962127686,0.5133995413780212,,0.5267652869224548,0.1908892542123794,0.2545901238918304,2.2691235542297363,,0.1916927844285965,,4.804985046386719,0.1025266870856285,,0.9962610006332396,0.1646740138530731,3.7436888217926025,3.6695868968963614,0.1818611472845077,3.092462539672852,0.3082258105278015,0.8508637547492981,0.4838278293609619,,3.116846799850464,,0.7631012797355652,1.1959270238876345,,,3.441758155822754,0.9418824315071106,,,,1.1513972282409668,1.220509052276611,,0.628561794757843,,1.3353171348571775,0.6811662316322327,3.1459619998931885,3.323714256286621,4.134190559387207,967.9359741210938,569.8880004882812,445.8996276855469,336.0329895019531,1.4907625913619995
2006-02-28,2.1717450618743896,0.6737211346626282,3.226527214050293,3.345068454742432,0.9106940627098083,0.3556047976016998,0.0273016598075628,,1.8941535949707031,,0.2372218370437622,,0.784074068069458,0.4772183895111084,6.729554653167725,0.2180323153734207,0.4937704205513,1.035720705986023,2.4262003898620605,0.5319944024085999,,1.0074656009674072,1.4341018199920654,16.630834579467773,0.3777530491352081,6.126620769500732,1.2067985534667969,,1.5609819889068604,0.5373997092247009,,0.5996512174606323,0.185729905962944,0.2671109735965729,2.231617212295532,,0.2281495183706283,,4.979712009429932,0.1117872968316078,,1.0764198303222656,0.1626904010772705,4.1511640548706055,3.984941244125366,0.2168346047401428,3.7322826385498047,0.3157432079315185,1.2943992614746094,0.4621174335479736,,3.302006483078003,,0.9171891808509828,1.2722628116607666,,,3.76324200630188,0.9932577610015868,,,,1.2233598232269287,1.4818440675735474,,0.6781850457191467,,1.8098509311676023,0.6311721205711365,3.613183498382568,3.502836942672729,4.606669902801514,1013.1500244140624,596.760986328125,470.156494140625,349.49200439453125,1.6015620231628418
2006-03-31,1.827261447906494,0.6266332864761353,2.750497341156006,2.76090931892395,0.8643879294395447,0.3497360050678253,0.0253360345959663,,1.5934942960739136,,0.2367814183235168,,0.6453532576560974,0.3970133364200592,6.073013782501221,0.2307740002870559,0.4209189414978027,0.8358445167541504,2.192566394805908,0.5351053476333618,,0.9821522831916808,1.2836713790893557,15.307926177978516,0.3448295593261719,4.697076320648193,1.0976412296295166,,1.3333388566970823,0.4987903833389282,,0.6129032373428345,0.1671569496393203,0.2525034248828888,1.8753093481063845,,0.2163894921541214,,4.455531120300293,0.1210479736328125,,0.9561812877655028,0.1795549094676971,3.616351842880249,3.182220220565796,0.2518073916435241,3.582990884780884,0.8495007753372192,1.1314677000045776,0.390784353017807,,2.9625487327575684,,0.8511512875556946,1.1280725002288818,,,3.271562337875366,0.8105894923210144,,,,1.1846109628677368,1.829054594039917,,0.5469586849212646,,1.8539940118789675,0.5949268937110901,3.363999605178833,2.94556736946106,4.252310752868652,899.4520263671875,540.6690063476562,429.1107177734375,329.6189880371094,1.430325269699097
2006-04-30,1.842239499092102,0.641122043132782,2.701381206512451,3.261424779891968,0.7532524466514587,0.3497360050678253,0.0246805120259523,,1.6686596870422363,,0.2608296573162079,,0.7961369752883911,0.4471415877342224,6.073013782501221,0.2137849926948547,0.4249663352966308,0.8313020467758179,2.066763401031494,0.6501394510269165,,0.9075992703437804,1.263614058494568,17.217119216918945,0.3916155695915222,4.492855072021484,1.354314923286438,,1.3441791534423828,0.4904425740242004,,0.672537088394165,0.1640615910291671,0.2827174365520477,2.064902782440185,,0.2046294808387756,,4.237123012542725,0.1296468526124954,,0.9733583331108092,0.2554442286491394,3.718219995498657,2.89832615852356,0.2343209832906723,3.8389194011688232,0.7141822576522827,1.1405197381973269,0.3783782422542572,,2.869968891143799,1.4630422592163086,0.8511512875556946,1.3655619621276855,,,3.1959187984466557,0.8048813939094543,,,,1.1680041551589966,1.7980539798736572,,0.5734246969223022,,1.9643501043319704,0.7061632871627808,3.114814043045044,3.2839102745056152,3.7798314094543457,916.552001953125,551.9080200195312,438.8016662597656,340.24200439453125,1.5642284154891968
2006-05-31,1.803219199180603,0.5922086238861084,2.2838947772979736,2.7124722003936768,0.605071485042572,0.2834981381893158,0.0255544353276491,,1.4978561401367188,,0.2367814183235168,,0.5971660017967224,0.2435759902000427,5.59025764465332,0.1611073315143585,0.3642567098140716,0.6407501697540283,1.84211528301239,0.6342043876647949,,0.7725398540496826,1.2586396932601929,8.513959884643555,0.3294366598129272,5.348333835601807,0.8480287790298462,,1.101359724998474,0.371484100818634,,0.6858046650886536,0.1422947496175766,0.2805592715740204,1.8110522031784055,,0.2140378355979919,,3.740116834640503,0.0790448412299156,,0.7579200863838196,0.2554442286491394,3.081539392471313,2.209379911422729,0.1853579580783844,2.815207004547119,0.69162917137146,1.010726809501648,0.3287546336650848,,2.297440528869629,1.4187073707580566,0.675051212310791,1.3316349983215332,,,2.8129749298095703,0.6735885739326477,,,,1.0945494174957275,1.5902669429779053,,0.4499178528785705,,1.8319225311279297,0.7121041417121887,2.67240047454834,2.8380002975463867,3.2286059856414795,809.3209838867188,479.1629943847656,381.3199768066406,302.6470031738281,1.2899805307388306
2006-06-30,1.4485855102539062,0.5959099531173706,2.265746831893921,1.9051889181137085,0.4568904936313629,0.2342170476913452,0.0215135067701339,,1.2982425689697266,,0.1960847526788711,,0.5235815048217773,0.2122445404529571,5.276518821716309,0.1300579011440277,0.2849298119544983,0.5403339862823486,1.590509295463562,0.586400032043457,,0.6374804973602295,1.071403980255127,6.480068683624268,0.2238021343946457,4.337625503540039,0.6898143887519836,,1.2466174364089966,0.3234831988811493,,0.7190967798233032,0.1614092290401458,0.226605623960495,1.5003691911697388,,0.1834602802991867,,2.8453524112701416,0.0515942089259624,,0.6993931531906128,0.2480037957429886,2.4142966270446777,2.0430824756622314,0.1783635467290878,2.559279203414917,0.5563097596168518,0.9031031131744384,0.3132473826408386,,2.006744146347046,1.0108284950256348,0.6222206950187683,0.932992160320282,,,3.359518051147461,0.6279212832450867,,,,1.1002205610275269,1.6104822158813477,,0.3539792001247406,,1.5182374715805054,0.7121041417121887,2.0742921829223637,2.545853853225708,2.6931300163269043,727.2839965820312,447.3429870605469,354.5310974121094,283.24200439453125,1.218879222869873
2006-07-31,1.6679776906967163,0.6033126711845398,2.1757166385650635,2.357267379760742,0.5495036840438843,0.2861477732658386,0.0206398945301771,,1.3181134462356567,,0.168707013130188,,0.549052894115448,0.2314478158950805,5.30504035949707,0.1552487313747406,0.2800729274749756,0.5738058686256409,1.536593675613403,0.5927740931510925,,0.7239185571670532,1.0141932964324951,6.338170051574707,0.2757243812084198,3.7227768898010254,0.7467716336250305,,1.3333388566970823,0.3589621484279632,,0.7657046318054199,0.1624711751937866,0.2201312035322189,1.6443437337875366,,0.1752285957336425,,3.167467832565308,0.0509324595332145,,0.7842567563056946,0.2192357033491134,2.6485962867736816,1.995569109916687,0.1783635467290878,2.6232612133026123,0.4886504709720611,1.094954252243042,0.3411607444286346,,2.250554084777832,1.2302852869033811,0.6897262334823608,0.8905841112136841,,,3.172877311706543,0.5936710834503174,,,,1.1455901861190796,1.543098211288452,,0.3820987939834595,,1.5684267282485962,0.7591300010681152,2.3160805702209477,2.629323720932007,3.023865222930908,736.447998046875,455.3070068359375,360.6770629882813,287.322998046875,1.2138004302978516
2006-08-31,2.118782758712769,0.588507354259491,2.385785818099976,2.518724203109741,0.5001097321510315,0.2781993150711059,0.0286120790988206,,1.2783714532852173,,0.1768460869789123,,0.5971660017967224,0.248629480600357,5.39060640335083,0.1441181600093841,0.2784540951251983,0.5403339862823486,1.536593675613403,0.6756346225738525,,0.7779421210289001,1.1026098728179932,6.527369499206543,0.3043707907199859,4.463963508605957,0.7657573819160461,,1.3224985599517822,0.37357097864151,,0.7923380732536316,0.1497280746698379,0.2287636697292328,1.614033579826355,,0.2058053016662597,,3.077991247177124,0.0628388151526451,,0.7725515961647034,0.2202275097370147,2.75046443939209,2.1975016593933105,0.1783635467290878,2.985826015472412,0.4886504709720611,1.1604641675949097,0.3256535232067108,,2.5787599086761475,1.1305326223373413,0.6486358642578125,0.7972840666770935,,,3.172877311706543,0.5765459537506104,,,,1.1229052543640137,1.5296212434768677,,0.4267597794532776,,1.6813536882400513,0.7121041417121887,2.379708766937256,2.775397777557373,3.071113348007202,777.5800170898438,471.6050109863281,372.8570251464844,289.3970031738281,1.44234037399292
2006-09-30,2.0436482429504395,0.5514945387840271,2.340771198272705,2.357267379760742,0.6544654369354248,0.2967458963394165,0.0281752757728099,,1.337984561920166,,0.1738864779472351,,0.6509391069412231,0.2435759902000427,5.447649955749512,0.1400169134140014,0.2735973000526428,0.5307705402374268,1.6354389190673828,0.7202523350715637,,0.8157588839530945,1.061002254486084,6.953066349029541,0.3115325570106506,4.80086612701416,0.9049861431121826,,1.2899781465530396,0.4758336842060089,,0.7390714883804321,0.1444186419248581,0.2346961498260498,1.7504310607910156,,0.1905169785022735,,3.418001413345337,0.0595317892730236,,0.7842567563056946,0.2311392724514007,2.5059781074523926,2.054960966110229,0.1748659908771515,3.2417538166046143,0.4510626196861267,1.188539981842041,0.3163492977619171,,2.508430004119873,1.0773309469223022,0.71320641040802,0.8447825312614441,,,3.6394782066345215,0.679296612739563,,,,1.1569329500198364,1.3678991794586182,,0.4565337896347046,,1.7566381692886353,0.6234268546104431,2.5451431274414062,2.796265125274658,2.803375005722046,772.7849731445312,466.0769958496094,369.2470397949219,281.65899658203125,1.3306093215942385
2006-10-31,2.1338090896606445,0.588507354259491,2.475816011428833,2.5025782585144043,0.6668129563331604,0.3179420530796051,0.0336356721818447,,1.3578553199768066,,0.1798061728477478,,0.6792411208152771,0.2668220102787018,5.39060640335083,0.1488043963909149,0.3027379214763641,0.5546789765357971,1.617466926574707,0.8158606886863708,,0.9616231322288512,1.2170315980911257,7.94636344909668,0.315113216638565,4.969317436218262,0.9049861431121826,,1.355018973350525,0.4841814935207367,,0.8123127818107605,0.1762758791446685,0.2464310228824615,2.0270144939422607,,0.1999253183603286,,3.668535709381104,0.0691228657960891,,0.8544886112213135,0.277764618396759,2.826865673065185,2.2687716484069824,0.1853579580783844,3.519009590148926,0.4886504709720611,1.28212571144104,0.344261884689331,,2.860078811645508,1.086198091506958,0.8291389346122742,0.932992160320282,,,3.662807941436768,0.7363809943199158,,,,1.35542631149292,1.570051908493042,,0.5160818696022034,,1.9072072505950928,0.6422372460365295,2.608771800994873,3.130147933959961,3.055363893508911,854.3759765625,514.031982421875,405.8208312988281,305.33599853515625,1.4017115831375122
2006-11-30,2.0586750507354736,0.6255202889442444,2.49082088470459,2.518724203109741,0.6266815662384033,0.2861477732658386,0.0320262424647808,,1.2055109739303589,,0.1738864779472351,,0.6933917999267578,0.2365013062953949,4.563475608825684,0.145289734005928,0.2946433126926422,0.5307705402374268,1.563551425933838,0.8796002864837646,,0.8859900832176208,1.3210515975952148,8.324761390686035,0.3097420930862427,4.463963508605957,0.8227144479751587,,1.1410781145095823,0.5092253088951111,,0.8655786514282227,0.1826472729444503,0.2699006497859955,1.8413623571395876,,0.2058053016662597,,3.57905912399292,0.0677997842431068,,0.8193731307983398,0.3149649500846863,2.556912660598755,2.245014905929565,0.1748659908771515,3.220426559448242,0.4660974144935608,1.619034767150879,0.3225515782833099,,2.625645875930786,1.0817644596099854,0.7777763605117798,0.9075475335121156,,,3.172877311706543,0.7021307349205017,,,,1.4234812259674072,1.8362195491790767,,0.4631505012512207,,1.8444700241088867,0.6449244618415833,2.4306118488311768,2.7336626052856445,2.9293694496154785,796.7570190429688,477.2000122070313,381.6829833984375,301.29400634765625,1.2899805307388306
2006-12-31,1.9384609460830688,0.6477280855178833,2.58085036277771,2.744763135910034,0.6575523018836975,0.2834981381893158,0.0322030931711196,,1.1856398582458496,,0.172406405210495,,0.6877315044403076,0.2385224401950836,4.763127326965332,0.1423608511686325,0.3237838745117187,0.5307705402374268,1.4826781749725342,0.9560876488685608,,0.9724276065826416,1.3002476692199707,10.122151374816896,0.325855940580368,4.110215663909912,0.7214574217796326,,0.9862804412841796,0.5687046051025391,,1.005403757095337,0.191142275929451,0.2675536274909973,1.773163914680481,,0.2069811522960662,,3.346420288085937,0.067138485610485,,0.848636269569397,0.3645657002925873,2.801398754119873,2.28065037727356,0.1818611472845077,3.902900218963623,0.4660974144935608,1.4225043058395386,0.3163492977619171,,2.602203607559204,1.0773309469223022,0.7337509989738464,0.8074621558189392,,,3.336188554763794,0.69642174243927,,,,1.3894537687301636,1.8193732500076292,,0.4267597794532776,,1.7189960479736328,0.6502987742424011,2.405160427093506,2.775397777557373,2.8978710174560547,814.1090087890625,485.5140075683594,391.17291259765625,308.9670104980469,1.2493510246276855
2007-01-31,1.8332725763320925,0.6810398697853088,2.700890064239502,3.1322596073150635,0.629768431186676,0.3073439598083496,0.0323802456259727,,1.1657692193984983,,0.2034840285778045,,0.6990519762039185,0.2466079294681549,5.076866626739502,0.169895589351654,0.3318784236907959,0.5355522036552429,1.581523299217224,1.058069348335266,,0.9670252203941344,1.227433681488037,10.027554512023926,0.3276461958885193,5.474672317504883,0.898657500743866,,1.0570449829101562,0.5373997092247009,,0.9920865893363952,0.2272469997406005,0.3074519336223602,2.0270144939422607,,0.2222695052623748,,3.7759079933166495,0.0608544237911701,,0.8837519884109497,0.3670461773872375,3.030604362487793,2.2331366539001465,0.2238290160894394,3.902900218963623,0.4961687922477722,1.3195600509643557,0.3225515782833099,,2.719419240951538,1.2857037782669067,0.8071265816688538,0.8566564321517944,,,3.709468126296997,0.8448397517204285,,,,1.531234622001648,2.004680156707764,,0.5028492212295532,,1.8570176362991333,0.6717962622642517,2.5451431274414062,2.969360589981079,2.756127119064331,850.89501953125,515.4920043945312,411.8237915039063,324.6510009765625,1.3813961744308472
2007-02-28,1.5477626323699951,0.6662348508834839,2.7609097957611084,2.857783794403076,0.6235936880111694,0.3020447492599487,0.0299031343311071,,1.126026272773743,,0.1886854618787765,,0.7358444929122925,0.2496403455734253,5.39060640335083,0.1640370190143585,0.2978810369968414,0.5642423629760742,1.4467344284057615,1.0262006521224976,,0.9724276065826416,1.1962276697158811,9.64915657043457,0.3401791453361511,5.980026721954346,0.8417001962661743,,1.003971815109253,0.5791396498680115,,1.071985960006714,0.2484850287437439,0.2769415080547333,1.970182538032532,,0.2140378355979919,,3.418001413345337,0.0601931177079677,,0.8544886112213135,0.3000850081443786,3.107006311416626,2.2568933963775635,0.2448129951953888,3.7536094188690186,0.4886504709720611,1.263408899307251,0.3845812976360321,,2.649089336395264,1.197034239768982,0.8071265816688538,1.0856637954711914,,5.012252807617188,3.3128578662872314,0.8505478501319885,,,,1.4603440761566162,1.9204497337341309,,0.4664584994316101,,1.9950392246246336,0.738976001739502,3.0796236991882324,2.773578643798828,2.708879232406616,856.7579956054688,520.6160278320312,414.3078002929688,334.50201416015625,1.5337560176849363
2007-03-31,1.5928430557250977,0.6736371517181396,2.8524317741394043,2.8093457221984863,0.7378170490264893,0.3748455643653869,0.0366267636418342,,1.1194027662277222,,0.2275322526693344,,0.8873271942138672,0.2951209843158722,5.39060640335083,0.1596433073282241,0.3092135787010193,0.6503134965896606,1.6983404159545898,1.0389479398727417,,0.9724276065826416,1.1442179679870603,10.595151901245115,0.3616643249988556,5.306221008300781,0.8100574612617493,,1.026085615158081,0.6782716512680054,,1.2384439706802368,0.2845897376537323,0.2863292694091797,2.3869516849517822,,0.2187420129776001,,3.686431407928467,0.0605239868164062,,0.9247207641601562,0.3149649500846863,3.2343428134918213,2.2568933963775635,0.2762888967990875,3.817591905593872,0.5563097596168518,1.544165849685669,0.4404072165489197,,2.649089336395264,1.3743726015090942,0.7851135730743408,1.0347732305526731,,5.75664758682251,3.2895288467407227,0.7991724610328674,,,,1.5028786659240725,2.156294345855713,,0.4664584994316101,,1.9448493719100952,0.8397454619407654,3.155977487564087,2.822524070739746,2.787625789642334,896.2310180664062,545.6740112304688,436.6086730957031,356.8919982910156,1.482969880104065
2007-04-30,1.6679776906967163,0.6884425282478333,3.0384600162506104,2.904024600982666,0.794928252696991,0.3556928932666778,0.0329110994935035,,1.0730369091033936,,0.2127305269241333,,0.7656774520874023,0.2828205227851867,5.618779182434082,0.1447039693593979,0.3513053953647613,0.7029129266738892,1.5994951725006104,1.0325744152069092,,0.8498052954673767,1.1026098728179932,9.318055152893066,0.3294366598129272,4.506076812744141,0.797400176525116,,1.1233867406845093,0.5791396498680115,,1.2983686923980713,0.3100756406784057,0.2873393893241882,2.499272584915161,,0.2140378355979919,,3.274838924407959,0.0549012497067451,,0.8661943078041077,0.3149649500846863,3.412613868713379,1.995569109916687,0.2832833528518677,3.412372589111328,0.5713454484939575,1.5722419023513794,0.4621174335479736,,2.7897496223449707,1.2302852869033811,0.7484261393547058,1.1959270238876345,,5.607768058776856,3.672361850738525,0.9076321125030518,,,,1.701372146606445,2.0720643997192383,,0.4664584994316101,,1.919754981994629,0.752411961555481,3.4677577018737797,3.0835671424865723,2.6931300163269043,940.9110107421876,568.1199951171875,449.8426208496094,354.5539855957031,1.5134416818618774
2007-05-31,1.875918984413147,0.8131685256958008,2.8524317741394043,3.0089898109436035,0.9261304140090942,0.3885261714458465,0.0358616672456264,,1.1194027662277222,,0.276951253414154,,0.7656774520874023,0.2970628440380096,6.6846466064453125,0.1688619405031204,0.4281766712665558,0.7798826694488525,2.1116929054260254,1.029748558998108,,0.9239489436149596,1.2536475658416748,9.36542510986328,0.3610017597675323,4.57282304763794,0.7797223925590515,,1.2649154663085938,0.6313142776489258,,1.492977738380432,0.3159342110157013,0.3118982911109924,2.7472918033599854,,0.3904803693294525,5.263311862945557,3.543269157409668,0.0631428509950637,,0.9013100266456604,0.3248848915100097,3.667285919189453,2.173744201660156,0.3287487626075744,4.045228004455566,0.6239699125289917,2.2172563076019287,0.5551616549491882,,2.905478000640869,1.3189549446105957,0.8016341924667358,1.569123387336731,,6.15365743637085,4.179728031158447,0.9532995223999025,,,,1.809704303741455,2.4254095554351807,,0.3506712317466736,,1.9895340204238887,0.9041298627853394,3.6269397735595694,3.209933996200561,2.756127119064331,934.7119750976562,584.8670043945312,470.8125,383.33099365234375,1.5134416818618774
2007-06-30,1.8910475969314573,0.7905808091163635,2.7904224395751958,2.781565427780152,1.0418962240219116,0.391262024641037,0.0354940593242645,,1.0862842798233032,0.7493757009506226,0.2729372978210449,,0.7298983931541443,0.198381245136261,6.44590950012207,0.1522771120071411,0.4446450471878052,0.7946905493736267,2.147636890411377,1.1215733289718628,,0.861211895942688,1.174588680267334,9.27082633972168,0.3492299318313598,4.484030246734619,0.7733310461044312,,1.1499238014221191,0.6313142776489258,,1.4729375839233398,0.2953703999519348,0.2971630096435547,2.72821307182312,,0.4331898987293243,5.11030912399292,3.2032580375671387,0.0621405839920043,,0.6174560189247131,0.3055408895015716,2.6231279373168945,2.1381096839904785,0.3112623989582062,4.542769432067871,0.601416826248169,2.2172563076019287,0.5551616549491882,,3.024554252624512,1.3765897750854492,0.8016341924667358,1.5097521543502808,0.2142721563577652,5.707019805908203,4.107248783111572,1.0389249324798584,,,,1.7807492017745972,2.636314868927002,,0.3324755132198334,,2.3406286239624023,0.8822556138038635,3.6593234539031982,2.926183223724365,2.441141128540039,929.4439697265624,584.1370239257812,470.93450927734375,380.968994140625,1.4626548290252686
2007-07-31,2.042332410812378,0.7830514907836914,3.449272871017456,3.4113543033599854,1.3583239316940308,0.503442645072937,0.0351261124014854,,1.1884889602661133,0.8267409801483154,0.256881982088089,,0.8515480160713196,0.2380574643611908,6.44590950012207,0.1733848750591278,0.4693475067615509,0.9575772881507874,2.5520033836364746,1.1412501335144043,,0.8897289037704468,1.2762356996536257,11.068231582641602,0.3923932909965515,4.839200973510742,0.9139367938041688,,1.2560700178146362,0.5791396498680115,,1.6132171154022217,0.3551924526691437,0.3118982911109924,3.415035963058472,,0.4636953771114349,5.416314601898193,3.596954822540283,0.0611383095383644,,0.6584243178367615,0.3134772479534149,3.030604362487793,2.6251235008239746,0.4056901335716247,4.521137237548828,0.6615577936172485,2.267420053482056,0.645103931427002,,4.17245626449585,1.3154083490371704,0.8848229050636292,1.9338396787643437,0.2267841845750808,6.252909183502197,4.445491313934326,1.0903003215789795,,,,1.8241820335388184,3.5326621532440186,,0.3672118484973907,,2.4284017086029053,0.9332952499389648,3.497406244277954,3.6887638568878174,2.5828850269317627,1107.2850341796875,663.260009765625,528.2462158203125,406.7359924316406,1.9705218076705933
2007-08-31,2.178487539291382,0.7115225791931152,3.15860366821289,3.481330394744873,1.3660420179367063,0.4706092178821563,0.0299768466502428,,1.0822550058364868,0.752410352230072,0.2408271878957748,,0.8086128830909729,0.225848987698555,5.40143346786499,0.1522771120071411,0.3853590786457062,0.8934099674224854,3.073187351226806,1.2527515888214111,,0.8669153451919556,1.3440006971359253,10.59523105621338,0.3688496947288513,4.6172194480896,0.8947633504867554,,1.1056956052780151,0.5113123655319214,,1.4428777694702148,0.3776254653930664,0.3045306801795959,3.1860954761505127,,0.4758984744548797,5.263311862945557,3.06009578704834,0.0614721029996871,,0.596971333026886,0.2599083185195923,3.0051374435424805,2.4825828075408936,0.4021933078765869,4.607665061950684,0.5638280510902405,1.9664348363876345,0.6078863739967346,,4.000985622406006,1.2746200561523438,0.824321985244751,2.1452550888061523,0.1955037415027618,5.558142185211182,4.590453624725342,1.016090989112854,,,,1.7228388786315918,3.339331865310669,,0.3225508034229278,,2.384514808654785,0.8603814840316772,3.4650230407714844,3.316340923309326,2.2993977069854736,1039.967041015625,632.114013671875,501.98333740234375,390.7869873046875,1.889262557029724
2007-09-30,2.042332410812378,0.7564241290092468,3.6042959690094,3.236412286758423,1.4663724899291992,0.465136855840683,0.0297927167266607,,1.1420114040374756,0.8115713596343994,0.2548750340938568,,0.8873271942138672,0.2319532334804535,5.878907680511475,0.1733848750591278,0.4158254265785217,0.9378333687782288,3.79206132888794,1.2986642122268677,,0.8555086255073547,1.377882957458496,9.460027694702148,0.4022029936313629,4.066704273223877,1.0417600870132446,,1.1587687730789185,0.5426170825958252,,1.5230374336242676,0.4337086677551269,0.3143542110919952,3.510427713394165,,0.4697973430156708,5.997726917266846,3.418001413345337,0.0648131296038627,,0.6174560189247131,0.277764618396759,3.2343428134918213,2.423190832138061,0.4791339933872223,4.564400672912598,0.6390047073364258,2.026631593704224,0.6140894889831543,,4.429661750793457,1.3459986448287964,0.9075106382369996,2.1632065773010254,0.2377325147390365,5.458889007568359,4.928696632385254,1.0674662590026855,,,,1.751794457435608,3.1811532974243164,,0.3539792001247406,,2.3406286239624023,0.9405866265296936,3.4650230407714844,3.617825984954834,2.645882129669189,1143.1280517578125,685.4730224609375,540.4391479492188,418.8469848632813,1.980679035186768
2007-10-31,1.9666897058486936,0.8644847273826599,4.069366931915283,2.991495370864868,1.6824697256088257,0.4706092178821563,0.0290571525692939,,1.175209403038025,0.8267409801483154,0.256881982088089,,0.8372361660003662,0.2207627147436142,5.282064437866211,0.1748928129673004,0.4569963216781616,1.1155287027359009,4.42107629776001,1.2658692598342896,,0.8840253949165344,1.3214120864868164,9.460027694702148,0.3865071833133697,3.818085193634033,1.092889428138733,,1.1233867406845093,0.5300951600074768,,1.8035967350006104,0.42249196767807,0.3469511270523071,4.044624328613281,,0.5399618148803711,5.997726917266846,3.686431407928467,0.0601360462605953,,0.5647814869880676,0.2618919312953949,3.1579408645629883,2.304407119750977,0.4651452004909515,4.43460750579834,0.7743241190910339,2.066763639450073,0.5985822081565857,,4.45824146270752,1.22363543510437,0.8748162388801575,2.2170629501342773,0.2533727288246155,5.310009479522705,5.41190242767334,0.9532995223999025,,,,1.7662718296051023,3.690840721130371,,0.3275131583213806,,2.384514808654785,0.947878122329712,3.400255918502808,3.9015777111053462,2.756127119064331,1266.427978515625,733.6190185546875,576.1539306640625,420.739013671875,2.315871238708496
2007-11-30,1.875918984413147,0.7744340896606445,3.3523833751678467,2.6940951347351074,1.589856505393982,0.3967343866825104,0.0253790132701396,,1.2814433574676514,0.8039866089820862,0.2588889598846435,,0.7370542883872986,0.2065198570489883,4.834432125091553,0.1583079844713211,0.4117083847522735,1.1648881435394287,3.8819210529327393,1.292105197906494,,0.8498052954673767,1.2423535585403442,10.311429023742676,0.3551159799098968,3.445155143737793,1.0161954164505005,,1.0128173828125,0.5530522465705872,,1.9238369464874268,0.3720172941684723,0.3212510943412781,3.872917890548706,,0.4758984744548797,6.120129108428955,3.346420288085937,0.0581315122544765,,0.5325924754142761,0.24998739361763,3.081539392471313,2.3281638622283936,0.4721395969390869,4.564400672912598,0.8495007753372192,1.9363365173339844,0.567567765712738,,3.800936460494995,1.1522563695907593,0.7866569757461548,2.0285680294036865,0.2408606708049774,5.458889007568359,6.185032367706299,0.9133403301239014,2.926363468170166,,,1.6794064044952393,3.5150856971740723,,0.3192428648471832,,2.44303035736084,0.8968384861946106,3.212431669235229,3.422747135162353,2.504138469696045,1172.2760009765625,687.7730102539062,542.1351318359375,392.64599609375,2.2041404247283936
2007-12-31,1.6943786144256592,0.8344680070877075,3.371760368347168,2.48416519165039,1.6207281351089478,0.3775817453861236,0.0250113941729068,,1.2216871976852417,0.9480971097946168,0.2889926135540008,,0.7041370272636414,0.203467458486557,4.864274024963379,0.1598151326179504,0.4322939217090606,1.4018146991729736,3.3247933387756348,1.3773707151412964,,0.8783219456672668,1.1520005464553833,12.771036148071287,0.3394201099872589,3.533949136734009,1.1184539794921875,,0.9818572998046876,0.5426170825958252,,2.054097414016724,0.3851031959056854,0.3109709918498993,4.006466865539551,,0.5369113087654114,7.466557502746582,3.239048957824707,0.0631428509950637,0.5104984641075134,0.5033286809921265,0.2599083185195923,3.2343428134918213,2.1618666648864746,0.4826315939426422,4.953781604766846,0.872053861618042,2.016599655151367,0.5334513187408447,,3.686622381210327,1.2032411098480225,0.8002197742462158,2.3337507247924805,0.2565009593963623,5.310009479522705,6.185032367706299,0.9818406701087952,3.119842290878296,,,1.7807492017745972,3.479935646057129,,0.3192428648471832,,2.223596811294556,0.9989176988601683,3.0958523750305176,3.671029329299927,2.2836482524871826,1199.7239990234375,704.572998046875,555.3780517578125,405.6719970703125,2.092409133911133
2008-01-31,1.482581377029419,0.6963904500007629,2.6741554737091064,2.0468122959136963,1.5435503721237185,0.2708737254142761,0.017379080876708,,0.8963460326194763,0.7660624980926514,0.2909990847110748,,0.5438458323478699,0.1383578777313232,3.909324169158936,0.1206155121326446,0.3293666541576385,1.9546436071395876,3.109131097793579,1.2658692598342896,,0.7927711009979248,0.9938827157020568,10.87903118133545,0.2687893509864807,2.5572292804718018,0.8052869439125061,,0.7076454758644104,0.4194849133491516,,1.6733368635177612,0.2766758799552917,0.3109709918498993,2.861762523651123,,0.640632688999176,5.508115768432617,2.8453524112701416,0.0521179027855396,0.4063152372837066,0.4243181347846985,0.2013793885707855,2.3633618354797363,1.3660144805908203,0.3497327268123626,4.023595809936523,0.6314873099327087,1.8560736179351809,0.4124946296215057,,2.857846736907959,0.978908360004425,0.5696482062339783,1.669528603553772,0.2158365845680236,4.0693535804748535,4.977017879486084,0.8105894923210144,3.119842290878296,,,1.5491069555282593,3.0229744911193848,,0.2266129404306411,,1.7262132167816162,0.8530904054641724,2.525904417037964,2.606962919235229,1.504058003425598,901.2630004882812,534.3480224609375,426.9737548828125,330.114990234375,1.604857325553894
2008-02-29,1.482581377029419,0.8224611282348633,2.519131183624268,1.994329810142517,1.6207281351089478,0.3255958259105682,0.017470983788371,,0.9693813920021056,0.7584777474403381,0.2849786877632141,,0.5152223706245422,0.1617568284273147,4.088376998901367,0.1260433793067932,0.349128782749176,2.349520206451416,3.2169620990753174,1.4298417568206787,,0.7642543911933899,0.9995297193527222,11.352030754089355,0.280561089515686,2.573211908340454,0.8628075122833252,,0.6899541020393372,0.4695728421211242,,1.9138171672821045,0.3290203511714935,0.3058309853076935,2.7663705348968506,,0.9029872417449952,4.7737016677856445,2.594817876815796,0.060804083943367,0.3889510333538055,0.3687176406383514,0.2301474660634994,2.3633618354797363,1.5560685396194458,0.4231772720813751,4.218286037445068,0.6465229988098145,1.7356802225112915,0.4435091316699981,,3.2007884979248047,1.1012717485427856,0.6476354598999023,1.7323607206344604,0.1814272552728653,3.796409845352173,5.895109176635742,0.8334226608276367,3.1682112216949463,,,1.6504504680633545,3.6556904315948486,,0.223304197192192,,2.033421039581299,0.947878122329712,2.448184013366699,2.5537595748901367,1.5985537767410278,881.6909790039062,554.8900146484375,447.7666320800781,360.0169982910156,1.4017115831375122
2008-03-31,1.3918110132217407,0.6963904500007629,2.2615506649017334,1.906859397888184,1.3351713418960571,0.2637597918510437,0.017470983788371,,0.909625232219696,0.7130173444747925,0.2909990847110748,,0.4670267105102539,0.1365555822849273,3.133427619934082,0.1139816269278526,0.3639501929283142,2.3100333213806152,2.713750123977661,1.3773707151412964,,0.6844067573547363,0.9995297193527222,9.933030128479004,0.260941594839096,2.295339107513428,0.6710726022720337,,0.5926527976989746,0.3777450323104858,,1.6332579851150513,0.351453423500061,0.2672808468341827,2.308488368988037,,1.5100630521774292,4.498294830322266,1.834267497062683,0.0584653057157993,0.3444997370243072,0.298485666513443,0.24998739361763,1.9151382446289065,1.2769267559051514,0.3532302677631378,4.239917755126953,0.4736157357692718,1.4146292209625244,0.4031896889209747,,2.4005908966064453,0.984006643295288,0.5526938438415527,1.157899260520935,0.1382602006196975,3.498652219772339,5.170299053192139,0.69642174243927,3.119842290878296,,,1.210330367088318,3.005398988723755,,0.2001468986272812,,2.0480496883392334,0.8530904054641724,1.7227967977523804,2.163601875305176,1.2993170022964478,751.6339721679688,485.1390075683594,390.1519165039063,332.6470031738281,1.3102951049804688
2008-04-30,1.5582232475280762,0.690386950969696,2.645207405090332,2.0594630241394043,1.5744210481643677,0.4149706959724426,0.0198618080466985,,1.0689756870269775,0.7036768198013306,0.3110683262348175,,0.5522080659866333,0.1548346728086471,3.4318490028381348,0.1362954080104828,0.401827335357666,2.724654197692871,3.79206132888794,1.4954313039779663,,0.71505206823349,1.129412293434143,10.59523105621338,0.3440314531326294,3.05428147315979,0.6710726022720337,,0.6678396463394165,0.4007020890712738,,1.7534974813461304,0.3851031959056854,0.3239734470844269,2.5755860805511475,,1.8761391639709477,4.437093257904053,2.0042734146118164,0.0614721029996871,0.4246061444282532,0.3336014151573181,0.2678436934947967,2.190184593200684,1.3778926134109497,0.4196797013282776,4.412974834442139,0.5412749648094177,1.5651217699050903,0.421798825263977,,2.6749446392059326,0.9942038655281068,0.6544169187545776,1.3553699254989624,0.1438910514116287,4.41673755645752,4.977017879486084,0.7991724610328674,3.772831439971924,,,1.3956444263458252,3.075700521469116,,0.2431535124778747,,2.033421039581299,0.9916263222694396,1.8782367706298828,2.2700085639953613,1.7402974367141724,852.406982421875,543.5120239257812,434.6786804199219,371.7309875488281,1.411868691444397
2008-05-31,1.5558377504348757,0.7654379606246948,2.2211663722991943,1.9168851375579836,1.6979050636291504,0.3494491279125213,0.0201378501951694,,1.0459378957748413,0.6227228045463562,0.4012573957443237,,0.6021416187286377,0.1569854617118835,3.217376708984375,0.1413833647966385,0.3408945500850677,3.338563680648804,3.953808307647705,1.7836570739746094,,0.7469742894172668,1.1880614757537842,12.877415657043455,0.2904528677463531,2.7025766372680664,0.5562989115715027,,0.6324577331542969,0.4144748449325561,,1.85214638710022,0.4226471185684204,0.3103611767292022,2.1558611392974854,,2.486077785491944,5.603897571563721,1.82532012462616,0.0585257746279239,0.3687178492546081,0.3129751980304718,0.2754589915275574,1.7623344659805298,1.3066225051879885,0.4161821007728576,4.5449957847595215,0.4886504709720611,1.647578239440918,0.4497122168540954,,2.692877531051636,1.0217127799987793,0.5899925231933594,1.0276914834976196,0.1201172545552253,5.111505508422852,4.735142707824707,0.7477971315383911,4.336932182312012,,,1.471167802810669,2.6832022666931152,,0.2150338590145111,2.0200681686401367,1.8185385465621948,1.1759016513824463,1.669558048248291,1.8964942693710327,1.6615508794784546,734.2990112304688,485.1669921875,399.6939086914063,351.44500732421875,1.5032844543457031
2008-06-30,1.647357940673828,0.6587783098220825,1.7284711599349976,1.5049922466278076,1.7133405208587646,0.2545983493328094,0.0170111395418643,,0.8927109241485596,0.5479956865310669,0.2983169555664062,,0.5140300989151001,0.0956964418292045,2.6238789558410645,0.1269308179616928,0.2206756323575973,3.217161178588867,2.669010877609253,1.7869857549667358,,0.6384394764900208,1.090076923370361,10.41555404663086,0.2526658475399017,3.072792053222656,0.3985026180744171,,0.6766853332519531,0.4123049080371856,,1.9058315753936768,0.597309410572052,0.2477444112300872,1.828429698944092,,3.057412385940552,4.475596904754639,1.2974084615707395,0.0488860569894313,0.2888771891593933,0.2730862200260162,0.2856619954109192,1.701213240623474,1.086872100830078,0.3986957371234894,4.500437736511231,0.4209912419319153,1.3115588426589966,0.3132473826408386,,2.513352870941162,0.7880231738090515,0.4475802779197693,1.0825018882751465,0.1382602006196975,3.7715964317321777,3.5887396335601807,0.5822539925575256,4.556214809417725,,,1.1111351251602173,1.7668980360031128,,0.1455612480640411,1.8591777086257932,1.5182292461395264,1.0621047019958496,1.7299036979675293,1.4406063556671145,1.51980721950531,594.8410034179688,422.2359924316406,350.89312744140625,331.6319885253906,1.142698884010315
2008-07-31,1.7693840265274048,0.8219045400619507,2.625014543533325,1.877279996871948,1.6824697256088257,0.3276086449623108,0.0185744948685169,,0.9310311079025269,0.5511091351509094,0.3445349335670471,,0.5496973991394043,0.1225774064660072,2.6363747119903564,0.1196417212486267,0.2420844733715057,2.630383253097534,2.862417697906494,1.7470524311065674,,0.6831302642822266,1.0778290033340454,10.794301986694336,0.31865194439888,3.072792053222656,0.545600950717926,,0.729759156703949,0.4296653270721435,,1.8118816614151,0.5111589431762695,0.2695240974426269,2.59351658821106,,2.254455804824829,5.754336833953857,1.8700584173202517,0.0440664291381835,0.3542013764381408,0.3467275500297546,0.2999449968338012,2.30224084854126,1.1284466981887815,0.4196797013282776,4.522716045379639,0.4660974144935608,1.3982735872268677,0.3287546336650848,,3.6322133541107178,0.8912811875343323,0.545912504196167,1.2275526523590088,0.1413883566856384,3.846035957336426,4.411159515380859,0.6850056052207947,3.800906181335449,,,1.3097740411758425,1.7157891988754272,,0.1802975535392761,1.939623236656189,1.668384075164795,1.185384750366211,1.9444655179977417,2.14267373085022,1.3780635595321655,826.5469970703125,528.093017578125,422.0057678222656,355.7820129394531,1.361081838607788
2008-08-31,1.7083706855773926,0.790534257888794,2.544244766235352,1.877279996871948,1.6824697256088257,0.3213682472705841,0.0188502054661512,,0.8860490918159485,0.5355417132377625,0.3466358780860901,,0.6671900749206543,0.1376309394836425,2.9737303256988525,0.1226575374603271,0.2651400864124298,2.812485933303833,2.3692307472229004,1.816934585571289,,0.6512081027030945,1.3717825412750244,10.131494522094728,0.3158323466777801,3.2393901348114014,0.5295536518096924,,0.7961010932922363,0.4524506330490112,,1.4360841512680054,0.4709553718566894,0.2504668831825256,2.347133159637451,,2.7176992893218994,5.03974723815918,1.5121527910232544,0.043722003698349,0.413718432188034,0.3559328019618988,0.3019849956035614,2.129063606262207,1.1462641954421997,0.3951981663703918,4.790069580078125,0.4886504709720611,1.5933815240859983,0.3380587995052337,,3.0220072269439697,0.9456283450126648,0.5493031144142151,1.0459612607955933,0.1407628655433654,3.6723437309265137,4.0124101638793945,0.724963903427124,4.020190238952637,,,1.2476993799209597,2.0260915756225586,,0.1918765902519226,1.8949311971664429,1.7851707935333252,1.0715879201889038,2.078566551208496,2.08796763420105,1.535556674003601,787.3259887695312,492.56298828125,398.4429016113281,337.93701171875,1.361081838607788
2008-09-30,1.2995824813842771,0.8219045400619507,2.645207405090332,1.5842026472091677,1.5281150341033936,0.2745670080184936,0.0153562035411596,,0.7328222393989563,0.47015580534935,0.2584011554718017,,0.5161280632019043,0.1107499971985817,2.249040126800537,0.0970203727483749,0.1976199448108673,2.347111225128174,1.789011001586914,1.5873217582702637,,0.5937485694885254,1.2125577926635742,9.84743309020996,0.2797370254993438,2.924705982208252,0.3851301074028015,,0.6634172201156616,0.3743296861648559,,1.174368143081665,0.373318463563919,0.1878502070903778,1.984040379524231,,2.1309235095977783,4.325155735015869,1.172141671180725,0.036148365586996,0.3883148729801178,0.2761541903018951,0.2499540001153946,1.996633768081665,1.0037237405776978,0.2797864377498626,4.879186153411865,0.3834024667739868,1.354916214942932,0.2729287445545196,,2.884371042251587,0.7010692358016968,0.5323495864868164,0.8678281307220459,0.0925904586911201,3.176080703735352,4.137019634246826,0.7535061836242676,3.4841647148132324,,,0.8317995667457581,1.6062707901000977,,0.1703729033470153,1.7072254419326782,1.3096812963485718,0.8952025175094604,1.7969542741775513,1.9420833587646484,1.1339495182037354,733.5679931640625,454.7300109863281,360.5110778808594,285.73199462890625,1.3712389469146729
2008-10-31,0.8602868914604187,0.8030822277069092,1.978857159614563,1.0218106508255005,1.2194044589996338,0.1847086548805236,0.0142526999115943,,0.5396234393119812,0.3440544009208679,0.1579817086458206,,0.2685543894767761,0.0870945751667022,1.3556712865829468,0.0698744654655456,0.1597428172826767,1.3657759428024292,1.1991208791732788,1.297810435295105,,0.4309463500976562,0.8144957423210144,7.05417013168335,0.1624278128147125,1.88810133934021,0.2754749655723572,,0.5218883752822876,0.3808396756649017,,0.7314634323120117,0.2481128871440887,0.136306494474411,1.543142795562744,,1.3588496446609497,2.918540000915528,0.7068639993667603,0.0299515053629875,0.3033936321735382,0.1779664009809494,0.1499720066785812,1.3344848155975342,0.7720950841903687,0.1713691502809524,3.787496566772461,0.270637035369873,0.7912710905075073,0.2493572980165481,,2.022650957107544,0.5325946807861328,0.4001094996929168,0.525264322757721,0.0578690320253372,1.677367925643921,3.638583183288574,0.5160367488861084,1.9101990461349487,,,0.5214265584945679,0.7520264387130737,,0.1224039271473884,1.439074993133545,0.7808037996292114,0.7131273746490479,1.300780177116394,1.2582511901855469,0.7008437514305115,576.0889892578125,357.4840087890625,278.3275451660156,219.91200256347656,0.9141597151756288
2008-11-30,0.9151989221572876,0.7403415441513062,1.6961629390716553,0.8119038939476013,1.0650497674942017,0.1472676247358322,0.0116780698299407,,0.5795960426330566,0.3424972891807556,0.1462174355983734,,0.2664560675621032,0.0956964418292045,0.9808312058448792,0.0648472309112548,0.1449213773012161,1.3961262702941897,1.218461513519287,1.2279280424118042,,0.4309463500976562,0.6491470336914062,6.58073616027832,0.1466362178325653,2.5915114879608154,0.2300082594156265,,0.4997739791870117,0.2799334824085235,,0.5663807392120361,0.2102068364620208,0.1297013312578201,1.4588533639907837,,1.513264775276184,2.993760108947754,0.5905445218086243,0.0289186891168355,0.2859736680984497,0.2055815011262893,0.1509920060634613,1.2631759643554688,0.7305207848548889,0.1608771830797195,3.542423248291016,0.2255308628082275,0.7479137182235718,0.2977401614189148,,1.795251965522766,0.5706376433372498,0.3526387512683868,0.4704537987709045,0.0472334809601306,1.5086381435394287,4.3363938331604,0.5936710834503174,1.6665515899658203,,,0.3445140719413757,0.949159562587738,,0.1389445513486862,1.4927053451538086,0.6373226046562195,0.55381178855896,1.1398590803146362,1.0758957862854004,0.6614705324172974,520.5989990234375,330.0950012207031,257.14862060546875,194.4669952392578,0.9649457931518556
2008-12-31,0.9640092849731444,0.6399562954902649,1.8738563060760496,0.926758587360382,0.949283003807068,0.1709803938865661,0.0147125488147139,,0.5496163964271545,0.3238156735897064,0.1621835380792617,,0.3042217493057251,0.0999973714351654,1.2869505882263184,0.0733937993645668,0.163859874010086,1.1937888860702517,1.324835181236267,1.267861008644104,,0.4309463500976562,0.7471315860748291,6.012615203857422,0.1725794672966003,2.4064035415649414,0.2366944849491119,,0.4467008113861084,0.2896985709667206,,0.7180415987968445,0.2320316433906555,0.1309023052453994,1.659851312637329,,1.383556246757507,3.3397724628448486,0.5726490020751953,0.0323610864579677,0.2961354851722717,0.2147867381572723,0.1530330032110214,1.3039238452911377,0.7661559581756592,0.1713691502809524,3.0299973487854004,0.2255308628082275,0.9213431477546692,0.2828533053398132,,1.9388718605041504,0.7228074669837952,0.3594202399253845,0.4795887172222137,0.0534898489713668,1.677367925643921,4.236707210540772,0.633629322052002,1.422903537750244,,,0.3476177752017975,0.927256166934967,,0.1422532498836517,1.5552735328674316,0.6873742341995239,0.5955373644828796,1.186794638633728,1.0667779445648191,0.6693451404571533,559.9019775390625,350.0190124511719,268.6395568847656,197.81300354003903,1.036047101020813
2009-01-31,0.9579076170921326,0.6964231133460999,1.9061644077301023,0.8633904457092285,0.8798233270645142,0.167236253619194,0.0138847539201378,,0.5462858080863953,0.3191450834274292,0.1588223427534103,,0.2748486995697021,0.0978472009301185,1.068293571472168,0.0749017223715782,0.158095896244049,1.1836720705032349,1.3345054388046265,1.44755756855011,,0.42137011885643,0.7348834872245789,7.290887832641602,0.1635557562112808,2.2398064136505127,0.2567533552646637,,0.4334327578544616,0.2636582553386688,,0.7180415987968445,0.2010176330804824,0.1260985285043716,1.4329180717468262,,1.272236704826355,3.174288034439087,0.5637016892433167,0.028229845687747,0.2627471089363098,0.2454704493284225,0.1550730019807815,1.1613067388534546,0.7305207848548889,0.1783635467290878,2.874041557312012,0.2180134654045105,0.883405327796936,0.2319889366626739,,1.8311567306518557,0.7717193365097046,0.3221223652362823,0.4430489838123321,0.0447307936847209,1.754805564880371,4.386238098144531,0.6850056052207947,1.2962063550949097,,,0.3693439364433288,0.88709956407547,,0.1224039271473884,1.9038695096969604,0.6573431491851807,0.5879506468772888,1.133154034614563,1.0758957862854004,0.629971981048584,517.8980102539062,335.0299987792969,259.3426208496094,192.6100006103516,0.9040015935897828
2009-02-28,1.15315043926239,0.6713266968727112,1.5669317245483398,0.8039827942848206,0.9724364876747132,0.1466436684131622,0.0148963583633303,,0.5562788248062134,0.3004634976387024,0.1504187285900116,,0.2643581032752991,0.0999973714351654,1.1057779788970947,0.0708797499537468,0.1613896042108535,1.2140223979949951,1.3345054388046265,1.3077936172485352,,0.3958323299884796,0.643022894859314,6.675424098968506,0.1658119708299636,2.4619362354278564,0.2246591746807098,,0.3539700806140899,0.2604032158851623,,0.811991274356842,0.1952741146087646,0.1218952387571334,1.3356610536575315,,1.2034671306610107,2.6627917289733887,0.4026439487934112,0.028229845687747,0.2351660132408142,0.2884280383586883,0.1520130038261413,1.074718356132507,0.7305207848548889,0.1748659908771515,2.807204008102417,0.2255308628082275,0.84004807472229,0.2344704419374466,,1.460138201713562,0.8858469128608704,0.3153409361839294,0.3973733782768249,0.0450435392558574,1.780802607536316,4.186862945556641,0.6393383145332336,1.2864601612091064,,,0.3755513429641723,0.8980506658554077,,0.1108249053359031,1.7429792881011963,0.5972813963890076,0.5879506468772888,1.106333613395691,0.993835985660553,0.6220973134040833,458.2640075683594,306.9129943847656,240.2647247314453,191.3730010986328,0.8329002857208252
2009-03-31,1.3239871263504028,0.6462303400039673,1.9879649877548216,0.9544820189476012,0.9338476061820984,0.170923501253128,0.0163674820214509,,0.5995820164680481,0.3923150897026062,0.1747884601354599,,0.2790446281433105,0.1121426075696945,1.130766987800598,0.075404368340969,0.1646833270788192,1.3860095739364624,2.0887913703918457,1.387658715248108,,0.4373306632041931,0.8144957423210144,6.959484577178955,0.1883710771799087,3.215944528579712,0.2714632153511047,,0.3756416440010071,0.3222489058971405,,0.785148561000824,0.1757468283176422,0.1321032494306564,1.5236910581588743,,1.1920055150985718,2.7380120754241943,0.5279107093811035,0.0299515053629875,0.2700053751468658,0.3050043284893036,0.1560930013656616,1.176587462425232,0.8196086883544922,0.1818611472845077,2.8963208198547363,0.263119637966156,0.9376020431518556,0.2481165379285812,,1.6995052099227903,0.9075852632522584,0.3356851637363434,0.4247791171073913,0.0566173456609249,1.8847910165786743,4.037332534790039,0.742089033126831,1.3936655521392822,,,0.44693723320961,0.927256166934967,,0.1207495555281639,1.7251026630401611,0.677363932132721,0.629676342010498,1.159974217414856,1.1488378047943115,0.6378465890884399,523.4310302734375,328.1470031738281,257.6466369628906,202.9709930419922,0.8582938313484192
2009-04-30,1.525330901145935,0.7277934551239014,2.52637267112732,1.3624141216278076,1.2734289169311523,0.2096486389636993,0.0182065498083829,,0.7328222393989563,0.4649485051631927,0.196637213230133,,0.4004433751106262,0.1316461712121963,1.661790132522583,0.1000362262129783,0.2129941880702972,1.6579935550689695,2.6109890937805176,1.6572037935256958,,0.5714032053947449,0.8757359981536865,7.05417013168335,0.2267222106456756,4.118258953094482,0.3637339472770691,,0.4695521891117096,0.3971149325370788,,0.92607319355011,0.2216934859752655,0.1705690324306488,2.139651298522949,,1.398314118385315,4.1371049880981445,0.6084400415420532,0.035803947597742,0.33787602186203,0.3601650297641754,0.1897609978914261,1.466914415359497,0.9502710103988647,0.2448129951953888,4.299922943115234,0.3157432079315185,1.2428302764892578,0.285334050655365,,2.3817014694213867,0.9728010892868042,0.4170638620853424,0.7170998454093933,0.0950143262743949,2.1967568397521973,4.062254428863525,0.8790900111198425,1.695788860321045,,,0.6390112638473511,1.168196678161621,,0.1521779298782348,1.9753764867782595,0.8800925016403198,0.7052233219146729,1.6159178018569946,1.6685503721237185,1.1260747909545898,692.0789794921875,403.8970031738281,316.5163269042969,228.79200744628903,1.0817549228668213
2009-05-31,1.6470779180526731,0.8006545305252075,2.733452081680298,1.5541751384735107,1.6429660320281982,0.2416968196630478,0.0198618080466985,,0.8973181843757629,0.5147638320922852,0.2423190921545028,,0.5378050804138184,0.1487109661102295,1.4279839992523191,0.1057047992944717,0.2689503729343414,1.634965896606445,2.6303296089172363,1.9296449422836304,,0.5336055159568787,0.89410799741745,8.095781326293945,0.2530149221420288,4.141395568847656,0.4386203587055206,,0.6501491665840149,0.4508504271507263,,1.018505573272705,0.2573024034500122,0.1992628723382949,2.5286788940429688,,1.7077772617340088,4.625114917755127,0.8679217100143433,0.0406235791742801,0.3909914493560791,0.369898647069931,0.2438330054283142,1.792894959449768,1.086872100830078,0.2937760055065155,4.143967628479004,0.3758850693702698,1.343600511550903,0.353566825389862,,2.7874159812927246,1.1189711093902588,0.4441896080970764,0.8358559012413025,0.1313046813011169,2.482724666595459,4.274200439453125,1.0844011306762695,1.8809610605239868,,,0.8261964917182922,1.367891550064087,,0.1869142651557922,2.116823673248291,0.978878378868103,0.828637421131134,1.6369807720184326,1.960318922996521,1.1969467401504517,765.385986328125,444.0950012207031,350.02813720703125,257.1470031738281,1.2138004302978516
2009-06-30,1.5855046510696411,0.8775172829627991,3.0026562213897705,1.5105183124542236,1.5791620016098022,0.2684037387371063,0.0231963600963354,,0.9642825722694396,0.531369149684906,0.2557812929153442,,0.570399284362793,0.1548057645559311,1.5048261880874634,0.1117741391062736,0.326711505651474,1.7616183757781982,2.765714168548584,2.193701267242432,,0.5580188632011414,0.9737204909324646,8.427186965942383,0.2480291873216629,4.627257347106934,0.4974597096443176,,0.7946268320083618,0.4934505820274353,,0.9818392992019652,0.2561538815498352,0.1912924200296402,2.7231929302215576,,1.7307003736495972,4.819447040557861,1.046875,0.0450992360711097,0.3909914493560791,0.3504307568073272,0.2741070091724396,1.638054370880127,1.2115954160690308,0.2905596792697906,4.143967628479004,0.3984381556510925,1.4443703889846802,0.4000885486602783,,2.710988044738769,1.2201850414276123,0.4633472859859466,0.8057315945625305,0.1430684626102447,2.690701484680176,4.619322299957275,1.3951011896133425,2.1506519317626958,,,0.8713791370391846,1.545640468597412,,0.1455612480640411,2.402348518371582,1.032761573791504,0.8374524116516113,1.7245558500289917,2.160908937454224,1.204821228981018,799.6259765625,466.9859924316406,369.4900512695313,279.72198486328125,1.1630141735076904
2009-07-31,1.7086513042449951,1.056863784790039,3.437523603439331,1.6938759088516235,1.674868941307068,0.2937749922275543,0.0222685430198907,,1.081368327140808,0.7239907383918762,0.2737305164337158,,0.6518847346305847,0.1541962474584579,1.895440936088562,0.1203720346093177,0.34837207198143,1.784645915031433,2.8430769443511963,2.3155739307403564,,0.5649940371513367,1.1268211603164673,8.332500457763672,0.2916524708271026,4.8586201667785645,0.5589733719825745,,0.8162983655929565,0.5431505441665649,,1.018505573272705,0.276829719543457,0.2263625115156173,3.4364101886749268,,1.9026241302490237,5.946574687957764,1.064769625663757,0.0468204393982887,0.3909914493560791,0.3893671631813049,0.3023779988288879,2.0659048557281494,1.2472306489944458,0.3073226511478424,4.143967628479004,0.4134738445281982,1.3324037790298462,0.431102991104126,,3.43691635131836,1.4169890880584717,0.4967080950736999,0.9250988960266112,0.155881255865097,2.6647045612335205,4.964445114135742,1.4011929035186768,2.393662691116333,,,0.9875630736351012,1.5765529870986938,,0.1753352284431457,2.205434799194336,1.158489465713501,0.828637421131134,1.886232852935791,2.808270215988159,1.3071917295455933,982.3590087890624,544.7249755859375,426.4107360839844,300.0559997558594,1.5540711879730225
2009-08-31,2.2474148273468018,1.0504587888717651,3.644602060317993,2.3574559688568115,1.9141360521316528,0.3438503444194793,0.0225777048617601,,1.2477333545684814,0.6874592304229736,0.2827056348323822,,0.6937916874885559,0.1729684919118881,2.779125928878784,0.1441428214311599,0.3898877203464508,1.7616183757781982,3.191208839416504,2.29526162147522,,0.6207960247993469,1.4697669744491575,9.847498893737791,0.3489860892295837,5.460163116455078,0.6071146726608276,,1.0330146551132202,0.5431505441665649,,1.252761960029602,0.3532164990901947,0.2837503850460052,3.6633434295654297,,1.891162753105164,6.374107360839844,1.526111125946045,0.0495749004185199,0.4241892397403717,0.5288907289505005,0.3048369884490967,2.444856882095337,1.3600752353668213,0.3464366793632507,16.75604248046875,0.4209912419319153,1.410780429840088,0.4466102123260498,,3.758123397827149,1.799350619316101,0.5930846333503723,1.2434134483337402,0.2057318389415741,2.7556939125061035,5.256469249725342,1.778905749320984,2.527319431304932,,,1.2392947673797607,1.6538347005844116,,0.2084171622991562,2.274354696273804,1.3201392889022827,1.013758420944214,2.3577914237976074,3.0453319549560547,1.85841703414917,1054.1669921875,590.531005859375,465.509521484375,337.15399169921875,1.62517249584198
2009-09-30,2.478313446044922,1.056863784790039,3.582479953765869,2.6412243843078613,2.2172069549560547,0.3638806939125061,0.02458824403584,,1.3863706588745115,0.6941010355949402,0.3186045885086059,,0.8101998567581177,0.1796722412109375,2.8431615829467773,0.1605800092220306,0.5189478993415833,1.7270771265029907,3.1138463020324707,2.4780702590942383,,0.934682071208954,1.4697669744491575,10.226250648498535,0.417536586523056,5.136255264282227,0.6820011734962463,,0.8090744018554688,0.5786505937576294,,1.2935022115707395,0.3704466819763183,0.3028795421123504,3.839144706726074,,1.788008451461792,7.034836769104004,1.2655556201934814,0.0512961074709892,0.4241892397403717,0.5418692827224731,0.299919992685318,2.4326329231262207,1.4669809341430664,0.3520240783691406,16.75604248046875,0.4285086095333099,1.578730583190918,0.4714224338531494,,3.693881511688232,1.377627730369568,0.600498378276825,1.293149471282959,0.2116662710905075,2.703700304031372,5.734332084655762,2.3637518882751465,2.6609761714935303,,,1.374842882156372,1.7311177253723145,,0.2497702091932296,2.215280532836914,1.4907690286636353,1.097503662109375,2.4521031379699707,3.154745578765869,1.882041096687317,1070.64501953125,606.0440063476562,479.1004638671875,352.3800048828125,1.6861165761947632
2009-10-31,2.678426742553711,1.1081058979034424,3.5410633087158203,2.7285373210906982,2.201256036758423,0.3111344873905182,0.0259801242500543,,1.34477961063385,0.7273117899894714,0.3006549179553985,,0.9266076683998108,0.1729684919118881,3.169740915298462,0.1593157649040222,0.4873597621917724,1.8652433156967163,3.191208839416504,2.37650990486145,,0.7951771020889282,1.4207745790481567,11.267814636230469,0.4113049805164337,4.997437953948975,0.639208972454071,,0.8170066475868225,0.5715505480766296,,1.2833172082901,0.3375580012798309,0.3044736683368683,3.806331157684326,,1.7650851011276243,7.190303325653076,1.6284723281860352,0.0557717606425285,0.4241892397403717,0.5418692827224731,0.2962329983711242,2.35928726196289,1.4610415697097778,0.3464366793632507,16.75604248046875,0.4585800170898437,1.6459108591079712,0.4683205485343933,,3.565399408340454,1.3382673263549805,0.61161869764328,1.332938551902771,0.2363284230232238,2.768692970275879,5.309565544128418,2.58306884765625,2.685276985168457,,,1.2586590051651,1.8238556385040283,,0.2497702091932296,2.362966299057007,1.4548474550247192,1.157007098197937,2.4521031379699707,3.4100430011749268,1.921414375305176,1052.2220458984375,595.9349975585938,471.844482421875,349.0169982910156,1.6353298425674438
2009-11-30,2.478313446044922,1.0248377323150637,3.3961074352264404,2.4884257316589355,1.930086970329285,0.3004519343376159,0.0255160611122846,,1.2061426639556885,0.6907801032066345,0.2580245435237884,,0.8381375074386597,0.1541962474584579,3.233776092529297,0.208628237247467,0.4602842032909393,1.681020975112915,3.307252883911133,2.455711841583252,,0.781226634979248,1.2982940673828125,11.078439712524414,0.414421021938324,6.015434265136719,0.5509499311447144,,0.7376855611801147,0.6638506054878235,,1.1814669370651243,0.3215599656105041,0.3010615706443786,3.412573337554932,,1.4326989650726318,7.034836769104004,1.4795833826065063,0.0481976680457592,0.4241892397403717,0.4672407209873199,0.2568989992141723,2.2859411239624023,1.3066225051879885,0.2961471080780029,16.75604248046875,0.436026930809021,1.5675338506698608,0.4031896889209747,,3.43691635131836,1.2876603603363037,0.5634305477142334,1.133993148803711,0.2099525034427642,2.560716390609741,4.937896728515625,2.960782766342163,2.466566801071167,,,1.3167505264282229,1.638378620147705,,0.2398455440998077,2.1660518646240234,1.5985355377197266,1.145987629890442,2.128748893737793,2.8447413444519043,1.708798885345459,998.1190185546876,574.18701171875,453.4996032714844,336.18798828125,1.482969880104065
2009-12-31,2.816965341567993,1.0632691383361816,3.975929975509644,2.924992084503174,2.2172069549560547,0.347188800573349,0.0408258289098739,,1.3794382810592651,0.7372753024101257,0.2961678802967071,,1.14545476436615,0.1823539584875106,3.778074741363525,0.2832285463809967,0.5099228024482727,2.176116943359375,3.481318712234497,2.8036043643951416,,0.8858552575111389,1.4820148944854736,13.82437515258789,0.470507800579071,7.866337776184082,0.652581512928009,,0.8328707814216614,0.9017008543014526,,1.4157226085662842,0.3551559746265411,0.3169068694114685,4.167276859283447,,1.8338546752929688,9.172494888305664,1.795972228050232,0.0554273463785648,0.4241892397403717,0.5386250019073486,0.2790240049362182,2.7015676498413086,1.4788589477539062,0.3520240783691406,16.75604248046875,0.443544328212738,1.7354837656021118,0.4528132677078247,,3.661761522293091,1.3944966793060305,0.6894609332084656,1.2832026481628418,0.2458238154649734,3.093657732009888,5.628140926361084,3.4420623779296875,3.0011916160583496,,,1.5232995748519895,1.8547685146331787,,0.2960855960845947,2.2448177337646484,1.6254770755767822,1.311274766921997,2.3712644577026367,3.8659303188323975,1.9844117164611816,1195.364990234375,669.9210205078125,528.2471923828125,378.989990234375,1.6759586334228516
2010-01-31,3.232583284378052,1.0056220293045044,3.623894929885864,3.252417087554932,2.903105974197388,0.2142508774995803,0.039279356598854,,1.4418249130249023,0.8169804215431213,0.3365543484687805,,1.168736457824707,0.201126217842102,3.810091495513916,0.3338053226470947,0.5911493301391602,2.6021292209625244,4.738461494445801,2.783139705657959,,1.3252958059310913,1.6779837608337402,11.8359375,0.5047830939292908,8.143973350524902,0.7221187949180603,,0.8804634213447571,1.008201003074646,,1.4259079694747925,0.3807526230812073,0.380288302898407,4.167276859283447,,2.2120869159698486,7.92876672744751,1.7866666316986084,0.0578373782336711,0.4241892397403717,0.5353800654411316,0.280252993106842,3.178314208984375,1.6035820245742798,0.3576115071773529,16.75604248046875,0.4736157357692718,1.9482206106185915,0.5489586591720581,,4.143571853637695,1.6981374025344849,0.722821831703186,1.293149471282959,0.2637591361999511,3.9970569610595694,5.787425994873047,3.320219039916992,3.4325368404388428,,,1.8234411478042605,2.047974109649658,,0.3175884783267975,2.5352659225463867,1.6524189710617063,1.3773893117904663,2.6137797832489014,3.628868818283081,2.15765380859375,1183.2900390625,684.8369750976562,546.5031127929688,408.385986328125,1.8181612491607664
2010-02-28,3.2941558361053467,1.0056220293045044,3.2304441928863525,2.9904770851135254,2.6797900199890137,0.1787334084510803,0.0343307927250862,,1.2477333545684814,0.8169804215431213,0.3275792300701141,,1.0616410970687866,0.1702867448329925,3.2978107929229736,0.2807000875473022,0.5324857234954834,2.809378147125244,4.6804399490356445,2.7626760005950928,,1.4368997812271118,1.3717825412750244,13.63499927520752,0.4985514283180237,7.0797038078308105,0.6418834328651428,,0.8249386548995972,0.9159008264541626,,1.2222065925598145,0.3343583047389984,0.323949247598648,3.773518323898315,,2.1777024269104004,7.501235485076904,1.4795833826065063,0.0526733361184597,0.4592063426971435,0.4834642112255096,0.2372319996356964,2.7015676498413086,1.853028416633606,0.3240855932235718,17.296558380126953,0.4660974144935608,1.8474504947662356,0.5024368762969971,,3.693881511688232,1.495710372924805,0.6672206521034241,1.1140985488891602,0.2247226685285568,3.899567842483521,4.80515718460083,2.948598146438598,3.0072665214538574,,,1.5749369859695437,1.7620298862457275,,0.3308218717575073,2.382657289505005,1.544652223587036,1.2341408729553225,2.290426015853882,3.209451913833618,1.8032945394515991,1076.282958984375,615.4199829101562,497.0523681640625,390.0199890136719,1.6759586334228516
2010-03-31,3.725167036056519,0.9992167949676514,4.216744422912598,3.0123050212860107,2.7595460414886475,0.2451854646205902,0.0369596555829048,,1.3309153318405151,0.8839289546012878,0.3545035719871521,,1.0991202592849731,0.1875717341899871,4.003266334533691,0.3236902952194214,0.5730990171432495,2.671212911605835,4.641758441925049,3.253817558288574,,1.450850009918213,2.1801538467407227,12.119999885559082,0.5297107100486755,7.496157169342041,0.7889816164970398,,0.920123815536499,0.994001030921936,,1.4259079694747925,0.3647546470165252,0.3873306512832641,4.659474849700928,,2.54447340965271,8.550630569458008,1.5447221994400024,0.0640342533588409,0.5131039619445801,0.5522158145904541,0.2777949869632721,3.239436626434326,1.888663411140442,0.3464366793632507,24.99892807006836,0.5412749648094177,2.0272412300109863,0.5582627654075623,,4.175691604614258,1.5519405603408811,0.7079952359199524,1.2334659099578855,0.2679790556430816,3.9645612239837646,4.911349296569824,3.167914867401123,3.462913751602173,,,1.8395785093307493,1.885681390762329,,0.3738285303115845,2.510650873184204,1.7601850032806396,1.5206379890441897,2.47904896736145,3.701810836791992,2.0789074897766118,1284.6610107421875,709.5989990234375,565.3809814453125,423.6059875488281,1.9603638648986816
2010-04-30,3.9406721591949454,1.1913738250732422,4.188621997833252,3.660466909408569,2.953428030014038,0.2471526712179184,0.0433000996708869,,1.2893245220184326,0.9944203495979308,0.3926462829113006,,1.1235451698303225,0.1945190280675888,4.331403732299805,0.3363347351551056,0.6432947516441345,2.832406997680664,5.17362642288208,3.437995672225952,,1.3614195585250854,2.0699217319488525,13.919061660766602,0.5859835147857666,8.447885513305664,0.8625307679176331,,0.8725312948226929,0.9514008164405824,,1.4666482210159302,0.3743536472320556,0.4454680383205414,4.808963298797607,,2.865397930145264,9.094762802124023,1.526111125946045,0.0795264095067977,0.5824263095855713,0.6224979758262634,0.299919992685318,3.545043468475342,2.054960966110229,0.4079010188579559,24.99892807006836,0.6314873099327087,2.1092686653137207,0.7195389866828918,,4.3362956047058105,1.6081700325012207,0.7487697601318359,1.2737520933151243,0.2553192377090454,4.7444748878479,5.070637226104736,2.997335433959961,3.2502782344818115,,,2.144673585891724,2.125255823135376,,0.3837531805038452,2.7321791648864746,2.25955867767334,1.5791499614715576,2.5598878860473637,3.574162483215332,2.015910148620605,1324.8800048828125,734.697021484375,589.587890625,446.9920043945313,2.163510322570801
2010-05-31,4.024144649505615,1.1477255821228027,4.329179286956787,3.0198850631713867,2.336293935775757,0.2123593389987945,0.0377717539668083,2.137552261352539,1.1768542528152466,0.9184576272964478,0.3394355773925781,,1.0014207363128662,0.1639515906572342,4.298590183258057,0.3261588811874389,0.5591716170310974,2.3488245010375977,5.125275135040283,3.4693446159362797,,1.2230936288833618,1.9380475282669067,13.554913520812988,0.4994177520275116,6.857696533203125,0.9293935894966124,,0.9042596220970154,0.8309215903282166,,1.305369257926941,0.3327586948871612,0.3756277561187744,4.477310657501221,,2.292318344116211,8.191643714904785,1.3600000143051147,0.0835000202059745,0.5376238822937012,0.5220947265625,0.2655029892921448,3.424711942672729,1.888663411140442,0.3352611064910888,24.84906578063965,0.7292170524597168,1.863187551498413,0.645103931427002,,4.109957218170166,1.5792179107666016,0.6598071455955505,1.0681464672088623,0.2342180758714676,3.5421078205108643,4.667179107666016,2.6561756134033203,2.86065411567688,,,1.8069292306900024,1.9114421606063845,,0.3416259586811065,2.620763301849365,2.112595319747925,1.3416839838027954,2.276508331298828,3.015486717224121,1.708798885345459,1251.427001953125,681.7589721679688,543.8461303710938,398.6830139160156,2.072094678878784
2010-06-30,3.9931893348693848,1.1998947858810425,4.329179286956787,2.928373098373413,2.292212963104248,0.2207579463720321,0.0409728437662124,2.146805763244629,1.10721755027771,1.0151371955871582,0.3561684191226959,0.8642182946205139,0.9965358972549438,0.1667350530624389,4.331403732299805,0.2919651567935943,0.6185526847839355,2.371852159500122,5.028571128845215,3.552943706512451,,1.3686997890472412,2.0995514392852783,13.17575454711914,0.5793248414993286,7.006776332855225,0.9160211086273192,,0.8011423349380493,0.8236009478569031,,1.3555757999420166,0.3215599656105041,0.3888407349586487,4.4441447257995605,,2.2808566093444824,9.384601593017578,1.2899999618530271,0.0824155956506729,0.5544247627258301,0.5053609609603882,0.2765659987926483,3.456719160079956,1.888663411140442,0.3240855932235718,26.021190643310547,0.706663966178894,1.910059928894043,0.6575100421905518,,4.240431308746338,1.543326497077942,0.6746342778205872,1.113279104232788,0.2015118896961212,3.639596939086914,4.500494956970215,2.7293829917907715,2.872931241989136,,,1.8238168954849243,1.9699560403823853,,0.3396958112716675,2.7120609283447266,2.222817897796631,1.377303957939148,2.876307249069214,3.3669850826263428,1.6458015441894531,1271.333984375,687.7059936523438,548.39208984375,410.3970031738281,2.2041404247283936
2010-07-31,4.395603656768799,1.239021897315979,4.694629669189453,3.3401758670806885,2.3950679302215576,0.2291560024023056,0.0406528674066066,2.11904525756836,1.148999810218811,0.8977405428886414,0.3489969968795776,0.8261927962303162,1.1040054559707642,0.1749083548784256,4.889235496520996,0.297226071357727,0.6581400632858276,2.648184537887573,5.07692289352417,3.8664395809173584,,1.3686997890472412,2.3355956077575684,14.692391395568848,0.6192783713340759,8.149725914001465,0.9761976003646852,,0.8566670417785645,0.8419031500816345,,1.380679488182068,0.3343583047389984,0.4265922605991363,5.206945896148682,,2.498626947402954,9.702722549438477,1.5700000524520874,0.0759091004729271,0.6328280568122864,0.5220947265625,0.2790240049362182,3.8087918758392334,1.817392945289612,0.3352611064910888,28.83429336547852,0.6841108798980713,1.886623501777649,0.6574033498764038,,4.534000396728516,1.5720394849777222,0.7247499823570251,1.2185896635055542,0.2215575277805328,4.127042293548584,4.8616461753845215,3.03574275970459,3.1000657081604004,,,1.958914041519165,2.047974109649658,,0.3995293378829956,3.0342857837677,2.5902256965637207,1.614769697189331,2.944466590881348,3.7554831504821777,1.7954199314117432,1416.93798828125,759.9509887695312,598.6648559570312,433.3059997558594,2.326028347015381
2010-08-31,5.63380241394043,1.3368396759033203,4.55407190322876,3.4545657634735107,2.6007800102233887,0.2267564684152603,0.0428936928510665,2.2856078147888184,1.128108024597168,0.8770235180854797,0.3681203126907348,0.8192791938781738,1.108889937400818,0.1830816566944122,4.757981300354004,0.339310735464096,0.6581400632858276,2.74029541015625,5.07692289352417,3.4902443885803223,,1.419662356376648,2.2486321926116943,15.166337013244627,0.6292669177055359,8.149725914001465,1.1099234819412231,,0.7932102680206299,0.8858284950256348,,1.393230438232422,0.3535559475421905,0.4416927993297577,4.908458709716797,,2.750782012939453,9.86178493499756,1.399999976158142,0.0733786448836326,0.6272279620170593,0.5321350693702698,0.2888570129871368,3.8087918758392334,1.853028416633606,0.3464366793632507,27.42774200439453,0.699146568775177,1.7811602354049685,0.6634619832038879,,4.501381874084473,1.5863962173461914,0.8789520263671875,1.1584116220474243,0.214963361620903,4.3870134353637695,5.361700534820557,3.342101573944092,3.437695980072021,,,2.1108992099761963,2.165001153945923,,0.4207601249217987,3.383363008499145,3.122966289520264,1.6266438961029053,2.9308345317840576,3.829482793807984,1.7796705961227417,1379.219970703125,759.3189697265625,599.7228393554688,443.8070068359375,2.315871238708496
2010-09-30,5.788578033447266,1.4737838506698608,4.975745677947998,3.500321388244629,2.821185111999512,0.2447531521320343,0.0512160621583461,2.276354551315308,1.1838175058364868,0.932269275188446,0.3920240104198456,0.8331063389778137,1.3922194242477417,0.2026975601911544,5.217372894287109,0.3498325049877167,0.7125726342201233,2.9705729484558105,5.657142639160156,3.4902443885803223,,1.5871100425720217,2.3231723308563232,16.777759552001953,0.7324795722961426,9.73991584777832,1.2570217847824097,,0.8328707814216614,0.9663584232330322,,1.581505537033081,0.4119488894939422,0.4681188762187958,5.57176399230957,,3.071706771850586,10.65709114074707,1.5499999523162842,0.0842227861285209,0.6888307332992554,0.5789899826049805,0.3122119903564453,4.416918277740479,1.9361770153045652,0.3687870502471924,28.83429336547852,0.6765934824943542,1.898341536521912,0.6937570571899414,,4.892806053161621,1.8232792615890503,0.9946035742759703,1.2787667512893677,0.2611217498779297,5.0369415283203125,5.417262077331543,4.108000755310059,3.6218581199646,,,2.533079147338867,2.399054527282715,,0.4690120220184326,3.4907710552215576,3.196448802947998,1.8522363901138303,2.944466590881348,4.069982528686523,1.8977904319763184,1521.948974609375,836.8880004882812,657.7405395507812,489.2590026855469,2.539332151412964
2010-10-31,6.345766544342041,1.4933475255966189,5.060080528259277,3.523199319839477,2.850572109222412,0.2687488496303558,0.0515363588929176,2.313368320465088,1.2325634956359863,0.9944203495979308,0.3896335661411285,0.8365631103515625,1.4410691261291504,0.2092361748218536,5.217372894287109,0.4524145424365997,0.7521600723266602,2.993600368499756,5.898900985717773,4.1172356605529785,,1.6599127054214478,2.310749292373657,17.441287994384766,0.7457978129386902,10.932559967041016,1.4442375898361206,,0.8249386548995972,0.9663584232330322,,1.619160532951355,0.423947274684906,0.4940839409828186,5.837087154388428,,3.278015613555908,11.531926155090332,1.649999976158142,0.0990429818630218,0.7224321365356445,0.6158045530319214,0.3441709876060486,4.384912014007568,1.995569109916687,0.4079010188579559,29.537569046020508,0.6690760850906372,2.191295623779297,0.7634363770484924,,5.153756141662598,1.9955570697784424,1.0331542491912842,1.4146243333816528,0.2874976992607116,4.874459743499756,5.778413772583008,4.142814159393311,3.8367137908935542,,,2.685063362121582,2.6721184253692627,1.0927733182907104,0.5095441341400146,3.598179340362549,3.563856601715088,1.828489899635315,3.1898386478424072,4.291980743408203,1.921414375305176,1597.81103515625,871.1749877929688,687.601318359375,504.64300537109375,2.7932653427124023
2010-11-30,5.587369918823242,1.353142499923706,4.778964996337891,3.2578163146972656,2.644860982894897,0.2543512284755707,0.0454545132815837,2.317995071411133,1.1768542528152466,0.9529861211776732,0.361427366733551,0.8849598169326782,1.309174418449402,0.2288520783185959,5.092680931091309,0.4050690233707428,0.7739331722259521,3.3620429039001465,5.840878963470459,4.2844319343566895,,1.6599127054214478,2.062281608581543,19.28968811035156,0.644582211971283,10.78347873687744,1.6207555532455444,,0.840802788734436,0.8858284950256348,,1.3656171560287476,0.4039499163627624,0.5057551264762878,5.531965255737305,,4.149096012115479,11.253569602966309,1.6399999856948853,0.097597412765026,0.6518691778182983,0.5689495801925659,0.3749000132083893,4.519340515136719,1.9421162605285645,0.3799625933170318,25.317914962768555,0.6690760850906372,2.4959678649902344,0.7058752179145813,,4.840615749359131,1.9022396802902224,0.986893355846405,1.3088548183441162,0.2492520958185196,4.692480087280273,5.667289733886719,3.80164098739624,3.695523500442505,,,2.661421298980713,2.4185595512390137,0.9875434637069702,0.4767325818538666,3.372621774673462,3.8026723861694336,1.7335031032562256,3.1762068271636963,3.857233047485352,1.8662917613983157,1498.1080322265625,823.10400390625,653.5054931640625,484.8479919433594,2.6409053802490234
2010-12-31,6.237424850463867,1.5259535312652588,4.823943138122559,3.449989557266236,2.652208089828491,0.2747474014759063,0.0593787692487239,2.3411285877227783,1.2917544841766355,0.932269275188446,0.3576023876667022,0.9955138564109802,1.309174418449402,0.2223134636878967,5.118931293487549,0.4334766864776611,0.8214379549026489,3.8110837936401367,4.951208591461182,4.388931751251221,,2.0020880699157715,2.2486321926116943,19.33708000183105,0.6658905744552612,11.677960395812988,1.7705281972885132,59.077110290527344,0.8883954882621765,0.9151119589805604,1.3165117502212524,1.4459474086761477,0.4079491794109344,0.5077002644538879,5.187046527862549,,3.931325912475586,10.418499946594238,1.8200000524520876,0.0972357839345932,0.6160275936126709,0.5890303254127502,0.4240680038928985,4.813800811767578,2.1559269428253174,0.4246639907360077,27.568397521972656,1.0524795055389404,2.507686138153076,0.7210230827331543,,4.697093486785889,1.8519916534423828,1.0485743284225464,1.3314220905303955,0.2743093371391296,4.8614606857299805,5.861756801605225,3.759864807128906,3.965627908706665,,,2.688441276550293,2.4820005893707275,1.019922375679016,0.5037537217140198,3.4907710552215576,4.317042350769043,1.833239197731018,3.74874210357666,3.616734266281128,1.921414375305176,1436.9210205078125,813.3809814453125,660.04150390625,525.0339965820312,2.468230962753296
2011-01-31,6.469587326049805,1.2944519519805908,4.227978229522705,3.39508318901062,2.2848660945892334,0.2663488090038299,0.0606593191623687,2.313368320465088,1.2151542901992798,0.8217779994010925,0.3489969968795776,1.0607932806015017,1.2847497463226318,0.2174094915390014,5.473318576812744,0.4176940321922302,0.8590458035469055,3.8801660537719727,4.74813175201416,4.313693046569824,,2.096732378005981,2.161668539047241,17.0621337890625,0.6499089598655701,12.920295715332031,1.369351148605347,59.31725692749024,0.8725312948226929,0.8821678757667542,1.8883297443389893,1.5212578773498535,0.4031499028205871,0.5174263119697571,4.735999584197998,,3.3697078227996826,10.060611724853516,2.200000047683716,0.0943441465497016,0.5645051598548889,0.6158045530319214,0.528548002243042,4.186470985412598,2.1499876976013184,0.4526025652885437,30.75658226013184,0.9472314715385436,3.1287484169006348,0.6998165249824524,,4.449191570281982,1.708426594734192,1.2760227918624878,1.2411558628082275,0.282222181558609,4.913455486297607,5.456155300140381,3.6066854000091553,4.08840274810791,,,2.9248619079589844,2.5012905597686768,1.081441044807434,0.484453022480011,3.5337343215942383,4.684451103210449,1.975718855857849,3.789637565612793,3.653733968734741,1.9056650400161743,1323.821044921875,776.4099731445312,632.7776489257812,522.4669799804688,2.3818931579589844
2011-02-28,6.252902507781982,1.408572554588318,4.2054877281188965,3.129699230194092,2.0938479900360107,0.2291560024023056,0.0587384663522243,2.1653127670288086,1.1385538578033447,0.7596261501312256,0.3700328469276428,0.8935146927833557,1.0991202592849731,0.197793573141098,4.8695478439331055,0.3956000208854675,0.8372727632522583,4.052874565124512,4.3032965660095215,4.205015182495117,14.793095588684082,3.130537986755371,1.925624132156372,16.777759552001953,0.5993015766143799,11.230719566345217,1.438888430595398,56.67559814453125,0.9359880685806274,0.7906568646430969,1.668911099433899,1.3254519701004028,0.3951508998870849,0.5271524786949158,4.696200847625732,,3.3353233337402344,9.225542068481444,1.909999966621399,0.0881988406181335,0.557784914970398,0.5823370218276978,0.601069986820221,4.288891792297363,2.3103461265563965,0.4302513599395752,31.037887573242188,1.0148906707763672,2.665881633758545,0.6998165249824524,,4.188241481781006,1.6653571128845217,1.0678496360778809,1.180978775024414,0.2492520958185196,4.198534965515137,4.978324890136719,3.1192948818206787,3.29036545753479,,,2.60738205909729,2.353399515151977,0.9325000643730164,0.507614016532898,3.8237364292144775,4.583413600921631,1.890230774879456,3.5170016288757324,3.5797338485717773,1.8426676988601685,1295.1910400390625,746.52099609375,612.8357543945312,512.1079711914062,2.2650840282440186
2011-03-31,6.485064506530762,1.4248753786087036,4.295409202575684,3.3493268489837646,2.637514114379883,0.2339550554752349,0.0582585148513317,2.128298759460449,1.2290807962417605,0.794154703617096,0.3566464483737945,0.9302346110343932,1.2864277362823486,0.1978781670331955,4.926904201507568,0.4471536576747894,0.9718698859214784,4.144985198974609,4.603076934814453,4.347131252288818,18.454757690429688,2.692511796951294,2.105763435363769,18.34178924560547,0.675879180431366,12.249436378479004,1.567265272140503,61.95891952514648,0.9518524408340454,0.8638659119606018,1.8153247833251955,1.4961541891098022,0.4170481562614441,0.5738375782966614,4.789063453674316,,3.553093433380127,9.503899574279783,2.0199999809265137,0.1012118160724639,0.5533048510551453,0.5956276059150696,0.6908000111579895,4.596156120300293,2.4707043170928955,0.48612841963768,32.538211822509766,1.2554572820663452,3.1966278553009038,0.7119346857070923,,4.684045791625977,1.7730308771133425,1.341558575630188,1.301332950592041,0.2716719806194305,4.783469676971436,5.078336715698242,2.993966817855835,3.720077991485596,,,2.9451262950897217,2.610601663589477,1.1073440313339231,0.5328799486160278,4.167443752288818,6.117342948913574,2.156193494796753,3.830533027648926,3.570484161376953,2.0867819786071777,1315.7869873046875,783.6820068359375,644.341552734375,556.1270141601562,2.2498481273651123
2011-04-30,8.110199928283691,1.5194320678710938,4.51304292678833,3.699205875396729,2.821185111999512,0.2387541085481643,0.0667411983013153,2.317995071411133,1.3056808710098269,0.8892634510993958,0.392980545759201,0.9383941888809204,1.4075037240982056,0.2211579084396362,5.920563220977783,0.4713532626628876,1.1816221475601196,4.340719699859619,4.796483516693115,4.430731773376465,17.28302574157715,2.9263157844543457,2.9505531787872314,21.4698486328125,0.7350080013275146,14.162632942199709,1.604708552360535,71.5649642944336,0.9597845077514648,0.9517166018486024,2.0541834831237797,1.6668567657470703,0.4675670266151428,0.632088840007782,5.345675945281982,,3.8740179538726807,10.458263397216797,1.9800000190734863,0.1333831399679184,0.6172915697097778,0.6369431018829346,0.7055500149726868,5.381485462188721,2.960577249526977,0.5140668749809265,24.661523818969727,1.3881933689117432,3.47302770614624,0.7967603206634521,,5.310325145721436,1.873526215553284,1.4417898654937744,1.3163775205612185,0.2874976992607116,5.0044450759887695,4.978324890136719,3.1332204341888428,3.990182399749756,,,3.120431423187256,2.764922618865967,1.16886305809021,0.5723525881767273,4.274851322174072,7.00228214263916,2.5132927894592285,4.144064426422119,3.727733612060547,2.134030103683472,1415.35595703125,845.7630004882812,692.497314453125,612.3679809570312,2.4276015758514404
2011-05-31,7.010848522186279,1.4891082048416138,4.192319393157959,3.4074110984802246,2.7036349773406982,0.2003617584705352,0.0716870352625846,2.132925510406494,1.2195430994033811,0.7218726277351379,0.3985838294029236,0.8037547469139099,1.155262470245361,0.1862382143735885,5.616946220397949,0.4694713056087494,1.1281551122665403,3.7334485054016113,4.539999961853027,4.386139869689941,16.1406307220459,2.322951555252075,3.4412765502929688,20.853954315185547,0.6565119028091431,13.916251182556152,1.3265589475631714,66.7619400024414,0.8566670417785645,0.8526597619056702,2.006411552429199,1.45616352558136,0.4686930775642395,0.5969728827476501,4.819207668304443,,3.381169557571411,9.479716300964355,1.4299999475479126,0.131655603647232,0.5768323540687561,0.5956276059150696,0.8407599925994873,4.763076305389404,3.0718302726745605,0.4973039329051971,18.84778213500977,1.3330334424972534,4.398367404937744,0.7573769092559814,,4.656394958496094,1.6444091796875,1.7353475093841553,1.1086578369140625,0.2518901824951172,5.511387825012207,4.944989204406738,2.959153175354004,3.647110939025879,,,2.748270273208618,2.4811787605285645,1.0393239259719849,0.5954943895339966,4.297914505004883,7.483813285827637,2.132491111755371,3.961014032363892,3.426262617111206,2.1970272064208984,1288.5009765625,766.2880249023438,630.4566650390625,555.4400024414062,2.041622877120972
2011-06-30,7.306206703186035,1.4524633884429932,4.306863307952881,3.3791728019714355,2.755063056945801,0.1943627148866653,0.0907926484942436,1.9663630723953247,1.205525040626526,0.7602329254150391,0.3788523972034454,0.8037547469139099,1.2319437265396118,0.1845753788948059,5.658348560333252,0.4812352657318115,1.1121150255203247,3.6975502967834473,4.360000133514404,4.493119716644287,15.309863090515137,2.2776987552642822,3.391582489013672,22.65497589111328,0.6208320260047913,13.863737106323242,1.2249274253845217,77.56871795654297,0.7138891816139221,0.8300225734710693,1.8630964756011963,1.4008113145828247,0.4779511392116546,0.576316237449646,4.967698097229004,,3.358246326446533,9.97004508972168,1.3600000143051147,0.1205921098589897,0.5745203495025635,0.5600488781929016,0.9366369843482972,4.618341445922852,2.942034959793091,0.5252423286437988,17.675657272338867,1.3698066473007202,4.578628063201904,0.7391999959945679,,4.563267707824707,1.5927914381027222,1.5475172996520996,0.8787979483604431,0.2478051036596298,5.290414333343506,4.900538921356201,2.9730780124664307,3.5339248180389404,,,2.6480727195739746,2.56583833694458,1.0164457559585571,0.5909833312034607,4.963624000549316,7.523942470550537,2.0258665084838867,3.892245769500733,3.416977405548096,2.1025314331054688,1307.4620361328125,769.3040161132812,632.6906127929688,551.6920166015625,2.077173948287964
2011-07-31,8.58090591430664,1.482445478439331,4.203773021697998,3.360346794128418,2.630167007446289,0.1931631714105606,0.0872001647949218,1.790547013282776,1.2580920457839966,0.7776695489883423,0.3975974321365356,0.8323151469230652,1.1108683347702026,0.1845753788948059,5.354729652404785,0.4716107547283172,1.1281551122665403,3.74541449546814,4.139999866485596,4.899640083312988,14.924149513244627,2.2399890422821045,3.851248264312744,23.22372436523437,0.5994241833686829,13.653681755065918,1.2035311460494995,74.28352355957031,0.690092921257019,0.8526597619056702,1.7675528526306152,1.32378089427948,0.4617496728897095,0.5494628548622131,5.021695137023926,,3.0602452754974365,9.684020042419434,1.1299999952316284,0.1216984540224075,0.5606483221054077,0.5921827554702759,0.963679015636444,4.618341445922852,2.8246006965637207,0.5587682723999023,18.144506454467773,1.3238400220870972,5.107393264770508,0.7634363770484924,,4.390315055847168,1.4821805953979492,1.6359472274780271,0.784641444683075,0.2627826333045959,5.316411018371582,4.811639785766602,2.640260934829712,3.697416067123413,,,2.51209044456482,2.246736526489258,0.941274344921112,0.5323358774185181,4.216160774230957,7.684452533721924,2.08679461479187,3.740957736968994,3.2869832515716557,1.9529128074646,1292.0159912109375,756.14599609375,622.9536743164062,545.4000244140625,2.041622877120972
2011-08-31,8.270002365112305,1.2692397832870483,3.665415763854981,3.0403144359588623,2.630167007446289,0.1403732150793075,0.0669515952467918,1.1890712976455688,1.01628577709198,0.5963292121887207,0.3245892524719238,0.7343956828117371,0.9534702301025392,0.1346901506185531,4.140254974365234,0.3817797899246216,0.9003855586051941,3.4701924324035645,3.400000095367432,4.707077503204346,12.965909957885742,1.8779703378677368,2.994035243988037,20.19041633605957,0.5038015246391296,11.474345207214355,1.0537586212158203,66.32459259033203,0.5235188007354736,0.7696572542190552,1.5286942720413208,1.1098077297210691,0.3830553591251373,0.4709683060646057,4.225244045257568,1.6014610528945925,2.6132428646087646,8.78508186340332,0.9300000071525574,0.1051032096147537,0.5097857713699341,0.5003713965415955,0.8481360077857971,4.013088703155518,2.4043097496032715,0.4693653881549835,13.362234115600586,1.3054533004760742,4.30222749710083,0.6967868208885193,,4.044412612915039,1.1650972366333008,1.4104514122009275,0.6747908592224121,0.2124042809009552,4.588491439819336,4.233798980712891,1.9969053268432615,3.294975996017456,,,2.018260717391968,1.8364628553390503,0.8007370233535767,0.4105301797389984,4.578213691711426,7.00228214263916,1.6501418352127075,3.672189235687256,2.878431797027588,1.6379269361495972,1113.623046875,656.0020141601562,539.4581298828125,457.4800109863281,1.7267457246780396
2011-09-30,8.270002365112305,1.4091557264328003,4.169410705566406,3.256807327270508,2.1452760696411133,0.160768911242485,0.0782190188765525,1.3741408586502075,1.1109052896499634,0.6591012477874756,0.3384017944335937,0.7996749877929688,0.8989860415458679,0.1463300436735153,4.9683051109313965,0.3914043009281158,1.0308449268341064,3.936873435974121,3.690000057220459,4.471725463867188,12.787887573242188,2.20982027053833,2.956764936447144,24.266420364379883,0.5351998805999756,9.898918151855469,1.1286450624465942,63.91276931762695,0.50765460729599,0.8073856830596924,1.6310625076293943,1.2039563655853271,0.3761118650436401,0.5432660579681396,4.886703968048096,1.649124026298523,2.77370548248291,10.7464017868042,0.9399999976158142,0.0951460674405098,0.5525566339492798,0.5416871309280396,0.9145110249519348,4.618341445922852,2.484659433364868,0.4637779891490936,14.11239528656006,1.4433534145355225,4.350298404693604,0.7240521311759949,,4.323795795440674,1.2830818891525269,1.5873111486434937,0.7297161221504211,0.2352788001298904,4.731475830078125,4.72274112701416,2.2726292610168457,3.609382152557373,,,2.3904216289520264,1.6866801977157593,0.8301517963409424,0.4511318206787109,4.648287773132324,7.182855606079102,1.9547836780548096,3.809724569320679,3.4448330402374268,1.700924277305603,1283.176025390625,734.9810180664062,596.9308471679688,504.8489990234375,2.092409133911133
2011-10-31,8.425454139709473,1.4058245420455933,3.711233377456665,3.1532671451568604,2.0644609928131104,0.1751665323972702,0.07478978484869,1.6286113262176514,1.1038964986801147,0.6486389636993408,0.3808251917362213,0.7629551291465759,0.9262281060218812,0.1413415223360061,4.7198896408081055,0.4031682014465332,1.0329835414886477,3.996704816818237,3.490000009536743,4.578701972961426,13.440635681152344,2.2324466705322266,3.3667361736297607,23.22372436523437,0.5437631607055664,10.082717895507812,1.016315460205078,67.77167510986328,0.5155866146087646,0.8036128878593445,1.6242380142211914,1.3152220249176023,0.4212452173233032,0.5556148886680603,4.198245525360107,2.0018270015716557,2.7851667404174805,8.90766429901123,0.9200000166893004,0.0881390124559402,0.4785743653774261,0.527914822101593,0.8923860192298889,4.13150691986084,2.682443380355835,0.4581898748874664,14.72189998626709,1.4341599941253662,3.785480737686157,0.7301115393638611,,4.071020603179932,1.2609599828720093,1.4811955690383911,0.7767948508262634,0.2075025886297226,5.550384044647217,4.867201328277588,2.1305902004241943,3.823178768157959,,,2.469148874282837,1.888560771942139,0.8007370233535767,0.4511318206787109,4.37966775894165,6.641132354736328,2.046175479888916,3.8372318744659424,2.794864654541016,1.6458015441894531,1103.3480224609375,677.9719848632812,560.6119995117188,514.2529907226562,1.696273684501648
2011-11-30,9.38925075531006,1.495770812034607,3.699779748916626,3.4168238639831543,1.528141975402832,0.1811650991439819,0.0707072764635086,1.3648873567581177,1.0408166646957395,0.6102786660194397,0.39266437292099,0.8037547469139099,0.8566095232963562,0.129701629281044,4.223060131072998,0.4085147082805633,0.9517136216163636,4.032602787017822,2.990000009536743,4.407536029815674,12.965909957885742,2.1645686626434326,2.702085256576538,19.526885986328125,0.5551807284355164,10.397802352905272,0.8585190176963806,63.91276931762695,0.420401394367218,0.7432475686073303,1.4604493379592896,1.2952512502670288,0.3772689998149872,0.6139868497848511,4.184745788574219,1.9541640281677248,2.647627592086792,8.90766429901123,0.7200000286102295,0.0855573713779449,0.4346469342708587,0.4911905229091644,0.8751779794692993,4.065719127655029,2.163260698318481,0.4302513599395752,13.268463134765623,1.3606133460998535,3.20864486694336,0.6361967325210571,,3.884764194488525,1.083983302116394,1.375079870223999,0.7454090714454651,0.1846287846565246,5.095435619354248,5.044998645782471,1.980195164680481,3.7351438999176025,,,2.376108407974243,1.4913116693496704,0.6634679436683655,0.4466207921504974,4.239518642425537,6.2599196434021,2.005556583404541,3.768464326858521,2.488450288772583,1.4253114461898804,1075.467041015625,660.458984375,545.1751098632812,498.4490051269531,1.5439140796661377
2011-12-31,10.166508674621582,1.5557349920272827,3.4134178161621094,3.21915602684021,1.3297770023345947,0.1967622488737106,0.0718502551317215,1.2954862117767334,1.0618435144424438,0.5509944558143616,0.3847719728946686,0.779275119304657,0.8323944807052612,0.131364494562149,4.209258556365967,0.4373891353607178,0.9474363327026368,3.6137866973876953,2.7699999809265137,4.493119716644287,11.215364456176758,2.0891473293304443,2.6586034297943115,21.327903747558597,0.5394817590713501,9.793889045715332,0.7970052361488342,62.4656982421875,0.420401394367218,0.6753365397453308,1.3376078605651855,1.235338807106018,0.3830553591251373,0.6615492105484009,4.049754142761231,1.8826700448989868,2.578857898712158,8.057758331298828,0.699999988079071,0.0781818777322769,0.3860962092876434,0.459056556224823,1.086596965789795,3.723619937896729,2.05818772315979,0.4246639907360077,11.90879726409912,1.4525467157363892,2.938253402709961,0.5998430252075195,,3.7251155376434326,1.0176167488098145,1.2424352169036863,0.698330283164978,0.1584864556789398,5.225420475006104,4.93387508392334,1.7796686887741089,3.383009433746338,,,2.1685566902160645,1.4392132759094238,0.6487600207328796,0.4082746207714081,4.064331531524658,6.68126106262207,2.0004796981811523,3.644683122634888,2.256319284439087,1.4253114461898804,987.5289916992188,616.9829711914062,512.6632690429688,482.43499755859375,1.3763182163238523
2012-01-31,10.042147636413574,1.6556752920150757,3.825777530670166,3.510951042175293,1.5354880094528198,0.19196318089962,0.0736464858055114,1.5129427909851074,1.107400894165039,0.5754054188728333,0.3877317011356354,0.7915153503417969,1.0230883359909058,0.14300437271595,5.313327312469482,0.4780266284942627,0.962407112121582,3.97277307510376,3.0799999237060547,4.685681819915772,13.47030544281006,2.21736216545105,2.782837390899658,22.03883552551269,0.6108417510986328,9.662604331970217,0.9788721799850464,64.63631439208984,0.4838582575321197,0.6753365397453308,1.4468002319335938,1.3894000053405762,0.4501771330833435,0.6874924898147583,4.3332366943359375,1.66342294216156,2.6017816066741943,9.56143856048584,0.8899999856948853,0.0837136283516883,0.4288671612739563,0.5187340378761292,0.9194279909133912,4.552554130554199,2.323960065841675,0.4637779891490936,12.752729415893556,1.5628666877746582,3.364871025085449,0.6180198788642883,,4.523355960845947,1.19459331035614,1.6138402223587036,0.761102020740509,0.1829949021339416,5.199423789978027,5.067223072052002,1.9634848833084104,3.835754632949829,,,2.698171377182007,1.5955082178115845,0.6961508989334106,0.4849669933319092,4.636609077453613,7.263111114501953,2.056330680847168,3.672189235687256,2.683440923690796,1.6221776008605957,1106.77294921875,693.0590209960938,571.7099609375,524.9450073242188,1.6759586334228516
2012-02-29,9.66906452178955,1.7656092643737793,4.020503044128418,3.718031644821167,1.608957052230835,0.2183583974838256,0.0785454660654068,1.6517449617385864,1.2756134271621704,0.6869992613792419,0.3709594011306762,0.8445544838905334,1.1320563554763794,0.1479929089546203,5.5479416847229,0.5047621726989746,1.0051807165145874,4.020637035369873,3.3399999141693115,5.263368129730225,13.32195281982422,2.488876342773437,3.1803853511810303,21.327903747558597,0.6165502667427063,10.68663215637207,1.1206214427947998,65.35985565185547,0.5711113810539246,0.735701858997345,1.5832908153533936,1.4236347675323486,0.4744794368743896,0.7112736701965332,4.481727123260498,1.7539819478988647,2.739320516586304,9.847464561462402,0.9900000095367432,0.1069469600915908,0.4808862209320068,0.5554584860801697,0.946470022201538,4.78939151763916,2.565009355545044,0.4973039329051971,15.331405639648438,1.5444799661636353,3.641270637512207,0.6664917469024658,,5.028906345367432,1.2757078409194946,1.5696252584457395,0.7924878597259521,0.2058686763048172,5.836352825164795,5.333920001983643,2.222497940063477,3.7099924087524414,,,2.662386178970337,1.7778527736663818,0.7745904326438904,0.4917344152927398,4.37966775894165,7.604196071624756,2.1934194564819336,3.740957736968994,2.878431797027588,1.7560467720031738,1164.0360107421875,734.7000122070312,607.208740234375,556.4710083007812,1.696273684501648
2012-03-31,10.073237419128418,1.6590064764022827,4.009047985076904,4.00982666015625,1.5869159698486328,0.2279565185308456,0.0774025246500969,1.8460679054260252,1.4718618392944336,0.7079230546951294,0.3640533983707428,0.8975943922996521,1.2042975425720217,0.1612955927848816,5.492738723754883,0.5667881965637207,0.9795165657997132,4.1881632804870605,3.5199999809265137,5.776869297027588,14.449424743652344,2.36820387840271,3.205232620239258,21.564882278442383,0.642240047454834,9.951433181762695,1.3747003078460691,66.56575775146484,0.6662966012954712,0.7885215878486633,1.5832908153533936,1.620490789413452,0.4062009155750274,0.7264068722724915,4.765211582183838,1.820708990097046,2.7622437477111816,10.419514656066896,1.1799999475479126,0.107684351503849,0.5074739456176758,0.5692306160926819,1.1431390047073364,4.763076305389404,2.608273983001709,0.5252423286437988,15.237634658813477,1.4893200397491455,3.7120840549468994,0.6725504398345947,,5.095426559448242,1.3199520111083984,1.498881220817566,0.784641444683075,0.2205737382173538,5.771359920501709,5.067223072052002,2.172366142272949,3.8860583305358887,,,2.726799249649048,1.7583154439926147,0.8791765570640564,0.5175520777702332,4.519816875457764,7.303239345550537,2.310198783874512,3.8784921169281006,3.1384191513061523,1.7560467720031738,1220.2740478515625,757.1170043945312,624.2266845703125,559.2960205078125,1.828319430351257
2012-04-30,12.187372207641602,1.649012327194214,3.790733575820923,3.8874902725219727,1.5648759603500366,0.2255569696426391,0.0703808292746543,1.7859201431274414,1.520923733711243,0.6486389636993408,0.3610936999320984,0.9139143824577332,1.3043947219848633,0.1529814153909683,5.588321685791016,0.5667881965637207,0.9631831645965576,4.738607883453369,3.5,6.268971920013428,15.309863090515137,6.350406646728516,3.863671541213989,23.413305282592773,0.6147295236587524,8.507294654846191,1.3276532888412476,64.3951416015625,0.658364474773407,0.8111585378646851,1.608938694000244,1.5691372156143188,0.4041662216186523,0.7424982190132141,4.36023473739624,1.6205259561538696,2.819551706314087,10.051769256591797,1.0,0.104734256863594,0.4778268933296203,0.5596638917922974,1.2783490419387815,4.371085166931152,2.8204586505889893,0.5364180207252502,16.269105911254883,1.507706642150879,4.070491790771484,0.6331669688224792,,4.855955123901367,1.2167154550552368,1.326443433761597,0.7375625967979431,0.2042347937822342,6.00533390045166,4.87831449508667,2.247563362121582,4.024398326873779,,,2.9721665382385254,1.8039010763168333,0.8432251811027527,0.5267934799194336,4.4964599609375,6.884578227996826,2.042264223098755,3.658436298370361,2.9248580932617188,1.708798885345459,1130.594970703125,718.4650268554688,600.100830078125,546.8489990234375,1.65056574344635
2012-05-31,9.92130184173584,1.4610611200332642,3.313983678817749,3.538612365722656,1.366510987281799,0.2231574207544326,0.0665425881743431,1.623984456062317,1.41801655292511,0.5579689145088196,0.3205123543739319,0.8159949779510498,1.173017144203186,0.129701629281044,5.675412654876709,0.5250105261802673,0.8303303718566895,4.124369621276856,3.369999885559082,6.577877044677734,14.389769554138184,5.779402256011963,3.4940760135650635,23.318716049194336,0.6428849101066589,6.853096961975098,1.2744290828704834,60.29507064819336,0.5631792545318604,0.6979736089706421,1.427846074104309,1.2847248315811155,0.3824147582054138,0.7424982190132141,4.137113571166992,1.67295503616333,2.727858781814575,9.554170608520508,0.8700000047683716,0.122223250567913,0.4469225704669952,0.4926955997943878,1.3176829814910889,3.915204286575317,2.3447182178497314,0.4835143983364105,14.628129005432127,1.42496657371521,3.3920764923095703,0.5686140656471252,,4.968721866607666,1.187219500541687,1.1448229551315308,0.7375625967979431,0.187896579504013,6.01909875869751,4.522720336914063,2.1055243015289307,3.570354461669922,4.786619663238525,,2.422048091888428,1.5259599685668943,0.8091856837272644,0.5059995055198669,4.032530784606934,5.990477085113525,1.930968761444092,4.904112815856934,2.7712149620056152,1.535556674003601,1034.6829833984375,662.718017578125,550.9900512695312,494.7739868164063,1.477890968322754
2012-06-30,10.67007827758789,1.573189377784729,3.848872661590576,3.598419666290283,1.608957052230835,0.24395652115345,0.0732831358909607,1.6471182107925415,1.4427083730697632,0.6463645100593567,0.3309190273284912,0.8975943922996521,1.2981383800506592,0.1446671932935714,6.633411407470703,0.6112387180328369,0.8991290330886841,4.390867233276367,3.660000085830689,6.490753173828125,15.2025785446167,5.409519672393799,3.623486280441284,26.5416259765625,0.6538342237472534,8.297236442565918,1.64404296875,65.60102081298828,0.6345681548118591,0.7505946159362793,1.5462528467178345,1.5499790906906128,0.3575132489204407,0.7539921402931213,4.911956310272217,1.6872539520263672,2.9112441539764404,11.807120323181152,0.8999999761581421,0.1210702136158943,0.5705397129058838,0.5453130602836609,1.3029329776763916,4.857133388519287,2.433070421218872,0.5969310402870178,16.784841537475586,1.461740016937256,3.840086460113525,0.6310991048812866,,5.130745887756348,1.3622583150863647,1.328892946243286,0.8003343343734741,0.2118101269006729,6.48621129989624,5.08944845199585,2.6569712162017822,4.313092231750488,4.799452304840088,,2.956885814666748,1.625048041343689,0.9224050045013428,0.5845564603805542,4.664590358734131,6.817522048950195,2.15355920791626,5.436827659606934,3.508339166641236,1.6458015441894531,1250.3759765625,762.635986328125,625.4317016601562,534.2849731445312,1.8841843605041504
2012-07-31,10.67007827758789,1.658134698867798,3.9302682876586914,3.8376498222351074,1.5501819849014282,0.2351086437702179,0.0739745646715164,1.781293511390686,1.3862696886062622,0.6813036799430847,0.3340409100055694,0.9669536352157592,1.532741904258728,0.1662841439247131,6.459229469299316,0.67945796251297,0.9513211250305176,4.543152332305908,4.329999923706055,6.795687198638916,15.955185890197754,3.4247968196868896,3.649368286132813,26.446834564208984,0.6272432208061218,8.769864082336426,1.7859742641448977,67.72941589355469,0.6425003409385681,0.7386804819107056,1.6716246604919434,1.6618332862854004,0.3486199975013733,0.7930709719657898,4.842774391174316,1.6967869997024536,3.4155545234680176,12.850152015686035,0.8700000047683716,0.1160734668374061,0.6252167820930481,0.5596638917922974,1.287567973136902,4.927526950836182,2.4194774627685547,0.6625940799713135,17.956968307495117,1.42496657371521,4.390499591827393,0.6279754042625427,,5.319773197174072,1.4535826444625854,1.2441537380218506,0.9729554653167723,0.2118101269006729,6.566288948059082,5.528384685516357,2.8658523559570312,4.482489585876465,4.850783348083496,,3.163179636001587,1.750559687614441,0.9557045698165894,0.6353874206542969,4.386484146118164,7.666917324066162,2.203641891479492,5.875533103942871,3.508339166641236,1.535556674003601,1285.3349609375,783.9860229492188,642.591552734375,544.6129760742188,1.8841843605041504
2012-08-31,11.481255531311035,1.726090908050537,4.17445707321167,3.957265615463257,1.491407036781311,0.2477488219738006,0.0765671879053115,1.809054017066956,1.4603453874588013,0.8035888671875,0.383991003036499,0.9057540893554688,1.332547307014465,0.1513185799121856,7.3011064529418945,0.765629768371582,0.9845346212387084,4.390867233276367,3.819999933242798,6.512534141540527,14.841331481933594,3.2478694915771484,3.739955186843872,30.71246337890625,0.6491419076919556,9.951433181762695,1.910164833068848,68.45768737792969,0.6662966012954712,0.7386804819107056,1.852717399597168,1.6106995344161987,0.3610703945159912,0.8206560015678406,5.396234035491943,1.825474977493286,3.0602452754974365,13.684577941894531,0.8500000238418579,0.1210702136158943,0.6584981083869934,0.6601162552833557,1.2937140464782717,5.209099292755127,2.48064398765564,0.6924407482147217,17.863195419311523,1.4801267385482788,5.068914413452148,0.624850869178772,,5.279266357421875,1.5372971296310425,1.328755497932434,1.0121867656707764,0.2203509211540222,6.3127121925354,6.000658512115479,3.0078914165496826,4.378244400024414,4.927779674530029,,3.361833333969116,1.9157065153121948,0.9514046907424928,0.6608028411865234,4.550818920135498,8.762191772460938,2.314936876296997,6.502257347106934,3.8442437648773193,1.543431282043457,1391.488037109375,826.4539794921875,673.6763916015625,568.2410278320312,2.153353214263916
2012-09-30,11.262862205505373,1.81443464756012,4.127944946289063,3.917393207550049,1.491407036781311,0.24395652115345,0.0812337696552276,1.762786626815796,1.3509961366653442,0.7919425368309021,0.4048031270503998,0.873114824295044,1.4201325178146362,0.1513185799121856,6.938228130340576,0.754029393196106,0.9086186289787292,4.467010021209717,3.539999961853028,6.534315586090088,13.75758171081543,3.020392417907715,3.545840263366699,31.84995460510254,0.6194218993186951,10.450316429138184,1.79188871383667,73.55559539794922,0.5711113810539246,0.7386804819107056,1.7482404708862305,1.4381248950958252,0.3930864930152893,0.8551374077796936,5.188687324523926,1.8874369859695437,2.9112441539764404,11.681957244873049,0.800000011920929,0.1210702136158943,0.6703842282295227,0.6409821510314941,1.2967870235443115,5.054234981536865,2.487440347671509,0.6984096765518188,17.535001754760742,1.6731867790222168,5.145716190338135,0.6279754042625427,,5.319773197174072,1.560128092765808,1.2391769886016846,0.9886484146118164,0.218642771244049,5.93902063369751,6.0840020179748535,3.141576051712036,4.247940540313721,4.825117111206055,,3.468801259994507,1.889283299446106,1.0554653406143188,0.6353874206542969,4.52553653717041,8.60572624206543,2.281548261642456,5.969542026519775,3.620307683944702,1.4410609006881714,1348.9639892578125,813.6270141601562,663.9634399414062,573.31298828125,2.173668622970581
2012-10-31,12.79161548614502,1.828025698661804,5.02330207824707,4.395853519439697,1.5354880094528198,0.2553329169750213,0.0814065560698509,1.7118924856185913,1.467399835586548,0.8268808722496033,0.4329000115394592,0.8486342430114746,1.4013638496398926,0.1529814153909683,8.600210189819336,0.7865106463432312,0.979789674282074,4.159193992614746,3.680000066757202,7.253091812133789,14.781124114990234,3.033030271530152,3.481135129928589,32.987449645996094,0.6632195115089417,10.739143371582031,1.969303131103516,71.61354064941406,0.6187039613723755,0.7545661330223083,1.8596826791763303,1.5213090181350708,0.3788571953773498,0.8760718703269958,5.922022342681885,1.8493069410324097,2.876859426498413,13.18392276763916,0.8100000023841858,0.1333692073822021,0.7250612378120422,0.6936005353927612,1.2506929636001587,5.92711067199707,2.439866304397583,0.7879496216773987,17.863195419311523,1.636413335800171,5.081714630126953,0.6404717564582825,,6.3864288330078125,1.6362320184707642,1.30387282371521,1.2005008459091189,0.2152264267206192,5.93902063369751,6.0840020179748535,3.467430830001831,4.221878528594971,4.81228494644165,,3.820265531539917,1.9157065153121948,1.0554653406143188,0.6544492244720459,4.424407958984375,8.762191772460938,2.437361240386963,6.376914024353027,3.937551021575928,1.4174368381500244,1532.8790283203125,903.6019897460938,725.2861328125,594.0850219726562,2.3361854553222656
2012-11-30,12.510824203491213,1.7668652534484863,4.872138023376465,4.316109657287598,1.5722229480743408,0.2528048455715179,0.0827894285321235,1.619357705116272,1.4603453874588013,0.9491660594940186,0.5619380474090576,0.901674211025238,1.3043947219848633,0.1479929089546203,7.874452590942383,0.7865106463432312,1.034354329109192,3.9145348072052,3.549999952316284,7.078840732574463,15.654141426086426,3.1404497623443604,3.364666223526001,33.17703628540039,0.6553983092308044,10.424059867858888,2.15854549407959,72.09905242919922,0.6821607947349548,0.7426518797874451,1.9502286911010744,1.5213090181350708,0.4002012312412262,0.8713104724884033,5.866674900054932,1.7635140419006348,3.071706771850586,14.435559272766112,0.8999999761581421,0.132216140627861,0.6846480369567871,0.6840329766273499,1.2445470094680786,5.758167743682861,2.453458786010742,0.7103486061096191,17.81631088256836,1.6456066370010376,5.15851640701294,0.6904603838920593,,6.224403858184815,1.5372971296310425,1.308849573135376,1.2632726430892944,0.2169345915317535,5.925675392150879,5.972879886627197,4.394865036010742,4.300061702728272,4.863615989685059,,4.164089679718018,1.9817662239074707,1.0443153381347656,0.622680127620697,4.22214937210083,9.99158000946045,2.654386520385742,6.940964221954346,4.040188789367676,1.4095622301101685,1524.0770263671875,910.5919799804688,730.5811767578125,612.9520263671875,2.392050743103028
2012-12-31,12.79161548614502,1.7464779615402222,5.116326332092285,5.15839958190918,1.6399999856948853,0.2755571007728576,0.088838517665863,2.109791755676269,1.8060309886932373,0.9899283051490784,0.6347815990447998,0.8690341114997864,1.3169070482254028,0.1912267804145813,8.49134635925293,0.979077696800232,1.1197595596313477,4.065093994140625,3.859999895095825,7.601586818695068,16.73788833618164,3.3616085052490234,3.558781385421753,35.07285690307617,0.7148382067680359,10.607860565185549,2.537029981613159,77.43973541259766,0.7297534346580505,0.7942800521850586,2.173111915588379,1.6938942670822144,0.4357749223709106,1.0189098119735718,6.406300067901611,2.1686460971832275,3.255091905593872,14.602445602416992,0.9200000166893004,0.1648860871791839,0.7345699071884155,0.7175171971321106,1.207671046257019,6.518414497375488,2.643754720687866,0.7521339654922485,20.16056251525879,1.663993239402771,5.427321910858154,0.8654182553291321,,6.615962028503418,1.5753488540649414,1.4681012630462646,1.412354588508606,0.2408488988876342,6.085827827453613,6.417372703552246,5.2303900718688965,4.717036724090576,4.837949752807617,,3.9921774864196777,2.1469130516052246,1.1966890096664429,0.7275184988975525,4.373843669891357,13.020347595214844,2.86584734916687,7.56768798828125,4.301447868347168,1.488308668136597,1625.0550537109375,977.281982421875,782.079833984375,646.3720092773438,2.6409053802490234
2013-01-31,12.97881031036377,1.7872518301010132,5.174466609954834,5.930912971496582,1.690000057220459,0.2793494164943695,0.0881474614143371,2.188446521759033,1.9189074039459229,1.1063904762268066,0.624375581741333,0.8690341114997864,1.5702784061431885,0.1978781670331955,8.34619426727295,0.9465968012809752,1.1766968965530396,4.253293037414551,3.880000114440918,7.427337169647217,17.580806732177734,3.323695421218872,3.649368286132813,40.57077407836914,0.8016509413719177,10.765402793884276,2.655306577682495,80.83834838867188,0.8566670417785645,0.8022228479385376,2.1661465167999268,1.6875016689300537,0.4446681439876556,0.9522519707679749,6.101896286010742,1.9922939538955688,3.690632581710816,14.519002914428713,0.9399999976158142,0.1737259477376938,0.772605836391449,0.7653521299362183,1.207671046257019,6.462099075317383,2.6641438007354736,0.9431518912315368,19.03532218933105,2.1788198947906494,5.3377203941345215,0.9591465592384338,,6.852244853973389,1.5981799364089966,1.5278204679489136,1.4829726219177246,0.2391407340764999,7.306998252868652,6.0840020179748535,5.464337348937988,4.690976619720459,5.505253791809082,,4.0494818687438965,2.4838132858276367,1.1595252752304075,0.7211648225784302,4.664590358734131,11.064501762390137,2.698905229568481,7.834044456481934,4.795974254608154,1.4725594520568848,1625.342041015625,975.875,787.8308715820312,654.5430297851562,2.620590686798096
2013-02-28,14.81955623626709,1.8348212242126465,5.081441879272461,5.23315954208374,1.6799999475479126,0.2844054400920868,0.0881474614143371,2.193073034286499,1.904798150062561,1.0772747993469238,0.6581953763961792,0.8159949779510498,1.739193081855774,0.1978781670331955,8.2736177444458,1.1832457780838013,1.16720712184906,4.102734088897705,3.5799999237060547,7.427337169647217,16.37664222717285,3.412158966064453,4.7105326652526855,40.28639602661133,0.8172933459281921,10.450316429138184,2.7026174068450928,81.80937957763672,0.8566670417785645,0.9173935055732728,2.0338096618652344,1.751422643661499,0.412651926279068,1.0093870162963867,5.949694633483887,1.801643967628479,4.149096012115479,14.852774620056152,0.9300000071525574,0.1783381402492523,0.7630970478057861,0.7079505920410156,1.0232939720153809,6.6591997146606445,2.698125123977661,0.9252440333366394,20.34810447692871,2.197206735610962,5.888132095336914,0.9685192108154296,,6.615962028503418,1.5829592943191528,1.4631242752075195,1.4829726219177246,0.2374325841665268,7.306998252868652,6.63961935043335,6.233020782470703,4.8343119621276855,6.069895267486572,,4.2595953941345215,2.4045424461364746,1.185539960861206,0.7370493412017822,4.689871788024902,13.187992095947266,2.8046348094940186,8.891642570495605,5.150540828704834,1.4646847248077393,1615.133056640625,980.947998046875,793.332763671875,662.3900146484375,2.579961061477661
2013-03-31,16.457508087158203,2.0047123432159424,5.583807945251465,5.600412368774414,1.7899999618530271,0.3181607127189636,0.0956042483448982,2.211580276489258,2.031785249710083,1.1529754400253296,0.7154303193092346,0.8200747966766357,1.9187661409378047,0.2078551650047302,9.434828758239746,1.229647874832153,1.287011981010437,4.253293037414551,3.640000104904175,7.710492134094238,18.42371940612793,3.526681423187256,4.568180561065674,49.5285758972168,0.868129551410675,11.211771965026855,3.4152331352233887,87.3927993774414,0.8566670417785645,1.0166785717010498,2.0338096618652344,1.808951497077942,0.4162094295024872,1.2522114515304563,6.683028697967529,1.920801043510437,3.816709995269776,16.313016891479492,0.9100000262260436,0.1687292009592056,0.8272829651832581,0.7427821755409241,0.9526159763336182,7.391289710998535,2.7927820682525635,0.99687522649765,21.23891830444336,2.289139986038208,7.328165054321289,0.9778918623924256,,7.324815273284912,1.6971149444580078,1.5576801300048828,1.6712857484817505,0.2442652285099029,8.341320991516113,6.750742435455322,6.249731063842773,5.0167388916015625,6.833444595336914,,4.985446453094482,2.463995695114136,1.4159586429595947,0.8089972138404846,5.094389915466309,14.527531623840332,3.0606138706207275,10.693471908569336,5.449122428894043,1.5749298334121704,1773.6109619140625,1058.1490478515625,858.9854125976562,717.6920166015625,2.884681463241577
2013-04-30,16.769500732421875,2.025099277496338,5.560197353363037,5.679291725158691,1.6699999570846558,0.324770987033844,0.1003560870885849,2.2300868034362797,1.9118534326553345,1.129682540893555,0.7414457201957703,0.7139958143234253,1.854807734489441,0.2211579084396362,10.55067253112793,1.235447883605957,1.390323042869568,4.046274662017822,3.9800000190734863,8.015426635742188,18.18288803100586,3.302135944366455,4.412888526916504,47.3957633972168,0.8912258148193359,11.027972221374512,3.689311027526856,86.17900085449219,0.9597845077514648,1.0166785717010498,2.1382863521575928,1.7705984115600586,0.4130105376243591,1.2250797748565674,6.849066734313965,1.9350990056991575,3.6218631267547607,16.6479549407959,0.9399999976158142,0.1887155920267105,0.8403794765472412,0.7774460911750793,0.9095950126647948,7.77352237701416,2.57959246635437,1.2058018445968628,21.80154037475586,2.325913429260254,8.836999893188477,0.9747674465179444,3.836239099502564,7.597366333007812,1.5981799364089966,1.5128908157348633,1.6163614988327026,0.2374325841665268,8.44141674041748,6.167344570159912,6.233020782470703,4.534609794616699,7.4750823974609375,,5.185011386871338,2.292242288589477,1.5720478296279907,0.8382375240325928,5.372494697570801,16.13508415222168,2.9949190616607666,12.430617332458496,5.971641540527344,1.7954199314117432,1788.10595703125,1060.56298828125,860.4554443359375,710.2410278320312,2.861276388168335
2013-05-31,18.21516227722168,1.8593631982803345,5.276875019073486,6.494375228881836,1.6799999475479126,0.3535115122795105,0.1262054741382599,1.86920166015625,2.100133180618286,1.2636141777038574,0.6910110712051392,0.6976757049560547,1.9315580129623413,0.2261464744806289,10.739755630493164,1.159343123435974,1.4997862577438354,3.982537031173706,3.890000104904175,7.833623886108398,19.57323837280273,3.605932950973511,4.601273059844971,54.2684211730957,1.108802318572998,9.317632675170898,3.737643003463745,92.49071502685548,0.840802788734436,0.971217155456543,2.2088539600372314,1.917889714241028,0.4585007131099701,1.4021998643875122,6.803159713745117,2.5928430557250977,3.39263129234314,17.11631202697754,0.9200000166893004,0.1916598826646804,0.845237135887146,0.8059191107749939,0.7989680171012878,7.630231857299805,2.529848337173462,0.9670295119285583,21.94219398498535,2.1788198947906494,10.718642234802246,0.952897608280182,,8.176538467407227,1.6884809732437134,1.60617196559906,1.4594333171844482,0.2470593899488449,8.175596237182617,6.417372703552246,7.390340805053711,4.752319812774658,8.59794807434082,,5.827953338623047,2.438870429992676,1.5558676719665527,0.8447362780570984,4.994875907897949,14.051217079162598,3.000908136367798,11.620805740356444,5.597557544708252,1.9056650400161743,1759.3719482421875,1057.5030517578125,859.8954467773438,713.9439697265625,2.8818609714508057
2013-06-30,17.277040481567383,1.935396790504456,4.639400005340576,5.968515396118164,1.3899999856948853,0.3707558810710907,0.1288665533065796,1.5638370513916016,2.0574183464050293,1.0714513063430786,0.5692238211631775,0.5875160098075867,1.5898319482803345,0.2061923593282699,9.643089294433594,0.9980944991111756,1.2595361471176147,3.2166643142700195,3.390000104904175,7.39989709854126,19.08694839477539,3.817269325256348,3.827725410461426,52.60955429077149,1.1004337072372437,8.279303550720215,3.151219129562378,82.0521240234375,0.7694140076637268,0.8637633919715881,1.9443634748458865,1.7717697620391846,0.4073287546634674,1.3087197542190552,5.905422687530518,2.316400051116944,3.1404762268066406,13.922968864440918,0.7699999809265137,0.1671926826238632,0.6922197937965393,0.7279268503189087,0.6483929753303528,6.634359836578369,2.252702236175537,0.859581708908081,18.51958656311035,2.5,9.038604736328123,0.8841643929481506,,6.915987491607666,1.4161453247070312,1.3637303113937378,1.4672797918319702,0.2029419988393783,7.796137809753418,6.222906589508057,7.32663106918335,4.519496917724609,7.122180938720703,,4.998350620269775,2.1256821155548096,1.327622652053833,0.7333728075027466,5.159996509552002,16.194622039794922,2.821213483810425,11.337371826171877,4.517491817474365,1.8426676988601685,1488.261962890625,927.0579833984376,762.9409790039062,660.844970703125,2.2591731548309326
2013-07-31,18.527868270874023,1.845538854598999,4.391493797302246,5.731877326965332,1.3200000524520874,0.3535115122795105,0.140650525689125,1.4157813787460327,2.021823644638061,1.0656285285949707,0.6327651143074036,0.5548766851425171,1.3808401823043823,0.2078551650047302,9.75653839111328,1.0357584953308103,1.2595361471176147,3.18602991104126,3.549999952316284,7.877880096435547,17.628070831298828,3.5795156955718994,4.294521808624268,51.66163635253906,0.9414355754852296,8.033385276794434,3.544315814971924,87.9161148071289,0.7535496950149536,0.8968260288238525,1.9086216688156128,1.9580789804458616,0.3950473964214325,1.362839698791504,5.316283702850342,2.249671936035156,3.4957854747772217,12.390164375305176,0.75,0.1545510590076446,0.6242120265960693,0.7279268503189087,0.6268829703330994,6.118514537811279,2.252702236175537,0.838482677936554,19.222862243652344,2.490000009536743,8.601794242858887,0.8466728925704956,5.728783130645752,6.582112789154053,1.48617422580719,1.4705954790115356,1.498664617538452,0.1852947324514389,8.382573127746582,6.278467655181885,7.971375465393066,4.1771111488342285,8.59794807434082,4.679338455200195,5.330193042755127,1.999074101448059,1.3009943962097168,0.7180145382881165,4.802237033843994,14.408452033996582,2.479792833328247,10.608540534973145,3.9727630615234375,1.653676152229309,1366.14697265625,888.5880126953125,733.7711181640625,642.6690063476562,2.1716878414154053
2013-08-31,16.33892059326172,1.6278066635131836,4.001925468444824,5.184983253479004,1.149999976158142,0.3132741749286651,0.12012330442667,1.2353386878967283,1.6979045867919922,0.8792893886566162,0.4998577535152435,0.4406372010707855,1.3733766078948977,0.1978781670331955,7.790104389190674,0.8545007705688477,1.120219349861145,2.6422600746154785,2.6700000762939453,6.638663768768311,15.10543155670166,3.1832594871521,3.49429988861084,45.31057357788086,0.8410160541534424,5.656158447265625,2.468132734298706,84.9855728149414,0.6821607947349548,0.9257559776306152,1.7013182640075684,1.7863816022872925,0.4523600041866302,1.2545998096466064,4.937551021575928,1.8302420377731323,2.8310134410858154,11.070250511169434,0.6499999761581421,0.1313071846961975,0.5804930925369263,0.613538384437561,0.5408400297164917,5.90357780456543,2.0253000259399414,0.7166521549224854,15.425176620483398,2.440000057220459,7.392167091369629,0.8435484766960144,5.708323001861572,5.9279890060424805,1.3461161851882937,1.3912465572357178,1.4358938932418823,0.1588238328695297,7.623656749725342,5.945097923278809,6.173908233642578,2.930825710296631,7.507164478302002,4.291011810302734,4.376150608062744,1.7925028800964355,1.1145944595336914,0.6565797924995422,4.293116092681885,12.860438346862791,2.348016262054444,8.58400821685791,3.756749868392944,1.2678184509277344,1257.6829833984375,811.208984375,663.9404296875,589.2789916992188,2.0893490314483643
2013-09-30,18.29333877563477,1.6174384355545044,4.391493797302246,5.279638290405273,1.309999942779541,0.3951856195926666,0.1623184531927108,1.3648873567581177,2.036061286926269,0.972459077835083,0.6327651143074036,0.5018367767333984,1.6980600357055664,0.2145065069198608,8.886768341064453,1.0334043502807615,1.285124659538269,3.0711488723754883,2.859999895095825,7.364489555358887,15.865263938903809,3.500264406204224,4.387880802154541,48.81787109375,1.0795133113861084,7.1863274574279785,2.816120386123657,89.3813705444336,0.6980250477790833,1.049741268157959,1.9515118598937988,2.191879272460937,0.5240008234977722,1.3677600622177124,5.582798480987549,2.035191059112549,3.3697078227996826,12.603055000305176,0.7099999785423279,0.1590371131896972,0.6485007405281067,0.6915308237075806,0.694487988948822,6.677346706390381,2.096363067626953,0.8098170757293701,15.894024848937988,2.400000095367432,8.29938793182373,0.8497974872589111,6.833620071411133,6.650250434875488,1.5484224557876587,1.4705954790115356,1.4751261472702026,0.1870594620704651,9.831412315368652,6.611838340759277,7.522008419036865,3.1294093132019043,7.539246559143066,5.455991744995117,5.102051734924316,1.899120569229126,1.289582133293152,0.6872971653938293,4.829756259918213,14.051217079162598,2.5576605796813965,11.175408363342283,4.329654693603516,1.4961832761764526,1406.68896484375,913.89697265625,744.862060546875,650.7420043945312,2.3157808780670166
2013-10-31,18.29333877563477,1.762593150138855,4.627595901489258,5.863343715667725,1.340000033378601,0.3994969427585602,0.1569966524839401,1.4111546277999878,2.10725212097168,1.036512851715088,0.6830686330795288,0.563036322593689,1.832411885261536,0.2194950580596923,9.643089294433594,1.111086130142212,1.299340844154358,3.2166643142700195,2.9100000858306885,7.417599678039551,14.588748931884766,3.883311748504639,4.401217460632324,54.2684211730957,1.0836975574493408,7.842113971710205,3.093221426010132,93.28875732421876,0.7138891816139221,1.0456085205078125,2.037292718887329,2.1334290504455566,0.5669850707054138,1.3825198411941528,5.638908386230469,2.8692851066589355,3.839632987976074,13.752657890319824,0.7599999904632568,0.1651539206504821,0.6655029654502869,0.7487245202064514,0.8481360077857971,7.02124547958374,2.572486162185669,0.9029817581176758,16.691070556640625,2.390000104904175,8.702595710754395,0.9841402173042296,7.754316806793213,6.459463596343994,1.5484224557876587,1.5552334785461426,1.4829726219177246,0.1941183805465698,10.003893852233888,6.889647483825684,7.63923454284668,3.300602436065674,8.469620704650879,5.863735198974609,5.496112823486328,2.0923635959625244,1.453157663345337,0.7487318515777588,4.747196674346924,15.718313217163086,2.7133960723876958,12.390128135681152,4.508099555969238,1.6143029928207395,1464.7010498046875,946.5859985351562,776.1998901367188,700.4169921875,2.3826818466186523
2013-11-30,18.21516227722168,1.5828779935836792,4.367884159088135,6.047393798828125,1.340000033378601,0.4052450954914093,0.1600377708673477,1.341753602027893,2.306586742401123,1.0248665809631348,0.7863228917121887,0.5059165358543396,1.8734638690948489,0.2261464744806289,10.285961151123049,1.0522364377975464,1.22826087474823,3.078807830810547,2.7799999713897705,8.072615623474121,14.011277198791504,3.8568952083587646,4.094466209411621,54.97935485839844,1.0795133113861084,8.17000675201416,2.667903184890747,101.103515625,0.6662966012954712,1.0001471042633057,1.887176513671875,2.4475982189178467,0.5726596117019653,1.279200315475464,5.3443379402160645,3.098066091537476,3.690632581710816,13.19914436340332,0.7099999785423279,0.159444510936737,0.6314992308616638,0.7331262826919556,0.8081870079040527,6.834968090057373,2.615124225616455,0.9459807276725768,16.925495147705078,2.380000114440918,8.736197471618652,0.9560220241546632,8.654555320739746,6.28230619430542,1.478393316268921,1.4494357109069824,1.506511092185974,0.1923536509275436,10.383352279663086,6.80630350112915,7.307094097137451,3.259516716003418,8.309211730957031,5.630739212036133,5.496112823486328,2.1256821155548096,1.4075084924697876,0.7602503299713135,4.513277053833008,15.658772468566896,2.749335289001465,13.442883491516112,4.301478385925293,1.4253114461898804,1392.166015625,923.6409912109376,757.4789428710938,692.2940063476562,2.218003511428833
2013-12-31,14.791023254394531,1.6070704460144043,3.9547057151794434,6.20515251159668,1.2000000476837158,0.3836893737316131,0.1524348855018615,1.1936980485916138,1.662308692932129,0.8967585563659668,0.7651422619819641,0.4079970419406891,1.963031768798828,0.2211579084396362,9.189297676086426,1.016926646232605,1.165710687637329,2.6422600746154785,2.0799999237060547,7.683146476745605,14.375996589660645,3.2228848934173584,3.167543649673462,49.05485534667969,0.9539883732795716,6.31194543838501,2.158810615539551,102.56878662109376,0.5711113810539246,0.872029185295105,1.5011630058288574,2.199185609817505,0.5512917041778564,1.1168400049209597,4.881443023681641,2.554713010787964,2.53071928024292,10.346426010131836,0.6000000238418579,0.1671926826238632,0.5647053122520447,0.7279268503189087,0.6606850028038025,6.304791927337647,1.9826618432998655,0.7596510648727417,15.003210067749023,2.440000057220459,7.392167091369629,0.8529219031333923,7.426958084106445,5.887106418609619,1.4472692012786863,1.438855767250061,1.6320544481277466,0.1447060108184814,10.659321784973145,6.306249618530273,6.291134357452393,3.4307093620300293,8.18088436126709,4.747295379638672,5.5583319664001465,1.6592317819595337,1.0499248504638672,0.7026554942131042,4.100476264953613,14.64660930633545,2.5696399211883545,12.309144020080566,3.587696075439453,1.2205705642700195,1219.241943359375,824.47900390625,678.013427734375,623.4860229492188,1.9143784046173096
2014-01-31,13.133678436279297,1.5828779935836792,3.3998656272888184,5.994807243347168,1.0,0.4224893748760223,0.1421712338924408,0.9901216626167296,1.6587493419647217,0.8327045440673828,0.6433550715446472,0.3835174441337585,1.865999698638916,0.2278092801570892,8.432975769042969,0.9180585145950316,1.080414652824402,2.512061834335327,2.069999933242798,6.833398818969727,11.640605926513672,3.302135944366455,3.234228134155273,44.836612701416016,0.958172619342804,6.366594314575195,2.0879244804382324,110.38356018066406,0.5552472472190857,0.880294919013977,1.53690505027771,2.3526177406311035,0.579069972038269,0.9717000722885132,4.180085182189941,2.192476987838745,3.016690969467163,9.494868278503418,0.5600000023841858,0.1431333869695663,0.4918400943279266,0.6551339626312256,0.6145910024642944,5.488034248352051,2.082150936126709,0.6951526403427124,13.6904296875,2.380000114440918,6.478226184844971,0.7904361486434937,5.319583892822266,5.089893817901611,1.400583028793335,1.3224774599075315,1.5849757194519043,0.1199998259544372,11.694207191467283,6.189568996429443,6.584198951721191,3.2252771854400635,7.4750823974609375,4.456050395965576,4.396890163421631,1.525959610939026,1.023296594619751,0.6527400612831116,3.852797031402588,12.384124755859377,2.2312140464782715,11.256390571594238,3.240196704864502,1.1024508476257324,1064.43896484375,747.5780029296875,618.5786743164062,581.4400024414062,1.6364853382110596
2014-02-28,15.134998321533203,1.61052668094635,3.3762552738189697,5.652998447418213,1.0,0.4023709893226623,0.1543355733156204,1.0641493797302246,1.5804390907287598,0.8792893886566162,0.6486503481864929,0.3835174441337585,1.8883922100067136,0.2394491881132125,8.962400436401367,0.941598653793335,1.1230624914169312,2.504402875900269,2.039999961853028,7.258272171020508,12.70436954498291,3.68518328666687,3.681018590927124,40.4761848449707,0.9749087691307068,8.415925979614258,2.1330339908599854,119.17516326904295,0.5473150610923767,0.880294919013977,1.6083887815475464,2.4402925968170166,0.5171030759811401,0.9618598818778992,4.250221252441406,1.9350990056991575,3.1633994579315186,9.239401817321776,0.5600000023841858,0.1345698535442352,0.4966976940631866,0.6603333353996277,0.7467280030250549,5.86059045791626,2.117681741714477,0.8241502046585083,13.877968788146973,2.259999990463257,6.921756744384766,0.7748152017593384,5.790163040161133,5.335190773010254,1.4939552545547483,1.195520043373108,1.8831392526626587,0.1199998259544372,10.762811660766602,6.400704383850098,6.427897930145264,3.177343845367432,6.865525722503662,4.6113810539245605,4.417629718780518,1.4926416873931885,1.0765541791915894,0.6642593145370483,4.086717128753662,13.336750984191896,2.3300464153289795,9.920199394226074,3.099318742752075,1.228445291519165,1067.4599609375,757.5850219726562,625.5297241210938,582.6729736328125,1.703385591506958
2014-03-31,14.884833335876465,1.6450870037078855,4.08278226852417,6.21862268447876,0.9900000095367432,0.4167412519454956,0.129626527428627,1.0872831344604492,1.6480709314346311,0.890934944152832,0.6857156157493591,0.3916770219802856,1.8009696006774902,0.2344606667757034,9.03803253173828,1.0133954286575315,1.195563793182373,2.558014392852783,2.069999933242798,8.5328950881958,12.461222648620604,3.8230695724487305,3.747703313827514,48.81787109375,1.0292413234710691,8.88044261932373,2.54224157333374,110.38356018066406,0.5314508080482483,0.8885605931282043,1.8013954162597656,2.3343520164489746,0.5897539258003235,1.0750199556350708,5.1339311599731445,2.09238600730896,3.4659852981567383,11.283141136169434,0.5699999928474426,0.1463955044746399,0.5768499374389648,0.7045734524726868,0.795894980430603,6.462411880493164,2.082150936126709,0.9244811534881592,16.409761428833008,2.319999933242798,7.392167091369629,0.8060577511787415,5.851542949676514,5.655436992645264,1.579546570777893,1.2272592782974243,1.506511092185974,0.1288234740495681,12.270395278930664,6.63961935043335,6.437666893005371,3.341688871383667,6.897608757019043,5.096789836883545,5.039831161499023,1.5126322507858276,1.0613372325897217,0.7223927974700928,4.093596935272217,14.443897247314451,2.7133960723876958,12.18767547607422,3.7943174839019775,1.3386902809143066,1273.3199462890625,856.1599731445312,697.3592529296875,622.5919799804688,2.0893490314483643
2014-04-30,16.79234504699707,1.7453131675720217,4.425015449523926,6.922086238861084,1.2899999618530271,0.4488721191883087,0.1526331007480621,1.3001129627227783,1.726380467414856,0.9934043884277344,0.7810275554656982,0.436557412147522,1.7009155750274658,0.2411120235919952,10.211544036865234,1.1028472185134888,1.3958042860031128,3.2626163959503174,2.369999885559082,8.630263328552246,12.1572904586792,4.454337120056152,4.581268310546875,46.8746337890625,1.135395646095276,8.743821144104004,2.908374071121216,120.64043426513672,0.5711113810539246,0.9546858668327332,1.9729570150375368,2.338320016860962,0.6260793805122375,1.173419952392578,5.491473197937012,2.720000028610229,3.841925621032715,12.199417114257812,0.6000000238418579,0.1622992008924484,0.6196488738059998,0.7479314804077148,0.8788650035858154,6.872992038726807,2.878058195114136,1.0821443796157837,17.81631088256836,2.390000104904175,7.581679821014404,0.9372767210006714,5.769702911376953,6.136459827423096,1.5484224557876587,1.396536350250244,1.5457433462142944,0.1482354551553726,12.056376457214355,6.8340840339660645,6.593968391418457,3.6498360633850098,7.982365131378174,5.145330905914307,5.637195587158203,1.712539792060852,1.3656638860702517,0.7539729475975037,4.355037212371826,15.927678108215332,2.9488413333892822,13.379157066345217,4.14181661605835,1.488308668136597,1359.9659423828125,905.7940063476562,738.7111206054688,666.2940063476562,2.3092024326324463
2014-05-31,16.861133575439453,1.81443464756012,4.91134786605835,7.287888050079346,1.1699999570846558,0.4889771044254303,0.1505535989999771,1.3741408586502075,1.8394705057144165,1.0053017139434814,0.869983971118927,0.4691966474056244,1.8433001041412356,0.2278092801570892,10.368643760681152,1.109934687614441,1.4840447902679443,3.752775192260742,2.4600000381469727,8.24060344696045,11.67768669128418,4.489801406860352,4.648080348968506,52.75204849243164,1.2415508031845093,10.219340324401855,3.1413354873657227,128.45518493652344,0.6742287874221802,0.961227536201477,2.002571582794189,2.3963215351104736,0.7198829054832458,1.3677600622177124,6.074009418487549,2.9100000858306885,3.8698906898498535,14.10287094116211,0.6299999952316284,0.1857634931802749,0.7443263530731201,0.7492321133613586,0.8880839943885803,7.543527126312256,2.878058195114136,1.1968094110488892,19.129091262817383,2.400000095367432,8.234648704528809,0.9747674465179444,5.779932975769043,7.032794952392578,1.548958420753479,1.5639047622680664,1.577129364013672,0.1570591032505035,11.913697242736816,7.306357383728027,6.965184688568115,3.8073344230651855,7.616507530212402,5.059999942779541,5.680894374847412,1.7122780084609983,1.2705620527267456,0.7834275960922241,4.358477592468262,16.728660583496094,3.166123867034912,14.708763122558594,4.78985595703125,2.023784637451172,1531.470947265625,976.9219970703124,792.893798828125,706.1610107421875,2.572209119796753
2014-06-30,16.201759338378906,1.7936980724334717,4.677187442779541,7.231611728668213,1.159999966621399,0.4858920872211456,0.1594956815242767,1.2954862117767334,1.724052906036377,1.0588380098342896,0.8998895287513733,0.4773571193218231,1.9929405450820925,0.2361234426498413,10.132993698120115,1.1111180782318115,1.4535616636276243,3.7872395515441895,2.4600000381469727,8.69692325592041,11.6467924118042,4.766424179077148,4.478194713592529,49.57649612426758,1.2646278142929075,12.514591217041016,3.0466954708099365,131.87416076660156,0.6504324674606323,0.9396752119064332,1.987627029418945,2.363438606262207,0.8744730949401855,1.2988799810409546,5.889302730560303,3.200000047683716,4.312714099884033,13.756786346435549,0.6200000047683716,0.1849375069141388,0.7144035696983337,0.7609385251998901,0.8696460127830505,7.579968452453613,2.693293809890747,1.404638648033142,18.988439559936523,2.430000066757202,8.445048332214355,0.9591465592384338,5.718553066253662,6.819053649902344,1.80445659160614,1.601524829864502,1.5300503969192505,0.1482354551553726,12.020707130432127,7.361921310424805,6.339977741241455,3.492338895797729,7.716286659240723,5.010000228881836,5.746443271636963,1.6783039569854736,1.3280980587005615,0.787982165813446,4.394379615783691,18.120525360107425,3.0667946338653564,14.750311851501465,4.7046613693237305,2.244274854660034,1479.6099853515625,966.5159912109376,784.8858642578125,718.0499877929688,2.4301857948303223
2014-07-31,17.002426147460938,1.7971537113189695,5.1214919090271,7.456719875335693,1.1699999570846558,0.45041424036026,0.1601192653179168,1.2954862117767334,1.7024118900299072,1.0350435972213743,0.8754216432571411,0.57935631275177,2.126638889312744,0.2394491881132125,10.682846069335938,1.109934687614441,1.4760230779647827,4.013172626495361,2.450000047683716,9.090608596801758,11.6467924118042,5.0785112380981445,4.661670684814453,50.95098876953125,1.356937050819397,13.307004928588867,3.057615280151367,133.6865692138672,0.6425003409385681,0.9353646039962769,2.07729434967041,2.301783800125122,1.0452146530151367,1.4489398002624512,6.287132263183594,3.009999990463257,4.245327949523926,14.016351699829102,0.6600000262260437,0.1960833370685577,0.7480665445327759,0.8253264427185059,0.8481360077857971,8.199485778808594,3.1907355785369877,1.662632703781128,17.956968307495117,2.619999885559082,8.372495651245117,1.0851075649261477,5.145675182342529,6.8948974609375,1.80445659160614,1.814448595046997,1.4829726219177246,0.1535296440124511,12.591422080993652,7.7786335945129395,6.300902843475342,3.410166025161743,7.915844917297363,5.139999866485596,5.811992645263672,1.7054829597473145,1.3939225673675537,0.8699693083763123,4.616970539093018,19.827533721923828,3.249933242797852,13.794659614562988,4.78039026260376,3.0159904956817627,1560.9530029296875,1013.9520263671876,821.5646362304688,756.9450073242188,2.577469825744629
2014-08-31,16.766937255859375,1.9837816953659055,4.947373390197754,7.569272994995117,1.149999976158142,0.4319041967391968,0.1478504687547683,1.2445921897888184,1.5869944095611572,1.0290950536727903,0.8563905358314514,0.5875160098075867,2.13081693649292,0.2411120235919952,10.17226791381836,1.140700340270996,1.5401979684829712,3.7106525897979736,3.430000066757202,9.090608596801758,11.492326736450195,5.021768569946289,4.484989166259766,48.34418869018555,1.4169374704360962,14.318005561828612,3.1886560916900635,143.5164337158203,0.6187039613723755,0.8965709805488586,2.0324606895446777,2.22402024269104,0.9690730571746826,1.4021998643875122,6.017177581787109,2.8399999141693115,4.187568187713623,13.713528633117676,0.6399999856948853,0.1919556260108947,0.6957021951675415,0.8019129633903503,1.0171480178833008,8.053717613220215,2.728825092315674,1.626800775527954,18.00385284423828,2.6600000858306885,8.41602897644043,1.0914537906646729,5.503724098205566,6.8948974609375,1.8204253911972048,1.6981377601623535,1.5457433462142944,0.1500001847743988,12.805441856384276,7.028549671173096,6.691656589508057,3.718313694000244,6.419152736663818,5.329999923706055,5.811992645263672,1.651125431060791,1.3590739965438845,0.8654138445854187,4.4949049949646,19.276037216186523,3.153707981109619,13.296056747436523,4.714127540588379,3.28372859954834,1505.498046875,986.781005859375,803.124755859375,748.5260009765625,2.530128240585327
2014-09-30,15.699379920959473,1.8178904056549072,4.455036640167236,8.075769424438477,1.100000023841858,0.416479229927063,0.142443835735321,1.1381772756576538,1.3814064264297483,0.975558876991272,0.8835773468017578,0.5140770077705383,1.9219130277633667,0.2311349511146545,9.543865203857422,1.0886350870132446,1.4920668601989746,4.061032295227051,3.539999961853028,8.526920318603516,11.461433410644531,5.53245735168457,4.369467258453369,46.59052658081055,1.3615517616271973,13.006431579589844,3.2214159965515137,145.48243713378906,0.5235188007354736,0.9224335551261902,1.7784032821655271,2.137690782546997,0.9759950637817384,1.286579966545105,5.68328332901001,2.5899999141693115,3.773624897003174,11.853333473205566,0.5600000023841858,0.2022754251956939,0.6308696866035461,0.7492321133613586,0.8665729761123657,7.652853012084961,2.657762289047241,1.6107360124588013,17.30057716369629,2.6600000858306885,7.980715274810791,1.0660706758499146,5.4423441886901855,6.605310916900635,1.6687231063842771,1.6806913614273071,1.4908181428909302,0.1482354551553726,13.055130004882812,6.611838340759277,6.320440769195557,3.464947462081909,5.348184585571289,5.019999980926514,5.593496799468994,1.535614013671875,1.1887065172195437,0.8745240569114685,4.315395832061768,18.514450073242188,2.8401994705200195,12.5481538772583,3.994701623916626,4.945279598236084,1370.4959716796875,916.0079956054688,749.3740234375,711.5759887695312,2.351283073425293
2014-10-31,15.903470993041992,1.7971537113189695,4.821285724639893,8.047628402709961,1.1699999570846558,0.4149363934993744,0.152009516954422,1.2399654388427734,1.4499355554580688,0.9339187741279602,0.8672653436660767,0.5385566353797913,2.072323799133301,0.2344606667757034,10.72212028503418,1.1951323747634888,1.5032974481582642,4.433441638946533,3.660000085830689,9.14869499206543,11.245179176330566,6.440347194671631,4.872329711914063,48.05982208251953,1.5184770822525024,14.345331192016602,3.47621750831604,133.6865692138672,0.5314508080482483,1.01295268535614,1.8680704832077024,2.211688041687012,1.06828773021698,1.397279977798462,6.166363716125488,2.7300000190734863,4.052795886993408,12.848321914672852,0.6200000047683716,0.2022754251956939,0.6932087540626526,0.7667921185493469,0.912667989730835,8.272370338439941,2.814101219177246,1.9204933643341064,19.36351585388184,2.880000114440918,8.923891067504883,1.123181939125061,5.851542949676514,6.99832010269165,1.6846919059753418,1.965652346611023,1.5928221940994265,0.1570591032505035,13.304818153381348,7.167454719543457,7.121485710144043,3.8278775215148926,5.913602352142334,5.059999942779541,6.096036434173584,1.6443300247192385,1.2119381427764893,0.8881881833076477,4.5882487297058105,18.409404754638672,2.995401620864868,13.628458023071287,4.524805068969727,5.795742034912109,1487.35302734375,989.572021484375,805.792724609375,755.3939819335938,2.561689138412476
2014-11-30,15.244096755981444,1.7556811571121216,5.397679805755615,8.103907585144043,1.3600000143051147,0.4103085398674011,0.1553366333246231,1.4342882633209229,1.4787898063659668,1.0588380098342896,0.8808594346046448,0.5426364541053772,1.997118592262268,0.2427748441696167,11.154147148132324,1.3075456619262695,1.5931423902511597,4.85905122756958,2.990000009536743,8.896566390991211,11.832154273986816,7.036149978637695,5.0014424324035645,47.30147171020508,1.453861117362976,14.837170600891112,4.277021408081055,154.82081604003906,0.5869756937026978,1.01295268535614,2.10718321800232,2.3720145225524902,1.0406001806259155,1.4980721473693848,6.94071102142334,2.940000057220459,4.976949214935303,13.670268058776855,0.800000011920929,0.2369513064622879,0.7680153250694275,0.8019129633903503,0.8634999990463257,9.110539436340332,2.9562270641326904,1.6494559049606323,21.33268928527832,3.319999933242798,9.018210411071776,1.2183667421340942,6.629021167755127,7.308591842651367,1.6447705030441284,2.052886247634888,1.5300503969192505,0.1482354551553726,13.5545072555542,7.806413650512695,8.997103691101074,4.129176616668701,5.946862697601318,5.010000228881836,6.904471397399902,1.6918940544128418,1.397794485092163,0.9155172109603882,5.0980544090271,18.33062171936035,3.110250949859619,13.87775993347168,4.8277201652526855,5.150020599365234,1642.8929443359375,1067.718017578125,861.6824340820312,762.9329833984375,2.7983956336975098
2014-12-31,15.024306297302246,1.5690536499023438,5.199544429779053,8.779232025146484,1.2799999713897705,0.3902563750743866,0.1545047312974929,1.3556338548660278,1.608635187149048,1.0350435972213743,0.8563905358314514,0.5222366452217102,2.15170693397522,0.2361234426498413,11.782549858093262,1.4199588298797607,1.5770984888076782,4.841317176818848,2.950000047683716,9.004619598388672,11.801259994506836,6.958129405975342,5.015033721923828,47.87022399902344,1.4769378900527954,15.055766105651855,4.349820613861084,175.955078125,0.6028398275375366,1.0000213384628296,2.069822311401367,2.1705777645111084,1.02906334400177,1.6308448314666748,6.692067623138428,2.890000104904175,4.832550048828125,12.026374816894531,0.8600000143051147,0.2353004217147827,0.840328574180603,0.8311792612075806,0.8634999990463257,9.037654876708984,3.08414077758789,1.587504267692566,21.33268928527832,3.9700000286102295,12.587766647338867,1.2532680034637451,6.782470226287842,6.99832010269165,1.7246137857437134,2.116856813430786,1.4437403678894043,0.1411765664815902,13.625845909118652,7.945318222045898,9.407395362854004,3.964831590652466,6.306068420410156,5.190000057220459,6.970022201538086,1.7054829597473145,1.3358421325683594,0.9200719594955444,5.220120906829834,20.18206596374512,3.4330718517303467,15.415114402770996,4.619465827941895,5.000401973724365,1589.4019775390625,1061.498046875,857.2064208984375,787.2490234375,2.572209119796753
2015-01-31,21.429651260375977,1.4861081838607788,5.379667282104492,9.735942840576172,1.2300000190734863,0.3887135982513428,0.1975496709346771,1.540703296661377,1.5473195314407349,1.0290950536727903,0.7748295664787292,0.5099964141845703,2.268692970275879,0.2344606667757034,12.25385284423828,1.4081259965896606,1.6685478687286377,5.125057697296143,3.0799999237060547,8.91457748413086,10.998031616210938,7.695790290832519,4.86553430557251,46.827518463134766,1.5969388484954834,17.624263763427734,5.07782506942749,178.4125518798828,0.5869756937026978,1.340545892715454,2.39860200881958,2.039027690887451,1.0152194499969482,1.705998420715332,7.352748394012451,3.009999990463257,5.371639251708984,13.670268058776855,0.8299999833106995,0.2423179596662521,0.8889531493186951,1.065314769744873,0.8327710032463074,9.292749404907228,3.9937496185302734,1.5565286874771118,21.52022933959961,3.930000066757202,13.893702507019045,1.215193510055542,6.2300519943237305,7.136219024658203,1.788488268852234,2.227351665496826,1.4829726219177246,0.1447060108184814,13.055130004882812,7.834195613861084,9.16317367553711,3.937440872192383,6.000077724456787,8.470000267028809,7.14481782913208,1.6103569269180298,1.5488029718399048,0.9291813373565674,5.270383358001709,21.27192497253418,3.299598217010498,16.121469497680664,5.414619445800781,4.732664585113525,1712.27099609375,1101.738037109375,889.4533081054688,799.5289916992188,2.6774120330810547
2015-02-28,19.310237884521484,1.4169867038726809,4.923356533050537,9.48269748687744,1.1399999856948853,0.3455235362052917,0.2002532631158828,1.4666755199432373,1.4282948970794678,1.0588380098342896,0.7585172653198242,0.5548766851425171,2.289583683013916,0.2361234426498413,11.900375366210938,1.4199588298797607,1.5722854137420654,4.8945183753967285,2.720000028610229,8.46434211730957,10.10212516784668,7.341145038604736,4.86553430557251,46.21136093139648,1.5369384288787842,16.44931411743164,4.6592230796813965,197.5808563232422,0.5552472472190857,1.2155431509017944,2.3388242721557617,2.1048028469085693,0.9736876487731934,1.700988531112671,6.379486083984375,2.990000009536743,6.045500755310059,12.934842109680176,0.7699999809265137,0.2278698682785034,0.784223198890686,1.0477548837661743,0.792822003364563,8.527463912963867,3.8374099731445312,1.4093940258026123,21.05137825012207,3.7799999713897705,13.712320327758787,1.2120212316513062,5.739013195037842,6.674261093139648,2.3314220905303955,2.151749610900879,1.5010194778442385,0.1429412811994552,14.303571701049805,7.306357383728027,8.840802192687988,3.800486087799072,5.5410919189453125,7.699999809265137,7.166666507720947,1.5627931356430054,1.4752347469329834,0.901853084564209,5.234481334686279,21.061830520629883,3.290285587310791,16.16301727294922,4.979178428649902,6.276095390319824,1544.7220458984375,1033.8260498046875,841.4705200195312,787.8400268554688,2.4407060146331787
2015-03-31,18.211278915405277,1.4757399559020996,4.818748950958252,9.848498344421388,1.0199999809265137,0.346522569656372,0.1983816027641296,1.2954862117767334,1.3741923570632937,1.0290950536727903,0.7231740355491638,0.4732763767242431,2.1706700325012207,0.2264369130134582,11.782549858093262,1.4613745212554932,1.516132116317749,4.699448108673096,2.5799999237060547,8.410318374633789,9.57693862915039,7.01823091506958,4.831556797027588,41.70870971679688,1.53270161151886,17.241722106933594,5.023224353790283,194.1403961181641,0.4838582575321197,1.094851016998291,2.25662899017334,2.133580207824707,0.934463381767273,1.6759370565414429,6.301341533660889,2.700000047683716,5.929981708526611,11.463991165161133,0.6600000262260437,0.2286952584981918,0.7493134140968323,1.013906478881836,0.7037069797515869,8.74611759185791,3.666858673095703,1.3242110013961792,19.69171142578125,3.869999885559082,14.089591979980469,1.1200087070465088,5.08429479598999,6.537106513977051,2.067939281463623,1.8842347860336304,1.3404823541641235,0.1341176480054855,15.40933609008789,7.473043441772461,8.694268226623535,3.2800588607788086,5.339567184448242,7.949999809265137,7.122967720031738,1.4201031923294067,1.5062105655670166,0.9430496096611024,4.96162748336792,21.508909225463867,3.8397018909454346,15.996818542480469,4.193490505218506,4.701165199279785,1417.4830322265625,990.7410278320312,808.4557495117188,786.1790161132812,2.2114288806915283
2015-04-30,18.839256286621094,1.555229425430298,4.763711929321289,9.9281644821167,1.1100000143051147,0.3800570666790008,0.240889623761177,1.2538455724716189,1.46796977519989,1.0522067546844482,0.7530796527862549,0.4936762452125549,2.3950743675231934,0.2367295324802398,11.715802192687988,1.6507019996643066,1.6757506132125854,4.841317176818848,2.950000047683716,8.91457748413086,9.762298583984377,6.674786567687988,4.858738422393799,42.98841094970703,1.6428959369659424,17.786422729492188,4.9534912109375,194.1403961181641,0.4838582575321197,1.2241640090942385,2.3089349269866943,2.364152669906616,1.0382925271987915,1.6846020221710205,6.141106128692627,3.049999952316284,6.883014678955078,11.87824249267578,0.7400000095367432,0.2369513064622879,0.7704753279685974,1.0383380651474,0.8020409941673279,9.366899490356444,4.14298152923584,1.424881935119629,20.06679344177246,3.069999933242798,14.500572204589844,1.192983627319336,5.401423931121826,6.808905601501465,2.2196412086486816,1.9889146089553835,1.436805009841919,0.1429412811994552,16.764785766601562,7.614407062530518,8.674732208251953,3.423861026763916,5.122732162475586,7.889999866485596,7.61285924911499,1.535614013671875,1.5759069919586182,0.9430496096611024,5.306284427642822,21.97649383544922,4.02904748916626,17.22669219970703,4.496406555175781,4.346806526184082,1460.988037109375,1023.8699951171876,839.4655151367188,829.5460205078125,2.2544736862182617
2015-05-31,20.14400100708008,1.736924648284912,4.849325656890869,9.656573295593262,1.1100000143051147,0.3513128459453583,0.2431201189756393,1.351007103919983,1.4072407484054563,1.009631872177124,0.6964868903160095,0.4651168584823608,2.4425439834594727,0.2401603907346725,11.756482124328612,1.6656875610351562,1.7184994220733645,5.060990810394287,2.6600000858306885,8.885579109191895,9.11367416381836,6.04762601852417,4.559739112854004,42.751766204833984,1.592807412147522,19.445714950561523,6.439539432525635,220.6811065673828,0.4759262204170227,1.344904541969299,2.305528402328491,2.366434335708618,1.0773074626922607,1.817127346992493,6.083375453948975,2.75,6.844508171081543,11.702917098999023,0.7099999785423279,0.2518689036369324,0.7244000434875488,1.0714811086654663,0.7098519802093506,8.811551094055176,3.521366596221924,1.2545156478881836,20.629413604736328,3.220000028610229,13.26840114593506,1.1771200895309448,5.329813957214356,6.96919584274292,2.016209840774536,2.101585149765014,1.468912124633789,0.1323529183864593,16.344594955444336,7.422446727752685,8.811495780944824,3.21158218383789,5.170164108276367,7.599999904632568,8.378786087036133,1.4645051956176758,1.5100826025009155,0.966392695903778,5.360337734222412,20.477466583251957,4.134585857391357,15.710405349731444,4.392278671264648,3.708960056304932,1445.6590576171875,1010.0339965820312,829.8076171875,821.635986328125,2.2168092727661133
2015-06-30,22.0639762878418,1.7052159309387207,4.739251613616943,9.656573295593262,0.9200000166893004,0.3257629871368408,0.2442353218793869,1.3371269702911377,1.3266175985336304,0.8879899382591248,0.662233293056488,0.4120768904685974,2.616751194000244,0.2418758422136306,11.83784294128418,1.659717321395874,1.7184994220733645,4.829325199127197,2.5199999809265137,8.73096752166748,7.966712951660156,6.585191249847412,4.4240336418151855,42.277809143066406,1.5377105474472046,19.91147994995117,5.982292652130127,242.79837036132807,0.4759262204170227,1.2561317682266235,2.1281800270080566,2.329887866973877,1.09240984916687,1.8273217678070068,6.03286075592041,2.5899999141693115,6.83488130569458,10.826294898986816,0.6499999761581421,0.2417585998773574,0.7218403816223145,1.0982674360275269,0.6883419752120972,9.181784629821776,3.383574247360229,1.249844670295715,19.78548240661621,3.4600000381469727,12.772527694702148,1.2849961519241333,4.971765041351318,7.038888931274414,2.0325350761413574,2.1311018466949463,1.3164016008377075,0.1358823776245117,16.825319290161133,7.902345657348633,8.59658145904541,3.2026095390319824,5.190493106842041,6.869999885559082,8.494837760925293,1.422662377357483,1.364484190940857,0.9259322881698608,5.437465190887451,18.97844696044922,4.215290546417236,15.752527236938477,4.115374565124512,3.8585782051086426,1405.1689453125,1004.343017578125,822.4906616210938,822.3709716796875,2.119958639144897
2015-07-31,19.970888137817383,1.5325806140899658,4.537450790405273,9.47551155090332,0.9700000286102296,0.3225693106651306,0.2475811392068863,1.369513988494873,1.2826412916183472,0.8514965772628784,0.7821204662322998,0.3957576751708984,2.463098287582397,0.2470221072435379,11.878521919250488,1.7910619974136353,1.7868969440460205,4.74022388458252,2.380000114440918,8.549071311950684,7.625726222991943,6.167083740234375,4.305966854095459,37.72772979736328,1.582789659500122,22.735185623168945,6.115656852722168,283.99761962890625,0.4362656474113464,1.1939910650253296,2.004807233810425,2.293339490890503,1.0471023321151731,1.6820530891418457,5.917399883270264,2.5199999809265137,7.491020202636719,10.607139587402344,0.6600000262260437,0.2527477741241455,0.6911235451698303,1.037997126579285,0.6207370162010193,9.10773754119873,3.291712760925293,1.1781973838806152,19.36351585388184,3.289999961853028,12.870197296142578,1.3198976516723633,4.992225170135498,6.6067962646484375,2.0406975746154785,2.0651230812072754,1.2602137327194214,0.1288234740495681,15.605020523071287,8.126299858093262,8.821263313293457,2.9573323726654053,4.885568141937256,6.440000057220459,8.425206184387207,1.3557134866714478,1.2968565225601196,0.947718858718872,5.306349277496338,20.023637771606445,4.469821929931641,12.972667694091797,3.991244554519653,3.6065890789031982,1363.6629638671875,979.3489990234376,799.0927734375,789.426025390625,2.050011157989502
2015-08-31,19.10532569885254,1.5290573835372925,4.170540809631348,8.509855270385742,0.9300000071525574,0.2810501456260681,0.2185850441455841,1.3139930963516235,1.1507127285003662,0.8210859298706055,0.6964868903160095,0.4918792247772217,2.397912740707397,0.2504529356956482,11.10560417175293,1.7015091180801392,1.7270488739013672,4.437276363372803,2.1600000858306885,9.176612854003906,6.974750518798828,6.316408157348633,4.111504077911377,34.125587463378906,1.4926308393478394,19.15461158752441,4.762972831726074,263.7473449707031,0.4124693274497986,1.1007797718048096,1.9199888706207275,2.2704977989196777,0.9967610239982604,1.503653645515442,5.32565975189209,2.400000095367432,6.087067127227783,9.774346351623535,0.5899999737739563,0.2439568042755127,0.623291015625,0.9576357007026672,0.5654240250587463,8.40429401397705,2.8859899044036865,1.0110207796096802,16.034679412841797,3.119999885559082,11.53283977508545,1.2500948905944824,3.774858951568604,6.063199996948242,1.8774421215057373,1.8737856149673464,1.0996768474578855,0.1267797946929931,17.380001068115234,7.294472694396973,7.863918304443359,2.8031582832336426,4.479001998901367,6.130000114440918,8.378786087036133,1.2971333265304563,1.1854701042175293,0.8442321419715881,4.720182418823242,19.45978546142578,4.662273406982422,15.078618049621582,3.6761467456817623,3.5750906467437744,1243.68994140625,923.6079711914062,752.1000366210938,765.0780029296875,1.9316372871398928
2015-09-30,20.962352752685547,1.5043951272964478,4.14608097076416,8.509855270385742,0.9399999976158142,0.2746627032756805,0.2174697369337082,1.2908594608306885,1.1727005243301392,0.8089223504066467,0.6964868903160095,0.4794784784317016,2.551565408706665,0.2573147118091583,12.000560760498049,1.641806721687317,1.6654905080795288,4.74022388458252,2.25,9.758678436279297,7.87371826171875,6.264145374298096,4.187900543212891,32.79847717285156,1.4876221418380735,19.64948844909668,3.696067094802856,244.9788055419922,0.4045372009277344,1.0963411331176758,1.9354097843170168,2.284202814102173,0.9388682246208192,1.6463738679885864,5.073087692260742,2.299999952316284,6.224517345428467,8.85389232635498,0.5899999737739563,0.2395609617233276,0.6028136610984802,0.9375452995300292,0.5654240250587463,8.737504005432129,3.046747922897339,0.9871384501457214,16.409761428833008,3.130000114440918,11.810830116271973,1.2691315412521362,3.6111791133880615,6.181676864624023,1.901930809020996,1.8935797214508057,1.115730881690979,0.1306807547807693,17.564891815185547,6.750587463378906,7.7857666015625,2.9293007850646973,4.302823066711426,6.289999961853027,8.332367897033691,1.288764715194702,1.2093384265899658,0.7679789662361145,4.604491233825684,20.147411346435547,4.600192070007324,16.131595611572266,3.657049655914306,3.134110450744629,1195.197021484375,912.3560180664062,742.0510864257812,760.6619873046875,1.8132635354995728
2015-10-31,20.41153907775879,1.6206599473953247,4.580258369445801,8.268441200256348,0.9300000071525574,0.2970194518566131,0.2386590838432312,1.212204933166504,1.198353290557861,0.8454148173332214,0.7849750518798828,0.4588113725185394,2.5143158435821533,0.2641764283180237,12.936197280883787,1.6656875610351562,1.872394561767578,4.722403526306152,2.25,10.85895824432373,8.059711456298828,6.249212741851807,4.347638130187988,35.02611541748047,1.592807412147522,21.48343849182129,4.039000988006592,262.7595520019531,0.4917903840541839,1.0785866975784302,2.1821558475494385,2.361866235733032,1.0420681238174438,1.7787176370620728,5.462769985198975,2.400000095367432,6.469963550567627,9.59902286529541,0.6399999856948853,0.2408796697854995,0.6373698711395264,1.0045130252838137,0.5654240250587463,9.77415657043457,3.268746852874756,1.042863845825195,16.128454208374023,3.299999952316284,11.743208885192873,1.3643171787261963,3.8260090351104736,6.4534759521484375,1.9672330617904663,2.203678131103516,1.2441606521606443,0.1306807547807693,16.936254501342773,7.422446727752685,8.410972595214844,2.922292947769165,4.336703777313232,6.789999961853027,8.93582534790039,1.347344994544983,1.316747546195984,0.8387854695320129,4.851298809051514,19.59996223449707,4.780227184295654,16.594905853271484,3.972148180007935,3.8900768756866455,1294.6500244140625,982.1300048828124,794.0858154296875,798.3070068359375,1.9101150035858157
2015-11-30,19.514503479003903,1.4050414562225342,4.237807750701904,8.570209503173828,0.9399999976158142,0.2602912485599518,0.2359826564788818,1.226085186004639,1.1617063283920288,0.8514965772628784,0.8232245445251465,0.4670787751674652,2.705218315124512,0.2761844396591186,12.85483741760254,1.9833027124404907,1.8296457529067995,4.836453914642334,2.299999952316284,9.979987144470217,8.096908569335938,6.11482048034668,4.118449687957764,36.11624526977539,1.6078341007232666,20.26080322265625,4.343830108642578,273.13165283203125,0.3886730074882507,1.1274116039276123,2.143601894378662,2.188563823699951,0.9464194178581238,1.6957452297210691,5.282361507415772,2.3299999237060547,6.519052505493164,9.555191040039062,0.5400000214576721,0.2681322693824768,0.6053733825683594,1.0580875873565674,0.6576120257377625,8.878192901611328,3.40653920173645,0.9950991272926332,17.15991973876953,3.299999952316284,12.674854278564451,1.411909103393555,3.648006916046143,5.679894924163818,2.008046865463257,1.9463616609573364,1.2441606521606443,0.1228788271546363,15.560647010803224,7.102512836456299,7.4829325675964355,2.8872532844543457,4.560315132141113,8.760000228881836,8.926541328430176,1.2971333265304563,1.4520021677017212,0.8224455118179321,4.62762975692749,20.616674423217773,4.4667181968688965,15.84518814086914,3.800276041030884,4.386179924011231,1236.4239501953125,921.916015625,752.3240356445312,769.0499877929688,1.8078835010528564
2015-12-31,18.55451393127441,1.3310550451278689,4.097159862518311,7.978744029998779,0.949999988079071,0.2682752311229706,0.2333062440156936,1.1751911640167236,1.1177300214767456,0.8028396964073181,0.7638521194458008,0.4794784784317016,2.816965103149414,0.2727535963058471,11.36595630645752,2.014347553253174,1.7270488739013672,4.579839706420898,2.559999942779541,9.403162956237791,7.935714244842529,5.950564384460449,4.062888622283936,35.20622634887695,1.53270161151886,20.8430118560791,4.199036121368408,306.2235107421875,0.4521298110485077,1.1762363910675049,2.004807233810425,2.0652005672454834,0.7651901841163635,1.5702496767044067,5.138034343719482,2.3299999237060547,5.576539039611816,9.108114242553713,0.6000000238418579,0.2764841318130493,0.5887347459793091,1.178628921508789,0.6145910024642944,8.093297958374023,3.5979182720184326,0.9015219807624816,16.362878799438477,3.490000009536743,13.493797302246094,1.4563289880752563,3.5927650928497314,5.77049446105957,1.942744255065918,2.104710102081299,1.3485099077224731,0.1209283322095871,13.452858924865724,6.334672927856445,7.219173908233643,2.831190347671509,4.343480110168457,9.079999923706056,8.796565055847168,1.2469217777252195,1.29287850856781,0.8278921246528625,4.2111430168151855,19.6423282623291,4.320828437805176,14.82590675354004,3.657049655914306,4.0239458084106445,1199.1710205078125,874.2849731445312,717.2662353515625,725.7630004882812,1.7702192068099976
2016-01-31,18.082387924194336,1.288776993751526,4.3968024253845215,7.936494827270508,0.8999999761581421,0.255500316619873,0.2290681451559066,1.0965365171432495,1.330282211303711,0.8758254647254944,0.7821204662322998,0.4712120294570923,2.5608773231506348,0.2778998911380768,12.537535667419434,2.161214590072632,1.7253392934799194,4.68319845199585,2.6600000858306885,9.148624420166016,8.096908569335938,5.465261936187744,4.34069299697876,31.073240280151367,1.4415409564971924,20.726572036743164,4.138070106506348,291.40625,0.4283335208892822,1.340465784072876,1.9893854856491089,2.005802631378174,0.7777754664421082,1.6750023365020752,5.361741065979004,2.0999999046325684,5.478360652923584,8.924023628234863,0.5600000023841858,0.2821986675262451,0.5912944674491882,1.1317514181137085,0.6145910024642944,8.752312660217285,3.743365526199341,0.9015219807624816,14.975079536437988,3.240000009536743,14.440464973449709,1.6562176942825315,3.4024879932403564,5.958662509918213,1.8937677145004272,1.9727532863616943,1.2281064987182615,0.1228788271546363,12.94255256652832,6.731391429901123,7.1410231590271,2.69804048538208,4.133420944213867,10.520000457763672,9.460368156433104,1.2134474515914917,1.4122217893600464,0.8006588816642761,4.164866924285889,20.489585876464844,4.649856090545654,15.895731925964355,3.599759578704834,4.063318729400635,1243.68798828125,900.4140014648438,734.8070678710938,744.0449829101562,1.996204853057861
2016-02-29,19.57745361328125,1.211971640586853,4.519105911254883,8.582279205322266,0.8799999952316284,0.2666786909103393,0.2150162607431411,1.156684160232544,1.169036030769348,0.9427287578582764,0.7198933959007263,0.4588113725185394,2.5608773231506348,0.2796152830123901,15.547846794128418,2.105095148086548,1.8210963010787964,4.914863109588623,2.25,10.025768280029297,8.859481811523438,5.748977184295654,4.7087836265563965,31.33866500854492,1.5577454566955566,19.853256225585938,4.298106670379639,306.81622314453125,0.420401394367218,1.3804134130477903,1.9893854856491089,2.183994770050049,0.8683901429176331,1.8098315000534055,5.31122636795044,2.0799999237060547,5.360546588897705,8.766230583190918,0.550000011920929,0.3010994493961334,0.5784960389137268,1.1719321012496948,0.6729769706726074,9.581635475158691,3.682124614715576,0.9015219807624816,14.299934387207031,3.25,14.1549654006958,1.665735960006714,3.5559370517730717,6.077138423919678,1.9590699672698972,2.230069398880005,1.2120535373687744,0.1170282587409019,12.905574798583984,7.089715480804443,7.150792598724365,2.978356122970581,4.038556098937988,9.779999732971191,9.330392837524414,1.1716042757034302,1.396308660507202,0.8769121766090393,4.450237274169922,22.212350845336918,4.711938381195068,15.196555137634276,3.943502902984619,4.079068183898926,1253.1929931640625,932.447998046875,758.1399536132812,766.7030029296875,2.01772689819336
2016-03-31,19.01719665527344,1.5107369422912598,4.998918533325195,9.503096580505373,0.9700000286102296,0.3034068942070007,0.2328598946332931,1.2538455724716189,1.3009648323059082,1.0035500526428225,0.8312168121337891,0.4670787751674652,2.721306562423706,0.3024393320083618,15.58852481842041,2.1850955486297607,2.0861387252807617,5.16434907913208,2.5299999713897705,11.179415702819824,10.099438667297363,6.225133895874023,4.528210639953613,38.94107818603516,1.7340348958969116,19.84161376953125,4.793454647064209,333.7836608886719,0.4283335208892822,1.4603089094161987,2.212998867034912,2.229685544967652,1.0672389268875122,1.925992608070373,5.946264743804932,2.2699999809265137,5.95943546295166,9.178242683410645,0.5799999833106995,0.3670336604118347,0.6189194321632385,1.2675622701644895,0.7067800164222717,10.596074104309082,4.041916847229004,1.191001534461975,16.737957000732422,3.0799999237060547,16.228620529174805,1.8989388942718504,3.517062902450561,6.787996292114258,2.089674949645996,2.414808750152588,1.284294366836548,0.1170282587409019,13.150354385375977,7.582412242889404,7.609927654266357,3.812295913696289,4.275719165802002,8.699999809265137,10.61158275604248,1.2218159437179563,1.7583147287368774,0.91523939371109,5.152094841003418,23.709177017211918,4.926116943359375,17.60576057434082,4.497311592102051,4.622418880462647,1361.2659912109375,1023.4860229492188,832.6755981445312,856.8359985351562,2.232951164245605
2016-04-30,19.281587600708008,1.550196409225464,5.360435962677002,9.562615394592283,1.2400000095367432,0.3193755745887756,0.236331820487976,1.3232465982437134,1.4805344343185425,0.9945250153541564,0.8569071888923645,0.5249470472335815,2.7894604206085205,0.3094727993011474,15.603249549865724,2.383306741714477,2.321035385131836,5.830832004547119,2.539999961853028,11.28013038635254,10.899210929870604,6.631640911102295,4.854630470275879,38.90316390991211,1.7946268320083618,18.79393577575684,5.148437023162842,314.0272521972656,0.4521298110485077,1.5757129192352295,2.3209500312805176,2.220908641815185,1.1754732131958008,2.0041000843048096,6.321479320526123,2.619999885559082,5.615810394287109,9.59764289855957,0.5899999737739563,0.3542865812778473,0.6521225571632385,1.3163150548934937,0.73750901222229,11.0604887008667,4.787179946899414,1.2240848541259766,18.332046508789062,3.109999895095825,16.710723876953125,1.956049919128418,3.3370161056518555,7.148985862731934,2.228442430496216,2.5797550678253174,1.2762678861618042,0.1248292997479438,12.75920581817627,7.742378711700439,6.740500926971436,4.1907219886779785,4.0859880447387695,8.130000114440918,10.630084991455078,1.3640822172164917,2.0526933670043945,0.9707086086273192,5.213796615600586,25.09284019470215,4.996849060058594,19.020069122314453,4.716925144195557,5.7012457847595215,1431.1629638671875,1047.9949951171875,853.2734985351562,866.2579956054688,2.3028995990753174
2016-05-31,18.15764045715332,1.3349441289901731,4.967752933502197,8.980657577514648,1.0700000524520874,0.3241664469242096,0.2048207521438598,1.1613109111785889,1.4350285530090332,0.8938137292861938,0.8547298908233643,0.500145673751831,2.4876339435577397,0.2954058647155761,16.2841796875,2.3809192180633545,2.218369722366333,4.551327228546143,2.450000047683716,10.60259246826172,10.234535217285156,5.842538833618164,5.255523204803467,34.125694274902344,1.7406445741653442,16.524381637573242,4.654051303863525,296.6416931152344,0.3966051340103149,1.5234516859054563,2.1581270694732666,2.034461498260498,1.1129144430160522,1.8644527196884155,5.54412841796875,2.700000047683716,5.262368202209473,7.937028884887695,0.5600000023841858,0.3650088310241699,0.5989968180656433,1.3490463495254517,0.7190709710121155,9.91134548187256,4.7709245681762695,1.1165640354156494,16.025304794311523,3.0799999237060547,15.03501796722412,2.022679328918457,3.0771749019622803,6.504868984222412,2.303586483001709,2.409788131713867,1.0996768474578855,0.1248292997479438,11.843924522399902,6.884958744049072,6.07621955871582,5.140404224395752,4.153748989105225,7.71999979019165,10.630084991455078,1.3594400882720947,2.1640803813934326,0.8597701787948608,4.83983325958252,24.65393829345703,4.506298065185547,18.217605590820312,4.29731559753418,5.055524826049805,1286.1829833984375,955.0139770507812,778.0298461914062,801.0670166015625,2.2221901416778564
2016-06-30,16.210819244384766,1.3884849548339844,5.129812717437744,9.026948928833008,0.949999988079071,0.3050034344196319,0.1863992363214492,1.119670271873474,1.3013545274734497,0.8371639251708984,0.8354949355125427,0.4836126863956451,2.578347682952881,0.3024393320083618,15.719504356384276,2.252845525741577,2.2505784034729004,4.202047348022461,2.2100000381469727,10.370182991027832,8.837499618530273,5.635301113128662,5.220156192779541,33.29151153564453,1.6690359115600586,14.81584358215332,4.517669200897217,249.22642517089844,0.3648767173290252,1.6737923622131348,2.28601598739624,2.106435775756836,1.096707105636597,1.6309964656829834,5.55879545211792,2.559999942779541,5.586357116699219,7.624546051025391,0.5400000214576721,0.3812105357646942,0.6056374311447144,1.3331748247146606,0.7098519802093506,9.918906211853027,4.917222023010254,1.05866801738739,15.518943786621094,2.950000047683716,14.980961799621582,1.987683892250061,2.776413917541504,6.667667388916016,2.303586483001709,2.430326223373413,1.0515164136886597,0.1228788271546363,9.645678520202637,6.763384342193604,5.587777137756348,5.291170120239258,3.855601072311402,7.400000095367432,11.35028076171875,1.264192819595337,2.0545928478240967,0.8642078042030334,4.8558855056762695,25.42579460144043,4.313460826873779,17.927352905273438,4.345492362976074,5.0870232582092285,1294.0579833984375,945.3519897460938,768.1679077148438,778.8480224609375,2.1414809226989746
2016-07-31,16.48622703552246,1.444880723953247,4.799459457397461,8.802103042602539,0.9100000262260436,0.3193755745887756,0.1888232082128524,1.0363889932632446,1.2816965579986572,0.7679241299629211,0.8012340664863586,0.5208137631416321,2.55792498588562,0.3006809949874878,16.956804275512695,2.2600202560424805,2.262656688690185,4.045228004455566,2.2300000190734863,10.21291732788086,8.868682861328125,5.746890544891357,5.29796314239502,35.092586517333984,1.6514095067977903,14.790345191955566,4.436691761016846,237.7741851806641,0.4997224509716034,1.648735761642456,2.134147882461548,2.111234188079834,1.2263669967651367,1.7343995571136477,5.375457763671875,2.319999933242798,5.440000057220459,7.017439842224121,0.6600000262260437,0.3955059051513672,0.6109499335289001,1.3093682527542114,0.694487988948822,9.67698097229004,5.551177978515625,1.1000221967697144,15.228257179260254,2.970000028610229,15.938507080078123,2.23096776008606,2.381536960601806,6.306679248809815,2.4124834537506104,2.4818503856658936,0.9792744517326356,0.1209283322095871,8.5582914352417,6.6290130615234375,5.0504913330078125,5.283990859985352,3.462587118148804,7.699999809265137,11.331076622009276,1.1862632036209106,1.879647135734558,0.8512120246887207,4.8478593826293945,25.244176864624023,4.320226669311523,16.877323150634766,4.258774757385254,5.00827693939209,1231.56103515625,924.6630249023438,754.0509643554688,802.375,1.856308937072754
2016-08-31,16.828105926513672,1.3099586963653564,4.874257564544678,8.848394393920898,0.9399999976158142,0.3161818087100982,0.2057904750108719,1.1381772756576538,1.2816965579986572,0.7931024432182312,0.9190443754196168,0.6469210386276245,2.603875637054444,0.2971642017364502,17.571300506591797,2.2600202560424805,2.2364871501922607,3.799307107925415,3.640000104904175,9.380342483520508,8.332321166992188,5.47588586807251,6.344824314117432,35.03570938110352,1.6679346561431885,12.814047813415527,4.334404945373535,206.2428131103516,0.7218213081359863,1.743951439857483,2.325981616973877,2.096839427947998,1.2020556926727295,1.7098811864852903,5.595463275909424,2.190000057220459,5.159999847412109,7.928099632263184,0.9700000286102296,0.3216466009616852,0.6388413310050964,1.2776257991790771,0.7743849754333496,9.70722198486328,5.486156940460205,1.1579182147979736,16.503530502319336,3.140000104904175,16.540834426879883,2.375903367996216,2.4776980876922607,6.462398529052734,2.2365734577178955,2.5261690616607666,0.9311131834983826,0.1170282587409019,9.027667045593262,6.353870391845703,5.040722370147705,5.269632339477539,3.266079902648926,7.639999866485596,10.447636604309082,1.2815104722976685,1.777934432029724,0.883700966835022,4.791675567626953,26.13711166381836,3.917637586593628,17.77368927001953,4.1913275718688965,5.724869728088379,1278.97900390625,931.697021484375,759.6719970703125,795.5150146484375,1.9585405588150024
2016-09-30,16.63817024230957,1.2971090078353882,5.011384963989258,8.431768417358398,0.949999988079071,0.3161818087100982,0.1977916657924652,1.2353386878967283,1.4035755395889282,0.7616299986839294,0.9797531962394714,0.7262212634086609,2.55792498588562,0.2971642017364502,17.538084030151367,2.253703594207764,2.162004947662353,3.763665676116944,4.010000228881836,9.26008415222168,8.132743835449219,5.316471576690674,6.337750434875488,34.618621826171875,1.640392184257507,14.025325775146484,4.283261775970459,239.8564453125,0.6345681548118591,1.974473476409912,2.429891347885132,2.1065924167633057,1.115615963935852,1.687494874000549,5.830134868621826,2.2699999809265137,4.829999923706055,8.142373085021973,0.8700000047683716,0.3416601121425628,0.6308726668357849,1.2855615615844729,0.8051139712333679,9.745022773742676,5.510540008544922,1.0503971576690674,17.14116859436035,3.119999885559082,15.830397605895996,2.355198383331299,2.449054956436157,6.575650215148926,2.378976583480835,2.3488941192626958,0.9311131834983826,0.1131272912025451,9.67697048187256,6.213099479675293,5.02118444442749,5.542446613311768,3.238976001739502,7.53000020980835,10.51485538482666,1.3074870109558103,1.9691541194915767,0.8642078042030334,4.5508880615234375,24.65393829345703,3.8432092666625977,18.251752853393555,4.422573566436768,5.220892429351807,1311.5069580078125,936.4340209960938,764.8799438476562,787.1129760742188,1.974682331085205
2016-10-31,16.381759643554688,1.3499356508255005,5.154745101928711,8.530963897705078,0.959999978542328,0.3225693106651306,0.2108806818723678,1.3001129627227783,1.5254552364349363,0.7805132865905762,1.0416640043258667,0.7053528428077698,2.5221853256225586,0.3024393320083618,16.973413467407227,2.251308917999268,2.198239326477051,3.8492040634155273,3.509999990463257,9.324838638305664,8.076613426208496,5.555593490600586,5.96286153793335,33.17774963378906,1.6932731866836548,13.209307670593262,4.2491655349731445,237.87332153320312,0.6345681548118591,1.9594396352767944,2.525808095932007,2.264946699142456,1.1345245838165283,1.686428785324097,6.167475700378418,2.3399999141693115,5.099999904632568,8.39235782623291,0.8500000238418579,0.3530964255332947,0.6667326092720032,1.2458842992782593,0.9218860268592834,9.752581596374512,5.364242076873779,1.0421262979507446,16.68169403076172,3.0899999141693115,15.784064292907717,2.1740291118621826,2.6700220108032227,6.618119239807129,2.630277156829834,2.400599718093872,0.9391407370567322,0.1170282587409019,9.950773239135742,6.379464626312256,5.3142499923706055,5.635778427124023,3.042469024658203,7.960000038146973,11.18703556060791,1.3334635496139526,1.9935648441314695,0.8901991844177246,4.591019153594971,24.305850982666016,4.266097068786621,16.390722274780273,4.412938594818115,5.173644542694092,1361.907958984375,960.176025390625,785.3578491210938,803.9149780273438,1.990823745727539
2016-11-30,14.169034957885742,1.2871146202087402,4.7059645652771,8.279664039611816,0.8100000023841858,0.356103777885437,0.2166983187198639,1.3093663454055786,1.6276761293411257,0.7427467703819275,1.0098074674606323,0.6344005465507507,2.37922739982605,0.3323315978050232,16.641250610351562,2.648880243301392,2.204278945922852,3.1613364219665527,4.619999885559082,9.012672424316406,6.4862380027771,4.909965515136719,5.481871128082275,31.11125946044922,1.6304775476455688,12.457039833068848,3.614134788513184,203.26817321777344,0.5552472472190857,1.8166160583496092,2.309995412826538,2.2409539222717285,1.2722883224487305,1.5865442752838137,5.346123695373535,1.850000023841858,4.28000020980835,7.847746849060059,0.6800000071525574,0.3669151067733764,0.6401694416999817,1.1744636297225952,0.8020409941673279,9.412376403808594,5.079774379730225,0.8518970012664795,16.23159408569336,3.0799999237060547,19.02736473083496,1.8893344402313232,2.557492017745972,6.200506210327148,2.6637837886810303,2.4523043632507324,0.8829528093338013,0.1072758287191391,10.115056037902832,5.777990341186523,4.698812961578369,4.357856750488281,2.202231884002685,7.21999979019165,10.293996810913086,1.1776041984558103,1.6762220859527588,0.8122256994247437,4.438520431518555,22.096227645874023,4.634856224060059,14.726040840148926,4.017894268035889,4.716914653778076,1230.89501953125,904.3040161132812,739.9481201171875,790.6370239257812,1.6787487268447876
2016-12-31,15.12820053100586,1.258560061454773,4.874257564544678,9.060017585754396,0.8500000238418579,0.3640883862972259,0.2225154787302017,1.378767490386963,1.7023760080337524,0.7490409016609192,1.0831384658813477,0.584315836429596,2.5375025272369385,0.3393650650978088,17.60451889038086,3.047914505004883,2.421687364578247,3.517745018005371,6.440000057220459,9.162259101867676,6.735708713531494,4.925906181335449,5.679925441741943,31.37667465209961,1.739543318748474,14.662840843200684,3.741992950439453,231.2299346923828,0.6028398275375366,1.9544283151626587,2.389925718307495,2.5818259716033936,1.3884419202804563,1.6810991764068604,5.588129043579102,1.7899999618530271,4.380000114440918,8.338788986206055,0.7400000095367432,0.3945531249046325,0.6879827976226807,1.2379484176635742,0.8143330216407776,10.432994842529297,5.250455379486084,0.9511470198631288,16.484777450561523,2.8299999237060547,20.60268211364746,1.9152159690856931,2.895081043243408,6.476555824279785,2.5716402530670166,2.8290140628814697,0.9471672773361206,0.1131272912025451,10.975577354431152,6.238694190979004,4.894190311431885,4.637850761413574,2.2903220653533936,7.409999847412109,11.83041286468506,1.264192819595337,1.688427448272705,0.9161897897720336,4.237864017486572,22.701601028442383,4.787095069885254,13.795525550842283,4.1913275718688965,5.000401973724365,1295.4949951171875,954.9860229492188,781.3828735351562,835.8590087890625,1.845547556877136
2017-01-31,15.65051555633545,1.5134128332138062,5.235774517059326,9.377447128295898,0.8600000143051147,0.4199790060520172,0.2549962103366852,1.3833942413330078,1.8124607801437376,0.7679241299629211,1.2646631002426147,0.6051842570304871,2.757045269012451,0.3903577327728271,18.98298454284668,3.275728940963745,2.566625595092773,3.8527681827545166,10.18000030517578,10.069136619567873,7.390570163726807,5.300530433654785,6.634832382202148,36.609283447265625,1.956572771072388,15.695616722106934,3.8016610145568848,234.40289306640625,0.6662966012954712,2.035862684249878,2.4538702964782715,2.7545886039733887,1.5694257020950315,1.9196858406066892,6.101474285125732,1.9700000286102293,4.860000133514404,10.026188850402832,0.8199999928474426,0.4045599102973938,0.7915787696838379,1.2300125360488892,0.90652197599411,11.483854293823242,5.713730335235596,1.025584697723389,17.30057716369629,2.75,20.80345916748047,2.179205656051636,3.244946002960205,7.064046859741211,2.889954090118408,2.9841294288635254,0.955193817615509,0.1131272912025451,12.149018287658691,7.256081581115723,5.411938667297363,5.413218975067139,2.5816938877105717,7.96999979019165,12.502593040466309,1.3421225547790527,1.7372499704360962,0.9356839656829834,4.5187835693359375,23.791275024414062,5.544910907745361,15.537039756774902,4.73090124130249,5.1185221672058105,1434.614013671875,1058.5030517578125,862.952392578125,933.6190185546876,2.060772180557251
2017-02-28,15.830952644348145,1.4134703874588013,5.416533946990967,9.582454681396484,0.8399999737739563,0.4215755462646484,0.2540265321731567,1.341753602027893,1.8124607801437376,0.7742190957069397,1.2851001024246216,0.6344005465507507,2.685565948486328,0.4255251288414001,17.338787078857422,3.6330373287200928,2.6773431301116943,3.688820362091065,11.09000015258789,9.79801082611084,7.297018051147461,5.077350616455078,7.059235095977783,33.23463439941406,1.890472650527954,15.74661636352539,3.920994997024536,243.42601013183597,0.5631792545318604,2.092240571975708,2.5018293857574463,2.706598997116089,1.604541897773743,2.01314115524292,6.321479320526123,2.0999999046325684,4.940000057220459,10.061901092529297,0.699999988079071,0.4117076396942138,0.8407209515571594,1.2300125360488892,1.004855990409851,11.211688995361328,5.9006667137146,1.0090429782867432,18.472700119018555,2.7699999809265137,21.313119888305664,2.2361443042755127,3.10172700881958,7.127750396728516,2.806187152862549,2.8954918384552,0.955193817615509,0.1131272912025451,11.867392539978027,7.601608753204346,5.33378791809082,5.664495468139648,2.3716349601745605,7.050000190734863,13.049942016601562,1.4633466005325315,1.8918522596359253,0.9616744518280028,4.623124599456787,23.47345542907715,5.761429309844971,15.767532348632812,5.106675624847412,4.819284915924072,1485.3360595703125,1074.06494140625,874.7783813476562,934.4459838867188,2.071533203125
2017-03-31,15.15669059753418,1.4141842126846311,5.456639289855957,9.14979648590088,0.8799999952316284,0.4407386183738708,0.2603287398815155,1.4342882633209229,2.09946608543396,0.7868082523345947,1.4918700456619265,0.9557747840881348,2.746091842651367,0.4345404803752899,18.816904067993164,4.074277877807617,2.9591689109802246,3.578334093093872,10.81999969482422,10.452454566955566,7.452937126159668,5.045467376708984,6.380190849304199,33.78443145751953,1.8597484827041624,14.917848587036133,3.6056103706359854,233.90711975097656,0.5393829345703125,2.305222988128662,2.317988157272339,2.9273502826690674,1.5937368869781494,1.9570677280426023,6.49748420715332,2.259999990463257,4.559999942779541,9.258378028869627,0.6800000071525574,0.4531643092632293,0.8805654644966125,1.2079988718032837,0.9249590039253236,11.604818344116213,6.599644184112549,0.9594178795814514,20.77944564819336,2.4800000190734863,18.70012664794922,2.624363899230957,2.938046932220459,7.078203678131104,2.7978105545043945,3.080153703689575,0.9471672773361206,0.1170282587409019,11.86076545715332,7.659195899963379,5.343555927276611,6.44329833984375,2.473275899887085,6.940000057220459,13.069147109985352,1.6624999046325684,1.834893822669983,0.9221351146697998,4.73549222946167,24.744747161865234,6.103123664855957,15.758996963500977,5.164486885070801,5.472880840301514,1484.22900390625,1090.136962890625,889.4692993164062,959.5910034179688,2.04463005065918
2017-04-30,15.21367073059082,1.429175853729248,6.083544731140137,8.938870429992676,0.8999999761581421,0.4215755462646484,0.2838007807731628,1.3833942413330078,2.3652589321136475,0.8121885657310486,1.7010443210601809,1.0392484664916992,2.941852569580078,0.4507681429386139,20.24236869812012,4.683381080627441,3.4772424697875977,3.834948062896729,10.56999969482422,10.854474067687988,7.284543514251709,5.4679155349731445,7.038015365600586,34.23944091796875,1.804377555847168,15.35948085784912,3.878376483917236,236.4851531982422,0.5869756937026978,2.656017780303955,2.357953786849976,2.928032159805298,1.887723088264465,2.2433021068573,7.257837295532227,2.299999952316284,4.880000114440918,10.730023384094238,0.7900000214576721,0.4746073186397552,0.9688593745231628,1.244863986968994,0.9710540175437928,12.888452529907228,7.095705509185791,1.0917513370513916,22.80487823486328,2.549999952316284,20.92333030700684,2.761115074157715,3.261313915252685,7.641570091247559,3.0323574542999268,3.294360876083374,0.9632214307785034,0.1306807547807693,12.11451530456543,7.940738201141357,5.919918060302734,6.823193073272705,2.98826003074646,7.739999771118164,14.577125549316406,1.7664064168930054,2.1115520000457764,1.009003520011902,5.120752334594727,25.02870178222656,6.509257316589356,17.410892486572266,5.848588466644287,5.74061918258667,1630.4090576171875,1166.654052734375,946.5479736328124,998.4990234375,2.319041013717652
2017-05-31,17.30634117126465,1.4964736700057983,6.096338748931885,8.655211448669434,1.0,0.4535134434700012,0.3065368831157684,1.679505467414856,2.419297695159912,0.8056389689445496,1.7289650440216064,1.0893323421478271,2.8929121494293213,0.4651926755905151,20.857324600219727,5.261310577392578,3.904229164123535,4.038099765777588,12.15999984741211,11.733301162719728,7.01012659072876,5.88239336013794,6.775895118713379,35.09080123901367,1.7803033590316772,18.03595733642578,3.920994997024536,260.1832580566406,0.5869756937026978,3.2900400161743164,2.4378840923309326,2.8744051456451416,1.8529261350631716,2.296686887741089,7.265405654907227,3.109999895095825,4.860000133514404,11.775420188903809,0.8100000023841858,0.5546489953994751,0.9688593745231628,1.2896430492401123,1.0325130224227903,12.37908935546875,7.9191575050354,1.240626573562622,25.280406951904297,2.5799999237060547,20.49761009216309,3.109769344329834,3.748260974884033,7.728241443634033,3.3431355953216557,3.5691380500793457,0.9632214307785034,0.1365322172641754,14.152702331542969,7.780771732330322,7.072641372680664,7.180739402770996,3.611660957336426,7.769999980926514,14.439138412475586,1.818359375,2.0464558601379395,1.0404582023620603,5.17693567276001,26.280941009521484,6.909266471862793,17.807769775390625,6.223453521728516,5.417758464813232,1654.52001953125,1197.4620361328125,975.4108276367188,1031.31396484375,2.367466449737549
2017-06-30,18.13544464111328,1.5773643255233765,6.269057750701904,8.495199203491211,1.0800000429153442,0.5205824971199036,0.35789355635643,1.8044272661209104,2.377729177474976,0.8383886218070984,1.595205783843994,1.0517699718475342,3.0125439167022705,0.5084664225578308,22.25806427001953,5.248173713684082,3.8281562328338623,4.145021915435791,13.010000228881836,12.374234199523926,7.515304565429687,5.715007781982422,6.35381555557251,38.29639053344727,1.8224334716796875,18.29150009155273,4.014759063720703,247.98716735839844,0.5869756937026978,3.353855609893799,2.3499605655670166,2.879767894744873,2.044308423995972,2.4398038387298584,7.409200668334961,2.7799999713897705,4.989999771118164,12.384678840637209,0.7900000214576721,0.5656819939613342,1.0296725034713743,1.3075544834136963,0.9771999716758728,12.48713493347168,7.340988636016846,1.4473977088928225,25.8430290222168,2.9200000762939453,17.47027015686035,3.4078116416931152,3.840331077575684,7.894363880157471,3.514578104019165,3.485782623291016,0.9873010516166688,0.1365322172641754,15.44600772857666,7.700360774993896,7.863918304443359,6.495442390441895,4.512883186340332,7.699999809265137,14.242018699645996,1.7231121063232422,2.0442006587982178,1.110865354537964,5.0083842277526855,25.34978675842285,7.360188007354736,19.153705596923828,6.327586650848389,5.409883975982666,1706.126953125,1233.0770263671875,1004.398681640625,1089.5369873046875,2.4158921241760254
2017-07-31,20.870532989501957,1.4906957149505615,6.691259860992432,8.931596755981445,1.1699999570846558,0.5078074932098389,0.3726054728031158,1.9154688119888303,2.3818862438201904,0.9431871175765992,1.6249297857284546,1.018380045890808,3.616140365600586,0.5138756632804871,22.206817626953125,5.7763519287109375,3.9557623863220215,4.5620198249816895,13.170000076293944,13.009541511535645,8.513188362121582,5.81862735748291,6.745746612548828,40.30700302124024,1.8128032684326167,18.82948303222656,4.091474533081055,254.88861083984372,0.658364474773407,3.403489828109741,2.5417943000793457,2.9602086544036865,2.2733864784240723,2.5556602478027344,7.976809501647949,3.359999895095825,5.369999885559082,14.211771965026855,0.9100000262260436,0.5556517243385315,1.046257495880127,1.3254669904708862,1.1923069953918457,12.641486167907717,7.481150150299072,1.6707104444503784,27.905969619750977,3.0899999141693115,19.99305534362793,3.615879774093628,4.930844783782959,7.807692050933838,3.3345632553100586,3.742687702178955,1.115730881690979,0.1501856297254562,17.451452255249023,8.551523208618164,8.625886917114258,8.141648292541504,4.180853843688965,7.800000190734863,15.22762680053711,1.9049479961395264,2.193776607513428,1.1969186067581177,5.819036960601807,26.21672248840332,7.883838176727295,18.325437545776367,6.885040283203125,5.669747352600098,1826.9820556640625,1320.64794921875,1075.3082275390625,1170.0169677734375,2.4427947998046875
2017-08-31,18.287921905517575,1.5311410427093506,6.614494800567627,8.109716415405273,1.059999942779541,0.5078074932098389,0.3354249000549316,1.7165192365646362,2.805886745452881,0.9759367108345032,1.4899321794509888,1.243759274482727,3.697706937789917,0.5264971256256104,20.49860000610352,6.482190132141113,3.842880725860596,3.874152421951294,24.739999771118164,14.507722854614258,7.384332180023193,5.7628326416015625,9.021964073181152,38.06878280639648,1.7249315977096558,22.46088409423828,3.861328363418579,182.0632781982422,0.7297534346580505,3.226224422454834,2.3499605655670166,2.8690428733825684,2.3835761547088623,2.699913024902344,8.128172874450684,3.609999895095825,5.03000020980835,13.95748519897461,1.2000000476837158,0.5165354609489441,1.0352007150650024,1.2717316150665283,1.1093369722366333,13.922616004943848,6.7014994621276855,1.9684611558914185,27.09954643249512,2.630000114440918,18.211336135864254,3.509033679962158,5.736967086791992,7.65601634979248,3.36885142326355,3.692785501480103,1.220080018043518,0.1560370773077011,17.36959457397461,8.784262657165527,9.534390449523926,9.54204273223877,3.6997499465942383,7.199999809265137,15.572588920593262,2.2686197757720947,2.2934937477111816,1.1890950202941897,5.762852668762207,26.650190353393555,8.531126976013184,17.807769775390625,7.041518688201904,6.5832061767578125,1834.3389892578125,1354.2659912109375,1100.09912109375,1194.1739501953125,2.6149744987487797
2017-09-30,16.362878799438477,1.5109184980392456,6.013177871704102,8.102442741394043,0.9300000071525574,0.4902417063713074,0.318306028842926,1.5823439359664917,2.731062889099121,0.9235374927520752,1.410666823387146,1.2280350923538208,3.75208592414856,0.5156787037849426,19.40534019470215,6.319921493530273,3.695643663406372,3.53556489944458,17.979999542236328,14.081024169921877,7.328201770782471,5.563564777374268,7.959227085113525,35.31842422485352,1.706875920295715,22.407087326049805,3.580039501190185,172.11447143554688,0.690092921257019,3.048959970474243,2.142141103744507,2.796929359436035,2.2414896488189697,2.589735507965088,7.325952053070068,3.559999942779541,4.650000095367432,11.414624214172363,1.25,0.5651803016662598,0.9370707273483276,1.2269524335861206,0.9710540175437928,12.618334770202637,6.237212181091309,1.8774815797805784,24.136415481567383,2.299999952316284,15.925068855285645,3.3628244400024414,5.098617076873779,7.237101078033447,2.811662197113037,3.4100043773651123,1.163892149925232,0.1423836797475814,14.44737720489502,8.746675491333008,8.547737121582031,8.722663879394531,3.3812739849090576,6.269999980926514,15.217771530151367,2.208008050918579,2.7380661964416504,1.0873966217041016,5.449828624725342,24.932374954223636,8.843862533569336,16.69478416442871,6.131989479064941,5.9138617515563965,1637.1240234375,1261.14501953125,1029.071533203125,1160.9010009765625,2.3244216442108154
2017-10-31,16.563007354736328,1.5860309600830078,6.4033942222595215,8.262454986572266,0.9200000166893004,0.4998228847980499,0.3570914268493652,1.5869706869125366,3.101024389266968,0.8514887094497681,1.5221331119537354,1.4189664125442505,3.670518398284912,0.5156787037849426,17.697124481201172,8.15582275390625,3.95330810546875,3.7351536750793457,26.899999618530277,14.668919563293455,7.64315938949585,5.898334503173828,8.464215278625488,36.60824966430664,1.7249315977096558,23.53685569763184,3.5715150833129883,200.4685821533203,0.7297534346580505,3.268768310546875,2.110168695449829,3.1046996116638184,2.5807576179504395,3.107898235321045,7.893560886383057,3.849999904632568,4.71999979019165,10.416316032409668,1.3200000524520874,0.5631741285324097,0.9868271350860596,1.1911286115646362,1.0140750408172607,13.08910846710205,6.359854698181152,2.00154447555542,24.473987579345703,2.069999933242798,17.37566566467285,3.7339723110198975,6.125706195831299,7.612679481506348,3.154547929763794,3.7011022567749023,1.2281064987182615,0.1462846547365188,15.44600772857666,9.766777992248535,10.140057563781738,9.54204273223877,3.781064033508301,7.420000076293945,15.217771530151367,2.415820360183716,2.7422213554382324,1.0717504024505615,5.17693567276001,24.30626106262207,9.927526473999023,17.46265983581543,6.19066858291626,7.780153751373291,1713.136962890625,1350.4849853515625,1101.420166015625,1254.333984375,2.475078582763672
2017-11-30,13.96133804321289,1.687144160270691,5.750901222229004,7.586039066314697,0.800000011920929,0.5062103271484375,0.3257958889007568,1.623984456062317,2.70196533203125,0.7532397508621216,1.4775466918945312,1.3321796655654907,3.888030529022217,0.5156787037849426,16.91988754272461,8.002030372619629,3.6146628856658936,3.168465375900269,20.3799991607666,13.822653770446776,6.408278465270996,5.4280619621276855,7.642667293548584,33.21296691894531,1.6430792808532717,22.837474822998047,3.2177734375,219.2718505859375,0.6345681548118591,2.9709627628326416,1.966293215751648,3.045305728912353,2.496665477752685,3.194954395294189,7.27297306060791,4.309999942779541,3.640000104904175,8.363189697265625,1.0299999713897705,0.5380997657775879,0.8527621030807495,1.1463494300842283,0.8358439803123474,12.726381301879885,5.78168535232544,1.7865023612976074,22.26101303100586,1.870000004768372,16.871109008789062,3.666490793228149,5.425975799560547,7.345441341400146,2.828806638717652,3.484858274459839,1.075597047805786,0.1443341672420501,15.97806453704834,10.48360538482666,11.976600646972656,10.547643661499023,3.001811981201172,7.119999885559082,15.375465393066406,1.8988608121871948,2.704826593399048,1.0561044216156006,4.566940307617188,23.599868774414062,8.81477165222168,15.685332298278809,5.662554740905762,5.409883975982666,1527.7530517578125,1279.22705078125,1039.8385009765625,1171.489013671875,2.232951164245605
2017-12-31,15.686254501342772,1.7478119134902954,6.301042556762695,7.913336753845215,0.9100000262260436,0.5285664796829224,0.343716949224472,1.9108421802520752,3.017887592315674,1.0152360200881958,1.5481419563293457,1.635933518409729,4.486188411712647,0.5589525103569031,18.38041114807129,7.647555828094482,3.94349217414856,3.742281675338745,21.420000076293945,14.921205520629885,7.203466415405273,5.79471492767334,8.848609924316406,32.45425033569336,1.6478937864303589,24.868370056152344,3.511847496032715,209.1240692138672,0.690092921257019,3.1269562244415283,2.2460505962371826,3.278855085372925,2.905527353286743,3.4967479705810547,8.113036155700684,5.659999847412109,4.230000019073486,10.152610778808594,1.340000033378601,0.5767143964767456,0.9633309245109558,1.2179962396621704,0.9956369996070862,14.262191772460938,6.719019412994385,2.6549408435821533,25.8430290222168,2.2100000381469727,19.52003288269043,4.369422435760498,6.915460109710693,8.031593322753906,3.085970878601074,3.909029483795166,1.468912124633789,0.1501856297254562,18.38459587097168,10.992051124572754,15.327312469482422,12.663132667541504,3.4896910190582275,7.590000152587891,16.272369384765625,2.111816883087158,2.76712703704834,1.1265114545822144,5.168910026550293,24.4025821685791,8.836588859558105,16.970874786376953,6.620983600616455,5.961109638214111,1713.782958984375,1421.1240234375,1153.3238525390625,1294.1219482421875,2.335182905197144
2018-01-31,16.057920455932617,2.010706186294556,6.98552131652832,8.291547775268555,1.0199999809265137,0.6355573534965515,0.4001559913158417,2.313368320465088,2.980475425720215,1.047985553741455,1.5852973461151123,1.6532912254333496,4.045726776123047,0.6725460886955261,16.27930450439453,7.993861675262451,3.911591291427612,3.688820362091065,21.07999992370605,14.357600212097168,7.624448299407959,6.3048415184021,10.936400413513184,34.12343215942383,1.6828011274337769,24.19588851928711,3.784613132476807,248.9193115234375,0.6742287874221802,3.353855609893799,2.118161916732788,3.072227716445923,2.8852293491363525,3.482239246368408,9.301233291625977,5.929999828338623,4.5,9.549859046936035,1.1699999570846558,0.7732993960380554,1.112598896026611,1.2985992431640625,0.9802730083465576,14.123273849487305,7.1570258140563965,2.7955455780029297,24.586509704589844,2.450000047683716,19.47273063659668,4.465021133422852,7.308290958404541,8.284385681152344,3.420284509658813,4.158542156219482,1.4929929971694946,0.1482351273298263,18.122657775878903,11.084362983703612,16.099050521850586,12.08211612701416,3.848824977874756,9.199999809265137,15.720429420471191,2.1561827659606934,2.7421979904174805,1.267325758934021,5.088647365570068,25.365840911865234,8.392940521240234,20.499643325805664,7.364254951477051,8.071515083312988,1899.219970703125,1464.8050537109375,1195.2816162109375,1316.4150390625,2.507361888885498
2018-02-28,15.343177795410156,1.8677029609680176,6.812801837921143,7.840604305267334,0.9399999976158142,0.6706889867782593,0.4135305285453796,2.206953287124634,2.8349850177764893,1.047985553741455,1.5085097551345823,1.6489520072937012,4.083791732788086,0.7410627603530884,16.151187896728516,7.517691612243652,3.847787857055664,3.457155466079712,18.959999084472656,14.405367851257324,6.819905281066895,5.699066162109375,10.212834358215332,35.09080123901367,1.6105782985687256,22.99887084960937,3.626920700073242,228.9221954345703,0.6345681548118591,2.963871955871582,2.118161916732788,2.990663290023804,3.3143889904022217,3.64474368095398,8.88498592376709,5.590000152587891,4.519999980926514,9.088376998901367,1.0700000524520874,0.8675796389579773,1.0559320449829102,1.235907793045044,0.946470022201538,13.907180786132812,6.613898277282715,2.845170497894287,22.57983016967773,2.2699999809265137,18.74742889404297,4.521255493164063,7.271462917327881,7.764356136322021,3.214553117752075,3.9838831424713135,1.2923210859298706,0.1443341672420501,18.973949432373047,10.842936515808104,18.5705680847168,13.497407913208008,3.252527952194214,8.199999809265137,15.000935554504396,2.1384365558624268,2.5261459350585938,1.3142632246017456,5.265224933624268,24.852108001708984,8.531126976013184,19.65411949157715,7.217556953430176,8.528244972229004,1830.4090576171875,1465.5389404296875,1189.501708984375,1337.258056640625,2.5611684322357178
2018-03-31,16.16274642944336,1.9168152809143064,6.398013114929199,8.231823921203613,0.9399999976158142,0.7058285474777222,0.4440238773822784,2.068150997161865,2.801729917526245,1.0283359289169312,1.4242907762527466,1.3972697257995603,4.2454023361206055,0.7650409936904907,15.848258018493652,7.450354099273682,4.31368350982666,3.328848123550415,16.299999237060547,13.736682891845703,7.362503528594971,5.603417873382568,9.300838470458984,34.18033981323242,1.6885205507278442,23.604103088378903,3.473489761352539,244.24337768554688,1.0708338022232056,3.077322244644165,2.022244930267334,2.985226392745972,3.0447142124176025,3.601215124130249,8.309806823730469,4.75,4.130000114440918,8.466787338256836,1.3200000524520874,0.7226482629776001,0.9895913004875184,1.2243471145629885,0.8604270219802856,12.649205207824709,7.060665130615234,3.275254249572754,22.26101303100586,2.2100000381469727,18.465106964111328,4.571866512298584,7.296014785766602,7.583789348602295,3.2059812545776367,4.299933433532715,1.3725895881652832,0.1423836797475814,20.282855987548828,10.750625610351562,18.756175994873047,12.73762035369873,3.083125114440918,8.229999542236328,14.082145690917969,2.1473095417022705,2.418120145797729,1.2276090383529663,5.353514194488525,24.992908477783203,8.915189743041992,19.101940155029297,6.386266708374023,9.189715385437012,1687.22705078125,1401.2860107421875,1149.2958984375,1322.7840576171875,2.383608341217041
2018-04-30,16.29616928100586,1.9341486692428589,5.63745641708374,7.70622444152832,0.8299999833106995,0.7546268701553345,0.3768218457698822,1.901588797569275,2.4276111125946045,1.0596877336502075,1.4069513082504272,1.1933200359344482,4.446197986602783,0.7947512865066528,15.963295936584473,6.055517673492432,3.97430419921875,3.132824420928955,15.699999809265137,13.18262767791748,7.484121322631836,5.47588586807251,9.353599548339844,33.55439376831055,1.5686253309249878,24.813570022583008,3.1879398822784424,249.2177734375,0.8170066475868225,2.8787851333618164,1.926328539848328,2.704355239868164,2.9461238384246826,3.359004497528076,7.272045135498047,4.53000020980835,3.759999990463257,8.01952075958252,1.340000033378601,0.5812277793884277,0.8868305683135986,1.1579101085662842,0.7743849754333496,10.76142120361328,6.451087474822998,3.366233587265014,21.342065811157227,2.009999990463257,12.99995231628418,4.0376386642456055,5.765611171722412,7.13808536529541,2.9873554706573486,3.742687702178955,1.1959993839263916,0.1365322172641754,18.518386840820312,9.863021850585938,16.313966751098633,11.89219856262207,2.818856954574585,5.989999771118164,13.037474632263184,1.889987587928772,2.32671332359314,1.1152788400650024,5.048515796661377,20.83896255493164,8.439929962158203,18.37720489501953,5.89553689956665,7.803777694702148,1477.407958984375,1269.282958984375,1042.822509765625,1248.1099853515625,2.1414809226989746
2018-05-31,15.010969161987305,1.828091025352478,5.390608787536621,7.288836002349853,0.7200000286102295,0.6796866059303284,0.3320848345756531,1.86920166015625,1.9786697626113887,0.9179461002349854,1.3178651332855225,1.0371040105819702,4.543726921081543,0.8096064925193787,14.72445583343506,5.694784164428711,3.5277538299560547,2.501982927322388,12.649999618530272,13.287704467773438,5.8376145362854,5.005614280700684,7.380248546600342,33.9422721862793,1.4237524271011353,27.36790657043457,3.3671114444732666,255.1870574951172,0.7535496950149536,2.5589635372161865,1.798001408576965,2.703630924224853,3.515618085861206,3.886202812194824,7.066754817962647,3.049999952316284,3.240000009536743,7.531714916229248,1.2799999713897705,0.4348152875900268,0.8637581467628479,1.0257240533828735,0.691415011882782,11.11619472503662,6.121669769287109,3.945192575454712,18.566469192504883,1.7300000190734863,12.434035301208496,2.775804042816162,5.446435928344727,6.937326431274414,3.419156551361084,3.3932271003723145,1.0194091796875,0.1228788271546363,18.67255973815918,8.613280296325684,16.255352020263672,11.59837245941162,2.50715708732605,5.110000133514404,12.92255973815918,1.641538381576538,2.3350229263305664,0.9708539247512816,4.8558855056762695,20.16394424438477,8.693946838378906,15.09001350402832,5.422316551208496,6.984813213348389,1407.886962890625,1236.4859619140625,1006.5177001953124,1236.2960205078125,2.179145097732544
2018-06-30,14.349989891052246,1.725306272506714,5.030345916748047,7.366128921508789,0.7599999904632568,0.6674875020980835,0.3277831673622131,1.9386026859283447,2.032787084579468,0.9246953129768372,1.2218656539916992,1.141248345375061,4.956793308258057,0.7928943634033203,13.423678398132324,5.552688121795654,3.265777349472046,2.644545555114746,12.18000030517578,13.064385414123535,5.566315174102783,4.917935848236084,7.460382461547852,32.19384765625,1.3650537729263306,28.6961612701416,3.2413692474365234,272.29901123046875,0.7773460149765015,2.52903413772583,1.7547802925109863,2.806452989578247,3.170278549194336,3.6873741149902335,6.616693019866943,2.930000066757202,3.5299999713897705,7.219520092010498,1.309999942779541,0.4703449606895447,0.8219401836395264,0.9958486557006836,0.749800980091095,11.234452247619627,5.828854560852051,3.630900859832764,19.279125213623047,1.9600000381469729,12.23192024230957,2.8645830154418945,5.02086877822876,6.565550804138184,3.392719268798828,3.650940179824829,1.01138174533844,0.1228788271546363,19.135093688964844,8.846847534179688,13.178167343139648,13.454111099243164,3.29996109008789,5.679999828338623,12.63005542755127,1.535060167312622,2.293020009994507,0.9173641204833984,4.02115535736084,17.723499298095703,8.88241195678711,15.633567810058594,4.840649604797363,7.055685520172119,1327.551025390625,1181.0389404296875,965.1958618164062,1193.333984375,2.063496351242065
2018-07-31,13.70816707611084,1.5123964548110962,4.816856384277344,6.825070858001709,0.699999988079071,0.6291458606719971,0.336386501789093,1.9802433252334597,2.196293354034424,0.884198009967804,1.3374568223953247,1.2106776237487793,3.792176961898804,0.7928943634033203,11.114133834838867,6.535124778747559,3.07227110862732,2.630289316177368,13.949999809265137,13.773459434509276,6.0527825355529785,5.8106560707092285,7.62064790725708,28.031831741333008,1.2451586723327637,29.557342529296875,3.013169050216675,352.6628112792969,0.8011423349380493,2.6637163162231445,1.5127416849136353,2.927420854568481,3.440950632095337,3.554821491241455,5.598132610321045,2.8399999141693115,3.5299999713897705,6.751226902008057,1.309999942779541,0.4455300569534302,0.7296522855758667,0.9958486557006836,0.749800980091095,10.911214828491213,7.228877544403076,3.614358901977539,18.11637687683105,1.7300000190734863,12.05406093597412,2.897135019302368,5.917015075683594,6.297873020172119,3.366282224655152,4.30381441116333,1.01138174533844,0.1111768037080764,24.90816879272461,9.385668754577637,16.87078857421875,15.085615158081056,3.3270649909973145,5.570000171661377,12.01369857788086,1.5794260501861572,1.9714890718460083,0.8143946528434753,3.8445775508880615,17.67157745361328,8.808664321899414,15.12452793121338,4.061808109283447,7.307673931121826,1193.363037109375,1194.5050048828125,969.516845703125,1199.97705078125,1.771098017692566
2018-08-31,12.664010047912598,1.538826823234558,3.862824678421021,7.188352584838867,0.6499999761581421,0.5507208704948425,0.3206135928630829,1.9386026859283447,2.138845920562744,0.8571991324424744,1.4798225164413452,1.0284247398376465,4.279823303222656,0.7966082096099854,11.777795791625977,6.212460994720459,3.572408676147461,2.1740875244140625,11.720000267028809,14.093998908996582,5.023716449737549,4.7744622230529785,6.114147663116455,27.42368698120117,1.2326701879501345,34.30110549926758,2.6918270587921143,478.3001403808594,0.983580768108368,2.775951862335205,1.5991840362548828,3.114920854568481,3.671176433563232,4.033819198608398,4.737488746643066,2.2699999809265137,3.009999990463257,6.150000095367432,1.1100000143051147,0.3434533178806305,0.5768000483512878,0.9360977411270142,0.6391739845275879,11.84938907623291,7.970066070556641,3.5068376064300537,12.696466445922852,1.9900000095367432,11.512395858764648,3.59375,4.869465827941895,5.316385746002197,2.731799602508545,5.283125400543213,0.8347914814949036,0.089721456170082,28.02597427368164,7.754644870758057,15.903675079345703,15.650069236755373,2.9814839363098145,4.809999942779541,12.003250122070312,1.4108357429504397,1.548422932624817,0.7020642757415771,2.913531541824341,15.861149787902832,9.710016250610352,12.88992691040039,3.470000028610229,6.772198677062988,978.85400390625,1144.10400390625,927.2290649414062,1243.7640380859375,1.420220136642456
2018-09-30,13.171719551086426,1.5549784898757937,4.616710186004639,6.492705345153809,0.5899999737739563,0.6308889985084534,0.2882083654403686,2.026510715484619,2.124745607376098,1.0259395837783811,1.5307608842849731,0.9633345603942872,3.757754325866699,0.8114632964134216,12.335272789001465,6.661888122558594,3.7153048515319824,2.241804599761963,15.229999542236328,15.76468563079834,5.772128582000732,5.412120342254639,6.915477752685547,32.07981872558594,1.1252636909484863,37.84069442749024,2.514855146408081,526.8985595703125,0.8645991086959839,2.7460224628448486,1.5559626817703247,3.151211738586426,3.456505060195923,3.955491781234741,6.103465557098389,2.549999952316284,3.0899999141693115,6.71999979019165,1.0,0.3682674467563629,0.6402484178543091,0.9062222838401794,0.636102020740509,13.520760536193848,8.738706588745117,3.3745040893554688,15.171996116638184,2.0899999141693115,13.388009071350098,3.4960930347442627,5.573287963867188,5.643548488616943,2.9256694316864014,5.016821384429932,0.8909793496131897,0.0858204811811447,26.74116325378418,8.63890266418457,18.69756317138672,16.686193466186523,3.2118709087371826,5.110000133514404,11.167515754699709,1.499567627906799,1.4807322025299072,0.8050337433815002,2.92958402633667,16.595012664794922,10.947327613830566,14.520581245422363,3.809999942779541,6.441462993621826,1167.2149658203125,1239.510009765625,999.5636596679688,1267.260009765625,1.5622422695159912
2018-10-31,10.748123168945312,1.3751059770584106,4.329833030700684,5.835705757141113,0.5799999833106995,0.601261556148529,0.2580970525741577,1.7535332441329956,1.6774308681488037,0.884198009967804,1.611739993095398,0.7376890778541565,3.367636442184448,0.82817542552948,13.706841468811035,6.049688816070557,3.590270757675171,1.8853963613510127,12.140000343322754,15.269309043884276,6.277307033538818,4.798375129699707,6.242360591888428,26.397430419921875,0.937928318977356,39.59223937988281,2.314598560333252,504.84466552734375,0.8645991086959839,2.207293033599853,1.434943437576294,2.806452989578247,2.7782716751098637,3.6000096797943115,5.479695796966553,2.3299999237060547,2.9600000381469727,6.130000114440918,0.7699999809265137,0.3175107836723327,0.5753580331802368,0.8663883209228516,0.5408400297164917,12.1095552444458,9.928269386291504,2.5226073265075684,13.624789237976074,2.200000047683716,11.528565406799316,3.320312023162842,4.09198808670044,5.294079780578613,2.652489423751831,4.0117387771606445,0.7384688854217529,0.0785870030522346,19.83745574951172,8.392290115356445,13.686147689819336,16.34597396850586,2.3580830097198486,4.429999828338623,10.989923477172852,1.224498987197876,1.311505675315857,0.6646208763122559,2.5603761672973637,12.544916152954102,10.660533905029297,12.596582412719728,3.400000095367432,5.220892429351807,1074.5369873046875,1124.593017578125,902.0022583007812,1136.2860107421875,1.3366777896881104
2018-11-30,11.389944076538086,1.519737958908081,5.103732585906982,5.25600004196167,0.6600000262260437,0.6361169815063477,0.236301839351654,1.425034761428833,1.866679310798645,0.8706985712051392,1.6248009204864502,0.8182787299156189,3.4422175884246826,0.8021789193153381,13.90151596069336,6.43532657623291,3.521799087524414,1.8853963613510127,11.859999656677246,16.474409103393555,6.548605918884277,4.997642517089844,6.6109724044799805,27.689746856689453,0.9366790056228638,38.02314758300781,2.1841986179351807,523.505615234375,0.920123815536499,2.259669542312622,1.426299214363098,2.854840040206909,2.3738200664520264,3.370266914367676,6.52194356918335,2.9600000381469727,2.900000095367432,7.190000057220459,1.0199999809265137,0.3169465661048889,0.6099662184715271,1.0058071613311768,0.5500590205192566,11.94399642944336,9.269433975219728,2.075982093811035,14.796916007995604,2.150000095367432,13.921589851379396,3.4700520038604736,5.164089202880859,6.059937000274658,2.5467424392700195,4.278042793273926,0.9792744517326356,0.067671999335289,19.87171745300293,9.401159286499023,16.655874252319336,15.55728244781494,2.276768922805786,4.739999771118164,10.075836181640623,1.3930894136428833,1.3707350492477417,0.7301468849182129,3.1302404403686523,12.510300636291504,10.16069221496582,13.433477401733398,4.03000020980835,4.976778507232666,1238.666015625,1193.2490234375,954.1549072265624,1106.7939453125,1.420220136642456
2018-12-31,10.537375450134276,1.5153329372406006,4.5833516120910645,5.688847064971924,0.6200000047683716,0.6378600597381592,0.2145072519779205,1.2445921897888184,1.780657172203064,0.8234509825706482,1.547740817070007,0.7578374147415161,3.350425720214844,0.7668978571891785,14.025400161743164,5.828926086425781,3.399742126464844,1.7178847789764404,10.789999961853027,16.945388793945312,6.3615031242370605,5.021554946899414,6.282426834106445,29.058082580566406,0.9416744112968444,46.37947845458984,2.021198272705078,478.0007934570313,0.8170066475868225,2.050163745880127,1.3052798509597778,2.7886838912963867,2.249373435974121,3.2412471771240234,6.277173042297363,2.680000066757202,2.970000028610229,7.03000020980835,0.9399999976158142,0.3327378034591675,0.6546681523323059,1.0755165815353394,0.5101100206375122,11.202917098999023,8.885114669799805,1.7865023612976074,13.990493774414062,1.9700000286102293,14.212635040283203,3.2942700386047363,4.726245880126953,5.591499328613281,2.4586198329925537,4.939507007598877,0.8909793496131897,0.0829529985785484,20.334247589111328,9.358453750610352,15.72783660888672,15.55728244781494,2.019278049468994,4.489999771118164,8.822232246398926,1.251118540763855,1.269199013710022,0.739507794380188,3.1302404403686523,12.01182746887207,9.546133041381836,12.7282075881958,3.900000095367432,4.362555503845215,1177.3680419921875,1143.428955078125,912.7001953125,1048.739013671875,1.3450320959091189
2019-01-31,11.466581344604492,1.6225223541259766,5.516533851623535,6.175799369812012,0.6700000166893005,0.6709731221199036,0.2486336231231689,1.401901125907898,2.2279720306396484,0.8639492988586426,1.5764750242233276,0.8833692669868469,3.333214521408081,0.7910374999046326,16.379188537597656,6.205297470092773,3.6230175495147705,2.0671651363372803,11.170000076293944,17.749975204467773,6.53925085067749,5.220823764801025,6.931503772735596,31.243616104125977,1.017857789993286,45.50370788574219,2.2633702754974365,500.7532043457031,0.8963274955749512,2.2297403812408447,1.3744337558746338,3.0327699184417725,2.6413803100585938,3.79194450378418,7.185192108154297,3.25,3.2300000190734863,7.599999904632568,0.959999978542328,0.3857505321502685,0.8204981684684753,1.0655580759048462,0.5807880163192749,13.66266918182373,8.098173141479492,2.1669609546661377,15.950286865234377,1.850000023841858,17.59197425842285,3.763020038604736,6.19527006149292,6.989375114440918,2.899232625961304,5.824323177337647,0.9712479114532472,0.0829529985785484,24.017370223999023,11.14903450012207,15.083090782165527,19.05225944519043,2.2361130714416504,4.949999809265137,10.989923477172852,1.3930894136428833,1.531500220298767,0.7956728935241699,4.03720760345459,13.29955005645752,11.438973426818848,16.19554901123047,4.769999980926514,5.339012145996094,1380.83203125,1311.9439697265625,1040.7364501953125,1193.52099609375,1.6374303102493286
2019-02-28,11.667749404907228,1.4786242246627808,5.376480579376221,5.9825639724731445,0.6700000166893005,0.7755401134490967,0.272148847579956,1.425034761428833,2.451629400253296,1.282425045967102,1.70316743850708,0.9066157937049866,3.333214521408081,0.7928943634033203,18.52945709228516,5.944733142852783,3.426534652709961,2.245368719100952,11.56999969482422,16.90613555908203,7.0724945068359375,5.79471492767334,7.091770172119141,32.06081008911133,0.9104519486427308,46.197025299072266,2.4915692806243896,450.0592041015625,0.8963274955749512,2.297081232070923,1.3312124013900757,3.044974565505981,2.908940553665161,3.543343544006348,7.050963401794434,3.5899999141693115,3.240000009536743,7.670000076293945,1.0099999904632568,0.4641408324241638,0.8406865000724792,1.055599570274353,0.57464200258255,14.829474449157717,9.882516860961914,2.1917736530303955,14.72189998626709,1.840000033378601,19.370574951171875,3.600260019302368,6.035682201385498,6.840664386749268,3.4367806911468506,5.832913875579834,0.9792744517326356,0.0873190015554428,23.96597671508789,10.973037719726562,13.842449188232422,20.45952796936035,2.1209189891815186,4.920000076293945,11.198857307434082,1.4197089672088623,1.666881442070007,0.7956728935241699,4.366284370422363,12.081060409545898,11.824094772338867,17.1611328125,5.170000076293945,7.882524013519287,1380.633056640625,1313.281005859375,1045.29345703125,1232.60302734375,1.8045151233673096
2019-03-31,10.604433059692385,1.3009545803070068,4.878514289855957,5.73619270324707,0.5600000023841858,0.8894562721252441,0.259244292974472,1.124297022819519,2.202165365219116,1.0529385805130005,1.5764750242233276,0.7345908284187317,3.3005189895629883,0.7603986859321594,14.830642700195312,5.052058219909668,3.6524951457977295,1.7713459730148315,9.770000457763672,15.06147289276123,7.0724945068359375,5.699066162109375,7.612634658813477,28.696992874145508,0.8292732834815979,50.24747848510742,2.0584557056427,457.24420166015625,0.8963274955749512,2.005269765853882,1.3225682973861694,2.880216360092163,2.856050729751587,2.9995691776275635,6.529839515686035,3.4200000762939453,2.7300000190734863,6.329999923706055,0.8199999928474426,0.3953376412391662,0.8003106117248535,0.9360977411270142,0.5008909702301025,12.700844764709473,9.854146003723145,1.976731777191162,12.724596977233888,1.7300000190734863,17.32013511657715,2.9557290077209477,5.544643878936768,5.769950866699219,3.40153169631958,4.913735389709473,0.8508446216583252,0.0873190015554428,21.895248413085938,9.327845573425291,12.611574172973633,17.211984634399414,1.802441954612732,4.329999923706055,9.740575790405272,1.2422451972961426,1.929182529449463,0.7114251852035522,3.49944806098938,10.786413192749023,11.481237411499023,14.791055679321287,4.510000228881836,10.229168891906738,1272.8079833984375,1175.501953125,937.8369750976562,1120.2220458984375,1.7543896436691284
2019-04-30,10.546955108642578,1.4529283046722412,4.769584655761719,5.571310520172119,0.550000011920929,0.850960373878479,0.2644780874252319,1.0919097661972046,2.445886611938477,0.9786921739578248,1.6480140686035156,0.8182787299156189,3.294463396072388,0.8052427172660828,16.113723754882812,4.945901870727539,3.5264155864715576,1.917473554611206,11.420000076293944,16.386096954345703,7.512186050415039,5.15705680847168,7.372235298156738,30.084333419799805,0.8155354857444763,59.20231628417969,2.1469414234161377,508.9361267089844,0.9201239347457886,2.1025400161743164,1.296635627746582,3.358302116394043,2.856050729751587,3.498281478881836,6.48246431350708,3.3299999237060547,2.6700000762939453,5.849999904632568,0.8100000023841858,0.3688316345214844,0.7700283527374268,0.9858901500701904,0.5377669930458069,13.03065299987793,11.301058769226074,1.8774815797805784,12.88400650024414,1.7000000476837158,18.61665153503418,2.910156011581421,6.3221211433410645,5.931153774261475,3.6166975498199454,5.205811023712158,0.8187373876571655,0.0895019993185997,23.515050888061523,9.549756050109863,13.979212760925291,21.65186882019043,1.619488000869751,4.429999828338623,10.24184513092041,1.2422451972961426,1.912260055541992,0.7020642757415771,3.395106792449951,9.609461784362791,11.343131065368652,16.801233291625977,4.03000020980835,9.449579238891602,1228.4749755859375,1190.1240234375,954.1509399414062,1136.3800048828125,1.7376810312271118
2019-05-31,9.062143325805664,1.4395110607147217,4.637311935424805,5.449817657470703,0.5199999809265137,0.895534098148346,0.2754439413547516,1.0456424951553345,2.619288444519043,0.7559557557106018,1.7816367149353027,0.7717857360839844,3.088559150695801,0.8131661415100098,15.388118743896484,4.398233890533447,3.377411365509033,1.9638067483901975,13.9399995803833,15.610950469970703,6.211820125579834,4.463604927062988,7.599999904632568,25.755565643310547,0.7243651151657104,65.54682922363281,1.858198881149292,487.48095703125,0.9288043975830078,1.944475531578064,0.9969504475593568,3.3205678462982178,2.668423652648926,3.644181251525879,6.253486156463623,2.799999952316284,2.470000028610229,5.28000020980835,0.7099999785423279,0.3790900111198425,0.7339782118797302,0.9360977411270142,0.4916729927062988,12.990233421325684,11.301058769226074,1.811314940452576,12.058829307556152,1.5399999618530271,17.02094078063965,3.151041030883789,7.205990791320801,5.977551460266113,4.2405781745910645,4.60309648513794,0.7384688854217529,0.0982339978218078,23.47781181335449,8.876376152038574,12.19151496887207,20.31392478942871,1.2874590158462524,3.7799999713897705,9.592472076416016,1.197879433631897,1.6753429174423218,0.6365383267402649,3.7241835594177246,9.457149505615234,12.006041526794434,16.731008529663086,3.680000066757202,7.685657501220703,1179.0550537109375,1133.39794921875,905.8921508789062,1083.3759765625,1.6624929904937744
2019-06-30,10.125459671020508,1.502819299697876,5.2986741065979,5.449817657470703,0.5299999713897705,0.895534098148346,0.2976987063884735,1.0780295133590698,2.9295876026153564,0.782953679561615,1.9095127582550049,0.8275769948959351,3.0401108264923096,0.8316472172737122,17.210979461669922,4.354817390441895,3.385053396224976,2.341599225997925,14.0,15.961332321166992,6.258596420288086,4.742579936981201,7.869999885559082,28.560062408447266,0.7793168425559998,79.54443359375,2.547455310821533,557.1353759765625,0.98956698179245,1.9865636825561523,1.0147531032562256,3.4274795055389404,2.889258623123169,4.124988555908203,7.185192108154297,2.6700000762939453,2.5799999237060547,5.71999979019165,0.7300000190734863,0.4165754616260528,0.8738526701927185,1.01576566696167,0.4947459995746612,14.178513526916504,11.442914009094238,1.9826328754425049,12.67771339416504,1.649999976158142,18.965715408325195,3.375,9.33382511138916,6.650315284729004,4.448537826538086,4.647527694702148,0.7866302132606506,0.1397099941968917,25.02313995361328,9.855232238769531,12.592037200927734,21.113426208496094,1.7143529653549194,3.880000114440918,11.03362274169922,1.197879433631897,1.6414973735809326,0.7114251852035522,4.005101680755615,10.952570915222168,10.569735527038574,16.985572814941406,4.179999828338623,9.748815536499023,1351.66796875,1209.237060546875,964.847900390625,1117.281982421875,2.013370990753174
2019-07-31,10.422422409057615,1.6173774003982544,5.874447822570801,5.72751522064209,0.5299999713897705,0.9360565543174744,0.3047950267791748,1.119670271873474,3.039104700088501,0.8234509825706482,1.9497430324554443,0.8508235216140747,3.0219428539276123,0.8337005972862244,15.405817031860352,4.584654331207275,3.900834560394287,2.4877257347106934,16.09000015258789,18.731151580810547,7.0724945068359375,4.766491889953613,8.220000267028809,31.84150505065918,0.8417625427246094,72.01032257080078,2.342540979385376,505.5571899414063,1.119773268699646,2.03706955909729,1.0948652029037476,3.836262226104736,2.7236320972442627,4.048722267150879,7.769482612609863,2.75,3.4800000190734863,6.039999961853027,0.7799999713897705,0.5018253922462463,0.901250183582306,0.9659731984138488,0.4916729927062988,15.21320343017578,11.764449119567873,1.912451148033142,15.790878295898438,1.590000033378601,20.91049194335937,3.2666659355163574,9.730748176574709,7.632397174835205,4.195369720458984,4.363166332244873,0.7866302132606506,0.1549910008907318,23.36610221862793,10.110109329223633,12.181745529174805,19.367572784423828,1.5246219635009766,4.170000076293945,11.215902328491213,1.277738094329834,1.616113543510437,0.7863120436668396,4.342205047607422,12.5310697555542,12.889921188354492,16.239437103271484,5.090000152587891,7.425793647766113,1473.0450439453125,1283.656982421875,1020.819580078125,1161.72900390625,2.2890608310699463
2019-08-31,11.227095603942873,1.930904507637024,5.368700981140137,4.911777973175049,0.5,1.0272303819656372,0.2789917588233948,1.226085186004639,3.814851999282837,0.782953679561615,1.8606611490249636,0.8229278922080994,2.9856069087982178,0.8131661415100098,15.166898727416992,4.412880897521973,3.763292789459229,3.5070528984069824,15.789999961853027,18.699268341064453,7.521541595458984,4.2723069190979,8.140000343322754,32.77634048461914,0.7980508208274841,75.18257904052734,2.449655532836914,556.23291015625,1.154495358467102,2.188587188720703,1.050358533859253,3.628726482391357,2.355573892593384,3.889558792114258,7.035171031951904,2.890000104904175,4.150000095367432,5.670000076293945,0.7200000286102295,0.4359227418899536,0.7931007146835327,0.8863052725791931,0.4824540019035339,14.057260513305664,11.055177688598633,1.7896331548690796,17.30057716369629,1.659999966621399,21.74159049987793,2.8499999046325684,14.495867729187012,6.766310214996338,4.448537826538086,3.847761869430542,0.7304423451423645,0.1571740061044693,21.96972274780273,9.947915077209473,11.03879165649414,16.96906089782715,1.4636369943618774,3.900000095367432,10.002602577209473,1.543933391571045,1.5230388641357422,0.7863120436668396,4.237864017486572,11.97028636932373,11.619342803955078,15.782977104187012,4.630000114440918,8.6542387008667,1335.572021484375,1198.717041015625,967.1798706054688,1113.2149658203125,1.9214744567871092
2019-09-30,11.439600944519045,1.6520460844039917,6.325729370117188,5.892397880554199,0.6000000238418579,1.0616741180419922,0.3157608807086944,1.263099193572998,4.554094314575195,0.9246953129768372,1.900891661643982,0.915913999080658,3.167286872863769,0.8809300065040588,16.768535614013672,4.885249614715576,4.496848106384277,3.649615526199341,14.300000190734863,19.60792732238769,8.008009910583496,4.965759754180908,9.449999809265137,32.280303955078125,0.9304344058036804,79.06859588623047,3.632569313049317,518.0512084960938,1.319422960281372,2.6347224712371826,1.2372868061065674,3.5595479011535645,2.5285611152648926,3.9227170944213863,8.069522857666016,3.369999885559082,5.690000057220459,6.570000171661377,0.8100000023841858,0.4734090864658355,0.9055761098861694,0.9659731984138488,0.749800980091095,15.366791725158691,11.98196029663086,1.9563146829605105,19.48541831970215,1.809999942779541,22.42309188842773,3.0166659355163574,12.46010398864746,7.40040922164917,4.584164142608643,4.149895668029785,0.8588721752166748,0.1921020001173019,22.0441951751709,10.086938858032228,12.113363265991213,15.696383476257324,1.92441201210022,4.809999942779541,11.49501895904541,1.7036505937576294,1.6076520681381226,0.8892814517021179,4.66325569152832,14.968050003051758,13.2213773727417,17.38936424255371,5.179999828338623,7.882524013519287,1533.4630126953125,1305.5849609375,1050.3243408203125,1197.7490234375,2.013370990753174
2019-10-31,10.96737003326416,1.444786787033081,5.3842620849609375,5.918432235717773,0.6100000143051147,1.0029174089431765,0.3325327336788177,1.2214584350585938,4.170783996582031,0.8234509825706482,2.1609532833099365,0.9298623204231262,3.3550233840942383,0.8583419919013977,15.715526580810549,4.446208477020264,4.164455890655518,4.619045257568359,14.0,18.89056968688965,7.877038478851318,4.678813934326172,8.890000343322754,29.66659164428711,0.997875452041626,77.5221176147461,3.884054660797119,532.244384765625,1.50171160697937,2.533710479736328,1.0681612491607666,3.622437953948975,2.41814398765564,4.297414302825928,7.264149665832519,3.549999952316284,5.590000152587891,5.25,0.8299999833106995,0.4232259094715118,0.8378025889396667,0.9360977411270142,0.90037602186203,15.18087100982666,11.121377944946287,1.8949058055877688,19.147846221923828,1.7000000476837158,23.23756980895996,2.875,13.56494140625,6.410595417022705,5.289420127868652,3.865534782409668,0.8187373876571655,0.1702719926834106,24.24116897583008,10.05988883972168,11.351393699645996,13.909734725952148,1.795665979385376,4.639999866485596,12.805152893066406,1.7036505937576294,1.472270965576172,0.8424771428108215,4.66325569152832,15.321137428283691,11.444408416748049,16.14287757873535,4.360000133514404,7.969144821166992,1359.592041015625,1213.6689453125,984.6797485351562,1151.821044921875,1.9214744567871092
2019-11-30,15.631872177124023,1.6279287338256836,6.030062198638916,7.402379512786865,0.8799999952316284,1.1082743406295776,0.3886536359786987,1.6841322183609009,4.499336242675781,0.9111959338188172,2.3118178844451904,1.4087413549423218,3.657822847366333,0.8994110822677612,17.715364456176758,4.52868127822876,4.66877555847168,4.857838153839111,16.09000015258789,18.502212524414062,9.560965538024902,6.312812328338623,9.800000190734863,33.005279541015625,1.050329566001892,76.88765716552734,4.545368671417236,512.9536743164062,1.5277528762817385,2.920921802520752,1.299596071243286,3.711254835128784,2.9628701210021973,4.277008533477783,7.935294151306152,3.9700000286102295,6.820000171661377,5.760000228881836,1.5499999523162842,0.5774012207984924,0.8868305683135986,1.1352674961090088,1.3152250051498413,16.14280891418457,11.225403785705566,2.205387592315674,20.816953659057617,2.1700000762939453,24.84990501403809,2.991666078567505,14.843687057495115,7.036962032318115,5.000083923339844,4.443142890930176,0.955193817615509,0.1986510008573532,25.02313995361328,10.86884593963623,13.334468841552734,15.435319900512695,1.978621006011963,5.389999866485596,13.887438774108888,2.102943420410156,1.9968730211257932,0.96416836977005,5.433776378631592,16.283466339111328,11.370752334594728,19.18886947631836,5.139999866485596,8.693613052368164,1500.0059814453125,1313.0340576171875,1069.0313720703125,1265.625,1.9966626167297363
2019-12-31,15.14036750793457,1.7545454502105713,6.317948341369629,8.738799095153809,1.090000033378601,1.2237621545791626,0.4428393840789795,1.762786626815796,5.448485851287842,1.155231237411499,2.738548517227173,1.4970782995224,4.118078708648682,0.9096782207489014,18.423269271850582,5.092616081237793,4.909472942352295,6.023292064666748,18.56999969482422,19.069116592407227,10.647256851196287,7.643921852111816,11.449999809265137,36.9544677734375,1.132757544517517,82.87531280517578,4.73105001449585,563.92919921875,1.597196340560913,3.122945547103882,1.3084975481033323,4.155831813812256,3.338289499282837,4.7956390380859375,8.780146598815918,5.139999866485596,9.0600004196167,5.949999809265137,1.1399999856948853,0.5864704251289368,0.924322545528412,1.7327766418457031,2.525969982147217,16.4419002532959,12.34132480621338,2.4741110801696777,22.78612518310547,2.5899999141693115,26.0965576171875,3.166666030883789,17.667158126831055,7.377209186553955,5.524505615234375,4.718617916107178,1.0434889793395996,0.2532260119915008,27.25735092163086,11.037043571472168,14.12574577331543,15.802437782287598,2.8324100971221924,6.400000095367432,15.391247749328612,2.3691394329071045,2.335326194763184,1.1420246362686155,5.923377990722656,19.07353401184082,11.656172752380373,20.154455184936523,5.480000019073486,9.985055923461914,1601.68798828125,1388.301025390625,1144.243896484375,1391.529052734375,2.080204963684082
2020-01-31,16.017370223999023,1.8706108331680296,6.48912525177002,9.216092109680176,1.2300000190734863,1.385849952697754,0.4525156617164612,1.8877084255218504,5.649267196655273,1.267754316329956,3.162405252456665,1.5482205152511597,4.408767223358154,1.022618055343628,18.52945709228516,5.720072746276856,5.077579975128174,6.853721618652344,19.270000457763672,19.998123168945312,10.656771659851074,7.620010375976562,12.640000343322754,43.87984848022461,1.2301716804504397,79.46513366699219,5.968478679656982,592.71533203125,1.7621241807937622,3.526992082595825,1.4776229858398438,4.555306911468506,3.422943592071533,5.051585674285889,9.451290130615234,4.96999979019165,10.279999732971191,6.920000076293945,1.1799999475479126,0.7890150547027588,1.0512185096740725,1.892112374305725,3.195873975753784,15.835636138916016,13.334305763244627,2.631638765335083,23.592548370361328,2.4200000762939453,26.960901260375977,3.366666078567505,14.00482940673828,7.570533752441406,6.510055541992188,4.958547115325928,1.115730881690979,0.3077999949455261,25.358272552490234,11.333394050598145,13.383313179016112,15.737174034118652,5.719027996063232,6.909999847412109,15.072258949279783,2.9902617931365967,2.513014316558838,1.2917983531951904,6.228375911712647,20.76972961425781,10.38559341430664,20.523136138916016,6.619999885559082,10.88276481628418,1734.781005859375,1429.4210205078125,1191.3946533203125,1453.552978515625,2.489562511444092
2020-02-29,13.010499954223633,1.7032958269119265,5.251989364624023,7.870993614196777,1.0499999523162842,1.280493140220642,0.4402595162391662,1.6609983444213867,5.156439304351807,1.0127028226852417,3.535975217819214,1.3297035694122314,4.366374492645264,0.989762842655182,15.963295936584473,6.726922988891602,4.340203762054443,5.096631050109863,17.829999923706055,19.101713180541992,8.52541732788086,6.934527397155762,9.890000343322754,41.933868408203125,1.131508231163025,63.28660202026367,4.830442428588867,531.1449584960938,1.4930312633514404,3.232374906539917,1.2372868061065674,4.162275314331055,3.062245607376098,5.102100849151611,7.532608032226562,3.690000057220459,17.030000686645508,5.96999979019165,1.0800000429153442,0.6239567399024963,0.833476722240448,1.6232333183288574,3.1344149112701416,14.162345886230469,13.20190715789795,2.418513059616089,21.02324867248535,1.9800000190734863,24.417734146118164,3.025000095367432,11.324577331542969,6.487923622131348,5.904258728027344,4.265417575836182,0.907032549381256,0.2685059905052185,19.009395599365234,10.89287281036377,11.527234077453612,12.34335994720459,4.106317043304443,6.059999942779541,14.821625709533691,2.9281492233276367,2.1830222606658936,1.048416018486023,6.043771743774414,20.527416229248047,9.317572593688965,17.959938049316406,5.400000095367432,11.182001113891602,1399.2060546875,1263.0379638671875,1059.931396484375,1334.6669921875,1.9381828308105469
2020-03-31,9.618131637573242,1.3098796606063845,4.372767448425293,6.363104343414307,0.7599999904632568,1.0383037328720093,0.355594128370285,1.540703296661377,3.769220590591431,0.8326666951179504,3.5833890438079834,1.357599139213562,3.539793968200684,0.9873453974723816,11.963622093200684,5.739528656005859,3.5519492626190186,4.169971466064453,16.239999771118164,20.556346893310547,9.086801528930664,5.80329179763794,7.440000057220459,33.32960891723633,0.789308488368988,46.116737365722656,3.4290170669555664,263.873291015625,1.336783766746521,4.023633003234863,1.0325559377670288,3.8916616439819336,2.778841018676758,3.4545817375183105,6.450880527496338,2.869999885559082,14.600000381469728,5.03000020980835,0.8899999856948853,0.4758268892765045,0.6820664405822754,1.2647278308868408,2.765660047531128,10.831931114196776,9.174464225769045,1.769869685173035,21.26704978942871,1.399999976158142,18.72043800354004,2.525000095367432,6.997300148010254,5.815159797668457,6.718015670776367,3.678922414779663,0.7304423451423645,0.1986510008573532,16.690000534057617,9.835625648498535,8.840802192687988,10.385390281677246,4.126645088195801,4.329999923706055,10.787771224975586,1.7923823595046997,1.5653455257415771,0.870559811592102,5.37759256362915,14.41421604156494,6.983575820922852,17.20502471923828,4.579999923706055,8.425874710083008,1175.5989990234375,1067.906982421875,896.4322509765625,1082.155029296875,1.5789507627487185
2020-04-30,12.046760559082031,1.3875077962875366,4.582846641540527,7.513495445251465,1.0199999809265137,1.3548039197921753,0.4000864923000335,1.758159875869751,4.134278297424316,0.96019184589386,4.257994651794434,1.6737524271011353,4.397512435913086,1.102608323097229,14.627120018005373,6.610186100006104,4.360557556152344,5.941318511962891,26.36000061035156,22.654766082763672,12.283833503723145,7.646121025085449,9.59000015258789,35.29466247558594,0.967901349067688,72.1689224243164,5.262795925140381,355.529296875,1.6100947856903076,4.097069263458252,1.1126680374145508,4.062536239624023,2.9959957599639893,4.561838150024414,6.577214241027832,3.890000104904175,16.100000381469727,5.190000057220459,1.2599999904632568,0.5876802206039429,0.7152326107025146,1.5435653924942017,2.6888370513916016,12.658663749694824,11.022977828979492,2.047859907150269,27.512134552001957,2.140000104904175,22.406980514526367,2.9749999046325684,10.823308944702148,6.615856170654297,7.008991241455078,4.345393180847168,0.8026842474937439,0.2335789948701858,18.32999992370605,11.125147819519045,10.423354148864746,12.098152160644531,4.858463764190674,5.630000114440918,14.64195156097412,2.395758867263794,1.988411784172058,0.954807460308075,5.899299144744873,20.718624114990234,8.323205947875977,20.821590423583984,4.539999961853027,10.402411460876465,1234.2669677734375,1187.6080322265625,1011.0956420898438,1298.198974609375,1.7543896436691284
2020-05-31,11.873285293579102,1.3762027025222778,4.419451713562012,7.180960655212402,1.1399999856948853,1.4231137037277222,0.4095523059368133,2.151432752609253,4.627105712890625,1.0277060270309448,5.193055629730225,1.7760367393493652,4.356669425964356,1.230919599533081,14.379352569580078,7.33978796005249,4.538366794586182,6.62205696105957,25.3799991607666,26.02276992797852,12.959395408630373,8.979744911193848,10.369999885559082,39.20672225952149,0.9953777194023132,69.82938385009766,5.302551746368408,379.2178649902344,1.7079458236694336,4.807000637054443,1.3173987865447998,4.112821578979492,2.9775924682617188,4.482439041137695,6.198214530944824,4.079999923706055,22.57999992370605,5.349999904632568,1.6699999570846558,0.6547917723655701,0.7137905359268188,1.6730257272720337,3.835048913955689,13.33182144165039,10.925686836242676,2.335115909576416,30.456514358520508,2.2699999809265137,24.15134620666504,2.9416658878326416,12.091824531555176,6.818052768707275,7.628519535064697,4.498236179351807,0.9150601029396056,0.2488600015640258,20.280000686645508,11.021026611328123,12.19151496887207,11.996201515197754,4.953329086303711,5.929999828338623,14.720744132995604,2.5732223987579346,2.1576383113861084,1.029694437980652,5.995614051818848,22.277507781982425,7.88586950302124,21.04982185363769,4.650000095367432,11.10325527191162,1220.8070068359375,1229.178955078125,1055.1993408203125,1337.112060546875,1.896411776542664
2020-06-30,13.771854400634766,1.6083333492279053,4.754023551940918,11.629740715026855,1.6100000143051147,1.5688400268554688,0.4587743580341339,2.516944646835327,5.092554092407227,1.2377477884292605,5.907656192779541,2.147982120513916,4.989747524261475,1.350532054901123,17.600326538085938,7.904012203216553,5.063327312469482,6.14803409576416,24.5,28.141624450683597,18.592262268066406,10.240629196166992,11.670000076293944,41.57709884643555,1.2401633262634275,62.45387649536133,7.747591972351074,352.7305908203125,1.8680658340454104,5.234669208526611,1.8247753381729128,4.579681873321533,3.168982744216919,5.142894268035889,6.695651054382324,5.119999885559082,27.739999771118164,6.480000019073486,1.3899999856948853,0.69023597240448,0.8075204491615295,1.941904902458191,4.025572776794434,14.89158058166504,12.161273002624512,3.0115582942962646,36.10147476196289,2.470000028610229,26.992679595947266,3.575000047683716,11.365496635437012,7.497432708740234,8.13708782196045,5.065086841583252,1.163892149925232,0.3230809867382049,19.34000015258789,13.263675689697266,12.250127792358398,14.46001148223877,4.614523887634277,7.28000020980835,16.90062141418457,2.919276475906372,2.817621946334839,1.2169114351272583,6.533373832702637,28.45865249633789,8.286377906799316,21.65445709228516,5.360000133514404,12.812054634094238,1334.741943359375,1347.18896484375,1165.2418212890625,1504.387939453125,2.046787977218628
2020-07-31,16.287216186523438,1.58268404006958,4.077099323272705,11.485942840576172,1.7899999618530271,1.7168439626693726,0.4669777750968933,2.535451650619507,4.955657482147217,1.1927390098571775,5.907656192779541,2.529225826263428,5.527523994445801,1.3896777629852295,20.423105239868164,8.600682258605957,5.346975326538086,6.01972770690918,25.21999931335449,29.39647483825684,16.175458908081055,9.189892768859863,13.869999885559082,42.6475830078125,1.4512287378311155,60.03503036499024,8.44830322265625,357.7281799316406,1.8769614696502688,5.397183895111084,2.0108001232147217,4.809407234191895,2.885880708694458,5.991021633148193,5.5428619384765625,5.630000114440918,29.200000762939453,5.519999980926514,1.6399999856948853,0.831533670425415,0.6921602487564087,2.011614322662353,5.586635112762451,13.274357795715332,11.587260246276855,2.7706336975097656,41.97148132324219,2.5199999809265137,30.22964096069336,3.2583329677581787,9.783944129943848,6.777613162994385,7.850439071655273,5.275369644165039,1.1879727840423584,0.3318130075931549,16.600000381469727,11.902067184448242,10.442891120910645,12.998719215393066,4.343480110168457,7.809999942779541,16.69051170349121,3.194344997406006,3.6806771755218506,1.057776927947998,5.935437202453613,39.15330505371094,7.600450992584228,23.26113510131836,4.5,13.796385765075684,1152.0,1259.5999755859375,1126.89404296875,1560.0999755859375,1.787806749343872
2020-08-31,17.655729293823242,1.5426263809204102,3.812555074691773,10.380488395690918,1.840000033378601,1.659919500350952,0.4246975183486938,2.373516082763672,4.508461952209473,1.1027204990386963,5.592521667480469,2.7425050735473637,5.078242301940918,1.3962022066116333,18.564851760864254,7.937213897705078,4.796612739562988,5.057426929473877,23.57999992370605,28.0593376159668,15.300079345703123,9.165644645690918,12.369999885559082,41.19477081298828,1.4250017404556274,56.80940628051758,7.3052978515625,320.146240234375,1.8591704368591309,5.0807085037231445,1.5799142122268677,4.757534503936768,3.331605911254883,6.037938594818115,5.361258029937744,5.869999885559082,29.700000762939453,5.059999942779541,1.809999942779541,0.7965220212936401,0.7123485803604126,1.6730257272720337,8.696467399597168,12.31387424468994,10.57544231414795,2.8354978561401367,35.85767364501953,2.1700000762939453,24.618906021118164,3.2666659355163574,9.325640678405762,6.284255027770996,7.37885856628418,5.531367778778076,1.115730881690979,0.3252640068531036,15.369999885559082,11.469555854797363,10.354972839355469,12.61640167236328,3.787839889526367,7.409999847412109,14.655085563659668,2.9902617931365967,3.0291550159454346,1.0203335285186768,5.607512474060059,33.7515983581543,7.365668773651123,20.3155574798584,4.079999923706055,14.48147964477539,1096.300048828125,1211.5,1078.59423828125,1552.5999755859375,1.6959099769592283
2020-09-30,19.91088104248047,1.6938642263412476,4.007073402404785,12.23189926147461,2.069999933242798,1.7601066827774048,0.4518324732780456,2.8963372707366943,5.494118690490723,1.140228033065796,6.134018898010254,2.63075590133667,5.13950777053833,1.483192801475525,21.608850479125977,9.493433952331545,4.792380332946777,6.02685546875,25.239999771118164,28.676477432250977,15.195415496826172,10.054728507995604,15.449999809265137,43.10636901855469,1.83838951587677,60.4364128112793,7.717774391174316,316.1481628417969,2.108245611190796,5.987366676330566,1.5440071821212769,5.187343120574951,3.573354959487915,6.32305383682251,5.606029033660889,5.579999923706055,32.119998931884766,5.130000114440918,2.220000028610229,1.0697401762008667,0.7714703679084778,1.7427351474761963,5.7310638427734375,12.059388160705566,11.28566074371338,3.141286849975586,38.44572448730469,2.369999885559082,24.798738479614254,3.491666078567505,9.436124801635742,6.688647270202637,7.915166854858398,6.802210330963135,1.284294366836548,0.4431450068950653,15.399999618530272,12.158370018005373,10.23774528503418,12.886524200439451,4.797479152679443,8.710000038146973,16.13897705078125,3.345188856124878,3.105307102203369,1.029694437980652,5.853456497192383,36.36181640625,7.338047981262207,20.44052124023437,4.139999866485596,13.591645240783691,1156.5999755859375,1283.699951171875,1145.19384765625,1703.199951171875,1.7794524431228638
2020-10-31,17.973764419555664,1.6096616983413696,3.719186782836914,11.288219451904297,2.1700000762939453,1.6029950380325315,0.511151909828186,2.859323024749756,5.731066703796387,1.2227444648742676,6.120704174041748,2.8445188999176025,5.486680030822754,1.4462218284606934,23.52019500732422,8.18368148803711,4.474863052368164,5.727473258972168,26.020000457763672,28.09710502624512,13.850308418273926,11.970300674438477,13.619999885559082,43.58426284790039,1.558634638786316,56.64639663696289,8.418485641479492,292.05975341796875,2.161618709564209,5.628125190734863,1.499123215675354,5.3503737449646,3.573354959487915,7.636747360229492,5.219134330749512,5.550000190734863,33.41999816894531,4.699999809265137,2.0899999141693115,1.0247247219085691,0.7368621826171875,1.892112374305725,7.30134391784668,11.60787868499756,10.653274536132812,2.872563362121582,35.37006759643555,3.130000114440918,32.29770278930664,3.424999952316284,8.08576774597168,6.567328453063965,8.303526878356934,5.613651752471924,1.460885763168335,0.5741239786148071,13.770000457763672,11.741877555847168,8.811495780944824,11.61442756652832,5.583506107330322,9.5,17.110729217529297,3.779975175857544,2.868389844894409,2.3870186805725098,5.254993438720703,39.73335266113281,6.859279632568359,18.03050422668457,3.799999952316284,13.13491439819336,1134.699951171875,1222.0,1112.3941650390625,1729.4000244140625,1.7794524431228638
2020-11-30,20.54694938659668,1.746184468269348,4.7306809425354,13.400266647338867,2.190000057220459,1.6895204782485962,0.6701769232749939,3.220208644866944,5.860477924346924,1.2827565670013428,6.08075761795044,2.7175309658050537,5.343726634979248,1.5245134830474854,24.104219436645508,8.575010299682617,5.262303352355957,6.921439170837402,29.21999931335449,29.22098731994629,16.240278244018555,15.195249557495115,16.270000457763672,55.00601577758789,1.868362545967102,75.10741424560547,13.28868579864502,470.77392578125,2.1260368824005127,6.13277530670166,1.9569395780563357,5.172521114349365,4.215500831604004,7.824419021606445,6.924630165100098,6.650000095367432,50.20000076293945,5.269999980926514,2.2100000381469727,0.9847115874290466,0.9445102214813232,2.0713651180267334,6.1643500328063965,14.62888240814209,13.970870018005373,4.5590362548828125,39.60847854614258,3.0899999141693115,39.74272155761719,4.210000038146973,11.682625770568848,7.869471549987793,11.59535026550293,6.043361186981201,1.4061415195465088,0.8273500204086304,18.989999771118164,12.081658363342283,11.175554275512695,12.70355224609375,8.219409942626953,10.229999542236328,18.647151947021484,4.338984966278076,3.0714619159698486,2.0874712467193604,6.287957191467285,50.210487365722656,8.392260551452637,19.869258880615234,4.550000190734863,15.780797004699709,1407.0,1422.4000244140625,1283.5931396484375,1974.9000244140625,2.406020402908325
2020-12-31,33.673099517822266,1.8949699401855469,5.454288482666016,14.901168823242188,2.220000028610229,2.1312546730041504,0.8942000269889832,3.4422919750213623,7.940301418304443,1.4627927541732788,6.613378047943115,2.675201892852783,5.901925086975098,1.6071546077728271,27.02433586120605,8.990982055664062,6.21061897277832,7.149540424346924,50.70000076293945,31.82257080078125,14.762144088745115,16.165159225463867,27.899999618530277,62.84354019165039,2.2255501747131348,148.5032196044922,14.292543411254885,631.6966552734375,2.7398297786712646,6.380823135375977,1.9120556116104128,5.483762741088867,5.658441543579102,9.022622108459473,8.266919136047363,7.960000038146973,86.1500015258789,5.579999923706055,2.109999895095825,1.1985347270965576,1.0108425617218018,2.5294556617736816,3.3095738887786865,17.452865600585938,15.206456184387209,5.355940818786621,40.09607696533203,3.430000066757202,57.72584915161133,5.0,15.293806076049805,9.406164169311523,12.65871810913086,6.7107834815979,1.4542969465255735,0.9146699905395508,21.31999969482422,13.238150596618652,12.719032287597656,14.49842929840088,8.659855842590332,14.100000381469728,22.11394500732422,4.285746097564697,3.308378934860229,1.666232705116272,7.083173751831055,64.31293487548828,10.008103370666504,20.69045066833496,4.71999979019165,16.58401107788086,1557.800048828125,1636.0,1476.692138671875,2340.199951171875,2.581458806991577
2021-01-31,25.721248626708984,2.030675172805786,4.964102745056152,16.653718948364258,2.220000028610229,2.163133144378662,0.921334981918335,4.57584285736084,9.105002403259276,1.5828168392181396,8.33860969543457,2.675201892852783,7.079587936401367,1.8268064260482788,29.201147079467773,8.485759735107422,7.683895587921143,9.922392845153809,52.650001525878906,30.74807929992676,14.36861515045166,19.656831741333008,31.899999618530277,70.58548736572266,2.765078067779541,132.04873657226562,16.608369827270508,495.7619323730469,3.46036958694458,6.842704772949219,2.163405656814575,5.765359878540039,5.420469760894775,10.38684368133545,7.351003646850586,6.699999809265137,72.5,5.260000228881836,2.430000066757202,1.2141646146774292,0.8853884935379028,2.429870843887329,3.798173904418945,16.582687377929688,20.820098876953125,6.199177265167236,41.39010238647461,3.880000114440918,70.49388122558594,5.0,14.44471836090088,8.516499519348145,11.82651710510254,6.610212326049805,1.4061415195465088,1.1111379861831665,21.520000457763672,13.07411003112793,11.83006763458252,15.96220874786377,10.435194969177246,16.489999771118164,23.768552780151367,4.711658477783203,3.2068426609039307,1.6943151950836182,6.476513385772705,63.84164047241211,9.151844024658203,20.2441520690918,4.329999923706055,20.631580352783203,1426.800048828125,1572.4000244140625,1473.4921875,2477.0,2.3809573650360107
2021-02-28,24.1378116607666,1.9309401512146,4.715119361877441,16.653718948364258,1.950000047683716,2.1403634548187256,1.0033721923828125,4.885833740234375,9.899957656860352,1.672835350036621,8.525125503540039,3.310138940811157,6.793680191040039,1.7572139501571655,29.36042594909668,8.328797340393066,6.633974552154541,8.967219352722168,55.0,28.248065948486328,13.168831825256348,23.746618270874023,29.13999938964844,67.89443969726562,2.697636842727661,138.32496643066406,15.455425262451172,575.7235107421875,2.819889545440674,6.149881839752197,2.0018231868743896,5.239215850830078,5.511125564575195,12.638887405395508,7.04306697845459,6.199999809265137,79.80000305175781,5.349999904632568,2.3399999141693115,1.4017287492752075,0.8262660503387451,2.2107839584350586,3.220000028610229,17.71556282043457,23.73880386352539,6.023116588592529,36.6265869140625,4.400000095367432,64.19977569580078,5.260000228881836,18.24003791809082,8.476059913635254,10.587461471557615,6.518784999847412,1.271306037902832,1.008538007736206,24.940000534057617,13.00029182434082,13.178167343139648,14.146517753601074,10.272567749023438,17.290000915527344,22.757404327392575,4.3833513259887695,2.9360806941986084,1.5445414781570437,6.296154499053955,78.05284118652344,9.30836582183838,18.405397415161133,4.150000095367432,20.930818557739254,1356.199951171875,1556.0,1471.3922119140625,2548.699951171875,2.21387267112732
2021-03-31,23.40402030944824,1.7232944965362549,3.742055654525757,17.411041259765625,1.75,1.964648485183716,1.022303819656372,5.357760906219482,9.326849937438965,1.3502707481384275,7.98377513885498,5.494324207305908,6.882084369659424,1.482677936553955,31.628005981445312,7.333069801330566,6.26142168045044,7.947894096374512,54.70000076293945,30.17115592956543,14.128658294677734,22.63945770263672,28.280000686645508,65.88346862792969,2.5352790355682373,234.28533935546875,14.123576164245604,667.6793212890625,2.873263120651245,5.516931056976318,1.7145661115646362,5.869107246398926,6.551201820373535,14.393670082092283,5.2823004722595215,7.380000114440918,73.0999984741211,4.320000171661377,1.830000042915344,1.8506323099136357,0.6950441598892212,1.9618219137191768,2.539999961853028,15.934154510498049,23.894466400146484,6.560564041137695,32.819522857666016,4.480000019073486,68.2877197265625,5.75,14.751617431640623,6.955546379089356,9.71827220916748,6.655926704406738,1.146101713180542,0.973609983921051,20.399999618530277,12.278508186340332,12.455273628234863,13.062392234802246,8.9918851852417,24.5,23.848609924316406,3.9396917819976807,2.690701961517334,1.2879656553268433,5.558324337005615,80.3581771850586,8.286377906799316,18.798139572143555,3.4600000381469727,29.529935836791992,1076.0,1430.699951171875,1391.692626953125,2595.10009765625,1.837931990623474
2021-04-30,24.157121658325195,1.9064149856567385,3.893652439117432,16.75558853149414,1.440000057220459,1.845357060432434,1.092347502708435,5.2929863929748535,8.901639938354492,1.200240135192871,8.084165573120117,3.2847421169281006,6.63236141204834,1.4713077545166016,32.49763870239258,7.357594966888428,6.17206621170044,8.0263032913208,62.0,27.77797508239746,13.504770278930664,21.22449111938477,24.76000022888184,75.5074234008789,2.747593402862549,185.8096618652344,13.90565013885498,718.5549926757812,2.687052011489868,5.67030668258667,1.6337751150131226,6.088357925415039,8.17397689819336,13.090568542480469,5.815752029418945,7.369999885559082,60.54999923706055,4.289999961853027,1.6299999952316284,1.7931127548217771,0.7236889600753784,1.852278470993042,2.220000028610229,15.52169132232666,21.73462677001953,6.634694576263428,34.03853225708008,5.730000019073486,65.10760498046875,6.710000038146973,15.04828643798828,6.800666809082031,9.443811416625977,6.866209506988525,1.049790620803833,0.866644024848938,21.520000457763672,12.487105369567873,11.947293281555176,14.181775093078612,6.849999904632568,20.600000381469727,21.499774932861328,3.1499791145324707,3.020693778991699,1.202101230621338,5.363272666931152,81.17459106445312,8.079219818115234,19.637182235717773,3.4200000762939453,22.67898941040039,1099.699951171875,1456.9000244140625,1397.7926025390625,2605.39990234375,1.8028974533081052
2021-05-31,20.79713630676269,2.0279183387756348,4.1489739418029785,17.20794105529785,1.440000057220459,1.9816902875900269,1.0730193853378296,5.968490123748779,9.278499603271484,1.1927390098571775,7.333024024963379,2.810655117034912,6.727843761444092,1.5122405290603638,29.869844436645508,7.308544635772705,6.31121826171875,8.468249320983887,57.5,28.187990188598636,11.767483711242676,18.977190017700195,28.57999992370605,76.20502471923828,2.9349286556243896,236.26730346679688,13.6547212600708,769.2305908203125,2.677943229675293,5.439950466156006,1.7714794874191284,6.693315982818604,8.255544662475586,12.949088096618652,6.444918155670166,5.929999828338623,61.45000076293945,4.539999961853027,1.4800000190734863,1.7196478843688965,0.7563813924789429,1.8622369766235352,2.259999990463257,15.750577926635742,21.695711135864254,7.2833380699157715,32.48195266723633,5.369999885559082,56.97856903076172,6.179999828338623,17.012441635131836,7.447948455810547,8.494731903076172,7.234548091888428,1.0594216585159302,0.8622779846191406,23.979999542236328,13.3285551071167,13.012097358703612,13.291556358337402,7.199999809265137,18.270000457763672,20.90896415710449,3.4782869815826416,2.843005895614624,1.268884778022766,5.876867294311523,72.15518951416016,8.963098526000977,20.17559814453125,3.5299999713897705,24.44291114807129,1172.199951171875,1506.9000244140625,1420.492431640625,2599.800048828125,1.8458237648010252
2021-06-30,24.157121658325195,1.974692106246948,4.212804317474365,13.875287055969238,1.2799999713897705,1.9086546897888184,0.9983748197555542,5.348507881164551,7.900783061981201,1.1177237033843994,7.1358489990234375,2.3450350761413574,6.470776081085205,1.3871679306030271,28.168397903442383,7.220253944396973,5.974559783935547,6.058932781219482,55.0,27.39458274841309,11.162792205810549,16.796478271484375,23.040000915527344,74.62142181396484,2.635190963745117,165.82481384277344,13.257416725158691,781.3247680664062,2.5868566036224365,5.200734615325928,1.698803424835205,7.236226081848144,7.727499008178711,12.673576354980469,6.694972038269043,5.420000076293945,51.54999923706055,5.050000190734863,1.2999999523162842,1.5368711948394775,0.7578673958778381,1.8721954822540283,2.4600000381469727,15.538644790649414,19.360746383666992,6.180644512176514,30.475269317626957,4.130000114440918,52.311893463134766,5.230000019073486,14.741387367248535,7.47316837310791,7.714795589447021,7.131864070892334,1.0208971500396729,0.9059380292892456,23.71999931335449,13.547329902648926,13.060941696166992,12.974252700805664,6.409999847412109,17.6299991607666,21.283626556396484,3.0080082416534424,2.411478042602539,1.2211822271347046,5.590601444244385,65.77940368652344,8.723715782165527,19.194581985473636,3.5,23.860185623168945,1195.5999755859375,1462.9000244140625,1356.2928466796875,2414.0,1.854408860206604
2021-07-31,23.11436653137207,1.97114360332489,4.196847438812256,13.45985984802246,1.559999942779541,1.9451724290847776,1.08568274974823,5.936102867126465,8.838004112243652,1.1252257823944092,7.027872562408447,2.412760972976685,6.735188961029053,1.4872260093688965,31.212099075317383,7.607753753662109,6.522190093994141,5.862907886505127,65.5999984741211,27.9455623626709,11.0092191696167,19.44329833984375,25.68000030517578,81.43572235107422,2.9998714923858643,146.8309326171875,14.082266807556152,682.4722290039062,2.3864662647247314,5.191874504089356,1.6533807516098022,7.1819353103637695,8.58611011505127,12.867180824279783,6.872429370880127,5.519999980926514,49.93999862670898,4.590000152587891,1.6699999570846558,1.5883574485778809,0.7831299901008606,1.8622369766235352,2.650000095367432,17.429054260253906,22.76590156555176,7.27407169342041,31.975587844848636,3.9700000286102295,54.85222244262695,5.670000076293945,14.454948425292969,7.969136714935303,7.902731418609619,7.0851898193359375,1.0016350746154783,1.0019890069961548,22.559999465942383,13.276860237121582,12.435735702514648,12.568806648254396,7.070000171661377,17.479999542236328,23.61804962158203,3.0612473487854004,3.0037713050842285,1.192560791969299,5.641073703765869,65.77940368652344,8.636247634887695,18.454195022583008,3.4600000381469727,25.35881805419922,1215.699951171875,1500.800048828125,1392.892578125,2532.199951171875,2.0518691539764404
2021-08-31,25.470212936401367,1.9463050365448,4.6995110511779785,14.124545097351074,1.8200000524520876,1.8502260446548464,1.299620509147644,6.681007385253906,8.341279029846191,1.1027204990386963,7.056040287017822,2.387363910675049,6.904118537902832,1.4417451620101929,30.361373901367188,7.794146537780762,6.764584541320801,6.525826930999756,66.0,31.670164108276367,11.844268798828123,18.244739532470703,26.36000061035156,84.02708435058594,3.199697256088257,145.83995056152344,15.426583290100098,659.6832275390625,2.3409228324890137,5.519689559936523,1.6715497970581057,8.508188247680664,8.062357902526855,12.792716979980469,7.969435214996338,5.619999885559082,51.84999847412109,4.760000228881836,1.6799999475479126,1.6861814260482788,0.8544588685035706,1.8323615789413448,2.650000095367432,19.53139305114746,22.804819107055664,7.209207534790039,32.66948699951172,4.809999942779541,62.60491943359375,6.199999809265137,14.44471836090088,8.834982872009277,8.569906234741211,8.308060646057129,1.0016350746154783,0.9190359711647034,23.520000457763672,14.148748397827148,12.386892318725586,13.00069522857666,6.440000057220459,17.1299991607666,30.275489807128903,3.2032182216644287,3.5537571907043457,1.259344220161438,6.411097049713135,66.98458862304688,9.363607406616213,17.70454978942871,3.5899999141693115,24.3566951751709,1352.800048828125,1588.300048828125,1472.0921630859375,2563.199951171875,2.266499757766724
2021-09-30,24.26956558227539,1.898401379585266,4.25269889831543,12.610541343688965,1.690000057220459,1.7916109561920166,1.3609352111816406,6.338629245758057,8.07885456085205,1.2377477884292605,7.624091148376465,2.091059923171997,6.793946266174316,1.3667017221450806,30.852901458740234,7.426265716552734,6.908225536346436,7.342000484466553,66.4000015258789,28.16595268249512,12.21860122680664,18.078271865844727,22.920000076293945,81.48372650146484,3.4394867420196533,130.3970947265625,18.578014373779297,719.6544189453125,2.3135972023010254,5.174155235290527,1.6261272430419922,8.058348655700684,7.1479363441467285,12.442741394042969,7.45319652557373,5.75,48.65999984741211,4.300000190734863,2.400000095367432,1.6269723176956177,0.7712412476539612,2.09128212928772,2.259999990463257,19.175350189208984,24.614416122436523,5.976784706115723,29.55632209777832,5.010000228881836,60.55384063720703,6.53000020980835,15.928064346313477,8.229730606079102,7.89333438873291,7.645283222198486,0.9342172741889954,0.9277679920196532,26.280000686645508,13.233698844909668,13.627534866333008,12.18980312347412,5.869999885559082,15.710000038146973,37.46609878540039,3.078993797302246,2.859928607940674,1.1448583602905271,6.480312824249268,63.05803298950195,10.551321029663086,17.695295333862305,3.259999990463257,24.308574676513672,1244.0999755859375,1505.199951171875,1406.392578125,2474.0,2.0690395832061768
2021-10-31,24.7921142578125,1.9693694114685056,4.675574779510498,14.419960021972656,1.940000057220459,1.7941590547561646,1.5622100830078125,6.958611965179443,8.819260597229004,1.3277662992477417,8.027830123901367,2.2603759765625,6.852705478668213,1.3462351560592651,31.835960388183597,8.059019088745117,8.214458465576172,7.498820304870605,65.30000305175781,27.39458274841309,12.247845649719238,19.42665100097656,24.0,81.6756591796875,3.889093160629273,136.26040649414062,20.010480880737305,867.1835327148438,2.422901391983032,5.324772357940674,1.789648413658142,8.53145694732666,8.453025817871094,13.820304870605469,7.945237636566162,6.690000057220459,68.75,4.429999828338623,2.309999942779541,1.7067766189575195,0.8366262316703796,1.9120293855667116,2.3399999141693115,19.989160537719727,26.85209083557129,6.912684917449951,33.00706100463867,4.300000190734863,63.4140625,6.53000020980835,16.296342849731445,9.347764015197754,8.353779792785645,8.084023475646973,0.972741723060608,0.8797420263290405,26.57999992370605,13.53631591796875,14.623956680297852,13.335627555847168,6.190000057220459,16.010000228881836,42.36551284790039,3.1588521003723145,3.2068426609039307,1.2307226657867432,6.673824310302734,64.10770416259766,12.871506690979004,18.67631149291992,3.440000057220459,23.421266555786133,1346.5999755859375,1635.699951171875,1521.991943359375,2749.60009765625,2.343766927719116
2021-11-30,26.03075218200684,2.2266292572021484,5.202175617218018,16.72789192199707,1.8799999952316284,1.92923104763031,1.8474605083465576,8.328125,10.309443473815918,1.4102827310562134,8.520767211914062,2.5299999713897705,8.76235580444336,1.414456486701965,41.13720703125,10.76492691040039,10.099745750427246,10.423248291015623,73.30000305175781,31.540992736816406,13.60653018951416,25.03657341003418,27.299999237060547,84.69892120361328,4.091416358947754,141.9585723876953,26.31333923339844,983.927490234375,2.7963554859161377,6.228477954864502,2.034930229187012,12.037110328674316,9.67654514312744,18.62511444091797,9.21163558959961,8.829999923706055,79.0,4.789999961853027,2.220000028610229,1.8844050168991089,0.9763121604919434,2.589206457138061,2.4100000858306885,24.193836212158203,34.05156326293945,7.922715663909912,39.96479797363281,5.099999904632568,77.43289947509766,7.800000190734863,18.00474739074707,10.877703666687012,11.0882568359375,11.71530055999756,1.0883148908615112,0.8731930255889893,26.86000061035156,16.732269287109375,16.821945190429688,16.411724090576172,7.150000095367432,19.3799991607666,61.99918365478516,3.433920860290528,3.2406883239746094,1.4119919538497925,8.712308883666992,75.6929702758789,13.967151641845703,18.750349044799805,3.700000047683716,28.040000915527344,1535.5999755859375,1942.800048828125,1809.6903076171875,3250.800048828125,2.7215168476104736
2021-12-31,31.952991485595703,2.6275999546051025,5.744733810424805,16.607879638671875,1.8200000524520876,2.701432943344116,2.284665584564209,9.244219779968262,11.62155532836914,1.3052618503570557,7.919853687286377,2.5299999713897705,8.813769340515137,1.4940481185913086,45.75001525878906,10.339082717895508,10.0728120803833,17.421857833862305,93.8499984741211,27.859699249267575,12.19861888885498,24.220888137817383,27.0,84.98684692382812,3.846630811691284,144.5186309814453,24.13157844543457,1074.3841552734375,2.5048787593841557,6.636030673980713,1.944085001945496,11.680338859558104,12.089241981506348,18.026988983154297,9.090642929077148,9.050000190734863,76.8499984741211,4.510000228881836,1.7799999713897705,1.7093502283096311,1.0684449672698977,3.0174214839935303,2.3299999237060547,24.058198928833008,30.64640617370605,8.543560028076172,35.576358795166016,6.679999828338623,66.80116271972656,7.800000190734863,17.380720138549805,11.121484756469728,11.0882568359375,12.490097045898438,0.972741723060608,0.932133972644806,32.70000076293945,16.342731475830078,19.557222366333008,17.839597702026367,6.320000171661377,19.049999237060547,54.541988372802734,3.4871599674224854,3.316840171813965,1.3738300800323486,8.535049438476562,87.08384704589844,14.215741157531738,16.131223678588867,3.680000066757202,25.040000915527344,1595.699951171875,2025.0,1857.6900634765625,3404.199951171875,2.901806592941284
2022-01-31,28.79833602905273,2.57614803314209,6.414952278137207,15.915499687194824,1.6100000143051147,2.026074886322021,2.135376214981079,11.576094627380373,17.43233299255371,1.320264220237732,9.295381546020508,2.2699999809265137,11.127382278442385,1.414456486701965,48.63302230834961,10.69560432434082,10.647375106811523,13.160968780517578,87.3499984741211,31.97275733947754,13.783750534057615,22.739336013793945,25.6200008392334,109.41275787353516,4.221302032470703,179.36825561523438,26.258249282836918,1343.0550537109375,2.741703748703003,7.858691215515137,2.1893670558929443,12.303021430969238,11.711454391479492,18.77653694152832,9.606881141662598,8.779999732971191,79.3499984741211,4.909999847412109,2.069999933242798,2.301445245742798,1.2408225536346436,4.610779285430908,2.3399999141693115,27.516883850097656,33.13703536987305,11.064001083374023,38.27693939208984,7.150000095367432,71.59955596923828,8.619999885559082,22.055816650390625,12.769113540649414,11.464128494262695,12.882163047790527,0.9920037984848022,0.9190359711647034,36.720001220703125,16.546354293823242,28.05611228942871,22.281869888305664,7.46999979019165,17.850000381469727,57.387977600097656,3.6291310787200928,3.968362331390381,1.450153946876526,8.490735054016113,85.56765747070312,15.762532234191896,15.899852752685549,3.809999942779541,24.18000030517578,1765.199951171875,2202.60009765625,2003.1893310546875,3497.300048828125,3.502772331237793
2022-02-28,25.99204635620117,2.14324164390564,5.609094142913818,15.287741661071776,1.5,1.5724380016326904,2.3953003883361816,11.927727699279783,17.076187133789062,1.1702345609664917,8.290729522705078,2.0899999141693115,9.878766059875488,1.1893260478973389,52.31949234008789,11.0125093460083,11.221939086914062,13.001684188842772,86.80000305175781,33.22257995605469,11.706342697143556,21.84041786193848,23.86000061035156,104.32601928710938,4.033965587615967,155.83236694335938,25.9056396484375,1312.5697021484375,2.3135972023010254,6.54743242263794,1.807817459106445,9.624011039733888,13.342814445495604,20.411909103393555,8.937383651733398,8.670000076293945,76.0999984741211,4.380000114440918,1.8899999856948853,2.1701548099517822,1.1828683614730835,5.47716760635376,2.039999961853028,26.82175636291504,31.09394073486328,10.869409561157228,33.75722122192383,7.429999828338623,75.98397064208984,7.75,19.13004493713379,13.06333351135254,9.819684982299805,11.556607246398926,0.8956928849220276,1.3185219764709473,33.68000030517578,18.166465759277344,25.027774810791016,16.30595588684082,6.070000171661377,15.3100004196167,57.85630416870117,4.197014808654785,4.509887218475342,1.2307226657867432,7.67534065246582,82.72966003417969,17.76047134399414,13.74346923828125,3.3399999141693115,22.520000457763672,1601.800048828125,2186.300048828125,1946.1895751953125,3497.199951171875,3.0735108852386475
2022-03-31,26.514596939086918,2.3809854984283447,5.98251485824585,17.392576217651367,1.690000057220459,1.7177040576934814,2.9058175086975098,13.232467651367188,22.45584297180176,1.3502707481384275,11.032398223876951,2.319999933242798,10.098795890808104,1.2188886404037476,59.47154235839844,11.953327178955078,11.96707534790039,15.102261543273926,87.94999694824219,38.47183227539063,14.699385643005373,25.55812263488769,28.21999931335449,112.48399353027344,4.438403129577637,191.83816528320312,33.938480377197266,1259.2952880859375,3.014963388442993,8.443440437316895,2.134859800338745,12.632986068725586,15.873690605163574,23.58541488647461,9.840801239013672,9.130000114440918,79.80000305175781,4.730000019073486,1.9900000095367432,2.237086772918701,1.3598055839538574,11.183380126953123,2.200000047683716,33.62044143676758,34.713138580322266,14.177490234375,42.83416748046875,10.039999961853027,84.24986267089844,9.029999732971191,22.035356521606445,14.752989768981934,11.398351669311523,14.198384284973145,0.972741723060608,1.5280879735946655,40.720001220703125,19.95478057861328,31.5142822265625,18.773881912231445,7.179999828338623,16.649999618530273,60.93891143798828,4.685039520263672,5.152948379516602,1.3833705186843872,9.235225677490234,98.56646728515624,19.739994049072266,14.187702178955078,3.5799999237060547,25.799999237060547,1739.4000244140625,2477.199951171875,2233.2880859375,3927.89990234375,3.502772331237793
2022-04-30,24.61793327331543,2.625826120376587,7.350418090820312,19.82975196838379,1.6200000047683716,1.7177040576934814,3.196169376373291,15.40703296661377,25.17378807067871,1.1807631254196167,10.837717056274414,2.309999942779541,9.980911254882812,1.3985382318496704,66.20509338378906,12.131587982177734,15.08113956451416,15.022619247436523,88.6500015258789,37.97190856933594,16.353435516357422,29.161109924316406,28.040000915527344,118.62647247314452,4.344634056091309,223.68377685546875,39.99993515014648,1312.969482421875,3.151592969894409,9.01047134399414,2.5048820972442627,12.863059997558594,16.421735763549805,23.60120391845703,12.083212852478027,9.6899995803833,80.30000305175781,5.409999847412109,1.9299999475479128,2.3374855518341064,1.6216027736663818,12.507859230041504,2.5199999809265137,34.86844253540039,45.33147811889648,14.047761917114258,42.57160568237305,12.149999618530272,82.23780822753906,9.539999961853027,27.35494041442871,17.59821128845215,11.343329429626465,16.914840698242188,1.1172082424163818,1.7267400026321411,42.86000061035156,19.158004760742188,40.30624008178711,17.85822868347168,8.020000457763672,20.18000030517578,61.56513595581055,5.652215957641602,6.261382102966309,1.764989972114563,10.079999923706056,99.83828735351562,21.562997817993164,15.464872360229492,4.449999809265137,26.13999938964844,2105.199951171875,2704.39990234375,2430.587158203125,4179.2001953125,4.278792381286621
2022-05-31,23.41800117492676,2.6726303100585938,6.888956069946289,19.865291595458984,1.5399999618530271,1.6157629489898682,4.021188259124756,19.5433349609375,28.26227569580078,1.2563320398330688,10.993236541748049,2.2100000381469727,10.098795890808104,1.2962061166763306,76.52660369873047,12.111780166625977,16.561494827270508,18.07891082763672,99.4000015258789,37.49470138549805,15.51656436920166,31.41519546508789,29.739999771118164,124.98192596435548,4.636359691619873,219.19146728515625,41.49694061279297,1516.271728515625,3.652569055557251,8.790558815002441,2.7026360034942627,12.74958610534668,16.73490333557129,24.446081161499023,11.98305606842041,8.5,76.69999694824219,5.789999961853027,1.8899999856948853,2.332300901412964,1.667802333831787,14.688767433166504,2.559999942779541,35.54499816894531,47.44269561767578,13.621509552001951,41.54013442993164,12.890000343322754,84.683837890625,9.920000076293944,29.19633674621582,18.634431838989254,12.974971771240234,19.971599578857425,1.2327815294265747,1.862084984779358,45.77999877929688,17.121803283691406,48.74652099609375,17.885494232177734,7.139999866485596,24.799999237060547,59.334228515625,5.962777137756348,6.828290939331055,2.117988109588623,9.75,102.84827423095705,24.96041488647461,14.659700393676758,4.269999980926514,26.959999084472656,2093.800048828125,2837.60009765625,2547.086669921875,4449.7998046875,4.050356388092041
2022-06-30,23.650243759155277,2.566783905029297,6.608784198760986,20.167713165283203,1.4900000095367432,1.437366008758545,4.007333755493164,22.28236389160156,31.003433227539062,1.1713171005249023,10.079562187194824,2.190000057220459,9.988770484924316,1.300754189491272,71.26754760742188,11.319513320922852,17.2276554107666,14.763779640197754,107.5,37.41574478149414,15.33934497833252,32.196136474609375,36.13999938964844,124.2127914428711,4.407145977020264,307.6817626953125,45.11968612670898,1355.5489501953125,3.2729930877685547,9.13779640197754,2.486048698425293,14.971587181091309,13.28027057647705,21.082374572753903,11.44773006439209,7.960000038146973,70.94999694824219,4.900000095367432,1.8200000524520876,2.108094453811645,1.4988874197006226,14.170926094055176,2.180000066757202,31.745895385742188,49.17549133300781,10.836976051330566,45.00962448120117,10.420000076293944,83.85533905029297,8.819999694824219,34.98649978637695,16.60589599609375,14.33304500579834,20.46660614013672,1.0016350746154783,2.2484729290008545,49.7599983215332,14.341944694519045,45.71817779541016,19.64859390258789,7.239999771118164,29.899999618530277,46.966407775878906,6.787982940673828,6.836752414703369,1.9176377058029173,8.770000457763672,92.33452606201172,24.352746963500977,13.31774616241455,3.5799999237060547,23.76000022888184,1942.4000244140625,2609.199951171875,2405.38720703125,4129.2998046875,3.804347515106201
2022-07-31,25.508203506469727,3.462700843811035,7.111446380615234,23.11631965637207,1.7300000190734863,1.396589994430542,4.073141574859619,28.449363708496094,36.7882194519043,1.284670352935791,10.419760704040527,2.4100000858306885,9.729424476623535,1.3985382318496704,63.79674530029297,10.992704391479492,17.2276554107666,17.6408748626709,99.6999969482422,42.62201690673828,22.743188858032227,33.1900634765625,43.20000076293945,139.3067626953125,5.058320999145508,272.08221435546875,50.68855285644531,1468.5947265625,3.639793872833252,12.929980278015137,2.909806489944458,16.25684928894043,13.51514720916748,23.90914726257324,11.958349227905272,8.850000381469727,89.05000305175781,4.849999904632568,1.809999942779541,2.2448058128356934,1.786345362663269,19.80742835998535,2.2699999809265137,31.91937065124512,48.08004379272461,10.250933647155762,52.69877243041992,11.170000076293944,94.3890380859375,8.979999542236328,34.35224151611328,17.448925018310547,16.609529495239258,20.771224975585938,1.6469192504882812,2.220000028610229,56.5,15.47702693939209,49.234962463378906,23.192975997924805,8.25,48.34000015258789,57.76868438720703,7.098544597625732,6.616757869720459,2.518688440322876,9.039999961853027,100.55899047851562,24.711822509765625,13.632411003112791,3.900000095367432,24.15999984741211,2162.60009765625,2760.5,2592.38623046875,4402.60009765625,4.173360347747803
2022-08-31,33.17227554321289,3.904989004135132,9.657724380493164,27.89835548400879,2.0299999713897705,1.906293988227844,3.827228307723999,26.900325775146484,46.788719177246094,2.323741912841797,13.94809341430664,3.0799999237060547,11.191195487976074,1.8419772386550903,69.05580139160156,12.904047012329102,21.178361892700195,21.901763916015625,79.69999694824219,50.62810516357422,23.41268539428711,32.76409149169922,42.81999969482422,153.8238983154297,6.908957004547119,305.98651123046875,59.82026290893555,1469.094482421875,4.994135856628418,12.65584659576416,3.776157140731812,16.057113647460938,14.082763671875,26.206892013549805,18.94228744506836,9.470000267028809,117.0,8.619999885559082,2.049999952316284,2.518229484558105,2.710316896438598,18.00494384765625,2.640000104904175,39.56961441040039,57.062686920166016,11.35576629638672,76.5632553100586,11.8100004196167,94.23123168945312,14.420000076293944,42.69989776611328,22.357807159423828,19.521080017089844,23.58895492553711,3.602033853530884,1.597499966621399,62.34999847412109,19.757905960083008,71.41023254394531,27.064529418945312,10.100000381469728,70.5999984741211,69.15803527832031,11.464149475097656,7.234435081481934,4.6939191818237305,10.489999771118164,103.6537628173828,33.0810661315918,16.658750534057617,7.309999942779541,29.68000030517578,3282.60009765625,3454.39990234375,3171.18310546875,5068.5,6.185359477996826
2022-09-30,30.18635368347168,3.785911083221436,9.303387641906738,27.55813217163086,2.7100000381469727,1.8502269983291624,3.986552238464356,34.83441162109375,55.53206634521485,1.7475295066833496,15.561600685119627,3.680000066757202,11.081170082092283,2.0466413497924805,66.0576400756836,14.508387565612791,36.98777389526367,23.972475051879883,83.0999984741211,53.54361343383789,23.097625732421875,32.12514114379883,48.09999847412109,129.40435791015625,7.566644191741943,408.1233215332031,58.20349884033203,1238.4052734375,4.523878574371338,13.661005020141602,3.644320964813232,14.685009956359863,14.180628776550291,25.81998634338379,16.002113342285156,9.729999542236328,127.0,6.980000019073486,2.4100000858306885,2.575648307800293,2.573432207107544,6.094593524932861,3.0799999237060547,39.37879180908203,56.91331100463867,11.480661392211914,94.89529418945312,10.050000190734863,111.21534729003906,12.399999618530272,48.73558044433594,22.638816833496094,22.452173233032227,24.198190689086918,1.7817546129226685,1.6237499713897705,62.95000076293945,18.12970924377441,68.968017578125,26.75553321838379,12.390000343322754,65.19999694824219,71.62377166748047,12.733015060424805,6.777523040771484,2.337419271469116,10.829999923706056,118.40694427490234,26.66372299194336,18.953956604003903,6.929999828338623,40.0,2964.699951171875,3457.60009765625,3179.983154296875,5178.5,6.2117180824279785
2022-10-31,53.75187301635742,4.532508850097656,12.047432899475098,41.582916259765625,3.5299999713897705,2.5899999141693115,4.824732303619385,39.10370635986328,60.68354797363281,2.163158178329468,18.973295211791992,3.900000095367432,11.819913864135742,2.158069372177124,77.31300354003906,15.954276084899902,48.95684814453125,36.356929779052734,89.80000305175781,62.01247787475586,26.838930130004883,41.8159294128418,53.09999847412109,165.36070251464844,9.982501029968262,444.5704345703125,73.41305541992188,1457.3001708984375,5.605471134185791,18.211626052856445,4.152831077575684,16.274219512939453,14.53294277191162,28.66255569458008,19.35407447814941,12.5,145.5,8.239999771118164,3.440000057220459,3.942765235900879,3.18941330909729,7.588366508483887,4.039999961853027,48.22600936889648,63.83452224731445,11.499876022338867,113.46177673339844,14.520000457763672,104.3506851196289,13.4399995803833,65.51273345947266,29.45329475402832,22.569416046142575,31.623289108276367,1.9551143646240237,2.028749942779541,78.4000015258789,23.45336532592773,98.95836639404295,29.954561233520508,18.649999618530277,74.0999984741211,77.02490997314453,21.135915756225582,10.068978309631348,2.8716864585876465,12.390000343322754,161.43704223632812,34.89486312866211,24.34028434753418,8.569999694824219,46.09999847412109,3733.60009765625,4330.5,3978.97900390625,6481.2001953125,8.091926574707031
2022-11-30,69.31035614013672,6.076736927032471,14.264094352722168,59.491920471191406,5.579999923706055,3.799999952316284,5.915752410888672,46.773319244384766,79.49356079101562,3.211675882339477,19.78976821899414,4.679999828338623,16.236663818359375,3.811300992965698,90.43606567382812,24.143898010253903,70.8170394897461,43.405311584472656,91.25,62.24386978149414,28.35514259338379,48.80891799926758,76.4000015258789,177.95504760742188,11.916486740112305,553.8271484375,96.36187744140624,1709.678955078125,8.02309513092041,25.074113845825195,6.4882097244262695,22.28369903564453,20.874589920043945,35.58646011352539,21.956581115722656,16.139999389648438,203.3999938964844,10.119999885559082,5.03000020980835,5.249728679656982,3.545313596725464,9.699565887451172,6.570000171661377,61.23662567138672,81.26204681396484,14.583059310913086,125.83943176269533,14.90999984741211,182.16986083984372,17.889999389648438,80.20297241210938,36.82978439331055,29.50633811950684,37.220664978027344,2.610029697418213,1.1737500429153442,87.75,30.99064064025879,117.2260971069336,39.915184020996094,28.040000915527344,72.0,112.40626525878906,19.396772384643555,15.949602127075195,3.7971136569976807,17.3799991607666,218.4996032714844,44.3137092590332,33.52111053466797,9.90999984741211,59.650001525878906,4461.2998046875,5364.39990234375,4977.57373046875,8284.5,10.587157249450684
2022-12-31,109.05474853515624,6.402782917022705,16.10993766784668,58.499603271484375,5.329999923706055,3.900000095367432,6.369478702545166,44.39309310913086,77.50859069824219,3.164445161819458,19.04133415222168,4.440000057220459,18.138538360595703,3.658939838409424,110.2926788330078,30.926284790039062,79.46137237548828,39.94085311889648,92.5,64.0777587890625,35.01072692871094,52.802371978759766,84.05000305175781,196.5100250244141,13.07557773590088,626.212890625,120.76042175292967,1765.2523193359375,10.093263626098633,29.44198036193848,8.220909118652344,28.779491424560547,20.18953514099121,41.953460693359375,24.74027442932129,21.07999992370605,264.29998779296875,13.289999961853027,6.090000152587891,5.720016956329346,4.370043754577637,10.595829963684082,5.679999828338623,72.5992202758789,96.29950714111328,17.81053924560547,137.37313842773438,15.050000190734863,204.75616455078125,19.959999084472656,98.2077178955078,39.58719253540039,39.56975555419922,40.857059478759766,2.9471182823181152,1.316249966621399,93.5,34.64951705932617,137.64297485351562,44.76826095581055,26.5,66.0,129.70555114746094,20.95845413208008,16.330360412597656,4.169192314147949,24.559999465942383,279.8015441894531,48.78834915161133,40.46225738525391,11.890000343322754,71.25,5027.7001953125,5944.7998046875,5509.1708984375,8904.2998046875,10.37629222869873
2023-01-31,113.61080932617188,4.93321418762207,13.992161750793455,50.60829544067383,4.199999809265137,3.380000114440918,5.361583709716797,33.5687370300293,65.69325256347656,2.6921398639678955,15.114484786987305,3.7899999618530273,15.073533058166504,3.956839799880981,105.37767028808594,28.26408576965332,75.13921356201172,30.18461227416992,85.44999694824219,58.2737922668457,30.40301322937012,42.24189758300781,67.44999694824219,176.1283416748047,10.659720420837402,442.6209716796875,97.96380615234376,1975.6512451171875,8.404694557189941,23.027246475219727,7.392227172851562,25.77475357055664,18.64326858520508,40.80164337158203,19.798809051513672,16.700000762939453,276.0,10.5,5.730000019073486,4.724756717681885,3.72326397895813,11.472176551818848,4.809999942779541,66.31076049804688,75.48606872558594,16.305702209472656,129.21514892578125,11.09000015258789,197.2208251953125,16.329999923706055,101.09256744384766,34.26557922363281,37.81110382080078,37.6395149230957,2.542612075805664,1.1512500047683716,82.6500015258789,33.20426177978516,134.4192657470703,35.389278411865234,20.200000762939453,55.09999847412109,123.75647735595705,14.676239967346191,13.478894233703612,3.9879231452941895,20.540000915527344,244.31761169433597,54.45071029663086,35.39059066772461,9.449999809265137,63.20000076293945,4196.2001953125,5481.7998046875,4976.57373046875,8125.2001953125,7.977708339691162
2023-02-28,126.0188217163086,5.263985633850098,14.420660972595217,61.90184020996094,4.010000228881836,2.8299999237060547,6.345233917236328,34.1165657043457,74.57838439941406,2.7204782962799072,15.29916286468506,3.809999942779541,14.562701225280762,3.8408634662628174,117.37028503417967,27.467912673950195,64.33378601074219,30.065149307250977,83.5,63.79693603515625,27.78410148620605,52.09242630004883,82.4000015258789,183.62728881835935,16.214237213134766,444.9942321777344,104.00182342529295,2143.071044921875,8.93893051147461,25.4030704498291,7.900737762451172,28.41475296020508,21.57921600341797,44.08113098144531,19.172889709472656,16.989999771118164,231.6999969482422,11.520000457763672,6.099999904632568,4.6509318351745605,3.8875253200531006,10.336909294128418,6.190000057220459,67.26487731933594,81.46121978759766,22.31515312194824,135.5915069580078,10.420000076293944,187.59451293945312,16.81999969482422,103.91604614257812,38.269962310791016,38.26053237915039,44.93134307861328,2.3307275772094727,1.162500023841858,74.94999694824219,29.19779396057129,140.28057861328125,32.71736145019531,18.670000076293945,53.79999923706055,134.16737365722656,15.945104598999023,13.09813404083252,3.787573099136353,18.0,239.95106506347656,54.60723114013672,28.48646354675293,9.649999618530272,56.0,4349.10009765625,5763.7001953125,5237.27197265625,8805.2998046875,8.794808387756348
2023-03-31,98.87631225585938,6.067286491394043,15.386470794677734,55.719825744628906,4.079999923706055,2.890000104904175,4.973666191101074,26.46584129333496,61.297943115234375,2.739370584487915,15.35748291015625,4.960000038146973,13.356884002685549,3.950017929077149,115.20767974853516,25.850690841674805,56.53175354003906,26.18256187438965,77.5,69.60090637207031,25.00765991210937,44.83393478393555,103.6999969482422,195.8370361328125,12.170445442199709,415.158447265625,75.35203552246094,2224.23193359375,8.910309791564941,25.11066246032715,5.8290300369262695,25.444751739501957,17.322093963623047,47.89445495605469,22.944873809814453,14.869999885559082,198.5,11.050000190734863,4.690000057220459,5.145827293395996,4.438486576080322,9.042305946350098,5.679999828338623,67.84526062011719,77.75,18.79066276550293,157.06484985351562,11.779999732971191,181.0060272216797,13.859999656677246,92.68353271484376,34.73978042602539,31.050048828125,40.28589630126953,2.475194215774536,1.0575000047683716,73.9000015258789,29.25267791748047,115.76077270507812,29.57286262512207,17.100000381469727,46.880001068115234,151.09783935546875,12.103018760681152,11.693553924560549,3.9020590782165527,16.649999618530273,226.8677978515625,52.54071044921875,28.83814811706543,8.949999809265137,47.31999969482422,4488.2001953125,5294.60009765625,4812.87451171875,7910.0,9.1717529296875
2023-04-30,111.96288299560548,5.949153900146484,14.57809066772461,62.32901763916016,4.21999979019165,2.8399999141693115,4.698112487792969,26.428058624267575,55.6738510131836,2.4559874534606934,13.770000457763672,4.789999961853027,12.552454948425291,4.086460113525391,95.20361328125,22.252992630004883,54.8033332824707,23.992387771606445,72.5999984741211,73.11138153076172,23.90496063232422,41.11201477050781,119.1999969482422,226.40956115722656,11.405308723449709,412.7679748535156,80.93765258789062,2245.2216796875,8.166194915771484,27.38734245300293,5.8516340255737305,24.015146255493164,16.216218948364258,44.00492477416992,24.2711181640625,12.710000038146973,202.1000061035156,10.510000228881836,4.260000228881836,4.864202499389648,3.9901235103607178,8.195834159851074,4.739999771118164,67.0914306640625,64.30000305175781,14.830565452575684,163.53497314453125,10.239999771118164,165.69862365722656,13.0,90.78076171875,35.09811019897461,29.923067092895508,35.08833312988281,2.167900562286377,0.975000023841858,70.44999694824219,30.277158737182617,124.8458023071289,27.21409034729004,16.389999389648438,45.119998931884766,155.38717651367188,11.313304901123049,11.24510383605957,3.749411106109619,16.270000457763672,252.7295684814453,45.999141693115234,27.764583587646484,8.600000381469727,41.29999923706055,4159.39990234375,5058.0,4617.87548828125,7488.39990234375,9.075915336608888
2023-05-31,110.0241241455078,5.601166725158691,14.351017951965332,72.3151626586914,4.320000171661377,2.9800000190734863,4.569299221038818,33.09827423095703,64.3575210571289,2.3615262508392334,13.1899995803833,4.440000057220459,14.211590766906738,4.036431312561035,94.66297149658205,23.63633728027344,54.67686462402344,23.75345993041992,79.80000305175781,65.99683380126953,22.979480743408203,41.64371871948242,181.0,222.60568237304688,14.53907871246338,458.5296020507813,94.4933853149414,2537.88134765625,8.016988754272461,25.59357452392578,6.9226484298706055,22.715131759643555,16.167287826538086,46.93640899658203,23.73925018310547,11.600000381469728,259.0,12.670000076293944,4.03000020980835,5.1641950607299805,4.10802173614502,8.863052368164062,5.170000076293945,69.88506317138672,65.80000305175781,17.394729614257812,164.2093963623047,11.630000114440918,164.7123260498047,13.989999771118164,93.87020874023438,35.465633392333984,32.994117736816406,39.05548095703125,2.334662437438965,0.9112499952316284,77.6500015258789,30.643047332763672,140.4759521484375,29.660024642944336,17.649999618530273,56.79999923706055,173.5966033935547,11.171334266662598,14.111584663391112,3.9115993976593018,16.030000686645508,299.5615234375,46.48479843139648,31.28143119812012,9.380000114440918,44.91999816894531,4277.7998046875,5375.89990234375,4886.8740234375,8101.2001953125,9.77553653717041
2023-06-30,171.09478759765625,6.385522365570068,18.347505569458008,85.43707275390625,4.449999809265137,3.569999933242798,5.181163311004639,31.523088455200195,72.42021179199219,2.7771551609039307,14.65999984741211,5.78000020980835,15.133334159851074,3.5043046474456787,127.79009246826172,27.094709396362305,75.96585083007812,25.76443672180176,80.5,80.78087615966797,26.89800262451172,54.49953079223633,269.5,253.0178680419922,17.7535457611084,587.3197631835938,112.74402618408205,3726.210693359375,9.67375659942627,35.13568878173828,7.205007076263428,25.73678970336914,17.968002319335938,62.31437683105469,28.40199851989746,13.970000267028809,271.20001220703125,12.479999542236328,3.7899999618530273,5.233088970184326,5.180160045623779,10.595829963684082,6.420000076293945,91.968017578125,77.94999694824219,22.003456115722656,202.3821258544922,13.5,193.4136962890625,15.010000228881836,126.2378387451172,42.28311920166016,36.89199447631836,43.02295684814453,2.5897092819213867,0.9487500190734864,93.3499984741211,33.20426177978516,189.2224578857422,38.31916046142578,20.739999771118164,62.70000076293945,204.35031127929688,12.244989395141602,15.57081127166748,4.2741379737854,20.739999771118164,344.9554748535156,55.01858139038086,31.94778251647949,9.90999984741211,57.0,5250.89990234375,6396.10009765625,5759.0693359375,9181.0,12.439848899841309
2023-07-31,270.4557800292969,8.666409492492676,25.377685546875,102.65956115722656,5.789999961853027,4.429999828338623,6.200936317443848,38.44611358642578,99.91973114013672,3.221122026443481,18.850000381469727,8.210000038146973,23.445772171020508,5.203016757965088,151.77529907226562,37.121490478515625,100.0793228149414,33.220001220703125,88.5,102.3856201171875,29.989501953125,67.41230773925781,311.1000061035156,302.8707580566406,25.35260391235352,768.5394897460938,163.6606903076172,3689.718994140625,13.038968086242676,39.38895034790039,8.461014747619629,29.53142738342285,20.40483856201172,77.75785827636719,38.91535186767578,16.790000915527344,311.6000061035156,14.40999984741211,4.420000076293945,6.200479030609131,5.567014217376709,16.232332229614258,8.880000114440918,119.72693634033205,90.1999969482422,25.20938873291016,280.82183837890625,15.020000457763672,284.4493103027344,17.989999771118164,172.3954620361328,52.92280960083008,43.52625274658203,51.67399597167969,3.050755739212036,1.2374999523162842,112.3000030517578,47.29091262817383,228.8839569091797,44.609474182128906,25.920000076293945,72.0,244.4110870361328,14.445538520812988,20.75536155700684,5.800615787506104,21.299999237060547,597.005615234375,71.73922729492188,36.18650817871094,12.06999969482422,61.650001525878906,6440.10009765625,7875.7001953125,7216.9619140625,11369.099609375,13.637831687927246
2023-08-31,644.1500854492188,10.384291648864746,26.14065170288086,133.82406616210938,5.199999809265137,5.059999942779541,5.74293327331543,38.8544921875,123.71480560302734,3.816226482391357,18.989999771118164,8.029999732971191,35.49545669555664,8.800558090209961,160.0325164794922,38.33565521240234,101.84989166259766,35.97999954223633,99.0999984741211,119.48936462402344,37.45241928100586,69.2637710571289,760.0,378.3237609863281,28.79571533203125,794.2061157226562,195.4952392578125,3109.241943359375,13.892534255981444,46.41609191894531,8.36365032196045,28.81114959716797,21.05074691772461,70.6420669555664,44.5000114440918,23.1200008392334,357.20001220703125,13.34000015258789,4.849999904632568,5.924902439117432,7.759186744689941,18.970916748046875,8.100000381469727,125.75763702392578,81.8499984741211,24.89078712463379,330.2274475097656,19.46999931335449,354.0821838378906,20.440000534057617,179.0040283203125,54.94416809082031,58.17280578613281,49.59349060058594,4.159229755401611,1.2000000476837158,122.6999969482422,51.04125595092773,239.3366241455078,47.47594833374024,25.68000030517578,108.6999969482422,218.43228149414065,22.324922561645508,21.888408660888672,6.783286094665527,25.68000030517578,772.9652099609375,97.89561462402344,56.45465469360352,13.579999923706056,68.80000305175781,7379.10009765625,8410.5,7917.85791015625,12798.599609375,15.238336563110352
2023-09-30,504.5275573730469,10.277374267578123,30.39146041870117,167.59365844726562,6.03000020980835,7.800000190734863,7.349523067474365,40.00185012817383,119.18983459472656,3.948471784591675,23.51000022888184,9.25,41.193504333496094,12.57547378540039,163.0,40.60474395751953,136.33384704589844,46.0,102.6999969482422,130.1496124267578,48.0659065246582,86.25927734375,703.9000244140625,379.8636474609375,39.07125473022461,858.6011962890625,183.2339630126953,3042.356201171875,13.107645988464355,51.22412872314453,7.867088317871094,30.585494995117188,21.78473472595215,69.19271087646484,47.20370101928711,34.0,360.8999938964844,15.65999984741211,5.46999979019165,7.067397117614746,9.483450889587402,23.5617790222168,7.300000190734863,130.10325622558594,99.3000030517578,29.41095542907715,347.64794921875,22.0,359.9013671875,19.63999938964844,168.63084411621094,54.85228729248047,65.16142272949219,52.88359451293945,6.209416389465332,1.2899999618530271,125.3000030517578,48.75446701049805,236.8944091796875,53.34823226928711,26.0,114.0,239.1505584716797,25.874195098876957,28.70385360717773,7.746874809265137,23.399999618530277,748.1677856445312,121.461669921875,86.90315246582031,14.380000114440918,63.400001525878906,8656.7998046875,8797.400390625,8334.8564453125,13614.5,17.691802978515625
2023-10-31,484.8467102050781,9.70857048034668,26.758289337158203,162.67295837402344,5.03000020980835,6.289999961853027,6.340484142303467,34.07061004638672,97.43142700195312,3.929579496383667,18.739999771118164,10.0,39.38353729248047,13.39413070678711,135.8000030517578,41.14215850830078,115.84581756591795,33.79999923706055,113.0,128.870361328125,46.060001373291016,77.14437103271484,923.0,353.9747619628906,34.60865783691406,940.5336303710938,170.21922302246094,3274.406982421875,13.421602249145508,40.57246780395508,6.387141227722168,26.72058486938477,18.52583122253418,66.7249755859375,41.663352966308594,27.0,328.1000061035156,13.15999984741211,4.579999923706055,6.499020099639893,7.72971248626709,21.5501651763916,5.989999771118164,121.32330322265624,83.5,24.850961685180664,321.4696655273437,20.0,394.02740478515625,19.68000030517578,144.24258422851562,49.155738830566406,52.21772384643555,45.80986785888672,6.52332067489624,1.0425000190734863,114.5999984741211,43.90645599365234,212.2769470214844,40.648170471191406,31.799999237060547,96.9000015258789,194.80047607421875,22.466894149780277,28.75535774230957,6.392125606536865,19.209999084472656,615.5186767578125,108.3988037109375,67.09774780273438,16.299999237060547,60.95000076293945,7686.10009765625,7836.2001953125,7514.06005859375,12225.7001953125,16.522573471069336
2023-11-30,463.905517578125,10.782979011535645,30.554950714111328,141.83229064941406,5.079999923706055,5.690000057220459,6.175889492034912,33.46775817871094,97.26651763916016,3.787888526916504,18.75,10.899999618530272,34.38936996459961,14.96322250366211,135.89999389648438,48.69820785522461,113.23212432861328,40.34000015258789,124.5999984741211,145.9267578125,40.68000030517578,84.02802276611328,673.5,390.0170593261719,32.44326400756836,847.1836547851562,171.6317596435547,3954.1630859375,12.95066738128662,44.5483512878418,7.175796985626221,30.884145736694336,20.04273796081543,71.3667984008789,47.91285705566406,31.739999771118164,380.0,12.979999542236328,5.190000057220459,7.535304546356201,7.899191856384277,20.71365165710449,5.760000228881836,125.49156188964844,83.8499984741211,24.700000762939453,342.4598693847656,20.799999237060547,435.6986389160156,21.600000381469727,144.24258422851562,56.00078582763672,54.6292839050293,47.66780853271485,6.8666534423828125,1.1962499618530271,116.0,52.91643142700195,245.1979217529297,44.88815689086914,35.459999084472656,99.75,193.0200042724609,19.32578659057617,28.961368560791016,6.792826175689697,23.899999618530277,586.3903198242188,116.80181121826172,79.26789093017578,13.899999618530272,59.75,8358.099609375,8540.7001953125,7948.55810546875,12827.7998046875,18.401010513305664
2023-12-31,325.26708984375,13.36933708190918,33.170833587646484,137.29751586914062,4.28000020980835,5.25,7.370991230010986,28.91723251342773,87.42406463623047,3.608412265777588,17.040000915527344,12.239999771118164,31.925800323486328,13.667015075683594,128.5,44.84941482543945,113.8223114013672,32.939998626708984,89.5,143.90609741210938,37.13999938964844,73.34648895263672,591.0,505.74700927734375,27.622907638549805,798.7731323242188,179.89137268066406,4476.552734375,10.85109043121338,40.64643859863281,6.698709011077881,29.865219116210938,20.06231117248535,62.75355529785156,51.72461318969727,20.81999969482422,153.8000030517578,11.979999542236328,3.809999942779541,5.728369235992432,8.606582641601562,15.445612907409668,5.78000020980835,125.75763702392578,77.5,23.76000022888184,318.8993835449219,19.31999969482422,419.6712341308594,18.209999084472656,132.88731384277344,55.541385650634766,60.633583068847656,44.3390007019043,4.218087196350098,1.0237499475479126,107.5,52.30150604248047,223.3157196044922,36.746578216552734,29.700000762939453,83.8499984741211,169.9547119140625,17.1252384185791,27.210294723510746,6.249018669128418,24.36000061035156,604.6486206054688,109.23910522460938,75.75103759765625,12.84000015258789,46.2400016784668,8717.2001953125,8020.7998046875,7470.16064453125,11531.900390625,18.72686195373535
2024-01-31,39.99185562133789,13.69020175933838,35.913875579833984,164.9885711669922,4.900000095367432,6.5,6.666095733642578,35.04294204711914,103.53866577148438,4.005148410797119,19.11000061035156,13.59000015258789,35.6798095703125,16.17983627319336,141.60000610351562,50.45309829711914,124.19280242919922,27.31999969482422,118.0999984741211,182.3049774169922,42.59999847412109,85.3572769165039,612.0,514.8898315429688,30.97456169128418,923.4530639648438,190.91583251953125,4211.60888671875,12.980100631713867,43.58673858642578,9.785178184509276,33.21579360961914,21.10946655273437,74.84602355957031,56.289852142333984,24.5,145.60000610351562,13.029999732971191,4.46999979019165,7.30463171005249,9.44660758972168,17.80577278137207,6.25,142.5194091796875,83.19999694824219,26.84000015258789,388.8668823242188,27.020000457763672,480.3287658691406,21.71999931335449,153.9610595703125,66.70478820800781,60.042999267578125,47.70651626586914,4.767419338226318,1.274999976158142,138.3000030517578,63.90852737426758,266.4451599121094,41.5837516784668,39.5,94.25,199.4135284423828,22.307174682617188,31.296127319335938,7.8231987953186035,32.70000076293945,685.749755859375,114.58648681640624,86.48667907714844,14.15999984741211,61.45000076293945,9564.5,9103.099609375,8496.6552734375,12891.900390625,20.93114852905273
2024-02-29,48.16649627685547,15.138951301574709,37.76679611206055,151.48074340820312,5.559999942779541,6.119999885559082,7.61430549621582,36.618125915527344,127.95179748535156,4.033486843109131,20.86000061035156,16.68000030517578,40.43935012817383,15.577214241027832,169.0,59.825809478759766,129.42018127441406,29.31999969482422,155.89999389648438,185.7740478515625,46.43999862670898,121.53205108642578,713.0,622.679931640625,32.95166015625,1244.058349609375,187.06602478027344,4938.95458984375,13.29405689239502,49.65227127075195,10.807510375976562,33.69718170166016,22.274059295654297,86.30204772949219,55.93527221679688,25.299999237060547,200.6000061035156,14.479999542236328,4.869999885559082,10.485990524291992,10.223999977111816,17.238140106201172,6.670000076293945,149.1708984375,96.0500030517578,26.86000061035156,469.5436401367188,29.059999465942383,499.0684814453125,24.200000762939453,175.44400024414062,73.04450225830078,59.206336975097656,49.49672317504883,4.649704933166504,1.5,174.5,62.4168586730957,275.2370910644531,46.75932693481445,50.5,146.0,216.4899444580078,23.30097198486328,32.12016296386719,7.899522304534912,32.099998474121094,738.8263549804688,123.6006088256836,98.28662872314452,14.229999542236328,83.05000305175781,10054.099609375,9701.2998046875,9193.6513671875,14417.400390625,22.138715744018555
2024-03-31,57.28860855102539,14.866703987121582,44.338138580322266,144.1479034423828,12.699999809265137,6.260000228881836,7.277960300445557,33.62333679199219,126.02189636230467,4.118502140045166,16.06999969482422,18.68000030517578,38.03924560546875,15.554473876953123,148.0,55.937129974365234,128.49273681640625,25.0,155.10000610351562,172.7351531982422,42.08000183105469,115.93018341064452,629.5,556.2736206054688,29.61883544921875,1586.58544921875,220.4894256591797,4908.9609375,12.901612281799316,46.23116302490234,9.707286834716797,31.022804260253903,20.70821952819824,96.0608901977539,63.49177551269531,23.18000030517578,159.10000610351562,13.5600004196167,4.809999942779541,8.775169372558594,10.491114616394045,14.66884994506836,7.099999904632568,176.6637420654297,88.44999694824219,23.200000762939453,395.054443359375,26.71999931335449,459.6164245605469,19.82999992370605,166.33932495117188,75.80089569091797,49.26478958129883,44.74542617797852,4.0611348152160645,1.5412499904632568,183.1000061035156,63.11608123779297,290.86724853515625,40.56854248046875,40.79999923706055,156.3000030517578,224.17837524414065,22.59111785888672,35.48497009277344,8.099872589111328,30.31999969482422,839.0349731445312,135.21205139160156,96.62075805664062,14.5600004196167,83.44999694824219,10979.7998046875,9869.7998046875,9142.3515625,13946.099609375,26.202272415161133
2024-04-30,66.10224151611328,17.7447566986084,56.34678268432617,145.69166564941406,20.299999237060547,7.429999828338623,8.771608352661133,37.395992279052734,112.5126495361328,4.732499122619629,20.15999984741211,21.21999931335449,48.915157318115234,20.466413497924805,173.0,60.57363128662109,172.73928833007812,24.13999938964844,180.6999969482422,185.1759185791016,40.70000076293945,123.03968811035156,601.5,697.7479858398438,31.066940307617188,1738.9156494140625,221.97434997558597,5026.43603515625,14.314413070678713,48.08041000366211,9.483346939086914,34.2320671081543,21.32840919494629,98.01499938964844,76.42185974121094,24.86000061035156,154.10000610351562,16.290000915527344,4.340000152587891,9.005842208862305,12.956843376159668,15.565114974975586,7.329999923706055,208.23277282714844,100.0999984741211,26.020000457763672,420.7568054199219,30.979999542236328,523.5,20.71999931335449,211.5558013916016,84.80513000488281,52.1079330444336,48.77096557617188,4.767419338226318,1.6875,219.8999938964844,75.32908630371094,318.4642639160156,51.50692367553711,40.34000015258789,168.0,240.2335968017578,23.38970375061035,38.66093826293945,9.349677085876465,40.380001068115234,834.0081176757812,158.95913696289062,105.78306579589844,19.68000030517578,83.5,13409.0,10907.2998046875,10045.646484375,14644.900390625,32.279998779296875
2024-05-31,56.71572113037109,19.570289611816406,62.93400192260742,137.490478515625,15.270000457763672,7.53000020980835,8.929859161376953,45.310794830322266,116.83538818359376,5.658216953277588,18.5,18.649999618530277,81.08458709716797,26.08330535888672,181.0,58.47973251342773,164.89151000976562,23.520000457763672,272.0,229.67556762695312,35.939998626708984,113.7702407836914,493.75,733.5401000976562,30.133180618286133,2028.1029052734373,237.03341674804688,4901.462890625,13.902345657348633,48.82011032104492,8.616799354553223,38.30875778198242,23.745561599731445,96.16732788085938,99.91845703125,24.700000762939453,152.3000030517578,17.639999389648438,4.789999961853027,8.554107666015625,15.225000381469728,16.570920944213867,6.550000190734863,219.3765869140625,90.3499984741211,29.07999992370605,459.22705078125,30.899999618530277,609.5,20.3799991607666,201.8000030517578,92.72312927246094,48.21220016479492,48.712501525878906,5.062685012817383,1.8337500095367432,240.6999969482422,92.8561553955078,295.7516784667969,52.4026985168457,35.68000030517578,138.5,269.4718322753906,24.89814567565918,40.89269256591797,10.542237281799316,46.119998931884766,905.2094116210938,143.45289611816406,126.328857421875,22.13999938964844,83.69999694824219,15062.400390625,11409.400390625,10400.4453125,14204.5,32.31999969482422
2024-06-30,43.230865478515625,24.300596237182617,60.706668853759766,138.3588409423828,15.859999656677246,8.029999732971191,9.706040382385254,44.060001373291016,104.57788848876952,5.214250564575195,17.139999389648438,16.450000762939453,111.40316772460938,24.332290649414062,174.39999389648438,58.42987060546875,158.71910095214844,22.34000015258789,345.0,260.7774353027344,34.900001525878906,109.76974487304688,451.0,795.671875,30.288806915283203,2422.53515625,206.52415466308597,5778.77685546875,16.531723022460938,48.531131744384766,9.454136848449709,37.92180252075195,26.375701904296875,98.89484405517578,104.18213653564452,27.63999938964844,140.1999969482422,18.25,3.990000009536743,7.967815399169922,14.979283332824709,16.78005027770996,6.369999885559082,208.87744140625,93.1500015258789,31.5,512.1312255859375,38.380001068115234,659.0,21.739999771118164,227.8999938964844,91.58425903320312,44.19781112670898,49.2421989440918,4.557407379150391,1.9837499856948853,259.5,93.78843688964844,301.61297607421875,52.45246124267578,30.940000534057617,128.6999969482422,296.746337890625,26.158138275146484,46.05149459838867,11.18144989013672,48.29999923706055,846.2529296875,134.36024475097656,157.42520141601562,22.040000915527344,78.75,15129.599609375,11559.7001953125,10647.84375,14361.599609375,33.79999923706055
2024-07-31,47.6376838684082,26.257627487182617,58.66889572143555,144.1479034423828,12.539999961853027,6.510000228881836,9.16045379638672,41.27999877929688,101.95127868652344,5.922708034515381,16.600000381469727,16.200000762939453,102.94216918945312,23.104305267333984,168.0,62.31855010986328,151.2240447998047,23.780000686645508,314.75,300.32183837890625,38.7599983215332,105.5740966796875,419.75,814.9375,32.79828643798828,1922.857666015625,188.140380859375,5596.3154296875,16.513391494750977,51.22468566894531,11.29433536529541,42.95224380493164,27.76259422302246,87.45682525634766,114.74864959716795,25.440000534057617,162.6999969482422,17.030000686645508,5.039999961853027,8.329999923706055,14.17597770690918,16.212417602539062,6.010000228881836,198.10202026367188,97.9499969482422,30.239999771118164,509.7154541015625,34.040000915527344,610.5,24.13999938964844,224.0,94.28907775878906,57.2000732421875,46.14249038696289,4.240370273590088,2.5350000858306885,258.75,98.44989776611328,282.5637512207031,57.47874069213867,31.18000030517578,129.0,244.37933349609372,24.86265182495117,44.72501754760742,12.021013259887695,51.09999847412109,702.4896850585938,132.5741729736328,155.2040252685547,20.36000061035156,70.6500015258789,14593.900390625,11606.7001953125,10638.54296875,14455.2001953125,30.200000762939453
2024-08-31,47.6376838684082,21.901023864746094,55.25680923461914,152.44558715820312,12.640000343322754,5.539999961853027,8.075305938720703,37.70000076293945,93.58504486083984,5.63932466506958,16.280000686645508,12.609999656677246,90.60321044921876,17.48741340637207,144.10000610351562,58.2304573059082,131.9132080078125,23.200000762939453,355.0,259.2706298828125,34.34000015258789,87.62065124511719,378.5,58.6639404296875,34.87978744506836,1761.67138671875,187.2016448974609,5731.287109375,15.342299461364746,46.68818283081055,11.37222671508789,44.96073532104492,23.94368934631348,84.81729888916016,104.08944702148438,25.63999938964844,169.6999969482422,15.609999656677246,3.7100000381469727,7.230000019073486,12.493762016296388,15.833992958068848,5.510000228881836,171.57791137695312,77.3499984741211,22.979999542236328,468.1651916503906,37.400001525878906,467.75,22.979999542236328,227.3000030517578,83.51725006103516,53.88771057128906,42.591556549072266,4.289907455444336,2.692500114440918,249.8999938964844,91.69078826904295,293.5536804199219,53.149173736572266,27.3799991607666,116.3000030517578,212.9591217041016,20.674510955810547,42.96687316894531,11.019262313842772,48.36000061035156,662.5806884765625,136.87696838378906,136.97195434570312,18.920000076293945,66.05000305175781,13716.900390625,10842.900390625,9833.1484375,13308.599609375,31.200000762939453
2024-09-30,37.24492263793945,19.304763793945312,58.384552001953125,148.7791748046875,12.18000030517578,5.599999904632568,8.337550163269043,38.34000015258789,91.83397674560548,5.837693214416504,16.350000381469727,14.770000457763672,95.1862564086914,18.20373916625977,144.3000030517578,59.07798385620117,133.147705078125,20.420000076293945,351.5,238.26492309570312,29.18000030517578,89.66968536376953,473.75,54.90713882446289,34.12110900878906,1739.8638916015625,178.71102905273438,5118.91650390625,14.879766464233398,45.21381759643555,11.70326805114746,41.73609161376953,26.49953269958496,80.7699966430664,113.45101165771484,30.280000686645508,204.5,16.860000610351562,4.159999847412109,6.980000019073486,13.287616729736328,17.52693748474121,5.659999847412109,173.3277587890625,77.1500015258789,26.899999618530277,434.8283386230469,42.119998931884766,440.5,22.65999984741211,239.3000030517578,92.39096069335938,67.68098449707031,42.27766036987305,4.309721946716309,2.958750009536743,249.6999969482422,88.75406646728516,278.4120178222656,51.7557487487793,26.07999992370605,127.0,188.08480834960935,20.56803321838379,45.47850799560547,11.200531005859377,49.79999923706055,640.3585815429688,135.5136260986328,129.56805419921875,22.8799991607666,64.44999694824219,14399.7001953125,10780.400390625,9665.748046875,12818.900390625,30.920000076293945
2024-10-31,40.23237228393555,18.852384567260746,47.958740234375,150.03347778320312,11.619999885559082,5.929999828338623,7.541775226593018,33.0,84.00279235839844,4.96865177154541,16.389999389648438,15.3100004196167,79.3218765258789,19.56816673278809,128.5,60.67333984375,133.05950927734375,19.88999938964844,372.0,225.8494873046875,27.040000915527344,80.79053497314453,485.75,49.03111267089844,33.90712356567383,1715.2117919921875,171.68994140625,5286.38134765625,12.773767471313477,37.55846786499024,9.804651260375977,43.37606048583984,23.577152252197266,86.09307098388672,99.0842514038086,25.540000915527344,201.8999938964844,14.5,3.990000009536743,6.199999809265137,11.113966941833496,16.909509658813477,5.449999809265137,155.64500427246094,72.55000305175781,24.65999984741211,393.0364990234375,41.220001220703125,415.0,18.559999465942383,231.6000061035156,79.00922393798828,63.92367935180664,38.39321899414063,4.062036991119385,2.782500028610229,230.3000030517578,79.01163482666016,266.200927734375,74.79701232910156,26.059999465942383,120.5,164.08326721191406,20.408315658569336,42.590126037597656,11.524907112121582,47.2400016784668,654.8709716796875,126.25818634033205,116.24105834960938,20.559999465942383,57.04999923706055,12055.7998046875,9752.0,8863.853515625,12098.099609375,24.479999542236328
2024-11-30,34.552276611328125,19.629295349121094,57.67370223999024,158.91004943847656,11.449999809265137,6.650000095367432,8.898209571838379,35.560001373291016,93.73097229003906,5.866031169891357,16.639999389648438,13.65999984741211,85.66761779785156,21.364660263061523,142.89999389648438,69.36162567138672,156.07379150390625,22.26000022888184,336.25,229.23843383789065,28.559999465942383,96.9876708984375,452.75,51.24666213989258,39.39295959472656,2013.880615234375,174.7106475830078,5913.74853515625,13.81692600250244,45.00589370727539,12.326403617858888,48.32357406616211,25.53861427307129,86.29032897949219,111.6899185180664,26.280000686645508,249.0,16.25,4.139999866485596,6.820000171661377,12.881237983703612,19.75763702392578,5.289999961853027,184.65576171875,71.75,27.440000534057617,469.9434509277344,45.70000076293945,474.25,18.34000015258789,217.8000030517578,85.88990020751953,79.6944808959961,39.78612518310547,4.606944561004639,3.487499952316284,274.25,84.4189224243164,278.4120178222656,81.61483764648438,30.600000381469727,116.0,172.81109619140625,20.905214309692383,51.89213943481445,12.097336769104004,46.040000915527344,731.8177490234375,128.52838134765625,103.74699401855467,23.18000030517578,63.84999847412109,14119.5,10614.099609375,9651.94921875,12786.900390625,29.63999938964844
2024-12-31,32.90131759643555,18.842552185058597,61.46490859985352,173.67218017578125,13.18000030517578,7.639999866485596,11.70150661468506,39.20000076293945,89.49921417236328,6.073845863342285,19.040000915527344,15.960000038146973,91.66083526611328,23.65007781982422,142.0,72.40774536132812,155.985595703125,21.920000076293945,301.0,257.85516357421875,29.0,88.54759216308594,431.0,57.74882125854492,45.32621383666992,1793.90869140625,158.21925354003906,6548.6142578125,14.25977611541748,44.98699188232422,13.261106491088867,44.77647018432617,24.17153549194336,83.61327362060547,115.3047866821289,26.15999984741211,287.0,16.200000762939453,4.840000152587891,7.650000095367432,12.796182632446287,18.68212127685547,5.449999809265137,164.4864044189453,71.5999984741211,27.100000381469727,531.9380493164062,43.47999954223633,484.5,18.100000381469727,213.0,91.10973358154295,79.10122680664062,40.72780990600586,4.696110725402832,3.140000104904175,274.0,89.22036743164062,274.50445556640625,71.7115707397461,40.0,118.4000015258789,179.00787353515625,25.34429359436035,57.184513092041016,11.658474922180176,43.47999954223633,705.4798583984375,123.9006576538086,108.92971801757812,23.31999969482422,71.30000305175781,14554.7998046875,10756.2998046875,9830.5478515625,13054.2001953125,30.6200008392334
2025-01-31,31.446897506713867,15.872587203979492,61.46490859985352,200.88082885742188,14.100000381469728,8.039999961853027,10.435502052307127,41.09999847412109,83.71095275878906,6.763411521911621,17.34000015258789,14.220000267028809,87.69474029541016,25.12820816040039,127.0,88.58712768554688,140.1136932373047,22.239999771118164,301.0,268.3450012207031,27.57999992370605,82.25413513183594,394.25,54.955299377441406,51.89170837402344,1823.301513671875,153.56576538085938,7238.46826171875,13.374075889587402,42.3406982421875,14.867629051208496,44.86860656738281,22.229888916015625,82.94400787353516,117.99275970458984,23.420000076293945,266.75,20.3799991607666,4.639999866485596,7.679999828338623,13.382122993469238,19.468839645385746,5.260000228881836,156.38180541992188,68.0,27.299999237060547,568.8917236328125,44.29999923706055,411.75,17.489999771118164,234.5,94.81106567382812,69.01582336425781,37.29458999633789,4.00259256362915,3.039999961853028,277.75,103.93018341064452,309.6722717285156,63.45055770874024,28.940000534057617,112.0,194.1942901611328,26.776485443115234,53.41706085205078,12.984601974487305,50.54999923706055,644.3382568359375,123.28945922851562,111.6136245727539,27.459999084472656,61.34999847412109,14936.7998046875,11122.099609375,10004.34765625,12646.2001953125,30.71999931335449
2025-02-28,27.49637985229492,16.99370002746582,63.78702545166016,165.9534149169922,11.949999809265137,6.420000076293945,11.737678527832031,35.34000015258789,74.12869262695312,6.376121044158936,16.65999984741211,14.699999809265137,88.92863464355469,24.37777137756348,127.5999984741211,93.33108520507812,127.94523620605467,19.850000381469727,271.5,246.87741088867188,26.600000381469727,77.86334228515625,356.75,51.29482650756836,43.78940582275391,1893.4649658203125,141.23805236816406,8198.2646484375,12.852497100830078,41.50900268554688,14.020553588867188,44.7580451965332,22.111011505126957,78.74996948242188,119.29039001464844,22.07999992370605,276.0,19.6200008392334,4.869999885559082,8.359999656677246,14.336639404296877,17.04892921447754,5.070000171661377,140.35679626464844,62.650001525878906,27.700000762939453,546.5249633789062,43.79999923706055,391.0,16.31999969482422,239.0,91.86898040771484,64.86300659179688,34.78343200683594,3.8341665267944336,3.109999895095825,249.3999938964844,96.8156280517578,301.1245422363281,70.06932067871094,24.299999237060547,101.1999969482422,170.1927490234375,23.2775936126709,48.214393615722656,11.782501220703123,48.20000076293945,625.9957885742188,112.63697052001952,102.17367553710938,25.899999618530277,55.95000076293945,15153.400390625,10790.099609375,9658.6494140625,12141.7998046875,29.399999618530277
2025-03-31,30.916231155395508,16.433143615722656,50.62737274169922,165.10000610351562,10.130000114440918,6.699999809265137,10.10091495513916,35.15999984741211,97.96272277832033,5.762124061584473,15.25,16.030000686645508,81.97924041748047,22.0772647857666,137.10000610351562,119.74742889404295,148.84324645996094,20.36000061035156,245.0,223.58018493652344,25.799999237060547,86.75,371.25,51.48748016357422,50.092281341552734,2797.056396484375,187.03836059570312,7175.9814453125,15.657214164733888,41.4712028503418,12.589288711547852,58.64244079589844,22.309139251708984,94.4999542236328,113.41671752929688,19.75,263.0,21.280000686645508,4.349999904632568,7.110000133514404,11.757758140563965,16.212417602539062,4.909999847412109,150.6717529296875,57.0,29.31999969482422,481.6130065917969,38.040000915527344,493.75,17.06999969482422,257.75,79.76847076416016,64.1708755493164,37.84390640258789,4.666388988494873,3.3299999237060547,242.0,92.10464477539062,303.8109741210937,149.29542541503906,27.020000457763672,93.5999984741211,156.49005126953125,31.218076705932617,54.44862747192383,10.494535446166992,49.09999847412109,768.0324096679688,127.47412109375,111.6136245727539,23.959999084472656,48.91999816894531,12626.400390625,10577.099609375,9659.44921875,12766.900390625,24.040000915527344
2025-04-30,32.90131759643555,15.69556999206543,46.99383163452149,140.10000610351562,8.850000381469727,6.039999961853027,8.64500904083252,31.100000381469727,91.6500015258789,5.836332321166992,14.68000030517578,17.170000076293945,75.02710723876953,20.759750366210938,113.6999969482422,134.82821655273438,121.93238830566406,23.540000915527344,233.1000061035156,220.04290771484372,25.280000686645508,86.8499984741211,363.0,50.18704605102539,46.06890487670898,2515.0,159.60714721679688,6053.71875,15.312776565551758,41.39559173583984,11.216443061828612,60.86699295043945,22.289325714111328,80.33733367919922,98.71099090576172,17.360000610351562,274.5,20.100000381469727,4.880000114440918,6.670000076293945,9.878050804138184,14.300386428833008,4.989999771118164,132.7369842529297,55.0,23.21999931335449,465.32421875,36.65999984741211,377.25,16.149999618530273,222.8999938964844,72.091796875,63.83427429199219,33.5474739074707,5.132036685943604,3.2699999809265137,228.5,86.4322280883789,277.6793212890625,136.3564910888672,23.780000686645508,83.19999694824219,187.10716247558597,27.17531967163086,55.031681060791016,9.97934913635254,52.5,607.5,115.18856048583984,98.56427764892578,20.71999931335449,40.380001068115234,11452.099609375,9900.099609375,9078.3525390625,12218.7001953125,22.76000022888184
2025-05-31,28.14497184753418,13.81476593017578,49.36774826049805,149.5,10.31999969482422,5.809999942779541,8.615180969238281,32.459999084472656,81.05000305175781,6.506393432617188,14.18000030517578,16.399999618530273,72.27423858642578,20.890316009521484,105.4000015258789,129.43508911132812,122.1229019165039,26.68000030517578,195.1999969482422,232.24041748046875,23.520000457763672,72.3499984741211,330.75,47.96539306640625,47.467323303222656,1793.0,160.841552734375,7678.375,14.427075386047363,45.1585578918457,13.61161994934082,57.348121643066406,23.22052574157715,72.71640014648438,101.78669738769533,17.270000457763672,238.1000061035156,19.43000030517578,6.0,6.5,10.309616088867188,14.399971961975098,4.900000095367432,136.5928192138672,54.650001525878906,22.040000915527344,470.3602600097656,40.900001525878906,388.0,16.299999237060547,241.1999969482422,76.07776641845703,68.06336212158203,33.0,4.468240737915039,3.450000047683716,217.8999938964844,91.1912841796875,266.93359375,110.4786148071289,19.540000915527344,96.4499969482422,165.58984375,24.872943878173828,55.43533706665039,10.399129867553713,55.150001525878906,559.0,114.54196166992188,97.73133850097656,22.540000915527344,33.119998931884766,12076.7998046875,9939.7998046875,9019.5517578125,11775.5,25.459999084472656
2025-06-30,29.67801094055176,14.846161842346191,66.08204650878906,132.8000030517578,11.170000076293944,6.190000057220459,8.710062026977539,33.34000015258789,82.9000015258789,7.94362735748291,14.949999809265137,17.420000076293945,74.00061798095703,22.0772647857666,122.5,150.6081085205078,121.93238830566406,25.5,181.6999969482422,243.32351684570312,25.559999465942383,71.94999694824219,323.0,48.398223876953125,47.27036285400391,1612.0,161.3974609375,8398.22265625,15.322616577148438,42.78798294067383,18.0,63.51329040527344,26.41037368774414,80.97240447998047,129.75640869140625,16.979999542236328,228.3000030517578,24.31999969482422,6.539999961853027,6.429999828338623,12.803105354309082,17.52693748474121,5.28000020980835,148.44949340820312,55.59999847412109,24.1200008392334,487.8631896972656,45.20000076293945,409.75,17.209999084472656,257.0,88.23249053955078,89.95508575439453,36.040000915527344,6.590000152587891,4.340000152587891,264.5,94.37789154052734,280.60870361328125,108.28895568847656,21.799999237060547,106.5,183.5521240234375,31.875503540039062,63.50749588012695,11.906526565551758,58.84999847412109,581.5,129.32156372070312,105.5999984741211,26.459999084472656,34.31999969482422,15368.7998046875,11160.5,9948.447265625,12377.2998046875,31.700000762939453
2025-07-31,31.112773895263672,15.034589767456056,65.4037857055664,142.60000610351562,12.130000114440918,7.260000228881836,9.023168563842772,39.84000015258789,93.9499969482422,8.82733154296875,18.07999992370605,20.040000915527344,82.72578430175781,23.59656143188477,125.0999984741211,186.7620391845703,155.55905151367188,37.41999816894531,226.6999969482422,260.90576171875,27.6200008392334,77.5999984741211,360.5,49.97214889526367,50.96335983276367,1681.0,170.7551727294922,9252.5,15.657214164733888,48.72422790527344,19.850000381469727,66.52407836914062,26.71999931335449,86.32521057128906,137.25344848632812,22.040000915527344,248.6999969482422,28.07999992370605,7.639999866485596,7.510000228881836,14.212884902954102,18.214073181152344,5.760000228881836,172.83763122558594,61.5,27.71999931335449,516.7060546875,51.45000076293945,552.5,17.100000381469727,252.0,93.84236145019533,101.79651641845705,36.7599983215332,5.849999904632568,4.440000057220459,245.8000030517578,91.53134155273438,285.06280517578125,107.29364776611328,23.540000915527344,120.0,215.9216766357422,32.320533752441406,69.30249786376953,13.137249946594238,54.45000076293945,590.0,156.01722717285156,109.5999984741211,28.81999969482422,38.09999847412109,16099.7998046875,11916.099609375,10743.1435546875,13670.099609375,33.65999984741211
2025-08-31,37.06803131103516,16.780031204223633,66.1304931640625,135.8000030517578,11.140000343322754,6.730000019073486,10.0383939743042,38.59999847412109,87.75,8.400045394897461,17.270000457763672,24.959999084472656,83.00572967529297,21.21316719055176,137.0,183.06675720214844,160.0362548828125,38.18000030517578,215.0,260.65985107421875,28.100000381469727,79.1500015258789,510.0,48.4965934753418,47.664283752441406,1667.0,175.20240783691406,10925.0,18.93430519104004,62.49709701538086,20.700000762939453,69.91719055175781,29.86000061035156,101.34025573730467,138.50296020507812,22.71999931335449,291.5,26.76000022888184,7.539999961853027,8.149999618530273,14.433463096618652,20.41489791870117,6.610000133514404,176.69346618652344,68.55000305175781,29.399999618530277,478.9884948730469,50.650001525878906,564.5,20.0,249.0,92.71054077148438,86.17378234863281,40.70000076293945,8.039999961853027,4.900000095367432,253.5,93.0527801513672,331.5834655761719,104.00914764404295,28.420000076293945,130.60000610351562,234.1178436279297,33.56291961669922,67.44999694824219,13.84324550628662,55.54999923706055,618.5,159.06552124023438,113.4000015258789,28.799999237060547,42.29999923706055,16216.7001953125,12423.2001953125,11288.099609375,14695.5,32.880001068115234
2025-09-30,31.5,13.71559238433838,60.75284957885742,137.60000610351562,10.65999984741211,6.099999904632568,10.50330924987793,37.27999877929688,82.30000305175781,8.031026840209961,21.15999984741211,17.959999084472656,84.31217193603516,20.339570999145508,126.5,214.72640991210935,173.75364685058594,32.720001220703125,183.1000061035156,268.1125183105469,26.65999984741211,79.5,426.0,45.250370025634766,46.38404083251953,1515.0,162.97251892089844,10820.0,17.1299991607666,81.89274597167969,19.8700008392334,67.28872680664062,29.399999618530277,89.86349487304688,134.36997985839844,21.34000015258789,285.25,26.34000015258789,7.679999828338623,8.25,13.570331573486328,18.89124870300293,6.820000171661377,166.6682891845703,63.04999923706055,28.399999618530277,438.8056945800781,42.79999923706055,512.5,18.09000015258789,216.5,85.42755126953125,79.55651092529297,37.31999969482422,6.75,4.579999923706055,240.0,96.04656219482422,315.0,81.11717987060547,25.21999931335449,113.4000015258789,242.5376739501953,34.193382263183594,71.01249694824219,12.746088981628418,50.79999923706055,570.5,179.15328979492188,104.5,25.600000381469727,36.400001525878906,15490.2001953125,12179.7001953125,11012.099609375,14305.7998046875,33.939998626708984
2025-10-31,30.959999084472656,14.409801483154297,58.9118537902832,133.5,10.289999961853027,6.989999771118164,11.76522445678711,52.0,80.69999694824219,7.992181777954102,19.399999618530277,16.5,96.3034439086914,22.01079750061035,110.5999984741211,203.34092712402344,188.1378631591797,34.459999084472656,180.5,267.1213684082031,27.700000762939453,88.44999694824219,481.75,50.56237411499024,46.79765701293945,1560.0,167.0491485595703,10130.0,17.100000381469727,88.70082092285156,20.21999931335449,75.16738891601562,27.479999542236328,90.0449447631836,129.37196350097656,22.200000762939453,316.5,26.65999984741211,6.289999961853027,8.369999885559082,12.131780624389648,19.578384399414062,6.389999866485596,165.4151611328125,56.0,27.420000076293945,447.1874084472656,49.84000015258789,459.5,17.170000076293945,210.0,80.26056671142578,77.41709899902344,36.77999877929688,8.010000228881836,4.889999866485596,265.0,97.86246490478516,291.5,83.80449676513672,24.979999542236328,109.5999984741211,247.21534729003903,36.19897079467773,72.95999908447266,12.297687530517578,51.0,547.0,189.8160400390625,108.0999984741211,24.459999084472656,33.31999969482422,14895.400390625,11940.900390625,10971.5,14351.599609375,33.599998474121094
2025-11-30,32.0,15.659379005432127,62.73918533325195,128.10000610351562,11.369999885559082,6.659999847412109,9.639894485473633,52.70000076293945,93.8000030517578,7.739695072174072,15.899999618530272,16.200000762939453,88.60476684570312,21.365095138549805,105.6999969482422,183.3999938964844,200.0453186035156,27.0,165.3000030517578,266.13018798828125,25.3799991607666,80.5,442.75,50.56237411499024,45.06441116333008,1585.0,167.2344512939453,9352.5,17.09000015258789,90.61099243164062,21.1200008392334,76.8119888305664,23.86000061035156,85.82621765136719,133.5049285888672,21.040000915527344,312.75,35.619998931884766,5.650000095367432,7.230000019073486,13.014092445373535,18.941041946411133,6.170000076293945,162.3304901123047,49.20000076293945,25.07999992370605,517.5010986328125,47.97999954223633,458.5,17.0,201.0,80.60502624511719,68.2126235961914,37.31999969482422,8.09000015258789,4.760000228881836,278.0,91.82581329345705,272.75,67.68059539794922,23.420000076293945,104.0999984741211,214.98614501953125,38.56391906738281,68.97000122070312,12.269064903259276,55.75,512.0,187.1263427734375,110.8000030517578,28.780000686645508,32.099998474121094,15853.7001953125,11911.7001953125,10898.7001953125,13541.0,35.29999923706055
2025-12-31,33.0,15.58004093170166,67.63236236572266,165.39999389648438,11.270000457763672,6.800000190734863,9.317298889160156,72.5,102.0,7.632874011993408,18.399999618530277,16.690000534057617,91.68424224853516,22.029788970947266,101.0,231.6999969482422,189.47149658203125,25.63999938964844,162.0,268.25,25.899999618530277,85.94999694824219,555.0,57.84177780151367,45.79316329956055,1523.0,174.27590942382812,10335.0,16.950000762939453,80.12950897216797,20.440000534057617,76.27991485595703,23.81999969482422,89.57574462890625,137.92626953125,21.71999931335449,348.0,36.77999877929688,5.389999866485596,7.860000133514404,13.51279067993164,20.912822723388672,6.760000228881836,162.71607971191406,48.459999084472656,25.26000022888184,518.494384765625,48.459999084472656,486.0,16.229999542236328,191.6999969482422,82.9178695678711,86.57181549072266,38.380001068115234,7.78000020980835,4.539999961853027,298.25,93.0999984741211,268.5,70.4000015258789,21.940000534057617,100.4000015258789,231.07736206054688,39.93711853027344,70.29999542236328,11.782501220703123,57.5,519.5,177.13601684570312,108.0,30.68000030517578,28.700000762939453,16540.0,12223.599609375,11261.5,14013.099609375,36.220001220703125
2026-01-31,34.20000076293945,19.05108642578125,90.06343078613281,194.1999969482422,10.979999542236328,8.279999732971191,10.512798309326172,73.69999694824219,108.0,8.972996711730957,19.399999618530277,16.329999923706055,115.5268096923828,27.13842010498047,114.0,303.25,228.4327087402344,29.899999618530277,171.3000030517578,332.0,32.18000030517578,91.0999984741211,644.0,70.72830200195312,50.66791915893555,1819.0,212.44796752929688,10272.5,21.71999931335449,115.98207092285156,25.5,95.64522552490234,28.18000030517578,109.9272689819336,155.03489685058594,25.520000457763672,480.5,43.58000183105469,5.920000076293945,8.710000038146973,15.97750759124756,23.99995231628418,7.300000190734863,200.2140350341797,53.650001525878906,29.059999465942383,632.7220458984375,48.02000045776367,432.0,18.440000534057617,203.5,107.76863098144533,79.95454406738281,45.5,9.140000343322754,5.269999980926514,347.75,116.9000015258789,304.0,76.75,25.479999542236328,113.0,304.98468017578125,44.91495132446289,79.37250518798828,13.41392421722412,66.5,592.5,235.15670776367188,135.39999389648438,36.5,31.399999618530277,20019.900390625,15128.0,13838.2998046875,16798.80078125,41.08000183105469
2026-02-28,34.119998931884766,18.793237686157227,87.35038757324219,210.3000030517578,10.529999732971191,7.519999980926514,9.658870697021484,67.1500015258789,102.4000015258789,8.885597229003906,17.520000457763672,14.800000190734863,104.7020034790039,24.66956329345703,115.1999969482422,322.0,234.14828491210935,34.20000076293945,167.6999969482422,333.75,29.020000457763672,90.6500015258789,648.0,70.03970336914062,50.42171859741211,1742.0,202.9049530029297,11210.0,20.1200008392334,112.65150451660156,23.700000762939453,99.40847778320312,32.65999984741211,112.05427551269533,153.88150024414062,25.399999618530277,532.0,49.0,5.380000114440918,7.909999847412109,16.217266082763672,21.70949935913086,7.340000152587891,192.40597534179688,52.150001525878906,32.52000045776367,641.1649780273438,45.65999984741211,384.75,17.290000915527344,196.5,99.20619201660156,84.58165740966797,44.86000061035156,12.199999809265137,4.519999980926514,309.0,115.8000030517578,307.5,71.9000015258789,22.600000381469727,103.9000015258789,297.5003967285156,45.23917770385742,80.84500122070312,12.383550643920898,67.94999694824219,511.0,209.89273071289065,123.5,41.08000183105469,30.18000030517578,20287.19921875,15483.7001953125,13717.7998046875,16668.099609375,43.29999923706055
2026-03-31,39.59999847412109,16.641189575195312,66.0,199.1999969482422,9.420000076293944,7.21999979019165,10.275595664978027,77.0999984741211,88.4000015258789,7.807672500610352,17.030000686645508,14.90999984741211,108.5,25.88500022888184,108.5999984741211,320.25,233.1999969482422,35.97999954223633,151.3000030517578,341.5,25.899999618530277,83.05000305175781,516.5,69.30192565917969,47.959720611572266,1723.0,178.72312927246094,8290.0,19.96999931335449,102.6598129272461,19.209999084472656,91.34436798095705,28.21999931335449,101.0999984741211,121.5865707397461,20.1200008392334,473.25,35.119998931884766,6.110000133514404,8.699999809265137,12.630478858947754,19.899999618530277,6.300000190734863,194.8000030517578,55.95000076293945,30.899999618530277,598.4537353515625,38.7400016784668,364.0,21.21999931335449,175.5,87.98644256591797,80.10380554199219,43.97999954223633,10.619999885559082,3.4100000858306885,307.75,105.9000015258789,294.25,98.0,20.15999984741211,100.6999969482422,273.75,38.48763275146485,81.12999725341797,11.109999656677246,58.04999923706055,444.5,258.25,117.8000030517578,30.0,27.940000534057617,15469.400390625,14518.0,12791.0,16217.599609375,33.02000045776367
2026-04-30,48.18000030517578,18.82298851013184,73.19999694824219,213.6000061035156,10.220000267028809,6.989999771118164,10.59000015258789,82.19999694824219,95.6500015258789,8.40999984741211,20.059999465942383,48.09999847412109,110.9000015258789,28.8799991607666,111.9000015258789,420.25,287.5,33.79999923706055,160.10000610351562,370.75,28.059999465942383,84.5,547.0,73.77777862548828,57.59999847412109,1786.0,180.5,9105.0,22.739999771118164,83.70496368408203,20.57999992370605,104.5999984741211,35.119998931884766,98.0,133.8000030517578,19.989999771118164,530.5,37.84000015258789,7.949999809265137,10.199999809265137,14.34000015258789,20.239999771118164,7.03000020980835,202.1999969482422,65.5999984741211,38.52000045776367,637.1918334960938,38.34000015258789,382.75,23.899999618530277,180.6000061035156,95.6500015258789,104.0,47.86000061035156,12.270000457763672,3.660000085830689,278.5,112.0999984741211,308.25,142.60000610351562,22.3799991607666,101.9000015258789,294.5,44.13299179077149,93.0999984741211,11.600000381469728,62.150001525878906,444.0,271.0,123.9000015258789,31.65999984741211,27.799999237060547,16950.099609375,16601.099609375,14442.599609375,18207.30078125,37.040000915527344
2026-05-31,33.099998474121094,19.299999237060547,64.0,227.5,12.260000228881836,7.179999828338623,10.420000076293944,80.0,96.0500030517578,7.940000057220459,17.649999618530273,95.0999984741211,101.5999984741211,27.420000076293945,103.6999969482422,380.25,237.6000061035156,27.979999542236328,150.0,373.0,27.559999465942383,93.8000030517578,489.0,80.05000305175781,50.650001525878906,1657.0,184.8000030517578,10150.0,23.520000457763672,88.9000015258789,19.100000381469727,100.5,39.18000030517578,84.1500015258789,122.9000015258789,19.18000030517578,550.0,42.09999847412109,7.760000228881836,11.470000267028809,13.140000343322754,20.459999084472656,7.53000020980835,189.1000061035156,85.0999984741211,39.7400016784668,659.0,37.560001373291016,369.0,22.100000381469727,170.10000610351562,92.0,103.4000015258789,45.79999923706055,13.170000076293944,3.5899999141693115,251.75,101.0,296.75,140.8000030517578,20.63999938964844,98.75,296.0,46.0,89.8499984741211,11.079999923706056,61.25,449.25,236.1999969482422,115.8000030517578,30.84000015258789,26.36000061035156,15499.7998046875,15493.7001953125,13662.7998046875,18085.400390625,33.15999984741211
