date,ADEL,AEFES,AKBNK,AKCNS,AKENR,AKGRT,AKSA,AKSEN,ALARK,ALBRK,ALKIM,ANELE,ANHYT,ANSGR,ARCLK,ASELS,AYGAZ,BAGFS,BANVT,BIMAS,BIZIM,BRISA,BRSAN,CCOLA,CIMSA,CLEBI,DOAS,DOCO,DOHOL,ECILC,EKGYO,ENKAI,EREGL,FROTO,GARAN,GOZDE,GUBRF,HALKB,HURGZ,INDES,ISCTR,ISGYO,IZMDC,KCHOL,KORDS,KRDMD,MGROS,NTHOL,OTKAR,PETKM,PGSUS,SAHOL,SELEC,SISE,SKBNK,SNGYO,TAVHL,TCELL,THYAO,TKFEN,TKNSA,TMSN,TOASO,TRCAS,TRGYO,TSKB,TTKOM,TTRAK,TUPRS,ULKER,VAKBN,VESTL,XBANK,XU030,XU100,XUSIN,YKBNK
2000-01-31,,,,,,,,,,,,,,,,,,,,,,,,,,,,,,,,,,,,,,,,,,,,,,,,,,,,,,,,,,,,,,,,,,,,,,,,,,,,,
2000-02-29,,,,,,,,,,,,,,,,,,,,,,,,,,,,,,,,,,,,,,,,,,,,,,,,,,,,,,,,,,,,,,,,,,,,,,,,,-0.013589617448512059,-0.024410221414557398,-0.04601250068009921,-0.05946167389380885,
2000-03-31,,,,,,,,,,,,,,,,,,,,,,,,,,,,,,,,,,,,,,,,,,,,,,,,,,,,,,,,,,,,,,,,,,,,,,,,,-0.07320904833544106,-0.006720315662033571,-0.0016179517236429852,0.014109537296725705,
2000-04-30,,,,,,,,,,,,,,,,,,,,,,,,,,,,,,,,,,,,,,,,,,,,,,,,,,,,,,,,,,,,,,,,,,,,,,,,,0.2821141989384919,0.1995691547359757,0.20638056338994737,0.23693624097524402,
2000-05-31,,,,,,,,,,,,,,,,,,,,,,,,,,,,,,,,,,,,,,,,,,,,,,,,,,,,,,,,,,,,,,,,,,,,,,,,,-0.1275774336120442,-0.15252295538655536,-0.15616719107436716,-0.16280887730746252,
2000-06-30,-0.10909096224304604,-0.06557347355718934,-0.8992097475076782,-0.0666667521174944,,-0.039218611786889346,-0.995435539353776,,-0.216215977277732,,,,-0.221311532010937,-0.9658757448439987,-0.25644035746431726,-0.9850990060668795,-0.9768096767727003,-0.16101784223840732,0.0,,,0.0,-0.29998858949448903,-0.17073178987023263,-0.07843442058212724,-0.34782609002167475,,,0.0535719447674059,-0.23076748842327932,,,-0.12281006435065178,-0.014925530006794197,-0.051282449732501845,,-0.14706188244604468,,-0.4511626843743176,,,-0.18431360389205786,-0.9561012046065352,-0.9253285375388483,-0.13636349274615112,-0.1480041694794375,-0.6891892039958301,-0.4375000424744456,-0.9095238425228849,-0.08620689236225632,,-0.07594946024465488,,-0.1447388153942203,-0.02438816150451628,,,,-0.09777225286692781,,,,0.08585854405153426,-0.16470569188245665,,-0.2662106725858886,,,-0.029850440934870104,,,0.04166647533458678,-0.14452838804536738,-0.10406195061972623,-0.10738350640289918,-0.07184056875921874,-0.9201268141523463
2000-07-31,0.14285763919293926,-0.9847444272281968,-0.03191497694030232,-0.0918372391776735,,0.0,-0.16483751635938437,,-0.03448292362964689,,,,-0.03157908423435918,-0.08791244018801192,-0.2456691694238703,0.01562305416747245,0.07070697688451144,0.010100807261335776,-0.313131322344782,,,0.26315756293023407,-0.09803997753224802,0.05882354250756916,-0.042550691040712296,0.15000008647818452,,,0.10169477634742519,0.019997898656344715,,,-0.0799992413060513,0.07575742986728362,-0.027025388858059607,,-0.03447979062434703,,0.1864401957353672,,,0.024038154957745084,-0.015996701567308258,-0.14772715205096698,0.06578954589077357,0.05633396966762039,-0.0869563438335127,-0.14285731545172875,-0.03508804944790689,0.01886689976124356,,-0.08219142688545145,,0.0,-0.11250084591825804,,,,-0.021947876719390025,,,,-0.04651134247744959,0.04225326040477162,,0.07906892787630238,,,0.0,,,-0.30666667118799174,-0.027627856719539934,-0.04904052773083167,-0.04119286283049972,-0.0375004498129099,-0.01470531031693878
2000-08-31,0.19642845280206966,-0.10256541409357689,-0.10988978136535577,-0.033707528990892244,-0.09523774965591947,0.04081949574380217,-0.1052562450214104,,-0.03571417951079847,,,,-0.09782578230351813,0.08433762441476311,-0.0981210958345834,-0.2153891766820898,0.11320786345397704,-0.11999944010526009,-0.08823518516745321,,,-0.06250011492263141,-0.13912964682870343,-0.12499988610894253,-0.02222522509933844,0.30434772800206655,,,-0.07692308936286785,0.07843247890893656,,,-0.054347174627269346,0.04225365514276169,-0.06944479459864317,,-0.07143210895302043,,0.014285486487148003,,,0.1737091912903861,0.08129990055457581,-0.026666754313422247,-0.4320989075237187,0.2444503576068644,-0.13333347582288924,-0.018518662081019488,0.018182554479248214,-0.03703682437967404,,-0.044776161570216355,,0.04615383348863156,-0.04225387911671041,,,-0.19763704579328778,-0.0666199022408479,,,,-0.12195135406451219,0.18918939249256872,,-0.07327514103470345,,,-0.09230815030185158,,,0.0,-0.05909846657677198,-0.06307141528791216,-0.05321484465330084,-0.030842558425584143,-0.1791049580986066
2000-09-30,-0.0746270932186961,0.07143148269355715,-0.18518617048988295,-0.15116275820301173,-0.17543845291698545,-0.1568636034583336,-0.26471630704451066,,-0.1574072707560218,,,,-0.16867509954037618,-0.13333353298049233,-0.263889101755,-0.20587743584110751,-0.23728836003327136,-0.1704561774529556,-0.01612934259270682,,,-0.355555132153775,-0.0909090373909891,-0.19047612563398508,-0.19999717426823693,-0.06666668107969742,,,-0.1666667834624832,-0.21818090008051916,,,-0.14942345115895805,-0.14864845627495982,-0.164179557106919,,-0.11538525201151917,,-0.12676052046808317,,,-0.08000044227315373,-0.17292617635525442,-0.2191780159122959,-0.21739113816484212,-0.23214265062003847,-0.12087895740056576,-0.28301882953773394,-0.2142860628674902,-0.1923076975197412,,-0.1874999207776048,,-0.0882350461387823,0.0,,,-0.14487680167588457,-0.17129979540724183,,,,-0.22222200975880868,-0.26136324501286534,,-0.2604667427911751,,,-0.10169494554269609,,,-0.07692298286814492,-0.1430394042966232,-0.1346901644337617,-0.1356827694244399,-0.11102021070582058,-0.14545421388243707
2000-10-31,0.0967742886856231,0.14666740442037884,0.3030316922810705,0.21917761136224745,0.17021242612896148,0.23255841832200175,0.18000037411899927,,0.36263694799799406,,,,0.13043489021242127,0.17948776060439142,0.32704416948156845,0.3086404356512764,0.311111496926443,0.17808465473563362,0.11475431677265435,,,0.22413708208718774,0.13333341967586576,0.33333303649516455,0.30681603881307495,0.3571430942960456,,,-0.0999999264186252,0.32558068052740885,,,0.12162024839831731,0.38095218189000724,0.17857217917916324,,0.06521202875179766,,0.3064521531414326,,,0.10869609572080585,0.1363523301699061,0.42105259760663416,0.1944439932801636,0.09302395636061433,0.1999996923259857,0.1210526798970788,0.2727278373723834,0.5000012583375348,,0.3076926027058533,,0.1935522291631091,-0.014705868369174091,,,-0.050964459388099015,0.6092477133051597,,,,0.3428567213992215,0.13846074064135894,,0.01258049514607018,,,0.16981155258483294,,,0.16666679912734894,0.19110701490706594,0.20651782855581446,0.19277910189604275,0.16492400904660753,0.19148911056607765
2000-11-30,-0.4088240380358058,-0.10465229117015395,-0.18604641450956905,-0.06741581407808095,-0.26363625436465177,-0.2830207856561414,-0.2542277763909888,,-0.24193582734698138,,,,-0.28205112299799295,-0.2065223675717618,-0.27251215876606605,-0.35849376723531734,-0.2203388231621386,-0.17442025309647935,-0.20588277435230373,,,-0.14084490784315262,-0.32352948234748014,-0.35294110662629763,-0.20869602971105172,-0.3859649342396094,,,-0.45777801785808137,-0.29122940510981987,,,-0.2891594961237762,-0.25287380753628186,-0.2878799210680829,,-0.39591654524302855,,-0.29629641499055825,,,-0.18431360389205786,-0.3520066266676031,-0.2839506957915293,-0.12558142851980825,-0.4893681181985824,-0.2812498656753729,-0.3896714387450918,-0.26785767008707884,-0.2857145253974246,,-0.1911768126972917,,-0.25675643009963156,-0.60298671239666,,,-0.28573997630079473,-0.2501409224728989,,,,-0.28723436809090275,-0.32432407584241607,,-0.3043475651716384,,,-0.18548330384879508,,,-0.24999998107704757,-0.3552711370174476,-0.35903317727183715,-0.353860178198224,-0.31738551113726765,-0.27678607445492687
2000-12-31,0.07462668307196751,-0.23376909844908023,0.2571420509021878,-0.15662607762227643,0.16049399195673053,0.07895115098709038,-0.06819491313738835,,-0.010637491065194182,,,,-0.9525870281784959,-0.1095896071098692,-0.23778464048695402,-0.11764785161681723,0.0,-0.15492904626844572,-0.018518182765520863,,,-0.27049283508066535,-0.014493439140478848,-0.17045467969103645,-0.07692415660306762,-0.04285719315567238,,,-0.14754077968067691,-0.05940795133517107,,,-0.06779607493039264,-0.15384580830095507,-0.20212887030164428,,-0.10811389541695471,,-0.30701759845573096,,,-0.04807682501071653,-0.08640300651207022,-0.017241248066515946,-0.021276179268032602,-0.2749882171754985,0.23188382228411952,-0.1153844934066649,-0.3902445405452787,0.044443922467655606,,0.0545455752253996,,-0.07272865881519663,0.015043232512166327,,,0.037591921076459034,-0.07137479331853569,,,,-0.29850787618007546,-0.3120009914456118,,-0.19643412673693716,,,-0.04950511708151717,,,-0.19000001211068918,0.12852405758437158,0.10401758248846171,0.07882075305493141,-0.018791804143651558,-0.1604944305390711
2001-01-31,0.4583347564063831,0.23728864072399514,0.068182226299774,0.07142828695572523,0.07446781729916108,0.19511826534009846,-0.053646202585405756,,0.09677376721194819,,,,0.18181939992386575,0.015384757979967967,0.17948675627403432,-0.10000488269056984,0.05434713093499144,0.133332792371903,0.018867575985971552,,,0.303373287239429,-0.11764644878620723,0.09589064485340892,0.059526385549022676,0.0,,,0.038460991790887356,0.05263253365277465,,,-0.12727134422102981,0.018181801148143384,0.32000215170168267,,0.15152426836802801,,0.2531641368686759,,,-0.015151515151515138,0.013510618182565048,0.22807021620537227,0.0,0.08045581515327238,-0.11764699369406506,0.11304293869874305,-0.019998576166419535,0.0212774060024008,,0.017241240647605238,,0.058823520594759815,-0.12593227549351804,,,0.04822511289461362,-0.11812302965346866,,,,0.14893675636675097,0.308140049050317,,0.18889629098120442,,,0.1458326092279345,,,0.19341562247791289,0.2618066293036021,0.14847560088920875,0.1322320350094479,0.07896472356801598,0.4264711525935503
2001-02-28,-0.12381021200727693,0.13698787315567662,-0.223403931171263,-0.226666529090766,-0.09901034736941916,-0.14285503289196844,-0.10309709976401216,,-0.05882347453383496,,,,-0.2615397514245593,-0.2575767875989201,-0.2065214874916529,-0.3037110079859744,-0.020617964433793934,-0.1764701056516076,-0.3481480056976045,,,-0.15517381183875945,-0.4000000777082817,-0.26249989040177546,-0.1910107584075148,-0.1791043100111045,,,-0.42592584481765605,-0.26000003011490347,,,-0.14583177975018125,-0.2232143359193891,-0.3434334855130393,,-0.28947136617232394,,-0.33333368294209054,,,-0.16410289376347487,-0.20001049481237831,-0.09999995795198413,-0.05434790579680038,-0.38297653158766876,0.0,-0.3125002322823106,-0.16326564616763484,-0.12500069732816144,,-0.0562712892533499,,-0.2314809768394802,-0.27965869237310925,,,-0.11489947728333638,-0.01192663586877829,,,,-0.23148107116830374,-0.3688887054403719,,-0.3084138664204217,,,-0.018181916593830727,,,0.0,-0.23424723483968557,-0.16978359248434916,-0.17720937372814194,-0.12323766852160534,-0.3608246210450867
2001-03-31,0.03260974604005007,-0.28915789939034,-0.08219220709002184,-0.2068969060759287,-0.010988475289560484,-0.1428589426264658,-0.14942698642456154,,-0.03124967991448968,,,,0.0,0.08163310703375193,-0.10502330568790774,-0.1063721331104398,-0.1368424584297283,-0.14285645716790418,-0.13636337552994426,,,0.07142881496335063,0.34722096530859026,-0.0677967754301414,0.05555227157286646,0.41818161663767484,,,-0.11290343944357883,-0.09459149199682848,,,-0.08293354136094189,-0.05747154423660772,-0.10769280939299009,,0.03703898434403241,,-0.2939389609010471,,,-0.12270009219284495,0.19999351576320334,-0.09523816754288106,-0.11494247201324514,-0.18965805095460508,-0.06666667310167995,0.10227263512764728,-0.08292783763874922,-0.00952452457910724,,-0.11494243383759861,,-0.03614804928000925,-0.1529450410853036,,,-0.32480250478200945,-0.07056627441038477,,,,0.2530110025518102,-0.22535399236777498,,-0.2837821279828281,,,-0.07407339134277835,,,-0.16206895471698302,-0.12741752167790055,-0.10374524082441283,-0.08745854582013002,-0.027966078797961536,-0.14516129378622256
2001-04-30,0.02631578074058072,0.8983139097419905,0.5373146599167309,0.5217399436518699,0.8000001098390528,0.5000027973892678,0.9256626439270814,,0.5913971104792044,,0.4838714871561225,,0.39583597696556794,0.3207560856829701,0.6989802353688583,0.3988000555633444,0.46341581868932646,0.6250016508817715,0.18420993593163493,,,0.42857334989191376,0.608249143430514,0.7636364336999908,0.6776376369035468,0.7179486113434752,,,0.9272734765523396,0.3432848269032551,,,0.648941384764351,0.8292686673248331,1.0344833713233355,,0.9285678071833317,,1.7467823965329319,,,0.3146856919201215,0.6389304790297565,0.7368418198957276,0.525973971664903,1.0212534815259353,0.3285715039201813,0.8865999925455068,0.40957549502443014,0.39423287278267316,,0.4805198279275644,,0.4250038030719647,0.5277884821062624,,,0.4810481482564526,0.614385303903078,,,,1.0192327770724012,0.45454995908615126,,0.6415054856890605,,,0.4799998734791371,,,0.5432098373186782,0.651334859847166,0.5571942215223047,0.5415509758634358,0.4914157976570095,1.0754726492432112
2001-05-31,0.05128214248298213,-0.1517878202516849,-0.1456320361486544,-0.12857180917647804,-0.22222254428115373,-0.27777998337374,-0.14034270399161453,,-0.33783754821543277,,-0.17391323219540977,,-0.2895531512553279,-0.28571523212181604,-0.11711678342497112,-0.17021597082251638,-0.21666713911933444,-0.025640872262217118,0.08333386691165945,,,-0.2400010053295918,-0.20512894082790856,-0.10309289291474366,-0.23529513548957015,-0.2238805811217428,,,-0.15094333190864406,-0.1888937086984943,,,-0.12903146552266764,-0.15000000000000002,-0.033898599457067635,,-0.1759283682588576,,-0.34374985423729887,,,-0.34574459718591377,-0.2542488225782378,-0.3838382982493539,-0.2340425180223632,-0.3894645337144802,-0.24731187064503035,-0.4262299521054064,-0.2641501358868611,-0.24138023412245257,,-0.1578946636912406,,-0.298247486887936,0.2272746826470058,,,-0.22084503332690186,-0.3254949815718672,,,,-0.17142897281713054,-0.12500039259865758,,-0.011495841788289551,,,-0.27027074595352785,,,-0.22666665697811483,-0.05460450966223285,-0.12044675800919136,-0.12028404737215581,-0.1312721816106498,-0.05454510830201398
2001-06-30,0.21463487852147178,0.010526128987679018,0.18182001834898331,0.22950840727702193,0.12698477767489091,0.05128616306480671,0.18367273697723197,,0.0,,0.08771764300590279,,0.05882634808784393,0.03335751388902275,0.08673433713215162,0.10257943381360435,0.14893676019862157,0.0657890697902852,0.025640547559247162,,,-0.01754363068289988,0.016129904051177757,-0.011494196870791562,0.12820237993159367,0.3461538893289713,,,0.07777779805483798,0.027401054390033597,,,0.05555484321733695,0.17647058823529416,0.10526379588879031,,0.08989222995634893,,0.0399996744895279,,,0.12195087958792783,0.11363576619708993,0.06557386739095872,0.03333283736812387,0.465513004719438,0.10000017581375653,0.21904774849366593,0.07692088037662614,0.06818228225898082,,0.06249941545987325,,0.07499992355634233,-0.037037492622240875,,,-0.03318614579627999,0.12844037459065416,,,,0.1494259294024427,0.08571286767441633,,0.13954088378700358,,,0.20370436729300057,,,0.06896547044026002,0.03001929606099174,0.02047407376271093,0.02981677447766673,0.05031315957073712,0.13942259602204965
2001-07-31,-0.15662727586802705,0.041669272390103984,-0.07692295738575494,-0.20000021789971845,0.0422529953277031,-0.141465461261845,0.034484103923821285,,-0.05102038256709729,,-0.0645179921509722,,-0.1944475049237978,-0.22580977748811015,-0.14084523205103838,-0.20930121592167927,-0.09259317705306147,-0.024691027963337775,-0.2699998562308994,,,0.0892864420178272,0.047619082860900885,-0.13953495877331545,0.02273041365952233,0.2857141268768235,,,-0.1722441282196433,-0.10666548512388185,,,-0.19298055365248645,0.0,0.007326233388083692,,0.0,,-0.21153844058604976,,,-0.14492707265654337,0.0,-0.07692326850278808,-0.043010682956512,-0.22354395493647683,0.0,-0.22656252903528884,0.042857356654399936,-0.0638301939578978,,-0.10784284383852005,,-0.11627650028466374,-0.32307767003351684,,,0.08405421092110799,-0.16504068536254501,,,,0.04999992214734994,0.17105524918677917,,-0.2653119741788412,,,-0.0769233631694265,,,-0.14516127141931823,-0.13931611527504473,-0.12027417335443202,-0.11509965856776594,-0.04499598323724774,-0.21518964301596666
2001-08-31,0.028572326469328058,-0.0199994461762244,0.0,0.1166668255519212,-0.013513602647448497,0.10227117005238484,0.0833299032205348,,-0.0215054331889446,,0.10344866294684896,,0.051727605512060126,0.2916722155899383,-0.0546449897969028,-0.11766284342697308,-0.06122412552509837,0.1012649484157524,-0.02739701724341803,,,-0.06557461253709462,-0.015152232294079249,-0.10810806203204981,0.08888795909086289,-0.6111110630676753,,,-0.07737962470357518,-0.014927177927848256,,,0.19564997461686984,-0.06666692112036987,-0.06818243050726869,,-0.051555754275208865,,0.12195095294938985,,,-0.025423833460357592,-0.15305050043665358,-0.1000000367920203,-0.022471584901989305,-0.13636534363407515,0.11688294105717834,-0.08080838416627767,0.013698825654500535,0.1000000240228176,,0.03296684800953864,,-0.02631837023388972,-0.022735787638218596,,,-0.09404494860909951,0.0,,,,0.14285739929983343,-0.11235990376430882,,-0.027772728659001822,,,0.06666691474691322,,,-0.05660370783623336,-0.046250970295419136,-0.0023573263093553676,-0.0036007921696602496,0.03510839718088565,-0.032258520177168015
2001-09-30,-0.38888958082816183,-0.11224546270390368,-0.11666673213547851,-0.2537310788074896,-0.2876712096886883,-0.27835142160513204,-0.2769226607048437,,-0.3516491273016741,,-0.3281259600833215,,-0.3508221032225277,-0.3032278178142386,-0.2312139973200258,-0.21331850709328115,-0.2717394122531468,-0.3908050895080196,-0.3309868712646261,,,-0.30701691032175216,-0.261538029774369,-0.5909090665814412,-0.1918371849712951,-0.8789682594834436,,,-0.36774339221581953,-0.3409101264817641,,,-0.10908975631662565,-0.3642855355189567,-0.4146346933644677,,-0.3695721127077175,,-0.16086973998337062,,,-0.2173923777718132,-0.33734860990132465,-0.29629623573329733,-0.3678161689344054,-0.38597993356845495,-0.04651173362008054,-0.8608067335536141,-0.3108106475746295,-0.3181827248280912,,-0.18085099927553638,,-0.3108089039076545,-0.11627050384201187,,,-0.21928750725851642,-0.4449854678475976,,,,-0.283333477884285,-0.3670896079029228,,-0.2857197942911268,,,-0.1415625989655831,,,-0.3599999806228975,-0.26437336248972876,-0.2140396967333107,-0.2280617926396019,-0.17834056053065228,-0.26666631819527586
2001-10-31,0.20454500943964482,0.4482756685614979,0.16980984043961156,0.4200001711153287,0.42307700533437775,0.3142881074089441,0.5531990208185193,,0.42372992752235317,,0.39535525995131904,,0.31313437182778836,0.5092643767555065,0.563910905385572,0.9915007220721113,0.2388059593678713,0.37735688913121557,0.26315905987297894,,,0.29113940415013007,0.6041660873958481,0.5777777009418827,0.3131323319926167,0.934426326770001,,,0.15306155225962415,0.33333775633965845,,,0.24489539700222118,0.2359552600061523,0.29166845340511705,,0.37933636857749486,,0.33678727232200245,,,0.14444676052052396,0.3090605068197616,0.4736842665806378,0.4181819043523094,0.6000696098682448,0.1829268680276721,0.8684287925097063,0.7450993110071078,0.4000032884611422,,0.3116885833792491,,0.33333008573655487,-0.09211555851273379,,,1.0275374904880574,0.2456142042287972,,,,0.12790657452800303,0.5377164900960625,,0.22000873886266303,,,0.21951204644166422,,,0.6562498344241783,0.1853741559016988,0.27916715164840533,0.29149344891488216,0.2928884815887669,0.2499996974038461
2001-11-30,0.0,0.0,0.1290336799474101,0.2253516035053318,0.05405432709724711,0.03260841231452605,0.05479669944728238,,0.09523839193359374,,0.16666308575798827,,0.13461315561146936,0.030671051997124943,0.12499978607746498,0.61704180870949,0.07228897697830705,0.08219477196062441,0.08333340759423691,,,0.11764589539540715,0.12987058990759626,0.43192508617418834,0.0192293950940019,-0.06779690194948218,,,0.6194701972817749,0.2241367846706417,,,0.016393453900358956,0.04545460696503745,0.2580623256945098,,0.1624997655812257,,0.2790706564974492,,,0.11650412623439621,0.5278132596474172,0.10714275624638114,0.17307699238414442,0.30354586736844413,0.18556707340100154,0.16901781445141184,0.2921345683848944,0.11111121279489033,,0.2673266684731812,,0.3235338985289662,0.14493030346659608,,,0.18432221465920984,0.10704226326825661,,,,0.18556767573542698,0.37704985824385284,,0.27868719181977175,,,0.07500039803920333,,,0.11320752992425787,0.22093933628856677,0.17688437543840285,0.18125043622831938,0.10040159234491042,0.2727279084850027
2001-12-31,0.15094453353094361,0.11111072094458829,0.31428519435260105,0.10344823013924587,0.08974336632835178,0.21052801794419063,-1.0001196862390245,,0.23913051160780574,,0.14285897650060986,,0.37288330666853353,0.2797641540382203,0.38034209357372784,0.13157594336813871,0.28089940361374177,0.21518849685528285,0.12307713399545106,,,0.17544017791048083,0.09195349399924524,0.06557368776641193,0.15094575686839606,0.25454556839650677,,,0.3005470268522701,0.14084704681419002,,,0.19355488026332335,0.3260868807628565,0.3333342008140021,,0.3440890602156659,,0.25757599050625424,,,0.13043430868187866,0.0,0.24193578249506875,0.2131143365299537,0.19180975044446957,0.08695665858960555,0.14457660071080536,0.21739108048213218,0.2142846651271033,,0.24999995873833725,,0.2666650981621912,0.13924741389036366,,,0.3332253167480421,0.2582695357103888,,,,0.10869546627566229,0.0,,0.19231197673143408,,,0.1395353142661504,,,0.2372882399657288,0.22183698184603418,0.1857919997620059,0.18471025472066338,0.1348825424183988,0.25714253349542604
2002-01-31,-0.032787559287333456,-0.21428731002891288,-0.16304303736719605,-0.05208304543730358,0.16470601490096315,-0.1391321358552221,-0.0206195125159383,,-0.10526338121947876,,0.012501540199909345,,-0.14814852362924968,-0.1255830362271384,-0.21052651686806545,-0.0930238336166932,-0.1403510804191258,0.020833124221641963,-0.09589013002450164,,,0.08955123185554337,-0.02105192251735233,-0.1384616268455492,-0.016392376846029788,-0.028985469238475337,,,-0.05462128378421305,-0.1234583086378711,,,-0.013513335730139353,-0.1311475680633294,0.019232085965473766,,-0.06000553536484177,,-0.060241532808418485,,,-0.07692307692307687,-0.06364056893213799,-0.1428572657247147,0.0540544697115648,-0.011509712047646392,-0.18000005791511386,-0.02105437498712892,-0.017856631603330952,-0.11764649025595209,,-0.19999997359253496,,-0.05263131778321495,0.44444875336807077,,,-0.19169360871318153,-0.15470159087639934,,,,-0.029411880022138792,-0.11904614340690267,,0.1827945037170593,,,-0.1020412311632386,,,0.013698599456877014,-0.01517805881105927,-0.04221760299273103,-0.03849004190133387,-0.027844475169808702,-0.13636347742424237
2002-02-28,-0.18644119721934904,-0.01818150043496014,-0.06493517093954493,-0.18681340737978458,-0.08080797616342505,-0.15151318705740635,-0.1263208940015791,,-0.029411154188914046,,-0.11111128973230966,,-0.10144761911155697,-0.14893695744281543,-0.12156861577244582,-0.012819041155180955,-0.14285695136299636,-0.061224094805355844,-0.12121235851955703,,,-0.19178039721251883,0.18279511267605542,-0.13214280886878393,-0.12000233419615225,-0.23880617040338115,,,-0.15555549853400652,-0.0704232877667802,,,-0.0821974677571835,0.283019086415893,-0.05660435892476534,,-0.1574411229672319,,0.14102564525845307,,,-0.14166574704909918,-0.2330180072806145,-0.10606057058620944,-0.20512856580574623,-0.18604460241301612,-0.12195115749719676,-0.1827950492093695,-0.294545199476413,-0.15999989237787438,,-0.12500022693914548,,0.061202027676203086,-0.253849272107322,,,-0.09273341629695764,-0.15071771500502762,,,,-0.07070680447981004,-0.13513551317624506,,-0.17272938900234946,,,-0.20909069106065636,,,-0.14864864754285156,-0.15931628684540455,-0.16372513860733184,-0.1657523487961574,-0.1486805711938033,-0.13157961328473455
2002-03-31,0.04166772484919079,0.24074083491906073,0.1805552784388742,0.24324378745422348,-0.09890090864582635,0.11904573219053649,-0.09637959202981483,,0.010100233378060874,,0.166666998232333,,-0.032257308610886826,0.05000109615998438,0.20982179180326188,-0.03895637481932723,0.02380932195682095,-0.010869674269187724,-0.051724291574237524,,,0.050847280142481965,-0.02272787962276146,0.02057613425100313,-0.10606201064032494,0.03921610145969745,,,0.1999991173450666,-0.09091213857498304,,,-0.10447699123180831,-0.05882319659699109,0.08000047093728302,,0.010094696266456538,,0.1460680035398303,,,0.0,0.0,0.08474560628502403,0.0,0.0,0.06666648970381894,0.05263106007537455,-0.06185609852272944,0.031744709856902587,,0.10714284366965754,,0.035716567767833496,-0.10309392523835215,,,-0.034182276035457204,0.12394358219927715,,,,-0.010869796041052648,-0.0312509995860889,,-0.1978033180320491,,,-0.14942591841296826,,,0.0793650000307573,0.10974701348632676,0.06190260850575213,0.05641435802592665,-0.0019902382131230523,0.19697003794244172
2002-04-30,0.1200006837749592,-0.1343273232965031,0.0,0.021738832861118773,-0.10975661671946102,0.05319082677590714,-0.11999916712623648,,-0.08999957178745432,,-0.130954819712512,,-0.016670211056108886,0.0595260786008347,-0.018450391629475482,-0.26427292458609697,0.0,-0.06593367581804532,-0.0181825232306978,,,-0.14516162161139834,-0.0465111639262904,-0.05241954436843643,-0.016947922191551834,-0.018868061680413106,,,0.008772595666389993,0.5500064098850674,,,0.1166658926781996,-0.046875469645681456,-0.03703810350090275,,-0.029994884087430895,,0.07843125175722365,,,-0.029126317611452235,0.11392627459331872,-0.0781248670600807,-0.06451574964475149,-0.014305117993759331,-0.09374987981480731,-0.03749855241334099,-0.04395618077619623,-0.07692285517393582,,-0.048386580166012716,,0.06896449130269144,-0.03448522829611189,,,0.07043744397461338,-0.03132828536962384,,,,0.07692278320481982,0.25806604997695803,,-0.08218609823447776,,,-0.027026641611791358,,,-0.014705850923814157,-0.01474319676887903,-0.02209598455378592,-0.020369220912362596,-0.005866081636646592,-0.012658372915872795
2002-05-31,-0.10714340224373542,0.03448190370995752,-0.07058789976231183,-0.07446821239780455,-0.06849276228552847,-0.05050445315664043,-0.1098509816530332,,-0.197802644999854,,-0.04109627648720038,,-0.15932117708651905,-0.12809126568478657,0.07894762902226171,-0.1250047047933669,-0.07906933779749159,-0.15294302186708175,0.462963205406109,,,0.0,-0.12195073967139847,-0.08510619565751898,-0.05172532345218839,-0.23076914441896768,,,-0.13913116185356078,-0.09677448370556363,,,-0.1194023204304453,-0.06557393420103697,-0.01923052450128604,,0.10823526308985287,,-0.29090937780379444,,,-0.15000135531856473,0.09091310228706506,-0.033898604198230875,-0.15517252521207803,-0.18838281706694815,-0.1839080354560333,-0.07792366357035196,-0.18390903739488706,-0.09999986387069915,,-0.11864467620742725,,-0.10967820641418391,-0.11904956848666848,,,-0.10988699802593072,-0.08150061523666408,,,,-0.11224466245052456,-0.21795021762170597,,-0.13432862611820273,,,-0.06944503370347377,,,-0.1641791098733303,-0.10011446523357692,-0.0867434518038056,-0.08983082278472154,-0.06476876954911204,-0.08974387277689233
2002-06-30,0.010000278834460863,-0.01666629901821337,0.27848122216081017,-0.11494210960975393,-0.08235305769042589,-0.0744669395863351,0.042550822973371316,,0.08219183141589981,,-0.08571438138264054,,-0.10140347104987446,-0.08247354280483454,0.11498265849113776,-0.14286334196597095,-0.06060647328402613,-0.055555301197053875,0.025317376193862096,,,-0.05660295328134468,-0.016666871730181332,-0.19534882492800298,0.018185370277231883,0.025000109448946484,,,-0.02525267637602846,-0.03571227976529545,,,0.050847269570137854,0.017543645372320116,-0.23529480598784736,,-0.07905876358340636,,0.21794894059462888,,,-0.10588133566747226,-0.02082903199382924,0.0350876524860082,-0.0714286707695414,-0.2678703447091817,-0.02816897387365558,-0.11267494160133351,-0.11267471569118737,-0.08333398580482998,,-0.012820524539806533,,-0.1304336646573403,-0.06756872423145388,,,-0.1358342309739019,-0.09014085327844956,,,,-0.0689659433952311,-0.06557353043948688,,-0.10345222247021668,,,-0.029850120423833837,,,0.12500005406558024,-0.2497740310747687,-0.10631610840327443,-0.09927305818369836,0.009800578837466212,-0.569014356960506
2002-07-31,0.12871337263983906,0.01694877232578662,-0.0891095517622793,0.2077919759334934,0.10256410510291225,0.05747018305020357,0.1632584883043693,,0.10126644919437622,,0.01562654503474925,,0.041668408706371896,0.022474420767128578,0.19687477242210494,1.0185418796197028,0.17741957217355986,0.10294416410231921,0.12345669414233207,,,0.1799996305665692,0.32203384472855245,0.05780347410934983,0.14285696057388608,0.182926649566294,,,0.165804283454849,0.08641671605759105,,,0.17742597245397884,0.10344924526734434,-0.08717962117188605,,0.0858456114865982,,0.11578951020842321,,,-0.013158888970967064,0.4680917958870183,0.2711869395529407,0.06593392932552211,0.5121821819860577,0.27536212420882134,-0.06349140277711696,0.6349190799295812,0.09090986740464779,,0.1298700443542704,,0.10833509714449341,1.2791232855939203,,,0.41466575931748184,0.058823535298818674,,,,0.024691818674512644,0.05263344089227395,,-0.03846752782541818,,,0.2307694060444696,,,0.015873076899417526,-0.06032372799896568,0.08368504299947421,0.09132286533383849,0.11674773873158628,0.0980406394977984
2002-08-31,0.15789423226306343,-0.16666515157361694,0.010869332505091478,-0.06451639245384899,-0.023255657320328416,0.010869594458643217,0.03509895371325178,,-0.06896569953696008,,0.0384633298819661,,0.024000056236491707,0.010984658488904397,-0.08616164030145101,0.07797914236161363,0.06849272686144947,0.07999942928696435,0.3461539917880203,,,0.0,-0.05128179838522151,0.038251328449271815,0.015624092855834881,-0.05154658965793313,,,-0.09777853616437993,0.04545405287326032,,-0.05102090689352823,0.05479401973226694,-0.07812535335246507,-0.07303301914280314,,-0.04650802021172107,,-0.24528278783871482,,,-0.02666620858379687,-0.07246263545694476,-0.1333332810069121,-0.04123665855144354,-0.08063822253569963,-0.056818107031093135,-0.18644341885879112,-0.10679538717308468,0.0,,-0.1034481973618383,,0.1503741091344133,-0.23404707256830115,,,-0.14149533063590924,0.038011699499209906,,,,-0.1566266325954081,0.24999811513809922,,0.1800019904661685,,,-0.06250046283611155,,,-0.07812510644159965,-0.06131313550508466,-0.0838189639023359,-0.06732766823029146,-0.050283223142970845,-0.2380958041765302
2002-09-30,-0.13636326001422838,0.03999881606818234,0.02150558461427532,0.0,-0.09523808210364337,-0.07526764099674588,-0.016948350758190123,,-0.12345753222582245,,-0.11111117541474158,,-0.10156562964550908,-0.04347802907140852,-0.0571430818621782,0.0,-0.012819832865657022,0.1851842436987028,-0.2326530253961735,,,-0.050848134966446246,0.08108102715641774,-0.08947365625346515,-0.07692225244101658,-0.17391289727043147,,,-0.13793015184422908,-0.11956234134450927,,-0.06451527544942848,-0.1688359730978899,-0.06779677200814094,-0.12121236912504374,,-0.06341493368409179,,-0.12500041847673948,,,-0.027396336446041225,-0.31250952022300793,-0.04615405166662723,-0.08602198128483096,-0.14037187396503903,-0.024096351914578706,-0.16666531426215891,-0.03260875013870179,-0.04629623368539493,,-0.025640947512400647,,-0.11764602128755286,0.02777780150082232,,,-0.07043758421337842,-0.09014085327844956,,,,-0.25714256680508274,-0.11999997137561325,,-0.06779596674019106,,,-0.10666692914629772,,,-0.18644068666381075,-0.05885321431309731,-0.07517364207631205,-0.07385335723340314,-0.09109409025507642,-0.15624904289439578
2002-10-31,0.15789423226306343,0.17307555481096815,0.042105544204997125,0.13793130500946194,0.14473650248326808,0.23255955424227226,0.18964566413703743,,0.12676170071278325,,0.08333154287899425,,0.2869624297372675,0.2840905079540801,0.11212101098399474,0.0,0.18181746756788364,0.10416614939037805,0.19680828708250941,,,0.16071428973490542,0.11249973652035727,0.21387302921902362,0.23333117479542276,0.13157876545880076,,,-0.12571555194155382,0.14814612856222675,,0.03448374968775503,0.09374946726327926,0.03636352129169351,0.33103487522284336,,0.052079424386325845,,0.1714289771606874,,,0.19718124208240573,0.1931876218776114,0.1290324648042782,0.2000006093226201,0.12247035355940517,0.12345670295507394,0.12500117070551386,0.011236166379347212,0.20388408297880645,,0.2500003127200767,,0.24444394950193837,0.06757124427061556,,,0.2657716529125238,0.157894652564188,,,,0.557691232399709,0.10606171319968705,,0.16363790701929837,,,0.22388125688426075,,,0.2916666719230425,0.18621376608936369,0.16631409641861095,0.15942863192622836,0.15420946850074713,0.27777743913860786
2002-11-30,0.18181874151730137,-0.03278605290288561,0.27757581006762044,0.3888888834942641,0.1781614057389438,0.15094085626514908,0.14493192921863884,,0.3499997472357754,,0.2307694619202536,,0.45270023688161687,0.30973643504658877,0.45231633758724343,0.21276553824358158,0.31868205479974177,0.2075483415488626,-0.022222445188212037,,,0.3230779645972037,0.14606750598615847,0.3333330129365988,0.3918953538989449,0.08139541908028547,,,0.24183172015153986,0.5591382732273467,,0.19018375630640372,0.24286261521168973,0.29824590866569145,0.45077731106357377,,0.3366402810759592,,0.3170735077651392,,,0.3529425963533459,0.2190585706000534,0.24285704074053283,0.2745093218296131,0.6181889094142139,0.10989019993444771,0.44443981943982,0.22222142091411623,0.5000001162393592,,0.19999944961280258,,0.33928356047386754,0.36709081738672533,,,0.19994124009618508,0.5588237124458331,,,,0.04938282796430671,0.5068497323135976,,0.31250743608608067,,,0.2560976697324864,,,0.40322581905378785,0.3847539117683121,0.29871052665791686,0.2973595363175292,0.2713554641251261,0.25362343776213736
2002-12-31,-0.2820513879916964,-0.2118646642750437,-0.11290346338777124,-0.29454574488062757,-0.2975613148545576,-0.23770508030355353,-0.24050444729447096,,-0.3240743412581265,,-0.046876848952004835,,-0.35814038998661435,-0.16891858574641283,-0.18761733112376966,0.07017742700924856,-0.241667089985643,-0.2265629649293458,-0.2272727911002721,,,-0.2325579451884282,-0.3235293400615511,-0.339285730377072,-0.281555185022478,-0.24731191771973593,,,-0.3157894089511051,-0.24137915915381625,,-0.14583353992308767,-0.22988802798620256,-0.24324362129928034,-0.2321430849891547,,-0.30370530288124054,,-0.19444482331222745,,,-0.29565213381154376,-0.28906172437320266,-0.20689639714808583,-0.29999996854711575,-0.22472551405097962,-0.13861387770865152,-0.32307603638680715,-0.09090814983327333,-0.3763449926051109,,-0.23684207417402092,,-0.3111108159895217,-0.2870382224301524,,,-0.19169360871318153,-0.35849064136253406,,,,-0.2117644690491277,-0.30909146037154045,,-0.2857178248024287,,,-0.24271875547932886,,,-0.27586203056459757,-0.22242861175552375,-0.22082679032415808,-0.220331740798834,-0.21015509368948793,-0.20231229739520862
2003-01-31,0.03571282019717059,0.043009555810693545,0.10909079633118401,0.2113407119296955,-0.027777488758924385,0.16129267894276067,0.0333317113953604,,0.04109678473399336,,-0.01639005093595769,,0.08695678518564054,-0.04065132507417313,0.11547376842767099,0.049179085018681734,0.021978437349192692,0.010100807261335776,0.04705834579285617,,,0.12121219936490624,-0.028985528464770316,0.043243156620253576,0.1351372425146935,0.028571728774340777,,,0.0,0.11363559624677633,,0.0,0.14926030674015123,0.21428642701592415,0.0,,0.021277679442807784,,-0.02298821178366972,,,0.012343570017849581,0.24174926555458254,-0.014493065825917695,0.054945340506288076,1.2899010325327773,-0.05172402315672664,-0.04545834798546511,0.04999851968927138,0.20689872834714285,,0.01149435544719779,,0.03226020609489044,-0.012990459136923094,,,0.15962268468141438,0.10160438207139477,,,,0.029850703915261123,0.157893844808354,,-0.1333317605762192,,,0.025641609892071315,,,0.09523807693017483,0.06962472137012443,0.06644314454535771,0.0638482462025538,0.08223523890357742,0.19565025596661356
2003-02-28,0.034483687464294865,0.07216685698467074,0.0,-0.010638522427440678,0.05714224560273884,0.03703650729580121,-0.016128308491895282,,0.06578900552617051,,0.33333067116295667,,0.033334725390306685,0.08474750692428312,-0.03312660222017305,-0.015618750910167511,0.010752732138621157,0.05999982148283656,0.02247272687950086,,,0.2027019140865438,0.11940307509091008,0.0777202949729412,0.03571507940600882,0.02777749402124985,,,0.023075536249691275,0.0,,0.08536606734354169,-0.09091478836741507,0.014705765471562326,0.060466307653757934,,0.010424253020267837,,0.035294019271047805,,,0.06097838625215046,0.01769538944426019,0.044117962146204226,0.10416618602288108,-0.0632843737418638,0.0,-0.023802796950226135,0.023810804526698703,0.0,,-0.10227272931876097,,0.15624569220646678,0.11842468741165058,,,-0.044310039616750174,-0.015776661036587036,,,,0.2753626520805177,0.022728163807276713,,0.019233828878691073,,,0.08750020827625016,,,0.05797106282358788,0.08521798247656553,0.05069719046361176,0.04916614948519982,0.03894634949798248,0.06060683221048313
2003-03-31,-0.14999978982329043,-0.07692433516352215,-0.270492002140026,-0.13978470348849614,-0.09459468062578935,-0.28571369788577794,-0.06558232725807556,,-0.148148079255909,,-0.1625008463982499,,-0.16129272645013992,-0.22656172436604338,-0.1605993196123623,-0.26984870699169783,-0.1595746232758659,-0.19811241224611098,-0.14285722679408075,,,-0.2471905185735076,-0.08000005387774167,-0.16826914416511285,-0.09195404540964347,-0.05405406897770315,,,-0.21052535295131125,-0.061223340053981445,,0.07865173391414593,-0.15714176095916077,-0.13043495577186182,-0.3070172010130635,,-0.051555754275208865,,-0.3409089924752604,,,-0.16092041218283026,-0.1304251763790929,-0.2112677552541582,-0.08490562701908311,-0.06757656401592993,-0.10909082931803205,-0.04878442673891348,-0.22790756376935983,0.0,,-0.20253177822053192,,-0.17297127538177137,-0.15294386950491767,,,-0.20000025503058927,-0.09371155077796045,,,,-0.14772751485271995,-0.19999999999999996,,-0.20755343437273566,,,-0.11494271952019974,,,-0.10958904450479146,-0.24594835759193423,-0.18440211569313092,-0.1813744741679334,-0.12828838257269937,-0.20000045648829645
2003-04-30,0.2058826660648012,0.3125030146266705,0.2471921051631143,0.08249969886586106,0.134329201225454,0.18250039978292776,0.23510156521363146,,0.431884237854387,,0.3074669620596304,,0.33077318985773174,0.18181921227375986,0.3010202027643991,0.017401065021391604,0.34177199311026807,0.24705758671365619,0.3152765905557373,,,0.32835733963539937,0.275362351484262,0.31213816222452095,0.14683310251789505,0.18285742971770347,,,0.24761855761609897,0.17391582029296493,,0.11458429634954825,0.2813571106938022,0.20000015267222193,0.19620236414054504,,0.3587092238853893,,0.21724150791931152,,,0.39726093140836705,0.2399875144587491,0.12857147831573768,0.17525825778925475,0.05797920163643666,0.13469358970419165,0.8974366441634078,0.14457902235881748,0.04285624665997423,,0.12698382258952368,,0.18300450156344472,0.5972259653798351,,,0.09293546331068492,0.250340257046348,,,,0.18666650116373606,0.25,,0.3571518026048073,,,-1.000215825840964,,,0.1476922755882324,0.20129828095881108,0.1992612706626602,0.21476290985436441,0.24448281239188852,0.1571433326517706
2003-05-31,-0.05691189396801133,-0.06349322438161897,-0.05405446663910918,-0.06928394406977789,-0.17105287225595167,0.004225334577826478,-0.10511658060025542,,-0.08502035437153466,,-0.04566437563895942,,-0.03468233189975234,-0.09401948922716374,0.08823545013552336,-0.21795240966239304,0.13009448298631154,-0.07169691041625226,-0.060475211390174755,,,-0.07303358967393514,-0.004545493078487839,-0.013215510398890462,-0.050772776225157856,0.00483069956738591,,,0.022899399224982853,-0.026666937658276768,,-0.04672877674489384,0.031749815023376815,-0.011111228442525989,0.03703602666108452,,0.07199809265175494,,0.20551241682080423,,,-0.049019638736985116,-0.09677013343295748,-0.006329158138137725,0.0,-0.04794329884765092,0.014388417393007114,0.013514595081256742,-0.1368427216126208,0.07534303916336893,,-0.028168382316431262,,0.02209910718901198,-0.06956503738820496,,,-0.016002181772711843,0.006528695220467062,,,,-0.0209009437714911,0.09555657785445004,,0.29824431847680644,,,0.028037285951935775,,,0.05361926573669229,-0.011626834595594326,-0.00948797580737959,-0.011172847006229003,-0.017534596003712655,0.024691347878186276
2003-06-30,-0.06896495910217249,-0.05084592909069796,0.17599972670231545,-0.09429268487705145,-0.09523826160786641,-0.03578614805215008,-0.12699002497290401,,-0.11062012459527237,,-0.09090810537481964,,-0.1377254701878311,-0.09434141505637494,-0.10270297219873803,-0.10929208090325304,-0.13223138985362148,-0.06097525652072333,-0.0390804123037799,,,-0.018181986297219344,-0.06392695279106253,-0.008928708205112268,-0.08604632661357248,0.028846329919764768,,,-0.14925413555585532,-0.14383568576913164,,-0.04901945098622995,-0.005132509581021738,-0.011236010710899746,-0.005102927472188545,,-0.03732018299540785,,-0.035573105786036785,,,-0.10309224433279784,-0.09821113753975774,-0.2165604502218067,-0.03508785458722585,-0.2302284892518719,-0.007091949755208438,-0.18666753246897372,-0.06097601873358771,-0.23566940614295695,,-0.02898564202930154,,-0.07567509071335876,-0.12149237241055588,,,0.016262415908137262,-0.12972961261044003,,,,0.0,-0.056796556307478485,,-0.1081065164663545,,,-0.14545425323594963,,,-0.08905848477088452,0.02004478864402115,-0.03365482836467293,-0.043667778317775685,-0.07640249293162038,-0.07831360035789825
2003-07-31,0.07407343018547108,0.04464154539910936,-0.07142845685996946,-0.12328789852989885,-0.13157847314535764,-0.22489479227343723,-0.0909054295713222,,-0.04477513162933955,,-0.17105349547064286,,-0.08333345635871492,-0.06249705349004164,-0.1305220537141577,-0.012268611656573558,-0.17460305231219198,-0.03896231346584955,-0.019138716697667646,,,-0.0246910976264203,-0.08536577622761321,-0.10360332970700359,-0.12722524547928116,0.004672754438138194,,,-0.0877195171963151,-0.03200003926074979,,-0.005153847677769496,0.05670495954389021,0.039772959046086465,0.020513697068671677,,-0.10077591217498616,,0.0573774534441871,,,-0.09195421337433585,-0.039614971133766,-0.040650614430381427,0.018181426190588823,-0.14953213307177604,0.05714282020720174,-0.13114653419404165,-0.06908269699104574,-0.11666697495949563,,-0.02089585893774326,,-0.040933255106650135,-0.17021770088628418,,,-0.021336834179820796,-0.11055905080720208,,,,-0.024242484886864202,-0.09032131367462404,,-0.09091299029016875,,,0.03191477505008811,,,-0.04189943307258426,-0.03975249371232348,-0.02083097941802292,-0.028701645308094492,-0.023892169362107474,-0.09803793217042667
2003-08-31,0.051725319811630976,0.0854706806317882,0.11025728180122596,0.1812504171988738,0.12121104088243184,0.1831026242827698,0.08999607484204031,,0.08854138863554528,,0.041269348624254354,,0.1590906821548037,0.08888840996560043,0.1270209150838324,0.1801296647897317,0.12692278119710743,0.009008554174343653,0.06829260541144144,,,0.0,0.0133331868963944,0.06532629166063586,0.10204176760058625,-0.2790698337386961,,,0.07692449018907443,0.08815118105494224,,0.0777195469053722,0.0585370366996647,0.05464488259695899,0.08040150053695516,,0.09483896858106533,,0.14341083339208316,,,0.16455687103972583,0.030941801881659625,0.1694915716647798,0.0892861967104508,0.09890243879731098,0.013513444107394301,0.018869524924014502,0.2307690413619441,0.009435259616495939,,0.1371955845804378,,0.07316985403061604,0.0641060567445837,,,0.10868925473524138,0.053072540194825324,,,,0.10559054485486663,0.11820167258113212,,-0.03332732382464676,,,0.1649480097694367,,,0.06413995790387972,0.10995921485061189,0.10955901712591998,0.09835411461963472,0.08161184859584814,0.0
2003-09-30,-0.0491813963563178,0.11968629489939686,0.2355651934680123,-0.00793645061404058,0.0,0.14285498022864074,0.08257883489524942,,0.08612385774706843,,-0.015244387308560814,,0.3921572005754608,0.23469585383524505,0.034836146689180225,0.03684510459139645,0.006826350602387121,0.1272323424791857,0.187214539757931,,,0.02531618194638674,0.026315708751773803,0.13207584895429547,0.018516501277399344,0.006451888063206734,,,0.18749989260717603,0.3670925268328331,,-0.019231110355078518,0.24423506110843918,0.3160615607471744,0.1767455333143122,,0.36220067315447935,,0.010169344445256412,,,0.03260882350098271,0.019995717483385134,0.16666672221017675,-0.016393367533895198,0.020002763875419216,0.12000003539256965,0.018520060186727028,0.006944521080897603,-0.01869180028803985,,0.21983901283350016,,0.11363512888315408,-0.0240963281619343,,,-0.06362081977389267,0.0,,,,0.0955054549877381,0.06765477970565725,,0.034476327557438013,,,0.044248031472489346,,,0.03561637517786531,0.2123665413201259,0.13953933666049978,0.12436502680696782,0.07951257284647562,0.15217361241761007
2003-10-31,0.02586281089496656,0.1582267812982845,0.2523366421174875,0.37333314465788003,0.09910013774189963,0.1875020947101469,0.04237072672002751,,0.18942772943589326,,0.0464416122470388,,0.37559087952096126,0.2809909548706566,0.3861387971780905,0.08629140557456294,0.1457623956782943,0.029702884785819172,0.269230963573728,,,0.08641965892025527,0.13589766733635278,0.179166540510445,0.16883067772040095,0.07051262802370295,,,0.39097911050802026,0.037034879752075645,,0.00980520029341525,0.13889258657182357,0.27559085290025154,0.3557308777246615,,0.01156131075499589,,0.2852347545054752,,,0.11578780812002543,0.1666698574373473,0.25465824670260107,0.18333282033115106,0.17647197803465597,0.19047615285653863,0.14545281165378254,0.18275873295919665,0.05714159422991538,,0.34065946311399653,,0.15816323710983826,0.13580533697891584,,,0.17294602258224012,0.11803719839323823,,,,0.19487150627587901,0.14851360004433345,,0.19999772532026072,,,0.01694903236554479,,,0.2169311287819673,0.2539894797500226,0.22080145130941875,0.2066803642241304,0.13741968514970138,0.2955974825212302
2003-11-30,0.05042110706744918,-0.0601089656507624,-0.029850756273305246,0.13155343524616647,-0.024590530784834197,0.008771717055565897,0.008129713509666958,,-0.0370369228209535,,-0.023667463238339348,,-0.07849892018250659,-0.1225819727897356,-0.09285749107522867,-0.10280497711751391,-0.038461530514584896,0.038461365910120504,-0.12121219014866591,,,-0.011363338405930401,-0.05191878063600808,-0.07067120734013532,0.1444467645310974,0.029939908363465717,,,-0.07567594477716177,-0.03571227976529545,,0.03883342323109784,-0.09755974908682585,-0.061728205704894346,-0.08746298091667071,,-0.08000388006235448,,0.0,,,-0.037734802067478035,-0.07563054645592349,-0.10396041542565682,-0.09154895713044653,0.016669061932367057,-0.12000005550198412,0.03174272817129986,-0.058309129530084935,-0.09909784970140689,,-0.09836047263833114,,-0.11013211509868981,0.07608366657799648,,,0.0,-0.015421155185524893,,,,-0.05579390543911911,-0.11206880426351651,,0.05556441301843673,,,-0.15000004547125956,,,-0.06521725394301714,-0.0660219501775774,-0.08158889401953817,-0.07215805076049309,-0.06697019199850296,-0.13592338986999375
2003-12-31,0.11999904495771863,0.029069923301788148,0.13076962141405435,0.2102100764564041,0.19327743308844547,0.40434916126117404,0.18548690894165776,,0.442307381447852,,0.1515138936086291,,0.3259243037683919,0.4411772227459543,0.2204725704222641,0.2812463494997379,0.18461554330015106,0.2777788317339913,0.29310345305791796,,,0.22988555472101746,0.21428559534445957,0.4448666173873961,0.19883514482730869,0.052326122030368794,,,0.5672506929004453,0.34259042670144124,,0.3548673985527837,0.4954935514582861,0.23684179798923188,0.30990334818209075,,0.37267437336312903,,0.3054831667037239,,,0.27450924165354196,0.490911089588411,0.3149174684770104,0.07906973156808084,0.32787487020173534,0.1420455320591505,0.16923387264617618,0.18575836357212472,0.17999858169412986,,0.20909066945952026,,0.38614067988287215,0.15151748000822063,,,0.2498686559661052,0.1831326365438577,,,,0.40909074494055786,0.16504975928951593,,0.407894515760842,,,0.14705884031234584,,,0.37209288898370896,0.31100345328998835,0.2955176581121217,0.27415765922723456,0.23122478686947945,0.6292142572846693
2004-01-31,0.0,-0.005651068635620926,-0.1156465640194011,-0.09925544526124686,-0.07746467842486116,-0.141054517183673,-0.09524334198914974,,-0.013333478537886245,,-0.05263070603801423,,0.0055870570615368376,-0.09183488686038976,-0.15483868794650912,-0.10569028145612647,-0.10909111522378256,0.057970642731305366,-0.11999993422271371,,,-0.0514021643041358,-0.06274502872616605,0.013157896484158105,-0.16035077348804827,-0.05524869540090338,,,-0.05597001834409887,0.013794976092749156,,-0.11643912663456235,-0.07831267250987928,-0.026595542523194404,0.0,,0.18099861198710832,,-0.20000009798777807,,,0.16153871702594103,-0.07927509954233247,-0.10628563743324682,0.0,-0.08641639185672645,-0.09203982936651622,-0.013158997339829948,-0.112271596473969,0.03389897449411183,,-0.12781976698126507,,0.053572125334585774,-0.11403691270461758,,,-0.03517991143890331,-0.04480652026155263,,,,-0.17741953568595692,0.04166707665075253,,-0.09345957210192357,,,0.02564106550187284,,,-0.06779656668094636,-0.08267598570637147,-0.07978199829498245,-0.07332614288938677,-0.058929338417599064,-0.041379037340383396
2004-02-29,0.014286013108422813,0.07386396745894208,0.06923113861601049,0.041322515155519435,0.053435192809985654,0.13970752039181522,0.03759241965314075,,0.0067570992352508075,,0.1194437133924402,,0.07777909617059708,0.07303391286391525,0.16030534406459163,-0.06364150299523064,0.014577578838362637,-0.01369849499824094,0.06060593258104907,,,0.024630538506268396,0.37029283669391866,0.059740123391942346,0.052084299812497736,0.029239467640320038,,,0.19762840352065458,0.07482879952605459,,0.046513132979786986,0.07189468628437479,-0.005464663457296903,0.170731702486848,,-0.02413635606648923,,0.1499998622046701,,,-0.07946984061841977,0.006621075768134643,0.0,0.025862127207255448,0.2364929135033551,-0.0068492557477942695,0.12000019980053289,0.3470590312593036,-0.13114815559565673,,0.06896586107239733,,0.2033896191268254,0.4356475332565477,,,0.22925797217064714,0.08102339081735277,,,,0.14509891472554237,0.007999069627420363,,0.05154734752116896,,,-0.09166690665387,,,0.03636355629296206,0.12033867509637353,0.0939630500007127,0.09443598905312922,0.0751041794124172,0.06115110172409288
2004-03-31,0.2225350642287094,-0.06349107971080659,-1.0000291893408984,0.005290743245489837,0.0507245963163252,-1.0000239514631208,0.007246214435788101,,0.046979782904948975,,0.5508691670566115,,0.16752602587253218,0.1937158148470488,0.09868426434867539,0.04855166321027249,0.0775858954913271,0.027779260881098722,0.22857150955278516,,,0.13461537878668017,0.19847350070156944,0.31127441749668505,0.1485132130003155,0.09090948287513179,,,0.03960478958353497,0.08227970342635316,,-0.044445818704011875,0.20121993781688507,0.1978023001244824,-0.014582817047456564,,0.08833685628659871,,0.01086965638633508,,,0.22302099216430027,0.24342240040842,0.04054059196489335,0.0714285373409893,0.7376983809089048,0.16551726249778165,0.15476163929568343,0.06986887123031749,0.1509442103855665,,0.0,,0.09859141592491105,0.048273790613858614,,,0.1012432076634262,0.11242617735742577,,,,0.1130134461713983,0.15873022247893287,,0.10783956746081058,,,0.01834916823783117,0.2543860295448177,,0.026315892912175842,0.03909814067723549,0.05828985095550676,0.0689071794855225,0.09446538442142827,0.23050965806424695
2004-04-30,-0.16935496173193998,0.129942398444012,-0.057971052842260784,-1.0000312400413889,-0.08275869342047637,-0.15384604803149537,-0.09352118691335753,,-0.10897426252307796,,-1.0000175922120649,,-0.15011056727290062,0.0,-0.08982040386932955,-0.12500488604975368,-0.093333327125526,-0.067568713193491,0.05813969583908385,,,-0.06779630228797906,-0.03184732669668355,-0.03738290694402746,-1.0000140971209976,-0.03645865794318082,,,-0.16507998405956958,0.06432670267002627,,-0.14728692547887268,-0.18274126812920732,0.027523017699296215,-0.09513747279803797,,-0.09090778145955258,,-0.1397849207454579,,,-0.10588201187299118,-0.06348924015245416,-0.15584417959181507,-0.11372529805796316,0.11635590225301873,-0.16568051054854638,0.2061875148201342,0.3775512147095321,-0.11475428171130941,,-0.2612902634317601,,-0.07692404938180797,-0.1776291129328207,,,-0.15806468982453636,-0.11258862382460488,,,,-0.024615210204214644,-0.11643783460800294,,-0.04424882999647961,,,-1.0000067055152901,-0.16783221374070856,,-0.20000011386118066,-0.10400921303219202,-0.12799331273925996,-0.1073806244824641,-0.07738590570975556,-0.16529023832832979
2004-05-31,-0.0291262390637409,-0.08499955966989903,-0.061538444988159746,-0.16216251634864498,0.06766909259750031,-0.09090909829862615,-0.0079365776988638,,-0.15827381470579138,,-0.09923711078941644,,-0.10886958403935032,-0.3201754448866734,-0.0855263457820864,-0.0052830516587222265,-1.0000115820190096,-0.057970716231419805,0.02747242257106497,,,-0.14090910653964794,-1.0000367531870633,-0.06213618013639566,-0.05940760090520958,-0.03783771418474513,,,-0.057034287704620934,0.005495244939164312,,-1.0001398484178414,-0.06832231503441855,-1.000041017416124,-0.04672927425814932,,-0.14285862021429296,,-0.06749996095798982,,,-0.05921112359823022,-0.03390221177132713,-1.0010961504709497,-0.10176991506241062,0.04822707502877277,-1.0000504526981024,-0.01709218915925248,-0.20740731521500533,-0.02777722416559858,,-1.0000279256316449,,-0.025910593449827823,0.03199974870024769,,,0.01915702463853486,-0.005994199561674796,,,,-0.2050476108947844,-0.11627936832928365,,-0.08333382338570772,,,-0.016575132379497037,0.016806762814155052,,-0.027777668157622948,-0.046706491261075844,-0.047608710281313305,-0.052245164670357,-0.06138079949974906,0.016501751357520522
2004-06-30,0.09500128658188678,-1.0000232005675895,0.09631165876231584,-0.02258029501452552,-0.09154898247061316,0.042858871089964445,-0.07199645584873648,,0.0,,-0.06779731199229133,,0.10762400303967712,0.0387077094854853,0.05035973679534389,-0.03723709832653144,0.016948857850102694,-0.03076914074249182,-1.00002770511263,,,-0.010582726416988764,0.03267962425198667,-0.1552794489201912,0.0,0.005618052142961405,,,-0.1653224693410933,-1.000010646728528,,0.060869542207333094,-1.0000038808066147,0.019047592968184812,0.07352931372302218,,-0.087500286407863,,-1.0000432075448735,,,-0.00699196645366551,-0.011693553664792078,0.09016353106037522,-0.004926230197948911,-0.023811430325744842,0.04379555273390312,-0.0608712162774413,-0.05607471505557149,0.019047838684652207,,0.04784705320490534,,-1.0000430676373382,-0.06976907297225987,,,-1.028707577544056,-0.05728634400171739,,,,0.03174620689763885,0.017542839002828714,,0.020205668323775905,,,0.09550596518431664,-1.0002829713755987,,-0.0043955814348718425,0.10144577611316308,0.06986874997029302,0.05189941479573679,-0.0023992783420612174,0.16233864167457424
2004-07-31,0.12328763742704485,0.16091842677954782,0.13084060466329395,0.08250818344152622,0.02325508160666634,0.136983881893896,0.017240549640765934,,0.05982932224616544,,-0.16363654519408855,,0.24696386232172896,0.09938134188269476,0.06164381780360939,0.02762892129799388,0.0433334173772868,0.03968235951566612,0.009523755977616677,,,0.037433152195679886,-0.01265825074300464,0.1029412155761169,0.0,-0.01675999788684035,-0.07437999478534363,,0.13526639150211972,0.047903629326469854,,0.0,0.17724928280404995,0.01869133974170456,0.02739765261758187,,0.02739939470974173,,0.11234571924279724,-0.06320649607485596,,0.08450637595058308,0.08876208462698654,0.09022591783268474,0.01980191005265719,0.36585637214624933,0.0839161183160031,0.06481668684049646,0.0891087877230261,-0.01869180028803985,,0.045662158941814246,,0.1200001086840603,0.2083345106688559,,,0.201691555964864,0.013859241546037682,,,,0.13461522117836444,0.0,,0.1386146488985962,,0.04651163468389341,0.08717922272099576,0.01785715072119043,,0.06622515228423165,0.07335849215970569,0.08135423582124934,0.07865830376833172,0.0993381222926566,0.08938493050649621
2004-08-31,0.1300804553677637,0.009901553346393754,0.04132268339162426,0.2195120397080721,0.0,0.09638593011570062,0.08474130326460494,,0.03225880097821232,,-0.05869438171114982,,0.016233616301736253,0.10169542051218516,0.012903127029586736,0.08064281489303027,0.07028764607114235,0.015266938561367738,-0.028301791746996652,,,0.051546926437965324,0.2115383494475449,0.07333322642759255,0.17543993511261724,-0.3068181987782508,-0.08035713599482286,,0.08510646512028397,0.04571594096586917,,-0.01639397128030673,0.14606749656653317,-1.0000619092836405,0.08888883475818865,,0.11110797574739806,,0.07547184957694664,0.0,,0.11688292804659728,0.1304390206150472,0.11724115534922874,0.11165051113126379,0.08928279247341142,0.05161280074698271,0.0,0.07272725552337445,0.019047838684652207,,0.058951925137214145,,0.07142876396692466,-0.04827736489752932,,,-0.05084734914908595,-0.0073606397349604835,,,,0.10169509498966955,0.08620765210804593,,-0.18260705111641684,,0.02222236454416393,0.08490601897148942,0.09649144288235711,,0.11801246285224654,0.02485703528212846,0.04177823105649692,0.04321263797691599,0.06060288290716653,-0.06923008586582635
2004-09-30,-0.10071904320732306,0.11764703436933854,0.08730135004864414,0.04499992162477073,-0.015151360903027267,0.0549473458324079,0.11718250737904135,,0.10156180352408928,,0.08083177746371839,,0.30351385532616026,0.21025516922039156,0.1273887210376501,-0.014930269379808458,0.05970153343963114,0.07819586407474222,0.05825248345554357,,,0.09803919387199733,0.11111111874764101,0.31469995757179436,0.17910368586204473,0.01639336418598414,-0.009708655710290004,,0.07058744635048542,0.04918038667411606,,0.19166579570523345,0.08823649062832639,0.05309738029335431,0.030612818106256157,,0.03200056871197865,,-0.024561512351617965,0.0072282781440351496,,0.41279201772891194,0.7067281895649387,0.10493848854394194,0.0698692473060254,0.4180353422435199,0.036809903065890826,-0.052174958894697365,0.07627102786132367,0.06542076217908588,,0.1237114964041155,,0.0,0.1666679715763928,,,0.2053572613270005,0.161016891693206,,,,0.10769225127899129,0.11111094884150474,,0.20212206464650895,,0.007246180076423414,0.0608697826147937,0.02399992676476992,,0.07407402008266217,0.08023578115598107,0.08112361058463158,0.08581785671995457,0.08618309019714743,0.09641872155546038
2004-10-31,0.008000080707801116,0.021930269935907187,-0.029196792844322417,0.04306242918728764,-0.03846173496545768,-0.016667904325313176,0.02098806035698475,,0.02836910225098932,,0.12179373821413231,,0.0,0.16949228864831478,0.011299347766371426,0.0,-0.059155299512796966,0.04602593385737497,-0.013761510878664285,,,0.2767855906517649,0.0,0.10236218532658614,0.09873577237793651,0.209677550329177,-0.04705873789526416,,-0.025640780333219815,0.02083181220621033,,0.03496597886682973,0.054053628857988256,-0.0168067561227927,0.13892219131146422,,0.02325747578637616,,0.05035994101654051,-0.014352740305870082,,-0.07818938859242475,0.01971962573323105,0.0,0.04489776844909055,-0.011561727400291821,0.07100621350859404,-0.11009385322376186,0.02362217722990345,0.3333333333333335,,-0.018348789450067682,,0.09090840477253725,-0.012422362959534361,,,0.3407408436696142,0.14507309829918857,,,,-0.005555275094083378,0.007143129408115456,,-0.035397748580306754,,0.0,0.11475415277356271,-0.039062666177133054,,-0.025862064465409618,0.0261626124556531,0.04619928958846731,0.043109199249063535,0.055168698846018716,-0.16080471455962397
2004-11-30,0.06349174576485517,0.00429113003276016,0.015037534953160625,0.06422012631496599,-0.07200001186262417,-0.03389774882020169,0.02739607811818079,,-0.04827598879582218,,-0.13523868666399064,,-0.15196080069396245,0.04347764742628346,-0.1284915404178738,0.32323803801523754,-0.06586808099229058,-0.03200104297131057,-0.1488372282438174,,,0.0,0.21904760608733675,-0.17142839223520545,-0.00921772003880017,0.033333294418141035,-0.17695486507788916,,-0.07142851975085973,-0.030612176546845005,,-0.006756756756756799,0.01709500301388056,-0.14529916020712874,-0.11167485100860142,,0.015148883621886045,,-0.054794541285323795,0.05339253114974851,,-0.03125067261318104,-0.005529088379270908,-0.13407809739359677,-0.05468743899521611,-0.04093573065103073,0.022099053052646367,-0.09278366441748032,-0.13076936186352173,-0.17105270145133056,,-0.15140170297276245,,-0.07777704748660685,0.17609978389614112,,,-0.022099932360513996,-0.16653389458896406,,,,-0.24581026856876664,0.06382970161828738,,-0.009175887162968799,,-0.014388371822161128,0.07352931543362518,-0.08943085714285715,,-0.12212397916532702,0.04575484848370537,-0.017809691557145624,-0.018065515880689276,-0.032318878172375554,0.13772538422827063
2004-12-31,-0.022388066390115924,0.16452942355413747,0.23703713321191366,0.034483025773646814,0.06896608430335438,0.18421026263750884,0.0333316085167179,,0.15942038479351917,,-0.07488835913875147,,0.1445090152466919,0.1319440365971567,0.06410237297405286,-0.129777212502879,0.044872063040640064,-0.016528015189374745,-0.04918033975295111,,,0.05594424400407805,-0.07031243260939546,0.25862034163800884,0.09767443529752895,-0.058064262228652574,0.08000019637214573,,0.16599172663732276,0.31052782708572635,,0.013605885774733206,0.04201614962405742,0.07000022448292409,0.21714257108768886,,-0.014922819564985756,,0.16666653320109592,-0.06912537146583686,,-0.11520697055025853,-0.055554646868565594,0.14193538943697326,0.012396813682743701,-0.030486902307878094,0.24324364105318885,0.3522770427460258,-0.008849540637344333,0.031744709856902587,,0.16740085575625296,,0.1325295570761622,0.5401090564382101,,,0.05649724979280779,-0.02485659809471441,,,,0.022221927967562838,0.053333004834756226,,0.1944499879447119,,0.0,-0.061644111706729454,-0.08035700209069163,,0.038306529884228224,0.17977984211150622,0.11645891385859874,0.11053441670390973,0.035848357935970965,0.12105234103453744
2005-01-31,0.045801464314440654,-0.018349087112784157,-0.011976000656243713,0.09374945572776427,0.15322616759099428,0.10185317618630485,0.012902533941234307,,0.1062496896204006,,0.06190385149108857,,0.0202013923536859,0.1288357605229633,0.03614499168780938,0.1929856898339355,0.10429414801569137,0.5231079760605177,0.18965516978473662,,,0.24503294281584087,0.07563017413123485,0.2260274251950427,0.14406858336562478,0.04109593285691582,0.018518233694641895,,0.24305567421792063,-0.11646674975561322,,-0.05503459789403098,0.05645173134241288,0.05607456386619836,0.23239429677561052,,0.219697956139421,,0.06832310233815098,0.08415840188268908,,0.15104160563323377,0.03529817179498651,-0.02259870848284573,0.10204055141738766,-0.006289871670793978,-0.1043479436207071,0.033613101887076,0.10714298279042689,0.3000015300690728,,0.05660346416611706,,0.08510683633296456,0.5416672283912976,,,0.048128419809272405,937.6185989357728,,,,0.09420329748422995,0.05063368290775938,,0.5426343645504392,,0.12408752447909865,0.1605841278699207,-0.01941757708058367,,0.029126209026038463,0.12566058164328786,0.08140795693793246,0.09445483834580926,0.08628954797585342,0.26760612682469054
2005-02-28,0.0,0.03738390127233071,-0.05454568878460464,0.07619088566112286,-0.03496524570714188,0.05041976851457375,0.0,,0.06214689721144895,,-0.013452801977060225,,-0.019801376968403894,-0.09239107737973251,-0.0232559602676784,0.31618166934936776,-0.016666315559552003,-0.1517232631312394,-0.10144921591836109,,,0.0,0.039062778283554644,-0.050279257791889465,0.11111049527155048,0.04605246924988582,-0.06363644200292995,,0.03910629884102046,0.06818171721362454,,0.17045543049201317,0.045801291218972695,0.0,0.11428585352954057,,-0.07453485121938086,,-0.017441787156949773,-0.009131398766266341,,-0.0045250825510024795,0.02840844498717554,0.0057803200028998525,-0.022221934299709756,0.0,-0.029126277759651487,0.17073047864787294,0.08870967645232275,0.04142018899600175,,-0.0267854346112677,,0.019608270060035737,0.13964000395687015,,,-0.02550981977787259,-0.019867549210928925,,,,-0.07284786287461109,-0.006024137565351584,,0.2713576874854686,,0.019480481438802988,0.056603864885220734,0.04950487216571675,,-0.00943399891095209,0.08259490859924101,0.04275185159342132,0.038997040615026846,0.019728742651213382,0.037036671763330586
2005-03-31,-0.11678858298948602,-0.08108062679379613,-0.14127246017759787,-0.08656714540742527,-0.1014493605252127,-0.1932218957790014,-0.14013001620264265,,-0.19148891477247743,,-0.04272176603428801,,-0.04545517988212877,-0.06586824748490738,-0.07738108354795892,0.4106172052807582,-0.11864434490670939,-0.06504144777661514,-0.09677428327827375,,,-0.2081870399811675,-0.060150475810039294,-0.04705883191072624,-0.11666659132250379,0.044025376006529005,-0.07766978120328571,,-0.06451648901953921,0.3021293057528769,,-0.05825287024916748,-0.05839454116463416,-0.06194695571542541,-0.12478595096720224,,-0.07382765301677918,,-0.13017747561680149,-0.05529403807215594,,-0.1272725094511965,-0.1602241411962394,-0.3218393179942436,-0.09469706291270552,-0.14557083827632644,-0.06499975039086514,-0.18750001548550788,-0.059259358794419015,-0.33522754881568173,,-0.15229391582584084,,-0.1971157770455214,-0.36363720955037426,,,-0.036649464417364164,-0.14189181800357964,,,,-0.11785701491827949,-0.09090943730761625,,0.11462590600339007,,-0.019108243652992685,0.09523807993420697,-0.162264003096387,,0.01904769374394033,-0.126562219540582,-0.10195577501958852,-0.09995708674796233,-0.06434324081005416,-0.04464261750178966
2005-04-30,-0.10330535719780298,0.03921448638887082,0.054263497553196816,-0.18595068264503767,-0.19354887933125786,-0.0756288449827579,-0.15555941329664913,,-0.026316478668218624,,-0.1157884655764444,,-0.34656039552073825,-0.24359066337315327,-0.18064524821396366,-0.2673252642242746,-0.14743585561139871,-0.20347782431738126,-0.08333333991379954,,,-0.2158273198487174,-0.15199990481122116,-0.20370371062585713,-0.12988763965630135,-0.05421687435445999,-0.12105253210001621,,-0.15517158155234145,-0.12418379608367025,,0.07216564799919212,-0.10077512583829029,-0.07499986330799113,-0.013671996367199624,,-0.17753520276087664,,-0.16326544611953386,-0.09268959432736334,,-0.14583394018003748,0.11184398485670921,-0.12711855568050034,-0.1422596031246134,-0.16296395294016508,0.021390113794189647,-0.025639910114296782,-0.22519663780698074,-0.1384623483822306,,-0.1298700710102888,,-0.09580867385254765,-0.049688906231892704,,,-0.08152173577239974,-0.1732289303944231,,,,-0.2550608123735808,-0.006666919515156522,,-0.028368275725122793,,-0.1298701203597007,-0.0543478364528821,-0.2252251791885448,,-0.1065420925686772,-0.026664005834507676,-0.06882306612796518,-0.07693150428452322,-0.11762527736989437,-0.05046753263990589
2005-05-31,0.21458305429704816,0.05991358943090663,0.05882406270890983,0.19796966334940058,0.08000074141407754,0.193182857344665,0.09365889623537327,,0.19594612623589325,,0.047616359809635744,,0.2076329780826427,0.23728819643769805,0.2263716470602568,0.005882978192472521,0.1493496652064059,0.2602463008476352,0.20129878017106706,,,0.2935780579542271,0.030927881795384415,0.1550387900141208,0.32075571384241663,0.03821641072344972,0.12753678212261366,,0.0816315633603979,0.26548905224867925,,0.08182824660839105,0.09206579035278595,-0.07027019286693226,0.01980170211612986,,0.08524088056107004,,0.06995902613280092,-0.06589402626721874,,0.280209664960442,-0.15384790414499327,0.1757885652633968,0.18319783167802228,0.1150489029923496,0.11588671238279868,0.02631461446384198,0.03724085449470138,0.05158730347874352,,0.19572607145745735,,0.11679087059863669,0.052286989552936536,,,0.07479115415834015,0.20952466379485735,,,,0.06581003770645388,0.14094014159592216,,-0.23722747321866866,,-0.004477883681440198,0.12565075631634093,0.4386228935798273,,0.00836822071352361,0.06955309310228941,0.06615238698584736,0.06972397289189147,0.04928667429745892,0.023621869306433618
2005-06-30,0.038167701235969353,0.14678908708546867,0.0833332155660036,0.13347455128487318,0.02777690774192232,0.07618802600425711,0.05833057000548081,,0.09039610592787972,,0.11931879131595124,,0.12000051388988187,-0.20205413559491847,0.11188840298496827,0.15934537217471756,0.09929096162774376,-0.008928487747638658,0.03243239212018123,,,0.09219839916420347,0.01999983120699711,0.2080536249040621,0.13392736282279127,0.036809856046641,-0.034883916116484115,,0.07547206350606084,0.16867421892393075,,0.0,0.05454541635319443,0.029069677895855017,0.11650508610477739,,0.008509230923353206,,0.25384590677875907,0.05224219464626412,,0.06862761007419671,-0.027972953525820965,-0.008403690306957423,0.30630627761991613,0.06348824439180678,0.0,-0.025639910114296782,0.11725675642207922,0.11320761387612843,,0.09574491692826337,,0.18181774544385765,0.2298141512363765,,,-0.06382967879415902,0.1732278615682672,,,,0.2010578078560914,-0.07058873194004911,,-0.004785301515116247,,0.026087156637630837,0.10982684613664384,0.04687487541760005,,0.0,0.07561636269506988,0.06647156247341823,0.06818692047629504,0.09211696381939105,-0.019230305289688165
2005-07-31,0.19852961078776032,-0.03199911324205684,0.12307702342306115,0.09345789941358884,0.0540548419683573,0.11504622173885726,0.047241874300252285,,0.03626877691220454,,0.040610070942868726,,0.05803582359661408,0.1416297645624598,0.025157113423580624,0.04739438683607444,0.019354752125204433,0.14414479056486273,0.09424086315165114,,,0.02597433177745634,0.07843130628255257,0.16666676011574078,0.19685101643720437,0.011834389526542255,0.13253027207211465,,0.11695913531297841,0.0876294544684999,,-0.09395932311324728,0.12931109931172746,0.09604511908116242,0.10782616619397789,,0.1392383650993081,,0.07361960519583488,0.1560220335270439,,0.0,-0.02157817327507916,0.03389848482674607,0.3793105327119106,0.11160402715215323,0.019047660620380213,0.0,0.18811879122476793,0.008475741181505958,,0.10679583176503704,,0.215384990305179,0.4267688432517649,,,0.11363625292946722,0.09396001702894052,,,,0.04257417675171271,0.03164580918314175,,0.3653851001291264,,0.11016943023760484,0.020833328158682995,0.02985079742265695,,0.06846471882219785,0.12800806577707902,0.09668207721503586,0.0986005150271343,0.07234981005027308,0.1274510941452207
2005-08-31,0.15337481354018556,0.07437953195088065,0.06849285023803398,0.042735258657337516,-0.059829150097845174,0.023808512276534133,-0.02255547496252508,,-0.09499957258050817,,-0.0390252526636351,,-0.09282714541294956,-0.07518728386293971,-0.024539763802220227,-0.045249800296564,0.06962025832644847,0.1653544299573273,0.0765550992427464,0.11504519455223905,,0.0,-0.0545454388273271,-0.019047525674837584,0.06578899130735483,0.005847518030700716,-0.02127656376453657,,-0.005235313460641988,-0.06635102106450164,,0.08148102392781342,0.12977000188951338,0.020618639366215552,0.038461404125515575,,0.0,,-0.005714387747177474,-0.024534209562508735,,-0.02752306370506885,0.0,0.10484182378097628,0.0,-0.12500101762743787,0.07476651527283495,-0.02631784848625829,0.016666439854149395,-0.016806994792503582,,0.0,,-0.016877563373552174,-0.13274291980132225,,,-0.027210637558462203,-0.08588980910300925,,,,-0.023474142329061864,0.006135108419936364,,0.014084125057643782,,0.015267180608203645,0.07142858446325917,-0.024154629564918983,,-0.040776633846697274,0.061970519545411884,0.05112575081535087,0.043649556675495305,0.033142069452952505,-0.008695643225053118
2005-09-30,-0.026595567341938797,0.06923041042148848,0.13461564408890414,0.15573737991061498,-0.05454614387638612,0.23255847399443308,-0.01538401993211802,,0.03867360568580369,,0.20304786123046692,,0.06976707307081398,0.09756002511263495,-0.018868191358811015,0.1370864299335417,0.017751619155675025,0.09459417048111218,-0.08000007311160395,0.07142886467610365,,0.03164526212644514,-0.019230725270585447,0.009708689347025068,0.17283993083523552,0.5813961144079676,0.021739097049084943,,-0.02105291183521618,-0.015228632084132498,,-0.006849593174091173,0.1891901438651593,-0.006982901152771004,0.058201042629871136,,0.022223876201118653,,0.11494278923711332,-0.044028210982055005,,0.2547177075069469,0.0294126288086487,0.016666833098093026,0.03999999168364754,-0.040819054033737645,-0.017391630631355737,0.0,0.040983651683543565,0.14529886872716324,,0.19298260119315502,,-0.0858376613890941,-0.04081726898026239,,,0.03496508367143791,-0.046979553007832964,,,,0.19230790734080028,0.12195172351565309,,0.2569461589690649,,0.015037517650993593,0.1285714383039951,0.19801995017477103,,-0.024291553805689037,0.09966871282923107,0.08051648357133612,0.07846519493370718,0.08605092127480263,-0.008772232161895599
2005-10-31,0.21857849880247837,-0.05035908666120681,-0.06779667703639192,-0.12056747132094359,0.0,-0.044025225943516655,-0.09374564851094913,,0.01595766264501841,,0.0,,-0.03043508338034684,-0.05185032272270618,0.032051446074441214,-0.13502271695012102,0.15116303337693293,0.024691280029650597,-0.19323671466624148,-0.06666692211778047,,-0.05521472392638038,-0.049019493590607754,0.29807690348165017,-0.1789474846679302,0.2794117741737838,0.2659573411349905,,-0.09677410533958308,-0.010308438302218392,,0.03448305169970012,-0.1818182265747117,0.021505077325499,0.0050000059594825785,,-0.03623100248135558,,-0.020618570478228793,0.18421388829482233,,-0.09774424967409634,0.09999931332196166,-0.18688533194635937,-0.01442307403972598,-0.08510360935237304,0.044247742085601116,0.027029198846197477,-0.06299179855698822,-0.02238753739670174,,-0.10294091081114876,,-0.10328572473265862,-0.15319185775160327,,,-0.04729759947811518,-0.03521160989408756,,,,-0.012096770341980978,-0.11413095520159788,,-0.033148612789227316,,0.02962980151606498,-0.033755466568550885,-0.09504131447202113,,-0.024896324204670695,-0.03279889826815707,-0.05007987344765241,-0.04107615747766202,-0.040787825646222964,-0.10442461841704953
2005-11-30,0.02242200921946491,0.07575711015883568,0.29696983987066816,0.25000041097898085,0.12500092825302178,0.17763295734215245,0.07758219638322728,,0.08900523038522512,,0.11814276409295354,,0.5067282986057253,0.14062349590829015,0.07453414131685498,0.14634472860349668,0.27525216533198416,0.09036183909434237,0.09580839893094928,0.02380957087394253,,0.18181871697418517,0.14432997207636133,0.014814816476131476,0.16666729141024605,0.07471269862676388,0.3235293267409123,,0.21428647991543426,0.21874983962834382,,0.020000392208061157,0.20138760186230398,0.2000002300559689,0.1293537034972576,,0.09774427494551818,,0.3421051554324197,0.13333353774986012,,0.14166643460750739,0.012984172939191518,0.330645159768183,0.06341472270238424,0.06976738425196527,0.11016970508611257,0.07894728606054979,0.2689072886746511,0.1679384934251622,,0.3278683344268778,,0.16753906828145504,0.2939703529973874,,,0.19858181901744532,0.24817597579740602,,,,0.17551035261237358,0.6932522932806475,,0.2685714846083984,,0.25899271071015106,0.030567462333036977,0.0821915605806256,,0.03829793264716841,0.23480062580921235,0.19960525941698704,0.19161243348709966,0.1403723294053978,0.1363637692560744
2005-12-31,0.21710520057477267,0.07042219082272871,0.018691544348424793,0.0709677765270531,0.03418773686522236,0.15083733235594576,0.007999881562072542,,0.09615411009144625,,0.15094273931555402,,0.43452373686875445,0.23972652246307735,0.09248542508024737,0.3510610615654195,0.1881192002322496,0.09944775131555961,0.03278691733296801,0.03100739100440575,,0.02747212689735745,0.03603583825985379,0.04379555160957693,0.054944540912151396,0.0695186861133299,0.07936529357192645,,0.07352927997026493,-0.059829328968763695,,0.10457419501484155,0.023122775504384352,0.056026286189953645,0.07929465518115286,,0.1232866512014208,,0.02941172693362515,0.21568377794656257,,0.07299250660416545,0.0,-0.04545421663214411,0.08256859297342678,0.19565183764600524,0.007633391057452199,0.0,0.15231777740507058,0.026144097894974072,,-0.055555597947023805,,0.053811889109243394,-0.00970811918230774,,,-0.023668792669412353,-0.011696248880046278,,,,-0.006944790278190949,0.07971002736647592,,0.03153150822594819,,0.10857152380690782,0.05084792000110738,0.025316581408470373,0.10769241260012663,0.0368852397991013,0.039940555962720614,0.03140764538894936,0.0443438938680325,0.08096307672001024,0.10434771870063453
2006-01-31,0.3243246712188961,0.15789535791471487,0.0642202624110022,0.20481910412074922,-0.049586391787820316,0.23301052296335434,-0.031744685603287026,,-0.01754404270213905,,-0.06557254220781528,,0.35892101677275656,0.2928185896471025,0.24867753706894247,0.16535906887556506,-0.06666687939026228,0.05527581698501738,0.026455016427650024,0.22556406411528962,,0.005347593246205706,0.07826104932829048,0.006992972938409281,0.1458338316065091,0.5499996680048866,0.2573528619980734,,0.21004531558496464,0.11818226310587865,,-0.05917126125474914,0.045197863189494925,0.033897850716568145,0.23469381003834444,,-0.006096563182163339,,0.0476191961385406,0.24999888724665742,,0.18367379312371646,0.06410153207859381,0.16666666666666674,0.3559323482272112,-0.05454527284837596,0.09848495498835796,0.0,0.08045967006721488,-0.006370050492556012,,0.3202614385685718,,0.10638285553202875,0.38235320865533096,,,0.10303030025177695,-0.02366828991497305,,,,0.4545455093074846,0.053691547998598876,,0.2445415455279838,,0.24742273551963323,0.09879020394600468,0.039094478612056616,0.15972200615970888,0.03754936123291608,0.13018272732805558,0.12921784172522655,0.12098482095838303,0.07908320064224839,0.16535464255807608
2006-02-28,-0.013605889326710474,0.05681807875839762,0.16379275204907984,0.10000018816510492,0.026086206114982913,0.11023588931655937,0.02458885985774062,,0.12499991149711898,,0.19298177249991255,,-0.007633582027568475,0.0170938520568773,0.042372644129009984,0.04053964776584351,0.08928585516921084,0.08571464275282059,0.3917524736882667,0.04908001708075438,,0.05851088513220404,0.15322566420545347,0.22222233903356314,-0.009091137223950385,0.20967747250383173,0.1637423740971633,,0.35849055429297416,0.04674754438280293,,0.13836509798130847,-0.027027965878557048,0.04918042190066374,-0.01652899942988617,,0.19018313104848006,,0.03636368508047805,0.09032389526294748,,0.08045966833799145,-0.012045693970710092,0.10884324324875116,0.0859372883350229,0.19230857155498882,0.20689663679633075,0.024389253420550094,0.5212767664030964,-0.044872151818268424,,0.05940609055165069,,0.20192326393268933,0.06382980420074902,,,0.09340686821217825,0.05454537400413151,,,,0.06250023295253349,0.2141196862157384,,0.07894729106216425,,0.3553716071809263,-0.07339487593402672,0.14851466689846937,0.053892324241564094,0.11428581644391844,0.046711819275054856,0.04715485466761704,0.05439983563337791,0.04005265945027081,0.07432399527788869
2006-03-31,-0.15862065028506556,-0.06989219391205914,-0.14753629562501713,-0.17463293912275457,-0.05084707935009247,-0.016503693351313742,-0.07199654619723905,,-0.15873015773118437,,-0.001856569048338419,,-0.1769230944659579,-0.16806781728008457,-0.09756082006963984,0.058439433126290075,-0.14754119732842208,-0.19298271056731187,-0.09629624825401806,0.005847702928221121,,-0.02512573903408677,-0.10489523045409843,-0.07954552101206658,-0.08715611928059375,-0.23333326847469205,-0.0904519843214111,,-0.1458332856032466,-0.07184470929743125,,0.022099546363502753,-0.09999981547037073,-0.054687190559779775,-0.1596635221425966,,-0.05154525988261249,,-0.10526329396901124,0.08284194236447662,,-0.11170227375016406,0.10366013162888876,-0.1288342751385254,-0.20143860960132054,0.16128784861296985,-0.040000120094583425,1.6904799659901704,-0.1258742694927193,-0.15436137083705437,,-0.10280347784296451,,-0.07200029685698772,-0.11333374685664499,,,-0.13065321539331054,-0.1839082218661673,,,,-0.03167413186496659,0.23430975907938212,,-0.193496393980097,,0.024390451142231262,-0.05742526591201258,-0.06896519186343053,-0.15909092610701492,-0.07692306099843627,-0.11222227242468863,-0.09399404663767175,-0.08730237033567512,-0.056862577991878216,-0.10691859009342541
2006-04-30,0.008196994033212057,0.023121587967540158,-0.017857183102351848,0.18128645426250056,-0.1285713034657303,0.0,-0.025873132100883822,,0.04717016631532145,,0.10156303295655467,,0.23364524133640452,0.1262633939861535,0.0,-0.07361751137939654,0.009615613363527453,-0.005434587279428915,-0.057377050962942655,0.21497468470894932,,-0.07590779365255551,-0.015624965175289995,0.1247192478421364,0.13567865341003382,-0.04347837562889045,0.23384115567848673,,0.00813018887948247,-0.01673610717762275,,0.09729733409447427,-0.018517678246893987,0.11965782912913814,0.10109981829144332,,-0.054346498983277036,,-0.04901954488937521,0.07103695106674635,,0.017964214072257567,0.4226524320967966,0.02816876151554837,-0.08921257561230622,-0.06944358638052517,0.07142873778301295,-0.15929181186588115,0.008000262130958502,-0.03174669269059627,,-0.03125006538798614,,0.0,0.210526771861399,,,-0.023121533877858313,-0.007041910197004508,,,,-0.01401878610724494,-0.016948982423639625,,0.04838758891788575,,0.05952343521388204,0.1869748949451755,-0.07407419482159605,0.11486510495479196,-0.1111111983280072,0.019011548236766984,0.020787234962472034,0.022583795008925378,0.03222816871285916,0.09361726918120494
2006-05-31,-0.021180905051014887,-0.0762934604582659,-0.15454554440817436,-0.16831679911271014,-0.19672151383990433,-0.18939390259708555,0.03540944777717092,,-0.10235972513261438,,-0.09219902077138808,,-0.24992052833570988,-0.4552598172889648,-0.07949202078857676,-0.2464048599317984,-0.14285749350047516,-0.2292209886416613,-0.10869561455703414,-0.024510223671170284,,-0.14880952498225342,-0.003936617514608498,-0.5054945152335912,-0.15877537719823354,0.19040871558659345,-0.37383191719398345,,-0.18064513783156,-0.2425533171589963,,0.01972765059867232,-0.1326748160556407,-0.00763364652830667,-0.12293585025915521,,0.04597751370257819,,-0.11729802897649766,-0.3903065162239253,,-0.22133497952234993,0.0,-0.17123263384041842,-0.23770487150824593,-0.20895706617767928,-0.2666668115798466,-0.031578894657732115,-0.11380156287415588,-0.13114815559565673,,-0.1994893965718193,-0.03030321795489377,-0.20689632715074824,-0.02484469013276458,,,-0.11982277798272334,-0.1631207044544709,,,,-0.06288910646321277,-0.11556217956835335,,-0.21538459139730193,,-0.06741546372614482,0.008412862375325458,-0.1420353068859932,-0.13578628515554048,-0.14583333596152126,-0.1169939270634972,-0.1318064296876702,-0.1309969716912982,-0.11049488521443529,-0.17532470452187632
2006-06-30,-0.19666698817750228,0.006250042775422404,-0.007946051448798896,-0.29761900680965603,-0.24489832205658024,-0.17383214864381735,-0.1581302230201519,,-0.1332661834592287,,-0.1718744060779357,,-0.12322285051986848,-0.12863110900772234,-0.056122426349540455,-0.19272512354637028,-0.21777745123779413,-0.1567165928496399,-0.1365853645909606,-0.07537689197855979,,-0.17482509928965728,-0.14876037519528595,-0.238888980988479,-0.32065200478376255,-0.18897629862479226,-0.18656724180854034,,0.1318894345902506,-0.1292138797641832,,0.048544602318133956,0.13433018065628,-0.1923074839438721,-0.17154834712296896,,-0.1428605144196854,,-0.239234350938763,-0.347279238933611,,-0.07722045403553013,-0.029127426152855018,-0.21652903969256876,-0.07526882764739651,-0.03773461588489657,-0.09090905241384661,-0.19565312938764245,-0.10648148967204585,-0.04716968047374814,,-0.1265305364250754,-0.2875003571134478,-0.07826149531852067,-0.29936344306339413,,,0.19429363395531207,-0.06779700911632047,,,,0.005181258553656365,0.012711873935823403,,-0.2132359321596492,,-0.17123271001764784,0.0,-0.22380937936596568,-0.1029409491511527,-0.1658536135087365,-0.10136520482974443,-0.06640748074686964,-0.07025301852495214,-0.06411759764940228,-0.055118124789243605
2006-07-31,0.15145269567438602,0.01242254476275062,-0.03973532791110723,0.23728799666472344,0.20270325538277745,0.22172051986125507,-0.040607616846993655,,0.01530598190267285,,-0.13962197047273617,,0.048648374816717244,0.09047712323314028,0.005405370234514706,0.19368934919852543,-0.01704589788694455,0.061946653723539136,-0.03389833684338506,0.010869817120274572,,0.1355932615425237,-0.0533978638095115,-0.021897704943799723,0.23200067753695341,-0.14174774037943594,0.08256894289505068,,0.06956538369774079,0.10967787405814922,,0.06481443567800316,0.006579215822762441,-0.02857131396440893,0.09595941016727383,,-0.04486902861000752,,0.1132075661416494,-0.012826040102630665,,0.12133891035097544,-0.11599859714924743,0.09704675767857429,-0.023255725753383416,0.0,0.025000011644810805,-0.12162161003860472,0.21243547527395878,0.08910964092491946,,0.12149527824690698,0.21710586212963934,0.10849131024411895,-0.04545381077161448,,,-0.05555580788654191,-0.05454537170290652,,,,0.04123684531870664,-0.04184088711344092,,0.0794385485045721,,0.033057579994941966,0.06603789614656241,0.11656428601969693,0.03278659047947263,0.12280699580003418,0.012600306768622893,0.017802938697489168,0.017335476693114416,0.01440815129474693,-0.0041667726192455845
2006-08-31,0.2702704421830431,-0.02454003973757124,0.0965517180920481,0.06849321580371015,-0.08988829980056712,-0.027777459541327265,0.3862512260897244,,-0.030150661966112935,,0.04824383822410239,,0.0876292761534152,0.0742355880042751,0.01612919752826758,-0.07169508740454333,-0.0057800386648292346,-0.058333112596883785,0.0,0.1397843299498578,,0.07462657688077523,0.08717921593103628,0.02985080016665531,0.10389509040157141,0.19909509507150358,0.0254237673689528,,-0.008130188879482136,0.04069741134970539,,0.034782918036441623,-0.07843299286011463,0.03921509562705139,-0.018432979272141603,,0.17449609639682073,,-0.02824861691356706,0.23376753701961173,,-0.01492516327959903,0.004523927320003729,0.038461185318090285,0.10119045663372384,0.0,0.1382114752168888,0.0,0.05982890629235782,-0.04545429529969747,,0.14583334216147703,-0.08108092133420253,-0.059574896864640126,-0.10476275442354532,,,0.0,-0.028846157707696718,,,,-0.019801960622511716,-0.00873370710496213,,0.11688334580755422,,0.0720001501871601,-0.061947043707612615,0.0274723589215371,0.055555752021887894,0.015625076381710734,0.055851898779078146,0.03579563658299545,0.03376971648069227,0.007218374933616545,0.18828461251985829
2006-09-30,-0.03546117007671723,-0.06289269829437638,-0.01886783779405654,-0.06410262114036003,0.3086436733004396,0.06666652383227545,-0.015266395863861026,,0.046632071204149916,,-0.01673550759440956,,0.09004716441108673,-0.020325386949736624,0.010582028835053325,-0.028457528149926747,-0.017441995494344553,-0.01769913847307869,0.06432750897176587,0.0660382268862103,,0.04861128084204802,-0.03773557570781638,0.06521721343869769,0.023529742370230755,0.07547163361857634,0.18181837287387825,,-0.024590131425117234,0.2737437097934561,,-0.06722709241330194,-0.0354605023586092,0.025932789519589106,0.08450721389534843,,-0.07428537088309917,,0.11046495550630353,-0.05262712022160554,,0.015151298889421572,0.04954768242812313,-0.08888910848588683,-0.06486488539100099,-0.01960914052269136,0.08571423780421106,-0.07692175393008782,0.024193607205743595,-0.02857093438810354,,-0.027272761733130646,-0.0470589475826414,0.09954822067091684,0.05957533402406234,,,0.14705923018404254,0.17821763958367542,,,,0.03030326514510362,-0.10572686847016532,,0.06976761076118865,,0.04477611199544085,-0.12452853720037249,0.06951874229428023,0.007518687190003703,-0.08717957038573243,-0.006166624450121949,-0.011721705681534855,-0.009681956106752265,-0.026738378445297806,-0.07746510769116821
2006-10-31,0.04411759558975703,0.0671136572940001,0.057692444804421594,0.06164378296721296,0.018866572168506845,0.0714286431646034,0.19380099251075533,,0.014851261084898981,,0.034043445875699296,,0.04347874259244566,0.09543641825931903,-0.01047122206126283,0.06276015348896236,0.10650917029559248,0.045044768851857375,-0.010989094293368251,0.1327428582446839,,0.17880804137726525,0.14705844680850122,0.14285741717476585,0.011493693186590548,0.03508769141806245,0.0,,0.05042009972903916,0.017543544292492053,,0.09909906495084253,0.22058950835714075,0.050000279361673616,0.1580087552983993,,0.04938320947569941,,0.07329847643057552,0.1611084874180262,,0.08955211969923194,0.2017197054003954,0.1280488303782552,0.10404610395177905,0.06000004431166861,0.08552647401051172,0.08333178065628677,0.07874007692526797,0.08823344045612758,,0.1401868128463153,0.008230659863607492,0.16255115281132992,0.10441696625416919,,,0.006410186701961251,0.08403454471844762,,,,0.17156859563009275,0.1477833542633098,,0.1304352083449205,,0.085714340004027,0.03017257162885678,0.025000037470360947,0.11940313014936588,0.08988768440630457,0.10558047355135236,0.10289069617102364,0.09904965392334408,0.08406265107966915,0.053435866102368834
2006-11-30,-0.03521122826274958,0.06289290085648314,0.006060576879094226,0.006451724153042626,-0.06018387872281561,-0.10000023433768901,-0.04784889412534499,,-0.11219482945285364,,-0.03292264557304847,,0.02083307190603545,-0.11363644232961223,-0.15343928542269336,-0.023619345061242192,-0.026738007396783448,-0.0431031953792238,-0.033333294026014815,0.07812559016665199,,-0.07865144512063471,0.08547025374463657,0.04761900761440385,-0.017045059580864885,-0.10169483718812056,-0.09090934238406945,,-0.15788772190542533,0.05172402437827128,,0.0655731028862121,0.03614444489340962,0.09523811827347783,-0.09158895378276533,,0.02941089880038872,,-0.024390272434687277,-0.019141011266595398,,-0.04109531708419534,0.13392753872917806,-0.09549552178534138,-0.01047119153401721,-0.056603813022131244,-0.08484859817845725,-0.0461537598308992,0.2627738081402107,-0.0630633461662854,,-0.08196729920873891,-0.0040817894375247965,-0.06194688484205946,-0.027272069252362918,,,-0.13375820888333156,-0.04651160155354883,,,,0.05020923225219742,0.1695279240426555,,-0.10256389822758594,,-0.0328948133280379,0.00418414818143531,-0.06829265484077751,-0.12666664229275626,-0.04123713190468292,-0.06743981467193827,-0.07165307115971442,-0.05947907558894283,-0.013237850128682394,-0.07971044381939763
2006-12-31,-0.05839391923920079,0.03550291967526964,0.03614450104620737,0.0897434234844825,0.049260640983255444,-0.009259673930998025,0.005522056061783687,,-0.016483562666976814,,-0.008511718416593816,,-0.008163199344220828,0.008545973514261451,0.04374992555093882,-0.020158911139420255,0.09890114780739823,0.0,-0.05172407483367669,0.08695695483519827,,0.09756037341987889,-0.015748005916736862,0.2159088891294625,0.05202343450826574,-0.0792452366633517,-0.12307675700206433,,-0.13565913784257655,0.11680349575806215,,0.1615394573750173,0.046510428806590065,-0.008695874933458358,-0.03703694831963855,,0.005713412726914502,,-0.06499999800155387,-0.009753698186569681,,0.03571405708964992,0.15748022182964982,0.09561769445181856,0.015873155786126025,0.04000295524743014,0.211920267988446,0.0,-0.12138742496381827,-0.019228802272190593,,-0.008928191187728918,-0.00409840852904475,-0.05660413940707132,-0.11028114120464438,,,0.05147102362095857,-0.00813095367756278,,,,-0.023904394814984964,-0.009174447129145835,,-0.07857213087243142,,-0.0680271159168736,0.008333243222735653,-0.01047119956644249,0.015267126305577028,-0.010752632162378317,0.02177827032755375,0.01742245420924471,0.024863380375834687,0.025466833022681934,-0.03149621652651968
2007-01-31,-0.054263858120806696,0.051428655036305004,0.04651168591293153,0.14117665248974332,-0.04225347644199362,0.08411279795816484,0.005501100590298957,,-0.016759422103732158,,0.18025793954329083,,0.016460597908516172,0.033898233082213736,0.06586834200253433,0.19341509942509005,0.024999852729800542,0.009008908851039887,0.06666660770569499,0.10666563843533683,,-0.005555566452388749,-0.05600009094853087,-0.009345529353406046,0.005494008502538783,0.33196716794588044,0.245614049581929,,0.07174890494009811,-0.05504596867506251,,-0.013245591798279888,0.1888892639557953,0.14912265068319952,0.1431625001840413,,0.07386350301326039,,0.12834242810438123,-0.09359850407965586,,0.04137899840101178,0.006803923387909139,0.08181827311475698,-0.020833409560221394,0.23076874544993498,0.0,0.06451736658287532,-0.07236832567225648,0.019605798290915022,,0.04504475862374169,0.19341580406641046,0.10000065798564273,0.06092455971879174,,,0.11188803192798913,0.21311512871685068,,,,0.10204071302139073,0.1018520563053007,,0.17829571913677977,,0.08029197535864108,0.03305786335964611,0.05820098267501472,0.06988649122375978,-0.04891311502061124,0.04518560824784923,0.06174486494491305,0.052792200689751434,0.05076267027095693,0.10569099252350789
2007-02-28,-0.1557378578876304,-0.02173884314069907,0.022222204567406756,-0.08762869216554647,-0.009804783583501453,-0.01724195442690779,-0.07650069500642298,,-0.034091607466923524,,-0.07272593727605314,,0.05263201873510104,0.012296506895825399,0.06179791585598937,-0.0344833574529666,-0.10243927976959766,0.053571172193888295,-0.08522724317635799,-0.03011966679018685,,0.005586603197696771,-0.025423786427568484,-0.03773581496222467,0.03825147248740257,0.09230769900759683,-0.0633804362958581,,-0.05020899645612742,0.07767019580923895,,0.08053669057633717,0.09345790715558988,-0.0992364081375482,-0.028037271602927016,,-0.03703463349444158,,-0.09478689115434136,-0.010867017416379743,,-0.033112657819592495,-0.18243254764158512,0.025210136260120475,0.010638284242894924,0.09375003952822825,-0.03825124694944093,-0.015152749211918781,-0.042552933923748704,0.19230945848368797,,-0.025862104488039606,-0.06896576022934997,0.0,0.26732696414146373,,,-0.10691836309311675,0.006756427357893724,,,,-0.046296331617922015,-0.04201688867513054,,-0.07236905271318017,,0.07432432822801016,0.10000016857614646,0.2100002023399492,-0.06593404211089715,-0.017142854671287733,0.006890363604958649,0.009940063849328551,0.006031727258863251,0.03034339384126805,0.11029409670753099
2007-03-31,0.029126186672483234,0.01111064788165872,0.033149209915808164,-0.01694952301831054,0.18316952722791813,0.24102658723189285,0.22484697544674304,,-0.005882195385819022,,0.20588120782466834,,0.2058623836431026,0.1821846490317005,0.0,-0.026784878879991147,0.03804385072117933,0.15254284197947787,0.17391304347826098,0.012421827762318038,,0.0,-0.04347809622324972,0.09803917305157173,0.06315842683852257,-0.11267603724575936,-0.03759383108711856,,0.02202631559574386,0.171171152627154,,0.15528002873515256,0.14529933289148889,0.03389799319136766,0.21153834168860586,,0.02197825149215049,,0.07853419648542692,0.005496793006199541,,0.08219202926351543,0.04958575582405822,0.0409836637947274,0.0,0.1285712042311209,0.01704558988029503,0.1384615234488522,0.2222217609297843,0.14516025416743283,,0.0,0.14814811126399952,-0.02727330395809513,-0.04687506862696034,,0.14851501067026285,-0.007041962102845689,-0.06040270290630756,,,,0.029126416480834028,0.12280696962737192,,0.0,,-0.02515732627962819,0.136363643696221,0.024793220157378615,0.01764703050708527,0.02906979251554076,0.046072546347282195,0.04813140982767061,0.053826823407536084,0.06693527447682057,-0.033112266224407993
2007-04-30,0.04717014316103829,0.021978266032287364,0.06521742037715583,0.03370139817113271,0.07740564377830106,-0.05109483189732966,-0.10144669577321741,,-0.04142017379551155,,-0.06505330814226151,,-0.1370968261986394,-0.04167938636827029,0.042327849969053366,-0.0935794817762775,0.13612538246401162,0.0808831899692497,-0.05820107825581089,-0.0061345948350531865,,-0.12609916695618195,-0.03636378411559582,-0.12053595458145039,-0.08910932861854814,-0.15079360514854845,-0.015625169005811346,,0.09482749206209062,-0.14615383263426984,,0.04838710764195464,0.08955313439897394,0.0035278262578353203,0.047056210090673734,,-0.021505596092735613,,-0.11165065560023424,-0.09290097043205603,,-0.0632909507652325,0.0,0.055118169440145026,-0.11578937972006842,0.025315733400124385,-0.10614526814371672,0.02702754826279019,0.018182018901289343,0.04929577941337482,,0.05309760000057584,-0.1048386110487809,-0.046728823673210296,0.15573827054734402,,-0.025862192500102354,0.11637928160353872,0.13571495110080334,,,,0.1320755195898169,-0.03906236006153807,,0.0,,-0.01290299921315774,-0.1039999670655497,0.09879037969638294,0.0924856848708504,-0.0338982992862733,0.04985320946844407,0.041134419863801286,0.030310776146687868,-0.006551037026630291,0.020547822424872297
2007-05-31,0.12466671159706788,0.18117125588596306,-0.06122451541776763,0.036144738555389466,0.16504906054976343,0.09230793980061969,0.08965266422367102,,0.04320993689123975,,0.3018876858840476,,0.0,0.05035816040705243,0.18969733271302736,0.16694753606738955,0.21881609823264703,0.1095011058328037,0.32022461944955927,-0.0027367094973343997,,0.08724780669530352,0.13698198859553767,0.0050836742424200665,0.09581538366898679,0.014812493809476912,-0.022169275210221384,,0.12598397372738024,0.09008989074190499,,0.14988735258466535,0.018894003812997884,0.08547001455166248,0.09923656184675167,,0.8243520741952224,,0.08196746136154998,0.1501168248872493,,0.04054023274590057,0.03149538201839985,0.07462668214851109,0.0892853526635855,0.16049446357506625,0.18545906076131335,0.09210621030367894,0.4102513768942888,0.20134324015186822,,0.04148342825067619,0.072072436085451,0.07109325865863814,0.3120561338566765,,0.09734521325995438,0.13815800322560512,0.05031488999536382,,,,0.06367340464053628,0.170528076136929,,-0.24822630057341832,,0.036347887664684775,0.20164206442998056,0.045903458479748194,0.0409807368786812,0.02339177921433855,-0.0065883336189694885,0.029477943781734517,0.046616034538446316,0.08116396719752283,0.0
2007-06-30,0.008064640660930822,-0.027777411281517228,-0.021739112264277383,-0.07558163950449959,0.12499946903987613,0.007041618805264438,-0.010250720326081209,,-0.02958585363874433,,-0.01449336496450726,,-0.046728630751391,-0.33219098545061443,-0.03571424495246356,-0.0982153139219244,0.03846163751176723,0.01898731758616834,0.017021407276121003,0.08917203056161171,,-0.06790098966595737,-0.06306308704971819,-0.010100851699937463,-0.03260878269333911,-0.019417502050333324,-0.008196951268314767,,-0.09090857685696196,0.0,,-0.013422942581067132,-0.06508890252073551,-0.04724386727144325,-0.00694455955262252,,0.109376892552151,-0.02906966999804761,-0.09595972101964079,-0.01587300838122996,,-0.3149349273050317,-0.05954109444280553,-0.28472227278732043,-0.016393151338810696,-0.053190659975933086,0.12299465618854954,-0.03614450925913015,0.0,0.0,,0.040983360382483625,0.043697345925542086,0.0,-0.03783719844187705,,-0.0725808407570463,-0.01734066128383638,0.0898200492793666,,,,-0.01599990777885374,0.08695657730019102,,-0.05188825566388311,,0.17647077151448243,-0.0241937025662311,0.008928651250210029,-0.08839769690344346,-0.11428572664356118,-0.005635966491756461,-0.0012481136108980495,0.00025914621498746016,-0.006161775465150399,-0.033557191826598554
2007-07-31,0.08000053204710755,-0.00952378080248073,0.23611135794283578,0.22641526576724846,0.30370367065027826,0.2867148186303541,-0.010366436800525625,,0.09408649498217425,0.10323964214418879,-0.05882419098133973,,0.1666665169537982,0.19999984977248042,0.0,0.1386141539839345,0.05555545874170531,0.20496876287952293,0.1882843859827914,0.017543930507494476,,0.033112649699925445,0.08653839517945716,0.19387756571588222,0.12359581820161658,0.07920792395072862,0.18181831494807232,,0.09230717397208865,-0.08264446033949613,,0.09523793337205166,0.20253232120396492,0.04958652655023443,0.25174825908167975,,0.07042056721911627,0.059880032788736104,0.12290511109500124,-0.016129144421443753,,0.06635014908979886,0.02597478348901161,0.15533989759862488,0.2277777517589996,0.3033701948242631,-0.00476189576480357,0.09999881071545369,0.02262424317303302,0.1620109668526113,,0.3795276645724779,-0.04444419619816009,0.10377390757361593,0.28089877082942016,0.05839315956864022,0.09565226618433331,0.08235257922859684,0.04945053053687998,,,,0.02439020145056836,0.3400000868188542,,0.10447787550173526,,0.03749979118511915,0.05785130220372636,-0.044247853917514735,0.26060590703300557,0.058064606234583316,0.19134135057699608,0.13545278350631795,0.12169782722212141,0.06763542095896757,0.3472227134981489
2007-08-31,0.0666664876678158,-0.09134637049089689,-0.08426970369520959,0.020512701162692215,0.005682066009872866,-0.06521781083130906,-0.14659367061140682,,-0.08938573094178315,-0.08990799984888698,-0.06249871657720518,,-0.05042009630699529,-0.05128373813186793,-0.1620370301874856,-0.121739356127739,-0.17894721268544955,-0.06701006960202438,0.20422542185178094,0.09770115422781633,,-0.025641022205542763,0.053097556744958085,-0.04273496835483925,-0.05999999696199465,-0.04587152437690545,-0.02097895986614784,,-0.11971817685629405,-0.11711732110130646,,-0.10558984547441796,0.06315734626495217,-0.023621838084308844,-0.06703896807661214,,0.02631705629558656,-0.028248495554341613,-0.1492537610224408,0.00545964492383022,,-0.0933334069613011,-0.17088618004514122,-0.008403247636193267,-0.054298661848991236,-0.008619449687504943,0.019138508710424995,-0.14772668914176634,-0.13274347496054006,-0.057692343229005405,,-0.041095851273245665,-0.03100808423078827,-0.0683763038599543,0.1093241659913069,-0.137930443125601,-0.11111100096001758,0.03260883905826861,-0.06806320331874716,,,,-0.05555539581245961,-0.05472651489070812,,-0.12162201534948636,,-0.018072339429117346,-0.07812507983090666,-0.009259205606855447,-0.10096144617202518,-0.10975607392135711,-0.06079554142437571,-0.0469589537061883,-0.04971711605578699,-0.0392121804406913,-0.041237427733382015
2007-09-30,-0.06249984267676478,0.06310628942661389,0.14110421807009366,-0.07035187132946596,0.07344610976464239,-0.011628250857686484,-0.006142404694211123,,0.055214711762688884,0.07862864622872334,0.058331645695093304,,0.09734486398733089,0.027027997088240108,0.08839768470483711,0.1386141539839345,0.0790596345618364,0.049723422589414534,0.23391804517682968,0.03664942340935373,,-0.013157824172641774,0.025210002044473656,-0.10714286035749199,0.09042517691936891,-0.11923088799547987,0.16428560294352956,,0.04799979989751213,0.061224251894118176,,0.05555540867712261,0.14851541408544588,0.03225793508426111,0.10179614505322832,,-0.012820237438662785,0.1395347783762677,0.11695896181152565,0.054350289662167706,,0.0343143544162523,0.06870230233058372,0.07627117702781394,-0.023923461977754856,0.19130274920995105,-0.009389655814038167,0.1333325933337668,0.03061212922121115,0.010204398801761938,,0.10714263155228876,0.055999894503402814,0.10091766867961072,0.008367997161989438,0.2159998213419263,-0.017857257755461875,0.07368400496152483,0.0505616824086661,,,,0.016806898870900033,-0.047368328236414015,,0.09743704361698313,,-0.018404660156898345,0.09322044231145199,0.0,0.09090894712497177,0.15068486048807928,0.09919642322649103,0.0844135830482644,0.07660774308939322,0.07180381760438737,0.04838738682291366
2007-10-31,-0.03703741103222069,0.14285715411398803,0.12903240103051328,-0.07567543755028272,0.14736858278762455,0.011765057902329845,-0.024689395200692243,,0.02906976137294337,0.01869166566049074,0.007874243161427597,,-0.056451586900680306,-0.04824471971753008,-0.1015228125836698,0.008697055655277453,0.09901004716907447,0.18947431374633905,0.16587679215001905,-0.025252834477007213,,0.033333117351409536,-0.040983793772905175,0.0,-0.03902459844040629,-0.061135273894098785,0.0490797658336839,,-0.030534161099627366,-0.02307690448749744,,0.18421037801330664,-0.02586229169713039,0.10369486016133722,0.1521742245769282,,0.1493505080601527,0.0,0.07853419648542692,-0.07216259069502873,,-0.08530896180812542,-0.05714438070975447,-0.023622093678545175,-0.049019545143408005,-0.029195993374165563,-0.028435971426547746,0.2117659075136744,0.019802338950265952,-0.02525247721182544,,0.00645189486735509,-0.09090886546917021,-0.03602646402069387,0.024896546357790372,0.06578912481848564,-0.02727286226908876,0.09803926500833082,-0.10695114308291764,,,,0.008264309838431183,0.16022095638042133,,-0.07476722302901828,,0.018749742801183356,0.00775207258359667,-0.0186916858868148,0.07843155733043217,0.041666629121126286,0.10786186776556805,0.07023762353316187,0.06608474395381814,0.004517231535548172,0.16923095441868052
2007-11-30,-0.0461540634323786,-0.1041668347278446,-0.17619044159529307,-0.09941524196434892,-0.05504599506616992,-0.15697701700807887,-0.12658292275483207,,0.09039576619707246,-0.027522974804209177,0.007812839889511203,,-0.11965784766758847,-0.06451659063518511,-0.0847457122191958,-0.09482853077033038,-0.09909912788703368,0.044247575775030024,-0.12195112875578284,0.020725630129954098,,-0.038709407722827494,-0.05982882157273273,0.08999987701064915,-0.08121764551532729,-0.09767462772125501,-0.07017545390556823,,-0.09842501595188535,0.04330748192982292,,0.06666690460979119,-0.11946895413656333,-0.07407392772975319,-0.04245300035651167,,-0.11864420531234166,0.02040809674240518,-0.0922331334068125,-0.03333331887886837,,-0.05699374415661673,-0.04545591618222655,-0.02419344609932972,0.010309264484473557,0.015037017345880255,0.02926824232912395,0.09708680692322225,-0.06310693667457423,-0.05181317122565465,,-0.14743593583047865,-0.058333604491865976,-0.1007746075299818,-0.08502010315908015,-0.0493820233838147,0.028037525849960776,0.14285733166208225,-0.04191672327224616,,,,-0.0491800999449129,-0.047619238335072755,,-0.025251789932916102,,0.024539813505736197,-0.05384620124964512,-0.05523826846253421,-0.1227274224424808,-0.09142852941189195,-0.07434451791677699,-0.062492938625150485,-0.05904463550030059,-0.06677065036814989,-0.04824569350514152
2007-12-31,-0.09677409925262848,0.07751972469777213,0.0057800648108603525,-0.07792224572105111,0.019417871745170734,-0.048275727890745745,-0.014485161157361981,,-0.046631916607299706,0.17924490184604758,0.11628017541872371,,-0.04466056522875861,-0.014780169839587076,0.006172782883214323,0.009520354590215607,0.05000028592853045,0.2033899623303408,-0.14351855861061424,0.06598960933904774,,0.03355668686932156,-0.07272729366277808,0.23853212960737258,-0.04419927801227186,0.025773583276101686,0.10062883711763737,,-0.03056827769073145,-0.018868314954815224,,0.0677086838191403,0.03517551990818757,-0.03200021003028186,0.034482779848431955,,0.12820556817379836,0.21999999844174156,-0.03208542891145438,0.08620692196427937,,-0.05494594041980572,0.03968570078032374,0.04958671675391568,-0.0714284763370342,0.02222223484659125,0.08530822768584412,0.026548635310980284,0.04145102728728789,-0.06010990939390415,,-0.030075240792049707,0.04424774000196785,0.017241057942944726,0.15044242587146806,0.06493500387221252,-0.02727286226908876,0.0,0.07499979769381393,0.06611578664529683,,,0.06034441515055278,-0.009999770743911562,,0.0,,-0.08982022896487196,0.11382117765562416,-0.036290046359947925,0.0725388655173902,-0.08805032943550672,0.02341427959286846,0.02442664591733057,0.02442734134758595,0.03317492373830899,-0.050691548307784884
2008-01-31,-0.12499994723318253,-0.16546776618654935,-0.2068963444694697,-0.1760562853093245,-0.04761919122237068,-0.2826090542664489,-0.30515345299968855,,-0.2663048001830556,-0.19199996479411163,0.006942984225093429,,-0.22764204793871123,-0.3199999707055641,-0.19631909117448054,-0.2452810309209913,-0.2380955696635807,0.39436660800658285,-0.06486485594965552,-0.08095239290430867,,-0.0974026040125281,-0.13725499631041227,-0.1481481177250895,-0.2080924403784723,-0.2763819790470635,-0.27999992965456555,,-0.27927869354826185,-0.22692276597268513,,-0.1853663550232495,-0.28155392399534485,0.0,-0.2857141666974127,,0.19318158984630895,-0.26229513850171915,-0.12154695766592105,-0.174603269186974,-0.20408137173526408,-0.15697604605342153,-0.2251906760129141,-0.2692914846190244,-0.36813194690591455,-0.2753629658693123,-0.18777287112036545,-0.2758620336122093,-0.07960233296982144,-0.2267436312742548,,-0.22480622060084143,-0.18644039669815815,-0.288135304116209,-0.28461571074510184,-0.15853498140527977,-0.2336447616209094,-0.19531255721919583,-0.1744185008844713,0.0,,,-0.13008134217636935,-0.13131310501546045,,-0.29015503435255374,,-0.22368425426162042,-0.14598529344549072,-0.18410049606675294,-0.28985505552134005,-0.3413793031446555,-0.24877471716669863,-0.24160019764852314,-0.23120160486823516,-0.18625147257290642,-0.2330097878352818
2008-02-29,0.0,0.18103447316654364,-0.057971307805008365,-0.025641083882462667,0.05000015832268767,0.20202070323579635,0.005288134183561555,,0.0814812100737381,-0.009900955432745717,-0.020688714378047424,,-0.052631573179030444,0.1691190344898892,0.045801479231371456,0.045001402209190244,0.06000039269937507,0.2020197430720827,0.03468203748573395,0.12953351676132363,,-0.03597092498533139,0.005681760595541263,0.0434780969803088,0.04379540516021918,0.006249978439830661,0.0714286613059365,,-0.025000334812375735,0.11940340922411852,,0.1437130257554926,0.18919058367017816,-0.01652889393839929,-0.03333330000861445,,0.4095241426966221,-0.13333309093754875,-0.08805044094432901,0.16666405771487458,-0.04273579313929765,-0.13103492306441045,0.14285512383806753,0.0,0.13913033992613633,0.21000192329274547,0.04838712353456209,0.023809962038204624,-0.06486455831306037,0.07518765050820297,,0.120000053392608,0.1249998401666601,0.13690423811128705,0.03763464546036732,-0.15942306242486792,-0.06707299567977842,0.18446614406063944,0.028168596710083982,0.015503646116366232,,,0.06542060389919047,0.2093024411334592,,-0.014600857445128068,,0.17796632525641676,0.11111098689940713,-0.030769336775777312,-0.020408170730982222,0.06282721351185194,-0.02171621543741542,0.03844309574290916,0.048698255945432756,0.09058058234620248,-0.1265818083525082
2008-03-31,-0.06122454066538374,-0.15328466465602908,-0.10224974403752729,-0.04385955212096149,-0.17619043380998323,-0.1899165441896944,0.0,,-0.06164360103817612,-0.05993637007672603,0.021125779598167416,,-0.09354341515851983,-0.15579710845846328,-0.23357664403842893,-0.095695247503496,0.042452558802023255,-0.016806361129551473,-0.15642458928636405,-0.03669709702425683,,-0.10447782146723528,0.0,-0.12499971646915975,-0.06992949275488558,-0.10798675380226841,-0.2222221147610156,,-0.1410257639642456,-0.19555604918683067,,-0.1465966482918991,0.06818141263509503,-0.1260504668443777,-0.16551729427883255,,0.6722972179089468,-0.05769251131085673,-0.29310356867373455,-0.03846416352141813,-0.11428507065840243,-0.19047630594326215,0.08620528347966538,-0.1896550854473138,-0.1793891313955629,-0.16529007801909268,0.005128082232893405,-0.2674417822085958,-0.18497128525452133,-0.09091006220594333,,-0.25000014897490364,-0.10648153410151862,-0.14659730965476114,-0.3316061448813815,-0.23793037373709292,-0.0784313700862328,-0.12295109415721506,-0.16438348130865188,-0.015266952684667823,,,-0.2666666522209995,-0.17788471289878738,,-0.10370292567756767,,0.007194107109734116,-0.09999989938850862,-0.29629603479714717,-0.15277777259112013,-0.18719218508534274,-0.147508605546662,-0.12570240090600726,-0.12867130207654254,-0.07602417454484545,-0.06521775182339717
2008-04-30,0.11956525183769551,-0.008620880758862137,0.16964322141563382,0.08002877738139813,0.17919026477047928,0.5732902011341976,0.13684542824193313,,0.17518253579930887,-0.013099996438855399,0.0689666826398061,,0.18239075744364563,0.13385824451745898,0.09523800103298075,0.19576647293124028,0.1040723240853243,0.17948696777432338,0.3973509555587791,0.08571446128398241,,0.04477645866209623,0.1299436840812802,0.06666655785486642,0.3184232024977427,0.3306449853801927,0.0,,0.12686491809768086,0.06077394749672993,,0.07361941427925056,0.09574461409569568,0.21210872728720243,0.11570242897961713,,0.24242438834964974,-0.01360550491392054,0.09268327428871381,0.051428744741434995,0.23252966198431047,0.11764634816155772,0.0714288013437947,0.14361696830145698,0.07906941963498015,0.1881193080817698,0.040816140621105834,0.14285680126368727,0.10638303430503826,0.04615479228351416,,0.11428592143181193,0.010362960760782913,0.18404958920111847,0.17054218074997807,0.04072647635901805,0.2624111454967428,-0.037382977602953726,0.14754094011152663,0.20930197369361214,,,0.1531103112808081,0.023391746989046114,,0.21487524486043408,,-0.007142721605449376,0.16239300772570386,0.09022536672943371,0.04918034593364218,0.3393940305855492,0.13407192062280338,0.12032224877154762,0.11412673379901173,0.11749387188850235,0.07751962598184492
2008-05-31,-0.0015309084221306613,0.10870861558084854,-0.16030540061816323,-0.06923061249958606,0.07843137997218341,-0.15789444579063117,0.013898137965178137,,-0.021551277107348166,-0.11504431150344008,0.28993331015458246,,0.09042525058518991,0.013890873821876148,-0.062494676681984385,0.03733036101821119,-0.1516392238929244,0.2253164762984481,0.04265410412209736,0.19273755285845606,,0.04464321215466094,0.051928939201918656,0.21539734138140654,-0.15573746207914585,-0.1151514158018545,-0.17103021388735673,,-0.05297965369240365,0.034371559911763994,,0.05625836752178204,0.09749055074559743,-0.042016623515683804,-0.16296288616525123,,0.32510308042929426,0.26296592066916147,-0.0892858672280078,-0.047929519700638745,-0.13162384931782034,-0.061828925746971186,0.028431873580434308,-0.19534888910660453,-0.05172399324105037,-0.008333975992525167,0.029916542756372122,-0.09722321788129562,0.05268374072953308,0.06617702544014725,,0.00670402354608246,0.02766928939273461,-0.09844549203254782,-0.24176310528707656,-0.1652208154932009,0.15730342658678942,-0.048598413250296124,-0.06428566047943862,0.14951655045163803,,,0.05411362309709822,-0.12761263719802052,,-0.11564568069285974,,-0.105675356375456,0.18583142154927224,-0.11110352307265803,-0.16454312135585925,-0.04524890721231989,-0.138558193007565,-0.1073481894969972,-0.08048421352231605,-0.054571668502467086,0.06474806294329283
2008-06-30,0.058823736738211396,-0.13934460568896323,-0.2218182386104619,-0.21487614612887396,0.009090883560133767,-0.27142943279416687,-0.15526536462442864,,-0.14649719858631727,-0.12000061258351835,-0.25654465505106816,,-0.14633022709769894,-0.390412075196894,-0.18446635468143835,-0.10222239975497671,-0.3526572005843762,-0.036363692196023645,-0.3249518767901104,0.0018662113029994654,,-0.14529926192227682,-0.08247431162706054,-0.19117668296014434,-0.1300969086641971,0.13698609351142266,-0.2836537879452665,,0.06992973250098022,-0.005235388641555705,,0.028985391579932296,0.4132579741587812,-0.20175450473223877,-0.15187965235093526,,0.22981364613076782,-0.2013421288309235,-0.28921593310298976,-0.16470892866906695,-0.21653592376018382,-0.1274509234452883,0.03704001029983117,-0.03468196675314361,-0.16818201392168297,-0.04201613576579999,-0.009803760082177426,-0.13846140147077501,-0.20394745981589602,-0.3034492484279817,,-0.06666647778830304,-0.2287233856368196,-0.24137974580216337,0.053333520475411955,0.15104362925753323,-0.26213589606481735,-0.24210528488827243,-0.22137439687727212,0.050561691510890405,,,-0.24472577292855957,-0.3414965178228222,,-0.323077543549929,-0.07964605477777076,-0.16513771511215958,-0.09677420662928016,0.036144684985678355,-0.240384545878492,-0.08530804667121394,-0.18991991774414818,-0.12970997773801307,-0.1220953839646276,-0.05637587214477058,-0.2398651627727576
2008-07-31,0.0740738140999666,0.24761930957308542,0.5186915491445305,0.24736855028875704,-0.01801789829523548,0.28676657103563064,0.09190185776826953,,0.04292563551915296,0.005681520304569032,0.1549291018771901,,0.06938757146630659,0.2808982666751483,0.004762321875205089,-0.05742574443399506,0.09701497526113867,-0.18238996833497456,0.07246385614976725,-0.022346749966628443,,0.07000003827755852,-0.011235830952596393,0.03636368630682596,0.2611595413525669,0.0,0.36912764426566325,,0.07843205821668753,0.04210577826396422,,-0.04929602132295974,-0.1442308891689399,0.08791191738453508,0.41843932512625526,,-0.2626261948856171,0.2857138291075214,0.4413798527691266,-0.09858900774692791,0.22613134484185138,0.2696632953384568,0.0499996557201674,0.3532935163951092,0.038251600466100655,0.05263152386876113,0.004950253769242741,0.10714278129553167,0.06611578661012985,0.04950480637224142,,0.4451664929766037,0.13103423497835043,0.2196974065377031,0.13399585317581808,0.022625137616755664,0.01973687454414641,0.22916677323977486,0.1764721478541298,-0.16577546487076245,,,0.17877116069657406,-0.028925742225226814,,0.23863704067687297,0.043269412954535014,0.09890128872637272,0.11607146464816531,0.12403107773126432,0.4873415783716941,-0.09326423651236593,0.3895259276360512,0.25070583049270123,0.2026618215619913,0.07282175800183244,0.19111154972958033
2008-08-31,-0.03448281437792622,-0.03816779278380944,-0.03076926849679673,0.0,0.0,-0.019048330340747266,0.014843504471371505,,-0.04831419240965651,-0.028247439427554033,0.00609791436035656,,0.2137406434252631,0.12280838248776216,0.12796193658442667,0.025207061384826313,0.0952378841973176,0.06923047430136076,-0.1722973383808727,0.040000032752571135,,-0.04672924513551324,0.27272743360189167,-0.06140345762205113,-0.008848518801348959,0.05421716754767769,-0.029412153492617388,,0.09090935821611223,0.05303035767892417,,-0.20740731480972807,-0.0786518006899396,-0.07070690317090478,-0.0949997504136103,,0.2054790710492833,-0.12418278881037914,-0.1913874042554603,-0.007816050598391966,0.16803168962356496,0.02654894868133284,0.006801242865506207,-0.0752211665381497,0.015789400848100543,-0.05833385527201396,0.059113491100466486,0.04838700189531275,0.13953487975559864,0.028301246240767686,,-0.16799842621473593,0.0609764440655145,0.006210904113729043,-0.14792961525067638,-0.004423922569973149,-0.045161363111696606,-0.09039558649173829,0.05833280472712299,0.057692573074808795,,,-0.04739341237756978,0.18085110743820487,,0.06422181824072348,-0.02304160862023541,0.06999989996727507,-0.09599991069747682,0.06896549821507825,-0.02553169708552072,0.11428581314848962,-0.04745163728112223,-0.06727986948174103,-0.055835412706637166,-0.050157120291913104,0.0
2008-09-30,-0.2392854242022736,0.039682381705929304,0.03968275387449127,-0.15611808049471887,-0.09174292360569913,-0.14563118680696863,-0.18535617191365272,,-0.1729326894325407,-0.12209302519705567,-0.25454584534487945,,-0.22641525615727287,-0.1953117691843963,-0.243697349633749,-0.20901418080600553,-0.25465836763941385,-0.165467390490726,-0.24489794686148336,-0.1263737446160339,,-0.08823528604152919,-0.11607142081240973,-0.028037465870932365,-0.11428633437366564,-0.09714302368876926,-0.2727269350581174,,-0.16666711589085648,-0.17266181363855648,,-0.1822428079547117,-0.2073166888570518,-0.24999982151938394,-0.1546962849646354,,-0.2159090161408288,-0.14179113939141175,-0.22485235742113607,-0.17322257606503488,-0.06140301526708469,-0.224139532013528,-0.17229662481798214,-0.0622009778341176,-0.1243521828835572,-0.29203508123659105,0.018604442345550698,-0.21538504606105635,-0.14965989346453346,-0.1926589547322397,,-0.04554462460090425,-0.25862074725318496,-0.030863702539677296,-0.1703056669020928,-0.3422238291774802,-0.13513523339656364,0.031056015032858264,0.039370622540261024,-0.13333337287019853,,,-0.33333334925721325,-0.2072072114477167,,-0.11207040356863873,-0.09905676549863529,-0.26635518512132605,-0.16460189533337544,-0.1354838876182305,-0.06986903103611719,-0.26153847825933374,-0.06827920883125449,-0.07680840460006211,-0.09520014932395604,-0.1544815018169471,0.00746252577822526
2008-10-31,-0.33802824846941126,-0.022900849718658023,-0.25190850599974546,-0.3550000357431625,-0.20202050775902003,-0.3272729443586957,-0.0718604456243076,,-0.2636366497903124,-0.268211948026,-0.38861841249366813,,-0.4796748934542623,-0.2135929808599799,-0.3972222769935583,-0.27979594917897277,-0.19166652214401247,-0.41810344214605966,-0.32972973441213194,-0.1823898157174163,,-0.27419387221616787,-0.32828295092488236,-0.2836539159939653,-0.41935533015420046,-0.35443037665118404,-0.284722330772644,,-0.21333308895524228,0.017391058579251384,,-0.377142988234869,-0.33538543801060305,-0.2743873079211899,-0.22222208202597848,,-0.362318901386827,-0.32521736101028054,-0.3969466176774349,-0.17142850370634066,-0.2186917028308819,-0.3555542257519454,-0.40000157385221025,-0.33163265245198836,-0.23076933126441168,-0.38750015311978236,-0.2237441967398639,-0.2941176470588237,-0.4159999845150314,-0.08636483700698272,,-0.2987549356588223,-0.24031086576336147,-0.2484083582493296,-0.39473692524729154,-0.375000050292578,-0.4718749042896839,-0.12048201242075951,-0.3151526024590293,-0.4517483521908222,,,-0.37313437113878256,-0.5318183936681001,,-0.28155284823622306,-0.15706797837757824,-0.4038215237507672,-0.20338989144820907,-0.27611948962265687,-0.352112676056338,-0.3819444867874694,-0.21467540210826763,-0.2138543747889765,-0.2279639593821401,-0.23035569450636162,-0.3333330290592209
2008-11-30,0.06382990516529952,-0.07812485619903509,-0.14285731497566512,-0.20542627609950992,-0.1265820297492274,-0.20270317148327266,-0.1806415695007504,,0.07407499454071242,-0.004525771901026876,-0.07446604514084298,,-0.007813396454852461,0.09876466641048554,-0.2764977649433553,-0.07194666207170741,-0.09278313875755029,0.02222203989732363,0.016129011413213323,-0.0538463792421352,,0.0,-0.20300745607143988,-0.06711405630530953,-0.09722223496391746,0.3725489379009761,-0.16504841397207926,,-0.042373804711235974,-0.26495714523495406,,-0.2256882378633498,-0.15277743578089276,-0.04845816952493709,-0.05462192599047322,,0.11363665672795098,0.025773197560639893,-0.16455708263872548,-0.03448294947566477,-0.05741703921170127,0.15517030177115276,0.006801265165879533,-0.05343549091649713,-0.05384608733660723,-0.06122436380195484,-0.06470588531524024,-0.16666666666666663,-0.054794586588683414,0.1940302681622572,,-0.11242621510434303,0.07142948272589567,-0.11864439225003087,-0.10434846154989652,-0.18378657276572308,-0.10059199268384655,0.19178087038844072,0.15044342235661823,-0.12755082077028512,,,-0.3392855305720589,0.2621358953975259,,0.13513148300692168,0.03726723921696751,-0.18376088210780783,-0.22340410949515443,-0.12371121549414466,-0.14492766255460932,-0.056179738968704984,-0.0963219073252275,-0.07661603566866282,-0.07609352695549465,-0.11570540501478166,0.055554928896062394
2008-12-31,0.05333306413954464,-0.13559315893331148,0.10476196768079937,0.1414634099786607,-0.10869610718708878,0.1610182088104548,0.25984422331447976,,-0.051725070567609555,-0.05454529475469749,0.10919424496503694,,0.14173323988886,0.04494346418477124,0.31210200140170974,0.1317954264694543,0.13068118079989421,-0.14492771071580923,0.08730162301945876,0.032520607766124865,,0.0,0.15094354175236524,-0.0863309123149637,0.17692252192195745,-0.07142856485715599,0.029069501897335703,,-0.10619433986386817,0.03488360332668705,,0.2677719228160953,0.10382539072452057,0.009259534778343959,0.13777803417932488,,-0.08571436449051295,0.11557784902769352,-0.03030342179556833,0.1190371156598573,0.03553410053936723,0.04477658242863103,0.013517253004124319,0.03225827761570854,0.048780505715315,0.06521724834051712,-0.1446540584197067,0.0,0.23188427395478617,-0.04999948951514166,,0.07999985391441333,0.2666662906369328,0.01923069609509942,0.019417248782292562,0.132456212924835,0.11184244732711979,-0.022988369242969653,0.06730703198386201,-0.14619892578337368,,,0.009008930296902307,-0.023076621166892908,,0.023813085888213292,0.04191596681606047,0.07853421356410695,0.07534252030367794,0.0411766323834839,-0.008474651389853705,0.011904699686437592,0.07549568591055933,0.060358415476723604,0.044685972851967515,0.017206047209525455,0.07368425083932983
2009-01-31,-0.0063294700332495735,0.0882354283468314,0.01724150435083649,-0.06837610410672346,-0.07317067351252271,-0.02189806785599102,-0.056264547020447475,,-0.006059841668498489,-0.01442360745080895,-0.02072463929235968,,-0.09655144578931729,-0.021502270251583466,-0.16990319500572637,0.020545645818404124,-0.03517626142982522,-0.0084745432672938,0.0072992155592785934,0.1417320658028438,,-0.02222140003983364,-0.01639349624421249,0.2125984426816634,-0.05228728090701007,-0.06923075246393906,0.08474582886823212,,-0.02970232691200214,-0.08988762195531563,,0.0,-0.13366284812264573,-0.03669741897992007,-0.13671901763895333,,-0.08045899268066614,-0.04954961161180438,-0.015624427527953344,-0.12766075624767959,-0.11274696180546806,0.1428566373994784,0.013330449817724022,-0.10937533426719392,-0.046511644190072365,0.04081479330829607,-0.05147060327821884,-0.03333201190344037,-0.0411766452598995,-0.17982596532160744,,-0.05555556921863125,0.06766929197620764,-0.10377232705883577,-0.076189726942536,-0.16375172962882423,0.046166161909124925,0.03529412823990552,0.08108255312808299,-0.08904130132085797,,,0.06250014467447462,-0.043306913764978416,,-0.13953510905724809,0.2241380499717167,-0.04368957042638599,-0.012739280619577187,-0.045197881986489,0.008547084955248918,-0.058823403695256515,-0.07502021598454844,-0.042823427124450864,-0.03460747234311523,-0.026302633479979076,-0.12745125902184007
2009-02-28,0.20382218356603654,-0.03603616248864583,-0.17796611971457765,-0.06880739961815052,0.10526336113319279,-0.12313469573961056,0.07285721079473473,,0.018292652988411096,-0.058536342117815665,-0.052912040067601085,,-0.0381686226306579,0.021974777863932315,0.03508811475226903,-0.053696661311456895,0.020833608240659718,0.025640824218194913,0.0,-0.09655156681717614,,-0.06060654926661202,-0.12500021290748164,-0.08441547144884598,0.013794773543575056,0.09917366984198828,-0.12500004352765293,,-0.18333334479313568,-0.012345676221385271,,0.13084154973391549,-0.028572212216916526,-0.03333337666261882,-0.06787339765401357,,-0.05405407178118671,-0.16113733218796644,-0.2857144896374195,0.0,-0.10497202350637969,0.17500106081115918,-0.019732629894012255,-0.07456116444001282,0.0,-0.01960914052269136,-0.02325559595321436,0.03448134448837337,-0.04907968257648121,0.010696653514908672,,-0.20261429441171774,0.14788741314599751,-0.021052338440948115,-0.10309380498399834,0.006991728636447592,0.014814771035739804,-0.04545470358123749,-0.06666703212281211,-0.007519014119545475,,,0.016806574870617874,0.012344839546112096,,-0.09459681630592487,-0.08450695847394141,-0.0913704704622289,0.0,-0.023668822066185258,-0.0762711423084611,-0.012500028384426543,-0.11514622861036006,-0.08392384113953177,-0.07356251762885968,-0.006422301582466705,-0.07865175058664986
2009-03-31,0.14814778824286634,-0.037383224867493015,0.2686991759821842,0.1871920963142708,-0.039682675405247725,0.16557027727619578,0.09875726820200548,,0.07784440056103148,0.3056996699624137,0.16201261487770968,,0.055555417768741844,0.12145555388327,0.02259857709268842,0.06383513472006874,0.020408519396717173,0.14166721818766348,0.565217577728919,0.061068579129175404,,0.10483816017989556,0.2666667840796193,0.042553173251470566,0.13605233830239527,0.3062663777808272,0.20833353784421993,,0.061224280168877376,0.23749971674409776,,-0.03305788399915932,-0.09999935900488233,0.08374412961167144,0.1407767367225745,,-0.009523829334785128,0.02824867811941334,0.3111105008856454,0.06098721524318407,0.14814794632069317,0.057471146789138006,0.026839792891578007,0.09478679294109393,0.12195122349229215,0.04000295524743014,0.03174575538332869,0.16666798809655958,0.11612903042699751,0.058199642899019244,,0.16393448779596098,0.024539624257630788,0.06451502237104978,0.06896722409892941,0.2569470915534786,0.05839412442585257,-0.035714188095240296,0.1607141575248987,0.08333362677116751,,,0.19008290499509117,0.032520994850263385,,0.08955252578091377,-0.010256361153040405,0.13407840295691353,0.07096802317477136,0.04848501696927099,0.15596317840185336,0.025316418098926485,0.14220410424739094,0.06918576006085364,0.07234483651677892,0.06060411801444143,0.030488098110828865
2009-04-30,0.1520738161182431,0.1262136889447707,0.27083358443881256,0.4273858434022537,0.36363675240051574,0.2265641496146371,0.11236106962095671,,0.2222218466720951,0.18514050916483016,0.1250011189396627,,0.43505136714177595,0.1739175150745509,0.46961323637052166,0.3266635397120117,0.29335611472287004,0.1962352831084957,0.2499999429290587,0.19424450357694356,,0.30657018469329755,0.07518793856203576,0.013605253873955059,0.2035935348457909,0.28057524515613097,0.3399014183436362,,0.2500003570169944,0.23232360225246196,,0.17948785688360713,0.26143662504440757,0.2911796883556892,0.4042553357951446,,0.17307688653578301,0.5109885837363197,0.1525434713293814,0.1953972651400233,0.2513677613945533,0.18085219166588407,0.21569190310393394,0.24675339675626917,0.15942037206401505,0.3461533639859744,0.48461555558299474,0.19999864081650665,0.32554134834363513,0.15000012912277771,,0.40140874856723086,0.07185641798639408,0.2424256629134678,0.6881711377259123,0.6781840470485023,0.1655174607844916,0.006172861377836014,0.18461528452421772,0.21678322156847618,,,0.42975616342901524,0.25984244679987367,,0.2602773501948046,0.14507764036317639,0.29929046985022634,0.11997747868843267,0.39306355054879116,0.4523811500287951,0.7654320180090437,0.3221970793948712,0.23084166324040223,0.22849003827628223,0.12721529326584502,0.26035500123231037
2009-05-31,0.07981679045200818,0.1001122981916649,0.08196708780125261,0.14075090224152098,0.2901906107076606,0.15286615194719966,0.09091553620738524,,0.22446909514062008,0.10714160036197495,0.23231553261948612,,0.34302404245105733,0.12962621503459437,-0.1406953433496131,0.056665203157753474,0.26271226163962846,-0.013888870913956297,0.007407351942904983,0.16439809625243318,,-0.06614889290261206,0.020978924359050133,0.14765892729638974,0.11596883878943731,0.005618057537588594,0.2058823818591995,,0.3846153455571264,0.1353147167504969,,0.09981109524211007,0.16062229937924122,0.16822420517225267,0.18181822233771183,,0.22131160608321854,0.11795928096118335,0.4264704009529845,0.13461173697064766,0.15720389745721164,0.027025436956299886,0.28494795104221593,0.22222192424933174,0.143749613464349,0.20000167994369988,-0.03626932777619574,0.1904771343546856,0.0810812521773292,0.2391329551372423,,0.17034650105409832,0.15025684254796334,0.06503979001226279,0.16560602626278786,0.38194613854249626,0.13017727846269955,0.05217447954112875,0.2335495989709726,0.10919531584131614,,,0.29292946534923137,0.1709428520347478,,0.2282613208456159,0.07160517876808625,0.11224487999121191,0.17500002535564674,0.013034679200410126,0.1748634957309929,0.06293715991615678,0.10592289176262293,0.09952536842560988,0.1058770352559637,0.12393350643682632,0.1220660101837936
2009-06-30,-0.037383335850819766,0.09599989696826139,0.09848504077085862,-0.02809002984191744,-0.03883466193128271,0.11049760237346495,0.16788763851693655,,0.07462724935220355,0.03225812801402084,0.05555567512714954,,0.06060598000281958,0.04098418970114093,0.053811659567178705,0.057417826364666524,0.21476502184004698,0.07746490580301058,0.05147056824071483,0.136841923181114,,0.04575167706144101,0.08904124976509342,0.04093559673753533,-0.01970529950627653,0.11731837014411739,0.1341464201808753,,0.22222233427361782,0.09448844297638215,,-0.036000072098694824,-0.004463704515687228,-0.03999968591802194,0.07692318571441503,,0.013422776160114225,0.04201671228896875,0.20618598189311266,0.11017386916176175,0.0,-0.052630336490317786,0.12415876058676467,-0.08636344686760733,0.11475436267404215,-0.010948226459745913,0.0,0.05999995242856149,0.07499988022292392,0.1315783040988614,,-0.027418920271279457,0.09045267673846036,0.04312950492232881,-0.03604007178035751,0.08959148442050058,0.0837695862465142,0.08074536170987523,0.2865176456827465,0.14337929524366655,,,0.054687529871886964,0.12994372143390853,,-0.22124056212233745,0.13488362244416408,0.055045852566186104,0.010637934391672044,0.05349792710306378,0.10232519418375219,0.006578813046916876,0.04473558550325496,0.0515452575417783,0.05560099887338166,0.08779017997807559,-0.041840697632393176
2009-07-31,0.07767031972582017,0.20437945247266787,0.14482756265993157,0.12138720522989788,0.060606156682912804,0.09452645335651755,-0.03999839080749912,,0.12142265995309565,0.36250051178393017,0.07017410582998451,,0.14285685922418567,-0.003937302329933501,0.25957466124213635,0.07692204629614108,0.0662987557991388,0.01307180917834283,0.02797207921280287,0.05555572461838576,,0.01249988917969791,0.15723266667356328,-0.011235838075193683,0.17587963729795142,0.04999998969503694,0.12365556676386702,,0.02727259225543821,0.10071922893459351,,0.03734447592446344,0.08071647350617739,0.1833323635120674,0.26190478483481594,,0.09933767809669103,0.2338707403390068,0.01709337376836495,0.03816480005260203,0.0,0.11111012837091105,0.10313851419488196,0.26119431226091616,0.029411825476388875,0.05769200984864464,0.0,0.03773656880962051,-0.07751931970409676,0.07751894561266859,,0.2677725960423929,0.16129032888372352,0.07199957806327828,0.14814772347222016,0.0895570765288618,-0.00966176426284071,0.07471286733589877,0.004366503269216393,0.11299399766398421,,,0.1333333926156326,0.019999811812208224,,0.20454606411457288,-0.0819671740679504,0.12173951385547888,-0.010525959920626993,0.09374993735580173,0.2995782317863862,0.08496737781683628,0.2285231315422125,0.166469625244009,0.1540520093000588,0.07269366010868517,0.336244409890458
2009-08-31,0.31531508024094546,-0.006060379786356651,0.06024059199811016,0.39175246341101055,0.1428572140324369,0.17045478177780793,0.013883343943663196,,0.15384677288223414,-0.050458529414404096,0.032788154260614544,,0.06428583249724262,0.12174255056685235,0.46621605346025574,0.19747765250453075,0.1191704264032789,-0.012903141771307247,0.12244898814891303,-0.008772040916284585,,0.09876562225215735,0.3043480422717426,0.18181798412774697,0.19658197388106347,0.12380942099356518,0.08612449732176852,,0.265486614520956,0.0,,0.23000010299813534,0.27593417235950524,0.2535219862429763,0.06603787919101944,,-0.006023983908140296,0.07189561980073411,0.43327823142465793,0.05883031119805926,0.08490669153754071,0.35833418675890716,0.008132171089604734,0.1834314999146569,0.09047611719881488,0.12727349601247528,3.043478130792944,0.0181810711927739,0.058823497834349814,0.03597103602136298,,0.09345791799255698,0.26984084385683804,0.1940305367126589,0.3440870523944204,0.3197984440131716,0.03414613109322073,0.058823116959857424,0.26956520037590437,0.0558377505254366,,,0.25490188977810346,0.049019420291060545,,0.18867819176873324,0.0312500270262559,0.1395349961937058,0.22340410303987968,0.25000018959900316,0.08441557283848455,0.4216866524967948,0.07309749567722101,0.08409019656968342,0.09169277903145923,0.12363689435820024,0.04575164150729494
2009-09-30,0.10273965263934337,0.006097331933557548,-0.017044962803621888,0.12037061103145708,0.1583329996250218,0.058253102892317665,0.08904975888338207,,0.11111132342372665,0.009661380454343504,0.12698350953460258,,0.1677854770658116,0.03875705468059687,0.023041652557942216,0.11403403671212886,0.33101883506474805,-0.019607679932351352,-0.024242392546825142,0.07964610043081821,,0.5056186474632485,0.0,0.03846172097583067,0.19642759241436614,-0.05932201021553796,0.12334819797256813,,-0.21678322969503971,0.06535950294505799,,0.0325203453177767,0.048780798548495374,0.06741544002924882,0.04798929735656787,,-0.05454543850020288,0.10365834317812683,-0.17073167302351178,0.03471932445529036,0.0,0.02453919696744644,-0.016129918448527625,-0.004999866887357318,0.07860278313751667,0.016128196980064402,0.0,0.01785635151671472,0.1190476914751839,0.05555677152537952,,-0.017094139637900074,-0.23437504865328684,0.012500315316840815,0.03999958583033547,0.02884547272538951,-0.018867700886070815,0.09090947025998286,0.3287673555371895,0.05288478319481249,,,0.10937520140039036,0.04672959441508495,,0.19841478714078442,-0.02597403278111121,0.1292513155208297,0.08260867622402657,0.040000024268668666,0.03592830779309675,0.012711927465173467,0.01563132545969448,0.026269578285234685,0.0291958418798286,0.04516041203266297,0.037500068767290395
2009-10-31,0.08074575749413171,0.048485068606625825,-0.011560886755698996,0.03305775052721138,-0.007194149450946541,-0.14495467169431797,0.05660754839530169,,-0.029999948408044097,0.04784714716073735,-0.05633839310736277,,0.14367789709008338,-0.03731099057855647,0.11486485126645651,-0.007872986956056094,-0.06086957320742292,0.08000001104379528,0.024844687206795335,-0.040983645988273754,,-0.14925392646034674,-0.03333344418040296,0.10185199087456964,-0.014924694524411808,-0.02702694924424698,-0.06274505485496917,,0.009804099243731601,-0.01227000500404507,,-0.007873974384838056,-0.0887811452947227,0.005263235058400095,-0.008547098780689266,,-0.012820605134962637,0.022099525781729357,0.28676472389026264,0.08725132163430782,0.0,0.0,-0.012293259549596813,-0.030150731113625096,-0.004048699131020461,-0.015872206900662267,0.0,0.07017690400499688,0.04255335054146414,-0.006579842400377456,,-0.03478241057306064,-0.028571146723381236,0.01851848359418673,0.030769127238119198,0.11651432136852291,0.024038413631717548,-0.07407428350094292,0.09278340948936958,0.009132292853748947,,,-0.08450702149255296,0.05357111868967124,,0.0,0.06666684604092321,-0.024096002095721714,0.05421707292912159,0.0,0.08092488476009829,0.02092052011359491,-0.01720735939245155,-0.016680321368055084,-0.015145010269336678,-0.009543693016620725,-0.030120535166041185
2009-11-30,-0.07471299973580525,-0.07514459199786194,-0.04093569102043215,-0.08800011184592527,-0.12318833515998551,-0.03433419786567782,-0.017862237043332452,,-0.10309268937593152,-0.05022837149850923,-0.14179170831968302,,-0.09547747550366503,-0.10852984983526925,0.020202022481324855,0.3095266333068325,-0.05555558952808892,-0.09876584949186085,0.03636366353129272,0.03332699626447355,,-0.017543849128744182,-0.08620685749276258,-0.016806712731778473,0.007575987574907961,0.20370364185979017,-0.13807541056645345,,-0.09708744309608375,0.1614906288197957,,-0.07936484492456997,-0.04739344233782394,-0.011206544431666798,-0.10344812466841324,,-0.18831167734782173,-0.021621696541564428,-0.09142860029152422,-0.1358051549657141,0.0,-0.1377242890761451,-0.13278061314315093,-0.031088260926507516,-0.1056910821178505,-0.1451623753514779,0.0,-0.049180263945962865,-0.047619230412385805,-0.13907324762333262,,-0.036036090857460956,-0.037815289234113036,-0.07878789532551511,-0.14925324413122065,-0.1116070561595871,-0.07511724192567815,-0.06999985451235324,0.1462268104191773,-0.08144790474326791,,,0.04615350227880244,-0.10169501052641217,,-0.03973518349317584,-0.0833335771701722,0.09876505072661779,-0.009524114696148556,-0.13186812545734672,-0.16577552146065266,-0.11065571939730467,-0.05141788043183804,-0.03649388931500941,-0.03887907951414493,-0.03675755069977593,-0.09316772586023137
2009-12-31,0.13664611151729722,0.03749999127598769,0.1707315069802975,0.17543877130429641,0.14876012793236226,0.1555552183039539,0.6000051391246464,,0.1436775451879242,0.06730824901825949,0.14782832769318355,,0.36666687053136293,0.18260957379419174,0.16831673970615113,0.35757532210293075,0.10784336894993896,0.2945209938342406,0.05263154479965726,0.14166667152103463,,0.13392864227506807,0.14150940970793902,0.24786301242034448,0.1353376775589683,0.3076924174493154,0.18446609399176017,,0.12903223981946144,0.3582888180675039,,0.19827526624068992,0.10447820813841857,0.05263142264612308,0.22115378838107302,,0.28,0.3038674797103962,0.21383644150312064,0.1500005835539946,0.0,0.1527783810648773,0.08612336283801825,0.1818185610828278,0.13181805906606314,0.18867977693174098,0.0,0.017240672244186683,0.10714276751374796,0.12307749962468972,,0.06542061196470006,0.08296933124649719,0.22368397667737683,0.13157883671214177,0.1708544143746693,0.20812197061512405,0.13978506149377345,0.16255147694679106,0.21674856515339802,,,0.15686270426946036,0.1320756336932456,,0.23448445621897251,0.036363796466294174,0.016853887337085594,0.1442311703201864,0.11392398825350392,0.3589742794620385,0.16129038559151643,0.1976176868819779,0.16672966618052865,0.16482393495409742,0.1273156788615466,0.1301366642087458
2010-01-31,0.14754102106869227,-0.05421685531274256,-0.08854156079010311,0.11194047491153225,0.3093527276324677,-0.38289807405721177,-0.03787975289941703,,0.045226113282669456,0.10810767548084477,0.1363634305368071,,0.020325284055577875,0.10294407376891201,0.008474357005133326,0.17857231169792676,0.15929181299776674,0.19576718011555672,0.36111108638036815,-0.007299410357993863,,0.496063600338712,0.13223137437920496,-0.1438356258883542,0.07284744972992141,0.03529413333627529,0.10655723555215468,,0.05714288576897597,0.11811028931063738,,0.007194460868872543,0.07207156934803627,0.20000018808252684,0.0,,0.20624984398856738,-0.13559322474453783,-0.005181369848756501,0.043480917138734254,0.0,-0.006024481698261752,0.004404596553994278,0.1764703390533533,0.08433737173501443,0.01587229156055958,0.0,0.06779797563347634,0.12258071739592014,0.2123290069456858,,0.1315788394223123,0.21774216298568794,0.04838693084388801,0.007751560624004394,0.07296006166470592,0.29201654071239513,0.02830154230252191,-0.03539835268353886,0.1437246532585632,,,0.19703384541509772,0.10416695856770586,,0.07262387136204751,0.12938608975377486,0.016574761889744938,0.050420054237497736,0.10227257645535737,-0.06132068635445931,0.0873014862266146,-0.01010147634448244,0.022265243414122393,0.034559427240507645,0.07756404351357915,0.08484852364613027
2010-02-28,0.019047475752551613,0.0,-0.10857123195122631,-0.080537026891076,-0.07692311482708236,-0.1657751392340019,-0.12598383227876453,,-0.1346152065365711,0.0,-0.026667664344556807,,-0.0916334559762515,-0.15333392801788093,-0.13445364847382613,-0.1590904383389249,-0.09923652730836552,0.07964590093879287,-0.012244806774976746,-0.00735274087077431,,0.08421061531814988,-0.18248163462951128,0.15199993876340767,-0.012345234391189841,-0.13068185477614513,-0.1111110285697825,,-0.06306311551291399,-0.0915493798746495,,-0.1428573100618883,-0.12184897891645996,-0.14814827295597832,-0.09448821105033034,,-0.015543914125260794,-0.05392153118726439,-0.17187495621393778,-0.08928554981084968,0.08255066294987645,-0.0969700920276989,-0.1535077038579371,-0.14999981996600953,0.15555574222999247,-0.09374953904141115,0.032257969045390134,-0.015874306337181454,-0.05172418118518918,-0.08474551243116446,,-0.10852722188337927,-0.11920533009140244,-0.07692238551891661,-0.13846111866415478,-0.14800043795184958,-0.024390224989489617,-0.16972464289692635,-0.1119266196026889,-0.1238938833736204,,,-0.13628307232945736,-0.13962296791576456,,0.04166836750637004,-0.06019432978774231,-0.06521756852345295,-0.10399996399633404,-0.12371117470083659,-0.115577863365119,-0.1642336076949733,-0.09043182697870489,-0.10136279831795192,-0.09048575108050594,-0.04497215362256979,-0.07821232346886353
2010-03-31,0.13084116884426256,-0.006369425241492532,0.3053141212586623,0.00729914844729751,0.029762041393064376,0.3717942646838628,0.07657448748329188,,0.066666469215934,0.08194631265668928,0.08219184687403791,,0.035303043862626726,0.10150519568593985,0.2139163177962209,0.15315352427481765,0.07627114090714326,-0.049180006493888984,-0.008264502382637207,0.1777774728515713,,0.009708560661890742,0.5892853139203427,-0.11111107225382522,0.06249963386079305,0.05882355714522891,0.22916650609800326,,0.11538453201527665,0.08527146412798015,,0.16666689425094794,0.09090948795560605,0.19565226390999846,0.23478262188146903,,0.16842107452792043,0.13989629927880398,0.04402510706679097,0.2156863050183695,0.11737124302523672,0.14220618976256683,0.17098446832579905,0.19909513523550393,0.019230678918337407,0.06896661439763507,0.44531227083829106,0.16129149825373146,0.0973182966223407,0.11111025433086597,,0.13043463668270783,0.03759430196778024,0.061111093740857436,0.10714255142666107,0.19248786692397246,0.016666816459039113,0.022099612539067337,0.07437999689019059,0.15151541338212815,,,0.16803308685921192,0.07017560001780665,,0.1299994414686132,0.05371883914777764,0.13953482628800895,0.23214296063528783,0.08235278074993779,0.1534090356163842,0.15283856535651097,0.19360898546089267,0.1530321060878359,0.13746763451431088,0.08611353130923471,0.16969704729226054
2010-04-30,0.05785113017819499,0.1923076464220277,-0.006669226839202347,0.21517139982253375,0.0702586532750149,0.008023341026240471,0.17155041052154152,,-0.031249778875540368,0.1250003118706322,0.10759471536588872,,0.022222236683398844,0.03703806390447384,0.0819674161909929,0.039063389055618236,0.12248447894884307,0.06034490376056367,0.11458329588052685,0.056603700311412375,,-0.06164003913689797,-0.05056162204179515,0.1484374416002341,0.10623308849451063,0.12696216507519664,0.09322036139085288,,-0.051724039645747344,-0.04285731418391181,,0.02857144529190303,0.02631632055696742,0.1500975635278603,0.0320826818297506,,0.12612610502239696,0.06363650355911776,-0.012048168596725306,0.24193545384437387,0.13510390248843684,0.127272996134552,0.07964508634193268,0.09433950321707618,0.08805039266862846,0.17741868328629762,0.0,0.166666391369227,0.04046259226006854,0.2888894464555398,,0.03846165265511492,0.036231717629693794,0.05759152342162599,0.0326609621165892,-0.04724181859532217,0.19672130654611109,0.03243262083724363,-0.05384596511619677,-0.06140364224260053,,,0.1658505331593434,0.12704926375509995,,0.026548669744357323,0.08823540304562982,0.283705220452376,0.03847856810689443,0.032608843048370195,-0.034482678668497524,-0.030303099808821288,0.03130708708703578,0.0353693036425895,0.042815216595730066,0.05520700257573097,0.1036269140181374
2010-05-31,0.021182297572230002,-0.036636899377704646,0.03355692855460446,-0.1750000374516929,-0.2089551829151387,-0.14077667883446043,-0.12767512652622426,,-0.0872319321338233,-0.07638894591426726,-0.1355181694938975,,-0.10869561526921034,-0.15714368776165932,-0.007575730887668941,-0.030255138420282268,-0.13076919156892697,-0.17073199474477052,-0.009345724621311557,0.00911837788615677,,-0.10160418863937959,-0.06370975368125875,-0.02616183107946357,-0.14772730046834703,-0.18823514802585162,0.07751934663200832,,0.03636354072637582,-0.12663351137652723,,-0.10996431235383297,-0.11111138532359588,-0.15677955811391486,-0.06896551724137934,,-0.20000000000000018,-0.09930100508045359,-0.10884601312237796,0.04996592608443051,-0.07692376967611492,-0.16129088473017872,-0.1147539484948048,-0.03394359670697211,-0.0809249215495157,-0.17808220379111772,-0.005994748615167356,0.1547612137089851,-0.11666655740069365,-0.10344825872332364,,-0.052196253938504245,-0.018003147148308307,-0.11881170858265133,-0.16141730183237113,-0.08264618846161564,-0.2534246878230251,-0.07956753765811353,-0.11382103474015048,-0.11987408175443448,,,-0.15748054035984804,-0.10060608243084523,,-0.10977686691072674,-0.04077912036992615,-0.06504073533365495,-0.1503758246287613,-0.1106999866256223,-0.15630956024378162,-0.15234372597671986,-0.05544124951616625,-0.0720542587874532,-0.07758259791498956,-0.10807573738137033,-0.04225338919732613
2010-06-30,-0.007692396107091604,0.04545442270420508,0.0,-0.030303128391870215,-0.01886790527360238,0.039549037084190886,0.08474824341535858,0.004329017848777594,-0.05917190031896735,0.10526295978976674,0.0492960751452558,,-0.0048779088357086,0.016977343092839936,0.0076335606891646535,-0.10483763087902531,0.10619471007509262,0.009803907636501519,-0.018868061449799245,0.024096508081717483,,0.11904743571987386,0.08333330770416958,-0.02797206880823444,0.16000049887576906,0.021739048808925077,-0.014388393701463054,,-0.11403504551030685,-0.008810268690240486,,0.038461563048304725,-0.03365420482988313,0.03517572550122283,-0.007407556508524649,,-0.005000062404572958,0.14563107474293502,-0.05147062626161358,-0.012987117280050753,0.0312502494503224,-0.03205120594166477,0.04166811654361613,0.009345959001225701,0.0,-0.033333760019115366,0.04716977583857984,-0.030927809771794434,0.02515709025531776,0.019231181456462076,,0.031745851270505776,-0.02272733448877673,0.022471918232491284,0.04225322875603421,-0.13963988925130888,0.027522911078971424,-0.03571411056884788,0.027561196638520302,0.004291719940895833,,,0.009346057669604058,0.030612424996128595,,-0.005649885087452455,0.03483627324563687,0.05217401412299716,0.026548706376738007,0.2634731924869256,0.11656438855939988,-0.03686644560472663,0.01590742599512862,0.008723055694395576,0.008358907453390074,0.029381711407148403,0.06372572990779535
2010-07-31,0.10077516695375444,0.03260878528295863,0.08441562661396751,0.1406251030430563,0.044871470833153904,0.03804191952447633,-0.007809474036792774,-0.012931074693181666,0.03773626956203979,-0.11564609513752899,-0.020134918926228207,-0.043999876682655814,0.10784313842768323,0.049019697213434466,0.12878775535546882,0.018018980832880338,0.06400001079248452,0.11650489145398035,0.009615408321778762,0.08823553095712655,,0.0,0.11242599921850127,0.11510815893130899,0.06896567689268274,0.16312060309202048,0.06569334611463473,,0.0693069189069988,0.02222217236679458,,0.018518837708024316,0.039800785225846624,0.09708737343195883,0.17164183828686697,,0.09547743473495207,0.03389818451724036,0.21705434021629944,-0.07894737793711115,0.1414137667678954,0.03311250154802403,0.008887593392898463,0.10185169794098448,-0.03773592765679423,0.034483215240634246,0.10810814772963351,-0.031914866697919875,-0.01226999570111087,-0.0001622672009579107,,0.06923095001601842,0.018604610206682803,0.07428573700455487,0.09459493030307109,0.09947620517399902,0.13392838894516657,0.08024699991163597,0.11224506375076859,0.07906018175847551,,,0.07407385377813402,0.039603964590056995,,0.1761385469763035,0.11881180546324965,0.16528920301176409,0.17241345883119497,0.023696822317640365,0.11538455274437864,0.09090913041765081,0.11452852334300667,0.10505215278625224,0.091673032934529,0.05582154938964767,0.05529952670869731
2010-08-31,0.2816902646044819,0.0789475785692233,-0.029940117935854382,0.0342466687219074,0.08588987285333549,-0.01047118103776612,0.05512096900932839,0.07860264268805284,-0.01818258404904738,-0.023076851064897763,0.054795072685842605,-0.008368025458085793,0.004424327256389304,0.046729053175691204,-0.026845545946884375,0.14159142875363018,0.0,0.034782648622422974,0.0,-0.09729757428351682,,0.037234291798117436,-0.037233935042962574,0.03225789491414721,0.01612933187048382,0.0,0.13698648872582875,,-0.07407402253527717,0.0521738693337126,,0.009090415377199346,0.05741637797265975,0.03539806069011453,-0.05732481043305271,,0.10091745220253312,0.016393582806125906,-0.10828029975440612,-0.03333533889256102,-0.008849314967854238,0.019230883395195297,0.03524072437124648,0.0,0.019608016767290293,0.03333393780485805,-0.04878050393868727,0.021978438465042327,-0.055900536738415996,0.009216006168242474,,-0.007194203747220351,0.009132552016448026,0.21276584720798186,-0.04938335131205185,-0.02976277188903176,0.06299211961592288,0.10285700386175978,0.10091725106158655,0.10891068244871893,,,0.07758644087270139,0.057142833859498365,,0.053139494464410575,0.11504428046918913,0.20567342593477278,0.007353493773286868,-0.004629721097704875,0.01970442693007568,-0.008771950791822691,-0.026619384821404246,-0.0008316576362273898,0.0017672381933062642,0.024234621920755206,-0.004366717335976489
2010-09-30,0.027472674427462263,0.10243874208326864,0.09259269148128269,0.013244971409984485,0.08474576892691221,0.07936569061314103,0.19402314778949314,-0.004048491352557471,0.049383108731286596,0.06299233254721193,0.06493447089183779,0.01687720767591716,0.25550731167336016,0.10714292109276546,0.0965517863424401,0.03100924440020858,0.08270666681881633,0.08403383717174862,0.11428571160221512,0.0,,0.11794895134272942,0.033149102147316256,0.10624994930220022,0.1640204683998736,0.1951218912828545,0.13253012954002563,,0.050000000000000044,0.09090916431297114,,0.13513564851448523,0.16515898645654548,0.0598290869335838,0.13513514563740614,,0.11666673600508104,0.08064525955409163,0.10714284193759038,0.14778334026317141,0.09821432559239218,0.0880507899811207,0.08085307373288031,0.15966385712982833,0.04487173425112134,0.06451502457829128,0.05128206911304001,-0.03225802326446814,0.06578930900638547,0.04566210989174868,,0.08695644804780289,0.14932148832221093,0.13157890810808448,0.1038966865933395,0.2147267697572992,0.14814818840477328,0.01036267172143468,0.229166937156285,0.05357138646353499,,,0.20000004517858128,0.10810773606757995,,0.11467792273709843,0.031745942262949356,0.023529717139220807,0.1386858516184133,0.004651255111626007,0.0628021453099128,0.0663717409901119,0.10348530831777825,0.10215605543168782,0.09674085492169193,0.10241387618833087,0.09649107816075575
2010-10-31,0.09625654308800136,0.01327445331814836,0.0169491882764512,0.006535951719085276,0.010416543422800073,0.09804040229633815,0.006253833681731047,0.01626010725279725,0.04117694624312507,0.06666644076296713,-0.006097698649011329,0.004149255877695213,0.03508764569047984,0.03225798388758583,0.0,0.29323186378145416,0.05555565314385591,0.007751844658760332,0.04273506290686502,0.1796410801559052,,0.04587121302026698,-0.00534744595468184,0.03954809581852903,0.018182405552687575,0.12244911946900827,0.1489360067742327,,-0.009523838149928299,0.0,,0.02380958841846037,0.02912590735637899,0.05546681854351654,0.04761923915748589,,0.06716423702807717,0.08208947477218764,0.06451614639885639,0.17596420654958878,0.04878034851239921,0.0635841232715384,0.10236313222024696,-0.0072462884120383375,0.030674930103319786,0.10606112276595936,0.024390251969343524,-0.011110655952527249,0.15432106479328644,0.10043763755108559,,0.05333342169415367,0.09448788883785486,0.03875983951030659,0.10624109670923287,0.10101015865247631,-0.03225802481664708,0.06666683097402637,0.008474536923648968,0.05932194575613425,,,0.0599997891666284,0.11382146382301417,,0.08642019867027861,0.03076921500776386,0.11494249444203186,-0.012820442684994493,0.08333327935217416,0.054545250048855465,0.012448130694945103,0.04984533766406063,0.04096962471045451,0.045399024407082766,0.031443473908714825,0.09999999061097298
2010-11-30,-0.11951221656507272,-0.0938864017047194,-0.05555554508498972,-0.07532443698198221,-0.07216485619219426,-0.053572773147077535,-0.11801077417926964,0.002000006183673575,-0.04519786852197383,-0.04166671411844147,-0.07239160549468915,0.05785182968536251,-0.0915255939415135,0.09375005786376822,-0.023899377277084244,-0.10465074533383678,0.02894742848013876,0.12307672703321981,-0.009836073259713252,0.04060886662515095,,0.0,-0.1075268894865189,0.10597841836921029,-0.13571453175571035,-0.01363644293861821,0.12222224698462081,,0.019230683082452682,-0.08333339501297865,,-0.15658940034837465,-0.047169446570936024,0.023621867713921718,-0.05227297290254218,,0.2657340602519722,-0.02413790622489842,-0.006060600368335001,-0.014595371330752616,-0.09767416916933436,-0.07608740891678123,0.08928418346962563,0.030657057815463462,-0.026785767088945422,-0.0684931496840735,-0.14285718898117827,0.0,0.13903748901094115,-0.07539745401764486,,-0.06075964475153606,-0.04676257617557422,-0.04477636653102912,-0.07476862410863183,-0.13302925046196545,-0.03733329759511461,-0.01923088983754373,-0.08235299940343799,-0.036799797468908046,,,-0.008805029882866022,-0.09489058258905925,-0.0962961419558982,-0.06439393584919961,-0.06268658239429503,0.06701049204376419,-0.05194822044028469,-0.004273514175374138,-0.10129302108136296,-0.028688561205390872,-0.062399746112616894,-0.05517948122971439,-0.04958661986958601,-0.03922577587928311,-0.05454546696069684
2010-12-31,0.11634363592978891,0.12771088880239612,0.009411690987302546,0.05898836030196142,0.0027778801914770668,0.08018900920030192,0.30633384810176234,0.009979967859708339,0.09763335696542463,-0.0217388748155386,-0.010582981309405493,0.12492549081097115,0.0,-0.02857135787771381,0.005154527203143466,0.07013042584823359,0.06138098789597768,0.13356191535184725,-0.1523178921483188,0.024390588646432176,,0.20614057798144647,0.09036136638891179,0.002456851101395374,0.03305763343796331,0.08294926718560602,0.09240915062302313,,0.05660387925137145,0.033057712773258974,,0.05882340617410131,0.00990039330663084,0.00384600743674568,-0.06235012548515817,,-0.05248615578043958,-0.07420486884019051,0.109756139223949,-0.003705311649023435,-0.05498278707636317,0.035294419609885,0.13114961043540707,0.06515558976904212,0.11009159783182199,0.11764683736032433,0.0888889374387094,0.573034112251023,0.004694881423438435,0.02145969207323284,,-0.029649587987281123,-0.02641519224337352,0.06250013966629742,0.017241998019940752,0.10052971164926205,0.036010935647389664,0.03431394491016038,-0.01098898617882027,0.07308961997720154,,,0.010152461611368402,0.026230918357670108,0.032787328519702896,0.056679868103573394,0.03503187977831734,0.1352653903266572,0.05753441934280201,0.1802575548659182,-0.062350077955754424,0.029535903788997953,-0.04084285672496579,-0.011812629284749465,0.010001462589919852,0.08288371882824341,-0.06538455288369527
2011-01-31,0.03722088540572499,-0.15170945545944392,-0.1235431039578544,-0.015914937522049644,-0.13850421339413543,-0.03056841457629922,0.021565787399211223,-0.011857643105666837,-0.05929934435349049,-0.11851862839201599,-0.02406413123601725,0.06557359676124097,-0.018656545516447687,-0.022058817615202675,0.06923071692250615,-0.03640946509413767,0.045782944919697144,0.018126670488620267,-0.041015609763896066,-0.017142828584643,,0.04727279958977593,-0.03867402319071511,-0.11764683253899422,-0.024000361625128974,0.10638290227157032,-0.22658608278453374,0.004064969254283346,-0.01785712967826547,-0.036000057578207345,0.43434325141544483,0.052083822842946326,-0.011764398196062786,0.019157066081757934,-0.0869564098262322,,-0.14285716884821897,-0.03435122364786447,0.20879120015389763,-0.0297384076919327,-0.08363656805636022,0.04545475243640418,0.246375575122453,-0.1303190245889363,-0.0027548453085407543,0.0657898365814209,0.11564635686996771,-0.10000007928563204,0.2476634812062144,-0.029411759843131602,,-0.052777726737037955,-0.07751927955039095,0.21691210367710423,-0.06779685297711169,0.02884642754783817,0.01069530413364217,-0.06919452907936596,-0.04074066887440053,0.03095974766863252,,,0.08793966729749725,0.0077719443261050625,0.06031701097592057,-0.03831376008168885,0.012307672343167653,0.085106589787324,0.07772016783362279,0.010909115886396759,0.010230141262675074,-0.00819674063617859,-0.07870994576025314,-0.04545349491094164,-0.041306273649635794,-0.004889238826959352,-0.03497962957972223
2011-02-28,-0.03349283460404662,0.08816132760518136,-0.005319445887106089,-0.07816714467425623,-0.08360144386822954,-0.13963947028946355,-0.03166624414301111,-0.06399999175510174,-0.063037618361511,-0.07563094815772975,0.06027516063504623,-0.15769197531426105,-0.14448688358880024,-0.09022567625289024,-0.1103116371551005,-0.052895204632932624,-0.02534561044911543,0.04451059798965207,-0.09368636112844575,-0.02519369433602281,,0.49305558477260325,-0.10919546758769316,-0.016666979674185955,-0.07786841908081721,-0.1307691546859766,0.050781190829593426,-0.044534405665254684,0.07272721807740967,-0.10373423657500402,-0.11619720843930148,-0.1287131591328614,-0.019841262214223998,0.018797201650091466,-0.00840345018294697,,-0.0102039971616531,-0.08300386489512701,-0.13181821580760666,-0.06513711932653576,-0.011904665116291402,-0.05434765144142861,0.1372098357564715,0.024464711983348764,0.07458574257610207,-0.049383735451696165,0.009146182457177243,0.07142836916928852,-0.14793991764943815,0.0,,-0.058651124452354875,-0.025210027742732066,-0.1631421923747589,-0.048484714601160106,-0.1168231552814446,-0.1455025944116527,-0.08757639468058542,-0.13513530128999862,-0.19519537084316052,,,-0.10854524379348796,-0.059125895645796844,-0.13772454924802557,0.04780854484986241,0.08206675466462499,-0.02156869611032408,-0.04326935521464881,-0.0719424831574823,-0.020253286308250185,-0.0330579298214293,-0.021626793887766116,-0.03849638475112338,-0.03151485291097722,-0.019827107139765543,-0.04904045730374329
2011-03-31,0.03712867719588542,0.011574003743918038,0.021381937190197986,0.07017531163084079,0.25964928062161863,0.020942297049256764,-0.008170991357087543,-0.017094069795352995,0.0795104577776169,0.04545466671981413,-0.036176243987512624,0.041096043017102124,0.17041581702736286,0.0004276877693956127,0.011778579739373907,0.1303175785328068,0.160756599971553,0.022727235291889247,0.06966295820111701,0.033796803014008114,0.24752507545118396,-0.13992041995889248,0.09354852808459135,0.09322041412954296,0.12777807835846877,0.09070806248128105,0.08921945497329764,0.09322039031933937,0.016949331712609705,0.09259269171153206,0.08773006779148429,0.12878793261476584,0.05541492219963651,0.088560903132477,0.019773985198169752,,0.06529205052983134,0.030172482411557455,0.05759163153269253,0.1475413436631383,-0.008031884324965044,0.02282283899048454,0.14928382102799387,0.07164189326360737,0.06940873001376424,0.12987073348461275,0.04833847811733838,0.23703697178135474,0.19908844219541577,0.01731619687737984,,0.11838006762545494,0.06465506010438915,0.256317865647842,0.10191053227450153,0.08994863103271489,0.13931876625077289,0.020089453333925977,-0.04017833155026751,0.13059720553739207,,,0.1295338497916041,0.10928962412949694,0.18750021972220066,0.04977390548767957,0.08988781769797605,0.33466963306202646,0.14070383545324394,0.08914735671402552,-0.0025839036045974817,0.1324787317311813,0.015901860520131317,0.04977892241026893,0.05140985674207399,0.08595656667155716,-0.006726417514284266
2011-04-30,0.2505966471291601,0.06636137495387029,0.05066658703486171,0.10446249117762951,0.06963792027433868,0.020512713705549412,0.14560418286717947,0.08913049030709108,0.062323058827614464,0.11976098239941524,0.10187707616626929,0.008771526827467735,0.0941179861107122,0.11764684176873019,0.20168019893022637,0.0541192151126233,0.2158233984580813,0.04722200236889407,0.04201680411115216,0.01923119322510214,-0.06349213403436771,0.08683489809321765,0.4011797950502096,0.17054276141333857,0.08748430578733157,0.15618649745240476,0.023890837681162624,0.15503893293988824,0.008333294717896678,0.10169482169821653,0.13157904414275556,0.11409424100789667,0.1211343812344512,0.10151175857814931,0.11622574998053437,,0.0903225672248229,0.1004181299978999,-0.01980196150035629,0.3178613440986082,0.11564460086082873,0.06936464253430885,0.021352060764984415,0.1708665505115865,0.19827258528874903,0.0574713475177393,-0.24207501157426814,0.10572728259374053,0.0864660709212639,0.11914805762288605,,0.13370478897006244,0.05667997085508003,0.07471257065052384,0.01156089220851042,0.05825303958544947,0.04619563077427924,-0.019693815349495325,0.046511409379191404,0.07260718965633695,,,0.05952380663260959,0.05911317587391118,0.0555554778059173,0.07407416935693689,0.025773010091921345,0.14466071317494933,0.16561560709844203,0.08185059272694217,0.04404149229524967,0.022641620236643067,0.07567255998672229,0.07921707160662206,0.07473639021787859,0.10112971563125406,0.07900686554096525
2011-05-31,-0.13555170227844937,-0.01995736674951676,-0.0710659169064477,-0.07888038318094692,-0.0416669342819197,-0.16080288758626393,0.0741047072445482,-0.07984036001076278,-0.06597153524951771,-0.1882353572018648,0.014258425014137988,-0.14347855470798943,-0.17921178433432328,-0.15789484677451104,-0.051281776622882136,-0.003992667927036675,-0.04524884321437361,-0.13990103864058467,-0.0534732484636824,-0.010064230011500364,-0.06609924885912954,-0.20618561824652037,0.16631571836554393,-0.02868647693611026,-0.10679625034910911,-0.017396607018559718,-0.17333340960151544,-0.06711418554240478,-0.10743814381259276,-0.10408228641858874,-0.023255921920827705,-0.12640152681102113,0.002408319845067952,-0.05555541410871845,-0.09848488430021507,,-0.12721892416853442,-0.09356688190821982,-0.2777778112259507,-0.012951684306591549,-0.0655431203443193,-0.06486528521264756,0.19163769365384353,-0.11491421116797018,0.037578152424618816,-0.0326084851826941,-0.23574138105318565,-0.03973504531125349,0.26643602559056023,-0.04942943365286645,,-0.12314315400295561,-0.12229187612307935,0.203606399875647,-0.15779643787794073,-0.12385322337242233,0.10129849390409729,-0.006696165169136847,-0.05555538223083978,-0.08597889177832885,,,-0.1192659281704408,-0.1026227122601282,-0.1108249005062042,0.04043277139881418,0.005395084201216482,0.06876774362693516,-0.15151504802820548,-0.04417170565474726,-0.08087246201659226,0.02952025026670868,-0.08962761617567361,-0.09396837593989626,-0.08958973286857708,-0.09296367590391619,-0.15899590055056412
2011-06-30,0.04212873521159044,-0.02460856523352395,0.027322325436812456,-0.008287317172085307,0.019021828033785493,-0.029941060757620153,0.26651420527681835,-0.07809107125331627,-0.011494516908597041,0.05313998094131356,-0.04950384522381601,0.0,0.06637561443328521,-0.008928540709947974,0.007370969617788159,0.02505788955047672,-0.01421797993184637,-0.009615294965559573,-0.03964753961477019,0.024390432164195452,-0.05147058041517838,-0.019480733416707974,-0.014440589285120486,0.08636355238470328,-0.05434764648086576,-0.0037735792164154125,-0.07661289561639317,0.1618703404021269,-0.16666668985912525,-0.02654891135475579,-0.07142855445309249,-0.03801235920700352,0.019752930202273422,-0.03460231761772681,0.030812207969615146,,-0.006779675119677475,0.05172399396672289,-0.04895100406320296,-0.08403359584971914,-0.004008104867704865,-0.05973317450172233,0.11403610137582132,-0.030386844590918227,-0.04225341290372153,0.05617972006653682,-0.062189007400169305,0.027586108218393468,0.04098353813321598,-0.023999824973895634,,-0.019999860729482566,-0.031389840328297836,-0.1082378075378766,-0.20733167700634492,-0.016217697708669432,-0.04009398334587566,-0.00898895451802506,0.004705683108398473,-0.03103446066742621,,,-0.03645840607869422,0.034120708174198766,-0.02201255012197656,-0.007575316257918074,0.1548912838469032,0.0053621306665807555,-0.05000002236056955,-0.017361277264175468,-0.0027100116368016236,-0.04301074335322841,0.014715595808780346,0.003935845417030848,0.0035433803428310817,-0.006747778019893569,0.017413143027239508
2011-07-31,0.1744679917917933,0.02064223458911285,-0.023936280045043556,-0.00557118826004821,-0.04533328164109918,-0.006171674833849394,-0.03956800202330868,-0.08941179865546312,0.04360507113991652,0.02293589634227411,0.04947846462490246,0.03553372483187878,-0.09827996941832406,0.0,-0.0536585727604213,-0.01999959622422598,0.01442304651779236,0.012944840460001439,-0.0504587752962925,0.0904761930030018,-0.02519379663881316,-0.016556058124465256,0.135531356465032,0.02510479273315802,-0.0344825037037364,-0.015151423432684497,-0.01746738532554748,-0.04235205226433092,-0.03333326932214575,0.02727297926360528,-0.05128216612601899,-0.05498986159052055,-0.033897746009494356,-0.04659487420702613,0.01086962990465179,,-0.08873710323221617,-0.02868844069693477,-0.16911765930458733,0.00917426658105125,-0.02414540652766528,0.057376915709678844,0.028871410952197696,0.0,-0.039915998563670785,0.06382947818137419,0.026525134251308424,-0.03355701719231896,0.11548551100235693,0.03278731220948572,,-0.03790105315999204,-0.06944464922320825,0.057143094843468134,-0.10714237994414322,0.06044076342163773,0.004913922311193808,-0.018140685548314606,-0.11194360734605069,0.04626336368276163,,,-0.051351412672319574,-0.124365516665914,-0.07395516248336831,-0.09923706928504183,-0.1505882045528909,0.021333239029888817,0.03007508444057394,-0.0388690852250948,-0.03804360946764551,-0.0711611837450058,-0.011813761696332747,-0.01710379738560175,-0.015389731220413538,-0.011404899832081705,-0.01711511508041652
2011-08-31,-0.0362320193577671,-0.1438202606794946,-0.12806525353872755,-0.09523789590073051,0.0,-0.2732920356699371,-0.23220792753948105,-0.3359172985547394,-0.19220077696408278,-0.23318430949948377,-0.18362336816989477,-0.1176471009488661,-0.14168925311947367,-0.27027022008544066,-0.22680410718665056,-0.19047692170515684,-0.20189560033437393,-0.07348240452360821,-0.17874391183165472,-0.03930137251600685,-0.13121280737780205,-0.16161628364286207,-0.22258056647970392,-0.13061247117260943,-0.15952419235434712,-0.15961530281332104,-0.12444424502456475,-0.10714261504916045,-0.24137926269135912,-0.09734540246288481,-0.13513518435038918,-0.16163790056425786,-0.1704263551982388,-0.14285687941051306,-0.15860203975631404,,-0.14606751114614913,-0.09282696391358614,-0.1769911406398501,-0.13636364192924122,-0.09072095417046655,-0.15503889311293673,-0.11989781449618742,-0.1310541348781522,-0.1487965883006953,-0.15999992959681586,-0.26356585398825416,-0.013888930160938506,-0.15764710605378784,-0.08730204397339014,,-0.07878761285512859,-0.21393031304630938,-0.13783807416864147,-0.1400009981693392,-0.19171111793086526,-0.13691935706942537,-0.12009228262743865,-0.24367122184760304,-0.10884359882685724,,,-0.19658118928054746,-0.18260871549157554,-0.14930537767850638,-0.22881361720385607,0.08587265449963977,-0.08877280301871526,-0.20924569024858863,-0.01838259240465412,-0.12429374392118386,-0.16129028910611642,-0.1380733253686275,-0.13244000821393953,-0.13403170713330648,-0.16120280434931988,-0.1542288519449595
2011-09-30,0.0,0.11023602079616568,0.13750007480225523,0.0712074016921107,-0.1843574710018021,0.14529621018977457,0.16829208606945945,0.15564210604619522,0.09310325372133965,0.10526406272864164,0.042553910385140226,0.08888846504557413,-0.05714304111079782,0.08641977903734577,0.1999997926922641,0.025209587457194704,0.14489278174453357,0.13448274487974676,0.08529410403492554,-0.049999609986651206,-0.013730034006235181,0.17670669551009976,-0.012448185977680493,0.20187815647172536,0.062322868084483174,-0.1372999527997777,0.0710660294711234,-0.03636393649037872,-0.030303006152208045,0.04901977943275404,0.06696449215537226,0.08483328539072321,-0.01812660733256799,0.15350874140056558,0.15654951896398805,0.029762180802199945,0.06140363762101719,0.22325573670193077,0.010752677834782398,-0.09473680404947582,0.08389967900518025,0.08257013624680587,0.07825987407305224,0.1508196771956274,0.033419023391164426,-0.011904156435252555,0.05614040021074396,0.1056338928471503,0.011173492713987931,0.03913006025674792,,0.06907880309577696,0.10126592769214526,0.12539229278843922,0.08139597947622113,0.10769330604782712,0.031161524900745752,0.11548544192311683,0.13807561653884348,0.09541986251794565,,,0.18439684642971743,-0.08156040683743526,0.036734623390052956,0.09890050218847657,0.015305987474495408,0.025787801714011405,0.18461555021592013,0.03745322607474044,0.19677424484913386,0.03846163083690324,0.15225347481036522,0.12039445337277277,0.10653786476003457,0.10354329566221199,0.2117644792786575
2011-10-31,0.018797065313179928,-0.0023639575986678096,-0.10989018843791232,-0.031791927402847975,-0.03767117806964704,0.0895547593344681,-0.04384143494914716,0.18518514020273402,-0.006309080562625691,-0.015873561343200948,0.1253639844718748,-0.045918478390497564,0.030303100623418677,-0.03409088941871252,-0.0500000431891191,0.030055624045321805,0.0020746230581056846,0.015197689693905891,-0.05420055408735369,0.02392287048000563,0.051044248252227975,0.010239022736624914,0.13865533648922357,-0.04296867784735403,0.016000153243665105,0.018567659701064665,-0.09952606534955855,0.06037769656105407,0.015624811040373165,-0.004672853729645543,-0.004184078400601421,0.09241668760825994,0.11999980982898895,0.02273072377484131,-0.14088400836013404,0.21387292262352053,0.004132110639342601,-0.17110261874358768,-0.021276575507703344,-0.07364524013512974,-0.13389083403647029,-0.025424840355448897,-0.024193262977019625,-0.10541328131807948,0.07960203492480922,-0.0120491148617895,0.04318931601125797,-0.006369486722775153,-0.12983423537062588,0.008368745739377292,,-0.05846140849835846,-0.01724122713253251,-0.06685241245598772,0.0645164979185393,-0.11805658429417942,0.17307669826046013,0.030588210824665563,-0.06249988197771361,0.059233576984665914,,,0.03293445992007893,0.11969107985010008,-0.03543300528531901,0.0,-0.05778902410976583,-0.07541892543187056,0.04675289796006976,0.0072202870954967135,-0.18867921263656173,-0.03240751740193193,-0.14014289495078758,-0.07756531366361652,-0.06084263835343451,0.018627335534802558,-0.1893202638955357
2011-11-30,0.11439105828826235,0.06398114935320032,-0.003086205413438181,0.08358210918827269,-0.2597864620728292,0.034244936316414565,-0.05458644376957189,-0.16193180362561777,-0.05714288799701539,-0.059139675268848,0.03108823009001216,0.05347577623991007,-0.07516353938398013,-0.08235296226179734,-0.10526295052314905,0.013261231453391531,-0.07867494166960765,0.008981891794591856,-0.14326647525321046,-0.037383071481074115,-0.035320183846088815,-0.03040520912986089,-0.19741698867263668,-0.15918370028712392,0.02099731749965361,0.03124995270747788,-0.15526325111383843,-0.05693980244668195,-0.18461538283683854,-0.07511741058908927,-0.10084031701501406,-0.015184337147809424,-0.10439576688312768,0.10505830982449393,-0.003215566289380023,-0.023809736488972444,-0.04938273401544069,0.0,-0.21739128744669833,-0.029290560514117825,-0.0917880987459998,-0.0695648192756394,-0.01928317946468927,-0.015923437496753956,-0.19354842150237017,-0.06097584534087097,-0.0987261734461764,-0.051282038494154025,-0.15238114012842208,-0.12863076636842496,,-0.045751772552052206,-0.14035075114162354,-0.07164192293883487,-0.04040420626812058,-0.11023382466815912,-0.08196701735111833,0.036529682154693655,-0.07058843869354614,-0.023026615698321762,,,-0.03768118936757803,-0.21034488722539202,-0.17142841617378057,-0.009999357884856841,-0.031999942513899815,-0.05740176388178064,-0.01985113050351872,-0.01792113425957409,-0.10963477793838061,-0.13397125478343308,-0.025269435280380503,-0.025831451563316232,-0.027535781720481767,-0.030731927438077733,-0.08982017832828215
2011-12-31,0.08278167657541213,0.040089149694738424,-0.07739972435882692,-0.05785133943442833,-0.1298079473381042,0.0860935677093786,0.016164936982161482,-0.05084752572272777,0.02020226083990595,-0.09714285211993579,-0.02009960814017997,-0.030456588534306883,-0.028268472311528847,0.012820696935902154,-0.0032681454392468057,0.07068148709182798,-0.004494302505056447,-0.10385751132703269,-0.07357860465168198,0.019417580763870124,-0.13501138812431124,-0.03484358552104405,-0.016091952197436088,0.09223271762284413,-0.02827722318172954,-0.05808086042539551,-0.07165104124612531,-0.0226413452411669,0.0,-0.0913706707298736,-0.08411211139015096,-0.04625546059010499,0.015337489465044207,0.07746478736509799,-0.03225802775919162,-0.0365854566137791,-0.025974080939544564,-0.09541288705802975,-0.02777783296726144,-0.08620523897452592,-0.11170152405345157,-0.06542057549079361,0.2415725615590767,-0.08414235686654814,-0.0485715731073767,-0.012986290628697161,-0.10247350102695385,0.0675675936150848,-0.08426967627956317,-0.05714224147219171,,-0.0410960997508143,-0.06122470076522768,-0.09646323547642732,-0.06315832484999662,-0.14159400456553328,0.025510057502861727,-0.02202648001739871,-0.10126601634174204,-0.09427601067231517,,,-0.08734943113775162,-0.034934611262691706,-0.022168249537671048,-0.0858584554347569,-0.041322406074065454,0.06730779997536573,-0.002531409617359426,-0.03284659041122451,-0.09328336008190607,0.0,-0.0817673122119682,-0.0658269691413701,-0.059635592733618736,-0.03212767485468382,-0.10855258433715886
2012-01-31,-0.012232423360681088,0.06423992550142521,0.12080552007304379,0.09064332791023388,0.15469586762071597,-0.02439018664180259,0.024999642248965115,0.1678571159087341,0.04290404292436323,0.044303464038295326,0.007692161720357582,0.015707201133358106,0.229090725258144,0.08860749011822344,0.2622953048188861,0.09290924224725172,0.015801356674004507,0.09933800962175376,0.11191333751412214,0.042857104954973524,0.2010581997084735,0.061371849807116075,0.04672903063055123,0.033333410839097244,0.1322750784940716,-0.01340475812338826,0.22818789085376845,0.03474892958830922,0.15094351259328254,0.0,0.0816325730339762,0.12471169637702184,0.17522734601992274,0.039215947737057055,0.06999994112764085,-0.11645540509419972,0.008889093103378709,0.18661272370831128,0.27142857264499276,0.07075489588973705,0.11077796403447304,0.1300002817563053,-0.15384634794640406,0.22261514506920665,0.1291293013223611,0.09210575717827019,0.07086627919501143,0.07594934527275488,0.1451942919497744,0.03030268402384184,,0.21428608458880016,0.17391278372070218,0.29893309558675263,0.08988832231510346,0.15464063695544272,-0.0049750417506921885,0.027027029639069333,0.10328674977190277,0.1338291270155052,,,0.2442245062605093,0.10859748483309373,0.0730483949164984,0.18784506471549922,0.14080483875149707,0.08708686076270977,0.027918795035408506,0.007546914814499095,0.18930017670699018,0.13812149982866884,0.12074982964738168,0.1233033217396311,0.11517636518949104,0.08811551811280438,0.21771158264499268
2012-02-29,-0.03715172571962555,0.06639826836148899,0.05089828457018042,0.05898134156766033,0.04784735688310349,0.13750145450031903,0.06652021758149895,0.09174317203567361,0.15189849844212078,0.19393950568802576,-0.043257489536796756,0.06700960824806867,0.10650890607596786,0.03488380210987696,0.04415582900432602,0.05592898514655187,0.04444439765071251,0.01204799754762309,0.08441558341027755,0.1232875666800688,-0.011013308021535995,0.12244917927836863,0.1428570571825074,-0.03225813710216685,0.009345326565851853,0.10597844941386048,0.1448087561461997,0.01119403645722361,0.18032785875523216,0.0893855369869041,0.09433961953225944,0.02463996117761691,0.053983869914927096,0.034591185698890525,0.03426778627593907,0.05444135910475456,0.05286335700094491,0.029914536308229822,0.11235957915637584,0.2775334458362888,0.12129410772213722,0.07079629544728294,0.029411799026568985,0.05202297002806411,0.1037235076653813,0.07228877726089267,0.20220582901579576,-0.011764740879597002,0.08214270632252196,0.07843092058341616,,0.11176444854163936,0.06790137686203201,-0.02739736146143501,0.0412373612605923,0.12499678353954002,0.12249992709085533,0.0526317721046452,0.13191497370666672,-0.032786827164873245,,,-0.01326275955422973,0.1142861903305663,0.11267605030843009,0.01395439700820833,-0.05541578214160614,0.04696127482364587,0.06666669758498567,0.018726840276483747,0.07266449267256547,0.08252436174162314,0.051738761381779685,0.06008289330263583,0.06209228756249674,0.06005581639352808,0.01212145137335896
2012-03-31,0.04180062056965794,-0.06037733836274706,-0.0028491606462636154,0.07848104674997147,-0.013698987397856244,0.04395581373384516,-0.014551335329249349,0.11764706306892503,0.15384630480791728,0.030456791574826614,-0.01861659992679543,0.06280223410191899,0.06381412616622129,0.08988730557583913,-0.009950169649408425,0.12288168016452494,-0.025531877296515626,0.04166659254328242,0.053892236940961125,0.09756132473365176,0.0846326314975645,-0.04848471669599208,0.007812659886953899,0.011111196566184534,0.04166696877425613,-0.06879613369783677,0.22673032600340348,0.018450195270208525,0.16666664927232322,0.07179501887259598,0.0,0.1382770541789471,-0.14390196074490325,0.021276201706969866,0.06325339565009092,0.03804317500423249,0.008368217952619883,0.05809110467309386,0.19191912745544037,0.006894926341306951,0.05528901334319647,0.024794166184589406,0.20779208838367258,-0.005494479236629046,0.016867239631362496,0.05617972006653682,-0.006116267682100829,-0.03571423885251335,0.01944744691734135,0.009090424540568964,,0.013227570670924838,0.03468205553789949,-0.04507065444284786,-0.009900990843683788,0.07142933143827923,-0.01113587656710091,-0.050000174324410174,-0.022556510351184333,0.04745721887949972,,,0.02419373687690274,-0.010989284356474727,0.13502119315259908,0.05250326532895522,0.031999942513899926,-0.0395777177810086,0.053240763889221165,0.036764483757718125,0.09032256888874013,0.0,0.04831297020915848,0.03051176237245401,0.028026514126540336,0.005076656582087891,0.07784459963982937
2012-04-30,0.20987639827674265,-0.006024177331568903,-0.05445542434728268,-0.030509146155836664,-0.013888580061802824,-0.010526344689203437,-0.09071661947959209,-0.03258155462309675,0.03333321994429039,-0.08374369305053864,-0.008129847027633863,0.018181920807536445,0.08311665171969351,-0.051546215555944186,0.017401694645106103,0.0,-0.016674961683593836,0.1314286397406872,-0.005681812794001595,0.0851850020631495,0.059548276981807424,1.681528691276232,0.20542625106741275,0.08571449545997245,-0.04283526682134575,-0.14511864779065964,-0.03422347309904694,-0.03260859972490249,-0.01190479811339562,0.028708091655147427,0.016199095199782132,-0.03169013618258265,-0.005009082644471086,0.02215197481596287,-0.0849861203019241,-0.10994784725729634,0.02074688689236459,-0.035293908748520786,-0.15254233521108174,-0.027395759913635742,-0.05842083626967354,-0.016806412076097565,0.11827961138117349,-0.08229789180885372,0.08135060540805972,0.02127721143554373,0.067692346977541,0.012345635532326815,0.09655162181657873,-0.05855839009160613,,-0.04699732843815263,-0.07821235558895145,-0.11504433083891241,-0.06000046034293727,-0.07407474963777949,0.040540528258998565,-0.03728049353249263,0.03461535253442771,0.03559905296604571,,,0.0899836277353594,0.025925741868425556,-0.04089210030959034,0.017855985022831256,-0.005167668329017938,-0.05732540010601983,-0.11597900693480379,-0.05673746701644233,-0.0680473345810273,-0.02690582472573766,-0.07349093206262003,-0.05105152481679187,-0.03864918800899164,-0.02225480072801833,-0.09722244589981577
2012-05-31,-0.18593592837715367,-0.113978048593941,-0.12576718660580855,-0.08974373756387188,-0.1267608283942624,-0.01063832739022974,-0.05453532076658052,-0.09067353189798755,-0.06766097372616209,-0.1397850796279776,-0.11238452946090616,-0.10714286413061447,-0.1007191884230898,-0.15217394904099368,0.015584458802207601,-0.07370949260542081,-0.13793097473367422,-0.1296242013021074,-0.03714288984026226,0.049275244586459266,-0.060098090422962436,-0.08991619316389954,-0.09565914796494224,-0.004039977792830607,0.0458012595203352,-0.1944446219373368,-0.04008893467752961,-0.06367050139803798,-0.14457830561757923,-0.13953490422722292,-0.11255408336640293,-0.181253991813492,-0.053818113067751305,0.0,-0.05117182437808088,0.03235312573079341,-0.032520391200549725,-0.04950358841006741,-0.12999999523162842,0.16698446361343522,-0.06467681768030231,-0.11965805366404236,0.030769326891075366,-0.10429466893135364,-0.16867484748975492,-0.09862387232500636,-0.10086460281062748,-0.05487809506339558,-0.16666666666666663,-0.10195241753593853,,0.023222360962779964,-0.024242278168654208,-0.13692289773339028,0.0,-0.07999721289234318,0.0022921053973059546,-0.07289283184402173,-0.06319691047934417,-0.11282279444653442,,,-0.18509004770510895,-0.15407779916481512,-0.04036821733783158,-0.0394727254459315,-0.10317653895751322,-0.12987014066415126,-0.05449611289071732,0.3404942483326703,-0.05253011474644398,-0.10138244636485383,-0.0848331982628926,-0.07759182033025835,-0.0818375452041954,-0.09522740701734245,-0.1046155088394447
2012-06-30,0.07547159110734647,0.07674439913157904,0.1614036261529348,0.01690134278254396,0.17741976991439956,0.09320371390161042,0.10129674696387236,0.014245059208458866,0.017412928004062023,0.15842387138780278,0.03246886683942973,0.09999989773649975,0.10666616124563655,0.1153845491030745,0.16879807880944386,0.16424088194940745,0.08285697303611217,0.06461535615641711,0.08605347481295111,-0.01324498318497802,0.05648519855863632,-0.06400014521110686,0.037037049673164235,0.13821129433408563,0.01703153001176827,0.21072800933705338,0.29002310983598245,0.08799973377183368,0.12676052909537727,0.07539111262851561,0.08292684678059725,0.20646776071343464,-0.06511649655423946,0.015480065790841602,0.18729066190142274,0.008547101119842138,0.06722685697090114,0.23580798448914453,0.03448272554637244,-0.00943385932431906,0.2765963292248128,0.10679506882389744,-0.011193894147442207,0.2405823637795126,0.03768137369195923,0.23456724834013398,0.14743597976491518,0.02580653041296932,0.13207543191306903,0.10989006957302183,,0.03260879266307204,0.14743593283703116,0.16078467878957503,0.08510699681362421,0.12726973242293194,0.07760506346963658,0.12530691107654812,0.2619047969536221,0.20802914053894073,0.002680940309529367,,0.22082043893741043,0.06493490970792193,0.13991760241304374,0.15525105065068656,0.1567401733273579,0.13805994949749434,0.11527397590093691,0.10862613968168167,0.26599315272971125,0.07179472568629763,0.20846287860617396,0.15076995962045214,0.1351052532057606,0.07985663632471063,0.27491432107640223
2012-07-31,0.0,0.053995610625520385,0.021147913486563086,0.06648200547198924,-0.03652991684763396,-0.036268255266956984,0.009435032659962816,0.0814606381733729,-0.03911995349650044,0.05405490143714653,0.00943397755723252,0.07727236657351155,0.18072304756825197,0.1494253820717646,-0.02625827458481156,0.11160818591414579,0.05804738810684773,0.034682237229912705,0.18306006070032632,0.04697975976660751,0.04950524303310089,-0.3668944699167047,0.007142846333166419,-0.0035714244649978077,-0.040669334787544864,0.0569620551423442,0.08633064834236714,0.03244454208470193,0.012500132675363762,-0.015872927639791645,0.08108105607710292,0.07216497065450711,-0.024875305868864328,0.051829229489681605,-0.014084392190790163,0.0056500372481791405,0.17322846962277083,0.0883392109130181,-0.033333302427220435,-0.041271478997640276,0.09583394100418019,0.02631668403682008,-0.011792628479548428,0.014492820494343972,-0.005586750934856943,0.11000104744548622,0.06983245968706453,-0.025157307589551037,0.14333352580233205,-0.004949619789639037,,0.03684207200142309,0.06703892232834785,-0.06376676801618131,0.21568627450980382,0.0,0.012345827858571745,0.08624436177330308,0.07861625992841992,0.03927515226291045,0.010695187697071784,,0.06976725997046618,0.0772356527792073,0.036100807294783266,0.08695645967311871,-0.059620715052765894,0.12459002978168021,0.023255772759408266,0.08069143842746973,0.0,-0.06698551874317682,0.027958778023797537,0.027995055313201345,0.027436810492127872,0.019330513581361064,0.0
2012-08-31,0.07602355227580593,0.04098352759226409,0.06213030960755228,0.03116902238841668,-0.037914869797596396,0.053763136909319664,0.03504749565350762,0.015584464603251691,0.05343527270441428,0.1794870493795524,0.14953286119983566,-0.06329108618184653,-0.13061207284019682,-0.08999994623241592,0.13033706073518747,0.1268243373584237,0.03491302288396603,-0.03351969907472763,-0.11778290980355188,-0.041666581880799414,-0.0698114340960746,-0.0516606786985736,0.02482262507055788,0.16129071342511536,0.034912592371568296,0.13473060566652273,0.06953659490911601,0.010752661524788154,0.03703696144680846,0.0,0.10833337374427754,-0.030769483492232852,0.03571337589309942,0.03478254857024421,0.11428565520753464,0.07584215214602597,-0.10402681190690355,0.06493510156066029,-0.022988483697581663,0.04304813937786123,0.05323165859772483,0.1794869473700802,0.00477339718725367,0.057142729959328564,0.02528088226831171,0.04504517795374863,-0.005222089084183201,0.038709795619453535,0.1545188212493125,-0.004975569206313146,,-0.007614392240202106,0.05759183042489324,0.06799944197016727,0.04032178424654953,0.04032287963905734,-0.03861797090099661,0.08542709190198305,0.04956258835086369,-0.02325609103041959,0.015872967502651658,,0.06280190214509518,0.09433944404535333,-0.004499171825579684,0.03999987992531362,0.03746389330114486,0.14285721393613438,0.05050502318359129,0.10666678786023498,0.09574461939997292,0.005128178056316823,0.08258786961995401,0.05416927763994028,0.04837417911099884,0.04338503266692739,0.14285696209034682
2012-09-30,-0.01902172852176942,0.05118139438516556,-0.011142078144984247,-0.010075747192052065,0.0,-0.01530703875860051,0.060947540030948266,-0.02557546088434337,-0.07487903322907707,-0.014492896594447857,0.054199509491951625,-0.03603545978318545,0.06572765585066054,0.0,-0.04970182600954964,-0.015151416069086432,-0.07710850448759654,0.017341172913700964,-0.07329842311072454,0.0033445420900946043,-0.07302240856471787,-0.07003885909189411,-0.0519030078649112,0.03703679552378514,-0.045783530567192754,0.05013179893422359,-0.0619193261149914,0.07446801397008729,-0.14285713007762513,0.0,-0.056391184502101455,-0.10714266418592067,0.08866996293677065,0.042016881794536554,-0.03846139911704116,0.03394295141823478,-0.0486892742598144,-0.14634142941965178,-0.05882354178643112,0.0,0.018050347740018013,-0.028985961334414112,0.0023753139841102833,-0.029729575597387536,0.0027397563091233756,0.008620128657197634,-0.018372617935757285,0.13043480361910964,0.015151523703411884,0.005000449287807296,,0.007672816071356392,0.014851366528112253,-0.0674153442602008,-0.02325494845149556,-0.007751952662722106,-0.05919667291022235,0.013889059957519878,0.04444463467890136,-0.029761668788970908,-0.020833432114386374,,0.03181833107089216,-0.013792935219924751,0.10937580073377107,-0.038461427445728225,-0.005555567779949144,-0.01785689408068769,-0.014423120991510552,-0.08192775095623994,-0.05825231037079237,-0.06632649120584777,-0.030560124641747066,-0.015520483475574443,-0.014417829956999362,0.008925720250382962,0.009434313224646385
2012-10-31,0.13573399485366866,0.007490515638003181,0.21690142276798396,0.12213742316382858,0.02955663449640311,0.04663288264557397,0.0021270269169659795,-0.028871413262952395,0.08616138548591445,0.04411726077817857,0.06940876344950064,-0.02803821513777993,-0.013216138592210935,0.010988970949553423,0.23953984046892063,0.04307690580793788,0.07832884230355219,-0.06890873920887486,0.03954805265898664,0.11000023132855641,0.07439842449710143,0.0041841760519287785,-0.018248180581229678,0.03571418091476097,0.07070723886000763,0.02763810497053698,0.09900972973203137,-0.026402542702948506,0.08333327245313149,0.02150544315251457,0.06374535434110329,0.05784207152168297,-0.036198897420232745,0.02448081718428985,0.1413334379760962,-0.02020202275391314,-0.01181100782325717,0.1285713935843491,0.012499987892806708,0.10158562869416765,0.08156070396662063,0.08209024896651407,-0.03554481893115413,0.17270184185120452,-0.019125702177525516,0.1282054761435374,0.018716488834207068,-0.021978086178481293,-0.012437833305178114,0.01989942935808875,,0.20050772773552827,0.04878056235115813,0.05220871248305681,0.21428490469029304,-0.015625234275943534,0.0,0.0,0.103723345520226,-0.00613521104436765,-0.0026594514638002,,0.10132153594350535,0.01398584101909739,0.0,0.030000285177380404,-0.02234620742875848,0.018181560276771647,0.06829265081262803,0.06824175054359216,0.08762883305143743,-0.01639352127787619,0.13633799013692594,0.11058503960664545,0.09235853841064712,0.036231577019874006,0.07476614909662982
2012-11-30,-0.021951197873164685,-0.033457103616261974,-0.030092567103461088,-0.01814070050320149,0.023923950167876296,-0.009901079083159292,0.01698723701179583,-0.054054084166904826,-0.004807447811200682,0.14788730922234006,0.29807815299130924,0.06250038629780619,-0.06919625312151967,-0.03260857813087337,-0.08438835596554173,0.0,0.05569017132896348,-0.05882370138155946,-0.03532611741376224,-0.024024386299346112,0.059062984946511854,0.03541655743515415,-0.033457163268745926,0.005747235431621478,-0.011792780734605657,-0.02933972411215946,0.09609610627594445,0.0067796086519724685,0.10256412973633289,-0.015789541450982436,0.04868895803495232,0.0,0.056337945073518414,-0.005434939757642643,-0.009346037455489897,-0.04639191971230017,0.067729185360069,0.09493657746533368,0.11111107840623058,-0.008645674492438915,-0.05573763807482901,-0.013794047549276489,-0.004914039105480161,-0.028503420581024064,0.005570994438777399,-0.09848474246688688,-0.002624644451489244,0.00561795788370989,0.015113358871170712,0.07804969841325526,,-0.025370199693697693,-0.06046507324321093,0.0038168978827133326,0.0522880074546217,0.007936594205281589,-0.002247044145782362,-0.018264644064770463,0.26747013898137983,0.018518574990673775,0.010666667459366508,,0.09000006552934758,0.03448320923234438,-0.010564063120313882,-0.04854325693024919,-0.04571427154967267,0.14030601805171705,0.08904108115066434,0.08845190564703342,0.026066396912532985,-0.0055555265870848025,-0.005742137370598588,0.007735695929951492,0.007300627580979047,0.03175808797852442,0.023913036378807373
2012-12-31,0.02244386765305606,-0.011538679516433503,0.050119333143726186,0.19515026065183627,0.04310904996238474,0.0899992844278894,0.07306596072700722,0.30285714453977497,0.2367149608600303,0.042945325791347244,0.12962915035136668,-0.036199437808405954,0.009592438569131723,0.2921347500049343,0.078341162282205,0.24483718224580153,0.0825686402798822,0.03846157828467933,0.08732392871647043,0.07384628442268837,0.06923068347199379,0.07042263358467715,0.0576922490969487,0.05714255490958475,0.0906927843725931,0.017632352428575748,0.17534237224634275,0.07407424651860639,0.06976748046857084,0.06951867194140826,0.11428568634249126,0.11344522834598769,0.08888950945841012,0.1693992487702285,0.09198143361269717,0.22972998550437396,0.05970138016553039,0.011560780327072306,0.022222267845531718,0.24709499457616602,0.07291610803928927,0.048951178742662194,-0.029630028380221995,0.13202928214911314,0.07756231152614546,0.058823736716365316,0.13157895863750713,0.011173145506535587,0.052109072189782335,0.2533930628298353,,0.06290693522460322,0.024752355091583134,0.12167302735133867,0.11801248624741545,0.11023740929016501,0.02702686608768201,0.07441850922203086,0.19011392363861246,0.09696954373881295,-0.005277192305452427,,-0.04128445987502871,0.08333315287417298,0.145907721516213,0.16836633550110225,0.0359282167497188,0.3031319954288141,0.07966467097278573,0.09029347310919289,0.0646650670550426,0.05586588257282821,0.06625519943991454,0.07323807359124412,0.07048998641753168,0.054522999309143394,0.10403401259923739
2013-01-31,0.014634181618538022,0.023346340153546752,0.011363676608714846,0.14975834603752958,0.030487848757137836,0.013762358911730388,-0.007778790885785369,0.03728081971651864,0.062499711222761434,0.11764707653266826,-0.016393067031441166,0.0,0.19239881680276216,0.034782715078891746,-0.017094119806078778,-0.03317499277678282,0.050847823920732615,0.046296357118726705,0.005181404116229027,-0.022922799305443498,0.0503599007871256,-0.01127825681394834,0.025454471882465635,0.15675703836977006,0.12144389287246438,0.01485146111514446,0.04662010182241927,0.04388719767657334,0.17391299731255572,0.009999993996611778,-0.0032052646430620335,-0.0037739062445568683,0.020407832484622634,-0.0654207471773035,-0.04751631654222166,-0.08131900521561164,0.1338028813774712,-0.005714295417369564,0.021739109308373195,0.0536119251159346,0.051779863061116815,0.06666729800386961,0.0,-0.008639435568385534,0.007712167807421455,0.2539679558471646,-0.05581393500682752,0.3093922758800729,-0.016509342580983022,0.10830405221074924,,0.03571405404867778,0.014492715239004417,0.04067785132119117,0.050000215231848166,-0.00709226747152869,0.20065806329686975,-0.05194815713179013,0.044728456932371596,-0.005524677015344093,0.1379311636327365,,0.014354166997623041,0.15692309195778353,-0.031055465652178205,-0.008733353624341356,0.06647395535515233,-0.1502145636682931,-0.05825227210616113,0.035196544653154804,0.11496742524767778,-0.010581955488729755,0.0001766015889936856,-0.0014396893089017038,0.007353517310831448,0.012641358831345206,-0.007692321581400874
2013-02-28,0.14182701510272144,0.026615943713396373,-0.01797764633429244,-0.11764688383831967,-0.005917224457964498,0.018099281040807824,0.0,0.002114062409780626,-0.0073527538923182645,-0.02631591423235835,0.05416578681780848,-0.06103228037527919,0.10756989018747465,0.0,-0.008695762464065226,0.249999763872625,-0.008064757145003432,-0.03539820726962328,-0.07731963450678692,0.0,-0.06849313136472457,0.02661602031305854,0.29078029289402707,-0.00700943125237119,0.01951273771288098,-0.029268423186644688,0.017817463926854682,0.012012011728593341,0.0,0.14356441970044598,-0.06109321502877618,0.03787905867493091,-0.07200025039229341,0.059999923636107955,-0.024943336528972848,-0.09569370317784098,0.12422353627847182,0.022988610691423217,-0.01063828775385156,0.026548668012002397,-0.012307425258492488,-0.07500016743924953,-0.152671602762263,0.03050102405518773,0.012755063458964377,-0.0189872469762149,0.0689655932555453,0.008438898903150971,0.10311737231632168,0.009771865922594491,,-0.03448254265650741,-0.009523734933153727,-0.04234541564183136,0.0,-0.00714286470922465,0.0,0.09132431758190651,0.14067276312691623,0.030555543978765032,0.10256411366858043,,0.051886520844159234,-0.031914975309727533,0.022435634812383976,0.022026197238183443,0.005419860555050393,0.19191920062547996,0.039174987979271325,0.13500026964215261,0.07393004117067536,-0.005347646397669048,-0.006281129828291876,0.0051984096804149615,0.006983595449611579,0.011988493507992803,-0.015503995158464567
2013-03-31,0.11052637641622787,0.09259273697152648,0.09886289716865382,0.07017802987608524,0.06547620103540353,0.11868715526660578,0.08459446036126295,0.008438953884990053,0.06666695872386863,0.07027050175526028,0.0869573761311333,0.0049998086211637816,0.10325078966529744,0.05041990291865295,0.14035105919335988,0.039215941106924834,0.10264233049879357,0.03669722318204083,0.016759827507484282,0.03812334864831124,0.12499981074010869,0.033563048574753784,-0.030219959037132704,0.22941193013394678,0.06220068441245985,0.07286435210378284,0.26367614097852266,0.06824913999630144,0.0,0.10822516785284453,0.0,0.03284692796718325,0.008621075043796944,0.24056623605585292,0.12325574834657238,0.0661379706662053,-0.08011046644260023,0.09831444351491947,-0.02150535566956502,-0.05388045023132382,0.08411239115920122,0.04920058531131288,-0.06906910195372518,0.10993663318523827,0.0350824887377188,0.07741870315303978,0.04377871307495407,0.04184096513871416,0.2445653283024687,0.009677300638265107,,0.10714288288348017,0.07211534153059485,0.06462599001301661,0.12698354897510278,0.028777197398415666,0.14155234514273984,0.01673636381198862,0.0026809282297060033,0.03773586208399893,0.1257928340115353,,0.17040375711727473,0.02472538967785276,0.19435758363725397,0.09761608703345304,0.08625355782098376,0.10157266687358057,0.09127001499809873,0.20264302391692968,0.05797092191273645,0.07526883208186819,0.09812064995007996,0.07870045094989675,0.08275549924588188,0.08348858033809048,0.11811046543058623
2013-04-30,0.018957465711781696,0.010169506038802067,-0.004228403290357896,0.014084562205468387,-0.06703911023782705,0.020776525983958738,0.0497032174401304,0.008368010487233901,-0.059027801817077674,-0.02020242437363884,0.036363290993389974,-0.1293528136495561,-0.03333309103375348,0.06400006194026142,0.11826857714971029,0.004716804617415971,0.08027202806458833,-0.04867249295443998,0.0934065671347728,0.03954799464739622,-0.013071810844121234,-0.0636704742720613,-0.03399428548703054,-0.04306226176230221,0.02660462758251958,-0.016393460750510624,0.08025159087288491,-0.013888999226434384,0.12037053014064103,0.0,0.051369944912416976,-0.021201831878763122,-0.007685774639829446,-0.021667008907104712,0.02484472891713474,0.007443749698609947,-0.051051001715220146,0.020531950131882137,0.03296700057711721,0.11845247268335668,0.015830751889206462,0.04666767294047092,-0.04516086727245572,0.05171393369236332,-0.07633592478327011,0.2095815128571712,0.026490147108612083,0.01606430513045609,0.20589531317631193,-0.0031950525356017057,,0.03720927416653752,-0.05829599719929823,-0.028753858643545183,-0.03286347035445181,-0.0279722348737782,0.011999987652216548,-0.08641980802457638,-0.0026737600708526266,-0.09610408422730299,0.09389668609618518,,0.04002950099945113,-0.06970523806726991,0.1102356961091342,0.03614389480193392,0.054590399776856646,0.11065558623484817,-0.021464585778224077,0.16244915016769057,0.09589050685714762,0.13999995004340549,0.008172589946977338,0.0022812858307519335,0.0017113582101886404,-0.010381874950781023,-0.008113573499009985
2013-05-31,0.0862077868546669,-0.08184096506167615,-0.050955445694420454,0.143518513076623,0.005988018395350014,0.08849474365969612,0.2575766732202063,-0.16182560370473098,0.09848022068378626,0.11855687944364046,-0.06802203804927809,-0.022857430029663894,0.0413791020199874,0.02255657993959681,0.017921426222582193,-0.06160094746194611,0.07873221654180451,-0.015752176055278233,-0.022613043652764286,-0.02268160609481462,0.07646476948139447,0.0920001513339701,0.04268961968547624,0.14500574066673821,0.24413173422020762,-0.15509102778556316,0.013100542506791157,0.07323958400283881,-0.12396711767704316,-0.04471562351161129,0.03300194466865203,0.0831873008127193,0.1101428930779127,0.14457841290513684,-0.006702668020279634,0.339902014361428,-0.06329113674072373,0.02813301020138681,-0.021276575507703344,0.015601734898265107,0.005780316482576264,0.036623786424700766,-0.121622253885725,-0.0184331520210268,-0.01928371625740155,-0.19801954503406283,0.006451544607020354,-0.06324119058738442,0.2129277316235041,-0.022435954663736157,,0.07623327729809759,0.056502421772117284,0.06165755578262733,-0.09708730488915018,0.040545428152212626,-0.03149003436379527,0.04054064606704011,0.18567562390258208,0.04801075021194001,0.15021448823912453,,0.12400010410385298,0.06396712168390617,-0.010292408002157805,0.00775287891341514,-0.07028741970533614,-0.12915129871027964,0.0019997450961863894,-0.06514653057394781,-0.06264341107555116,0.06140352275010397,-0.016069522432982097,-0.0028852001788186588,-0.0006508152889030949,0.0052136412139329735,0.00719419604746685
2013-06-30,-0.051502247489029096,0.04089227553521679,-0.12080540308965626,-0.08097158144251715,-0.17261903030193793,0.04878021844433067,0.021085291161019315,-0.16336632653061223,-0.020339107351602048,-0.15207400704379748,-0.17624500549544297,-0.1578952719235175,-0.1769173187596459,-0.0882353580712939,-0.10211278298975712,-0.1390861955060394,-0.16018956660373374,-0.19230774526608074,-0.12853470090390062,-0.05536732346012674,-0.02484463576058249,0.05860796003591284,-0.1681160060102166,-0.03056781174880796,-0.007547433113708313,-0.11143700987672167,-0.15689670558635938,-0.11286096123688794,-0.08490549987133433,-0.11063824694740254,-0.1197410467040958,-0.07618788041713231,-0.11160715127225818,-0.06666675168257097,-0.13195883442230671,-0.10661771602324988,-0.07432433524550408,-0.18656724401281632,-0.1630435141757658,-0.12765947521539456,-0.18103480738574318,-0.09677430329339842,-0.18846191405412183,-0.13051661330169018,-0.1095504805270554,-0.11111119329356645,-0.1559829169415341,0.14741012140437193,-0.156739768122797,-0.07213074598443281,,-0.15416682509649837,-0.16129032713558067,-0.15094377152504834,0.005376384487822516,-0.17856998318744888,-0.04641354788332408,-0.030303073084183785,-0.008620676305860608,-0.048991419816528325,-0.17164178276725173,,-0.14234889508385795,-0.12841531496972836,-0.1466995066644886,-0.1318322338546758,0.03305799877689908,0.15254229925825502,-0.0598800910896492,-0.024390211876639922,-0.19295303685711018,-0.0330579298214293,-0.1540947527453943,-0.12335195453341274,-0.11275146081630816,-0.07437418239385674,-0.2160714284236951
2013-07-31,0.07239826697408791,-0.04642868911756115,-0.05343497171034106,-0.03964772702215669,-0.050359664721725594,-0.04651138302044544,0.0914432184316345,-0.09467461620366358,-0.017300663148631656,-0.005434477249350089,0.1116279586022646,-0.055554783393492624,-0.13145525613698428,0.008064341869298053,0.011764808270019245,0.03773590201446386,0.0,-0.009523655636945572,0.047197593646278735,0.06459319522004048,-0.07643325340974338,-0.062283692720183526,0.12195138054758492,-0.018017980783363252,-0.14448678798761616,-0.029702772995246596,0.12474431934034902,0.07146665431861843,-0.02061869486486745,0.03827742314570326,-0.018382265709402157,0.10515430525930647,-0.030150972897019512,0.04135334887242026,-0.09976237364416962,-0.028806818170122428,0.11313865232849518,-0.1100917845941971,-0.025974001846660322,-0.07561110580813346,-0.09824591525688031,0.0,-0.03317433380010659,-0.07775359062120668,0.0,-0.024545695601560724,0.037974696581124734,-0.003999996185302779,-0.04832720383419353,-0.042403313995312164,,-0.0482757817099525,0.049450363517350215,0.07836239080774066,0.02138980300907445,-0.08695719214782449,0.07522126113003025,0.00892847496176552,0.0880001176695775,-0.07575749582826552,0.20720719514396335,,0.06639038508815953,-0.059561123076817823,-0.02005709664784816,-0.02094196711073526,-0.0693332786263976,-0.11029402238651809,-0.12101907652200916,-0.0642857359159954,-0.12058212343491836,-0.10256409592883464,-0.08205208039933587,-0.04149683341499388,-0.038233443533112976,-0.027504127535585066,-0.03872448343698309
2013-08-31,-0.11814352550494711,-0.11797757091010941,-0.08870975272622239,-0.09541273169149878,-0.12878793146874956,-0.11382185856236271,-0.14594485987080918,-0.12745095645284144,-0.16021133134193588,-0.17486313001026943,-0.2100421748718473,-0.20588265308424303,-0.005405096480484262,-0.04799975969472614,-0.2015503781252711,-0.1749999884906287,-0.11060960622312366,-0.17067317370164503,-0.2478872923500074,-0.15730327353267737,-0.14310353632787742,-0.11070106744049057,-0.1863355120019231,-0.12293576477753321,-0.10666637627330955,-0.29591843881753854,-0.3036363396645405,-0.03333338829424559,-0.09473681795940758,0.03225815027325085,-0.1086141943136828,-0.08768664587751873,0.14507780151032112,-0.07942231888378293,-0.0712401185571333,-0.18644047229447636,-0.19016385258416657,-0.10652916492104503,-0.13333336512247718,-0.1503960856735208,-0.07003859617628583,-0.1571428033341996,-0.1372551890680458,-0.035128907828457456,-0.10094641297185447,-0.14529879533574241,-0.19756088219500167,-0.020080302058146038,-0.14062498094435083,-0.0036902278340286143,-0.0035714615682918005,-0.09937899942848616,-0.09424066047359025,-0.05395700103005374,-0.041884437359754445,-0.1428583491376182,-0.0905350143035678,-0.053097308166895174,-0.22549022305548316,-0.298360611947187,-0.12686557148374566,-0.08298750958394763,-0.17898834564521648,-0.10333344882112705,-0.14327497275859002,-0.08556198031177242,-0.10601745344389613,-0.1074378901689973,-0.05314015328326427,-0.19083985317687802,-0.05437354047680332,-0.23333329248378087,-0.07939408528419312,-0.08708088249536738,-0.09516685346144849,-0.08307544649127796,-0.03791466176528224
2013-09-30,0.11961733770706151,-0.006369446809059154,0.09734522342536556,0.01825561092463679,0.13913040864219672,0.26146887046355927,0.3512653016617526,0.1048689481926266,0.19916119124996734,0.10596021102996822,0.26589036552397305,0.13888880810311255,0.236412522205647,0.084033221734239,0.1407765412483406,0.20936620056271726,0.14720805322418729,0.16231891851994362,0.07116097879128391,0.10933311459532469,0.05030193141784434,0.09958500723286368,0.25572530750900846,0.07740571877424407,0.28358228841747235,0.2705314966736987,0.14099227605918352,0.05172404661040719,0.023255885073683036,0.1339286955993224,0.1470586669050873,0.22699386830587787,0.1583712499958001,0.0901962934323901,0.13068167935724473,0.11197919024348235,0.19028322998963043,0.13846159015003368,0.09230769936149663,0.21118363444969002,0.11715496509005296,0.1271190870014045,0.28409132236915324,0.13106779099727794,0.03508766147081421,0.13000019628345583,0.030394999032425707,-0.016393426604503047,0.12272731788128599,0.007408004086940867,0.19713269014079682,0.12183919843589397,0.1502888627485499,0.05703440656376335,0.027322530037190873,0.1777795478851738,0.2895927293320033,0.11214961066827156,0.2183544254915033,0.06775687895994831,0.004273528431912199,0.2714930618217508,0.16587663265614117,0.05947978679228361,0.15699671953570404,0.046783914529791915,0.12500015272149145,0.0925923907244024,0.089285717912158,0.3018869601493612,0.15250012518284795,0.1801242323627732,0.11847658226453639,0.12658635476080993,0.12188086045228896,0.10430205990897545,0.1083743516331912
2013-10-31,0.0,0.08974357934964461,0.05376350624292181,0.11055784376805189,0.022900833518668895,0.010909615512673332,-0.0327861718990905,0.03389823402845793,0.03496497600663284,0.06586783479115987,0.07949793317412146,0.12195109784232261,0.07912078885959106,0.02325594319474522,0.08510641037803279,0.07517074980412586,0.011062105540171174,0.04738143539814055,0.01748258481428655,0.007211650214374643,-0.08045973971405873,0.10943383066189605,0.003039430440141988,0.11165071227457757,0.0038760486036617525,0.09125474982418003,0.09839815131905638,0.043715896903177454,0.022727169870642827,-0.0039369202445460605,0.043956104370382,-0.026666715977360922,0.08203087720495605,0.010791204820316702,0.010050498049321455,0.4098357467775511,0.1394557599317201,0.09121620829130817,0.07042255412962395,0.03846150963196138,0.026217741722753374,0.0827059250840505,0.22123927451868086,0.05150230897314945,0.22711862363501711,0.11504410709590918,0.05014750607715923,-0.004166662527455567,0.04858283312490763,0.15808793513693664,0.1347304541020462,-0.028688669757602314,0.0,0.057553556190378385,0.005319188912787043,0.037736227817471324,0.017543922615839147,0.0420169291426602,0.015584418054244153,0.05470461219041067,0.12340412774795384,0.07473315082514986,0.0772358080700366,0.10175395383761132,0.1268438247003847,0.08938591525941564,-0.017093944523959737,0.11864425185436267,0.06088982015185884,0.10869578388950951,0.04121457136740059,0.0789473579374218,0.041240164962395465,0.035768830466628376,0.04207199057344346,0.07633591724140776,0.028889161831009647
2013-11-30,-0.004273495361995616,-0.1019606575351879,-0.056122390098396924,0.03138995291519264,0.0,0.014388477401498179,0.01937059380115569,-0.0491803126353999,0.09459457624725376,-0.011236011915030653,0.1511623483092044,-0.10144955919756782,0.022403251235981525,0.030303262769258987,0.06666658754892452,-0.05296591393606287,-0.05470463714421947,-0.04285696920499382,-0.04467357752802548,0.08830564790033124,-0.03958336220531944,-0.006802580337786912,-0.06969690863142042,0.013100320037598312,-0.0038610828588381274,0.04181178461404689,-0.1375000953837282,0.08376956157344417,-0.06666662213714492,-0.043478429405326535,-0.0736841612517225,0.14726019054004968,0.010008272333328794,-0.07473276161407305,-0.05223891325025065,0.07973449008172584,-0.03880589804594803,-0.04024774929550956,-0.06578949019519265,-0.03457023418673788,-0.051094790487696384,-0.020833079582053493,-0.04710211512660334,-0.026530533659308908,0.016574652201261753,0.04761886845259777,0.01404491043692735,-0.0041840962444885665,0.003861119369561683,-0.028571328206247082,0.1160951424060821,-0.027426023755106166,-0.04522611982084379,-0.06802693556858208,0.015872491454232085,-0.009090997019742919,0.0379310729436082,-0.012096987965232397,-0.043478236444545626,-0.012447945748725209,-0.018939333801071268,-0.03973507995027137,0.0,0.015923866987830104,-0.03141377706425852,0.015383983423815195,-0.04927531689975673,-0.0037879858845907277,0.013245105268448354,0.08496726945084854,-0.04583332011165442,-0.11707315632279558,-0.04952207427540234,-0.024239749330463467,-0.024118719293206192,-0.011597356903741751,-0.06911469755121535
2013-12-31,-0.18798289966974835,0.01528383901272945,-0.09459464327802802,0.02608705799829436,-0.10447759866236506,-0.053191814039494356,-0.047506818698368924,-0.11034481533160168,-0.27932097138402434,-0.12499970920778425,-0.026936300536926527,-0.19354871203862545,0.04780871474572557,-0.02205900424691354,-0.10661750116729596,-0.03355689871265899,-0.050925815839996114,-0.1417911672909251,-0.2517985808948673,-0.04824571921843901,0.026030417191417632,-0.16438359890291088,-0.22638422503219502,-0.1077586218859341,-0.1162791943207826,-0.2274246974362758,-0.1908212307831718,0.014492779870568961,-0.14285713007762513,-0.12809907504813556,-0.20454552345607147,-0.10149239657895004,-0.03731345303120415,-0.1269232883937782,-0.0866140804927672,-0.17538459951958696,-0.3142857696580056,-0.21612903645338477,-0.15492951834492508,0.04859478474113432,-0.10577038790448035,-0.007092137460895764,-0.18250974546445764,-0.07756819867103071,-0.2418479306341561,-0.19696982966901155,-0.11357334383311657,0.0252100587791928,-0.15384615384615385,-0.10784283041223275,-0.14184405681612444,-0.06290679942566768,-0.02105266213512369,-0.007299353518964269,0.08333384108019226,-0.24770852998787263,0.02657807400511447,-0.07346923076761402,-0.13903745130134015,0.0525208676446105,-0.015443988412503828,-0.15689659903073339,0.011320572359420966,-0.21943560148622265,-0.25405434064448174,-0.07575772543286163,-0.09146364913025085,-0.06463872977675889,-0.06535956837711643,-0.08433752119856242,-0.16593883461588,-0.14364641669522182,-0.12421224934728226,-0.10735988143475694,-0.10490788672688167,-0.09939127418053006,-0.1368911749900381
2014-01-31,-0.11205072087374512,-0.015053759771840314,-0.14029870434125324,-0.03389848482473268,-0.16666669978035686,0.10112347070510586,-0.0673313826794284,-0.17054261436975127,-0.002141209380989828,-0.07142838152351405,-0.1591693420800584,-0.05999944923740208,-0.04942969935697239,0.030075215326375915,-0.08230464761323986,-0.09722248109423515,-0.0731708439473997,-0.049275331195056116,-0.0048076878990646055,-0.11059891417504386,-0.19027485476132433,0.02459009662770284,0.021052427955865927,-0.08599031870449059,0.004386055617059403,0.008658008330973077,-0.03283573584040478,0.0761905626166699,-0.027777653118317036,0.009478735182555598,0.0238095691874034,0.06976770406674815,0.050387603604227005,-0.12995588624416998,-0.1436783832340477,-0.14179127808860703,0.19202907766901567,-0.08230453016283323,-0.06666669978035689,-0.14390160667750984,-0.12903228700564484,-0.10000027840131487,-0.06976698448412666,-0.12954554066156032,0.05017955692396736,-0.0849053302397913,-0.08749996662854054,-0.02459013990675485,-0.12363639717934494,-0.07326081586173816,-0.2837466116570554,-0.13541671307112002,-0.03225811234295828,-0.08088253874462448,-0.028846297824101308,-0.17073364626874776,0.09708735953098402,-0.01850237925215903,0.04658374430068224,-0.059880378927933076,-0.0862745312900175,-0.06134966552160548,-0.20895509839991144,-0.08032161176608776,-0.025362058848641955,-0.07103827315246769,-0.06040255266636141,-0.15447155742028473,-0.13170167225358742,-0.08552612974297114,-0.09685864222274909,-0.09677418094621215,-0.12696657899505703,-0.09327223690623754,-0.08766014209567174,-0.06743698970014766,-0.14516099102246283
2014-02-28,0.1523807587465853,0.017467352174170836,-0.006944496064886119,-0.057017478970367685,0.0,-0.04761867812477805,0.08556118625503739,0.07476628368866489,-0.047210418870886506,0.05594402591066405,0.008230721845608802,0.0,0.012000275982965602,0.051094968335340996,0.06278029035751409,0.025641218750296346,0.03947358403649903,-0.0030488733718151417,-0.014492740269210103,0.06217599225605275,0.09138386997933812,0.11599987061523187,0.13814438507088966,-0.09725150036384445,0.017466737673407895,0.32188821272112134,0.021604953073918187,0.07964594613536402,-0.014285863039279811,0.0,0.046511481797082865,0.03726693660075586,-0.10701106783177095,-0.010126777481284654,0.01677862225159732,-0.11739141781976026,0.048632256319668166,-0.026905740415591017,0.0,-0.05982904203302275,0.009876380131021323,0.007936350525196145,0.21499989428894573,0.06788518305549585,0.017064471634253175,0.1855672507439512,0.0136985547515871,-0.0504202177342542,0.0684648153498224,-0.019762439902278217,0.08846164602720541,0.04819294151990183,0.06666668368947581,-0.09599968270408221,0.1881186756058708,0.0,-0.07964588923824423,0.03411148458680269,-0.02373880599933398,-0.01486177383110443,-0.08154514459456974,0.03485837101385081,0.00471686910249014,-0.0218340795568861,0.05204511072533036,0.017647535270461256,0.06071435776255174,0.07692317762559675,0.04429533285105669,-0.11870511856083543,-0.04347821288162135,0.11428576989602535,0.0028381111491850852,0.013385919601369034,0.011237131335588124,0.0021205475822598796,0.04088044770937649
2014-03-31,-0.01652890739345625,0.021459019071467855,0.2092634997667191,0.10005738411601262,-0.009999990463256836,0.03571396299475693,-0.16009948553119857,0.02173919862274354,0.04279307004149424,0.013244280718556212,0.05714213777344579,0.021275636796539876,-0.046294730970592446,-0.020833319072063428,0.008438821259283191,0.07624986991533511,0.06455678318841307,0.021406906000793535,0.014705868603311023,0.17560968879954286,-0.019138840026762916,0.03741639833240806,0.018115834314108792,0.20608874775943153,0.055730911507554604,0.05519495309662448,0.19184297307366038,-0.07377043040865383,-0.028985595632002537,0.009389664685882426,0.11999998814124635,-0.04341306468995765,0.140495876342134,0.11764714995311176,0.2079209187107891,0.0812811133417819,0.09565211230802784,0.22119822898232577,0.017857125751218117,0.08787741547565409,0.16137027478444832,0.06699664351533219,0.06584322163675216,0.10268955438849803,-0.016778161178743645,0.12173866882824314,0.18243250718710446,0.026548647359614375,0.0679611209056834,0.04032258188592852,0.010600722136776541,0.060025261187486745,0.05729175352621518,0.02654847578696007,-0.20000016458907788,0.07353050743991196,0.14007339956153064,0.03732635539083318,0.001519775666364076,0.05172402925665409,0.004673063041657599,0.10526321231811298,0.14084508714557087,0.013392740911284173,-0.014134863712381374,0.08751624803870484,0.0016834555223186332,0.08301469109192028,0.16452447236103285,0.2285716235873143,0.22424242191132948,0.08974350763216021,0.19285031091073934,0.1301173443413628,0.11482992100738065,0.06851013888420421,0.2265860659299992
2014-04-30,0.1281513650893884,0.06092453690183852,0.0838235199653361,0.11312208347004549,0.30303025194582056,0.0771002800726226,0.17748352729808836,0.19574462393178127,0.047515877191072864,0.11501338559835927,0.1389963091509605,0.11458520068480138,-0.0555556438111926,0.02836875330843802,0.12984147833126403,0.08826938362496484,0.16748624704310933,0.2754488032069822,0.1449275178701641,0.011410926696045154,-0.024390238302583245,0.16512060155972685,0.22242022031035424,-0.039805859230438445,0.103138418758981,-0.015384534428772745,0.1440195540927105,0.09292030504982174,0.07462698786992084,0.07441841807516214,0.09523816771666072,0.0016998294961629856,0.061594256727699914,0.09153318153929257,0.06964293575875247,0.299951356541736,0.10846564267768444,0.08120752608076032,0.052631633983975634,0.10863514200713387,0.0741942290174269,0.06153798128905352,0.104247451228205,0.06353357938589177,0.38225243193368197,0.17054239075912525,0.08571419272823522,0.03017248865327926,0.025636965087820096,0.16279102785134358,-0.013986061283902007,0.08505493658640151,-0.019704461752530933,0.1379309775418096,0.02604179566404241,0.15068667608152886,-0.017441884866072566,0.029288528945567105,0.024279214971950402,0.0922130108042496,0.15726557022464882,0.009523851401422867,0.11852865830558934,0.13215871945819635,0.2867388838681897,0.043716036812671,0.06386566172329422,0.10272718197138664,0.08677143134301168,0.09776118445309834,0.0915840948024762,0.11176475197840618,0.06804730919850055,0.05797284942068437,0.059297797372096506,0.07019368667190107,0.10522578940852068
2014-05-31,0.004096421807071149,0.039604055749064226,0.10990524713009697,0.052845601542006904,-0.09302326226118385,0.08934612670896791,-0.013624185958964752,0.0569395875973695,0.06550701912707901,0.011976316648426577,0.11389664171347613,0.07476504658927419,0.08371052108889687,-0.05517245982480179,0.015384521992831246,0.006426519450722479,0.06321839325877732,0.15023488416193476,0.03797474976107851,-0.04515040465829723,-0.03944988967937557,0.007961742869554644,0.014583742730766902,0.1253858265819785,0.09349618122485315,0.16874992706052772,0.08010022457485921,0.06477720939077436,0.18055568456360227,0.0068521694894745355,0.015010244790401028,0.02480478199360192,0.14982688759732254,0.1656185489507651,0.10608013543057604,0.06985296147865827,0.0072789198895582,0.15602826012725446,0.04999995032946458,0.1445742933964025,0.20120665837949137,0.0017389734056050266,0.010489655140608622,0.09756087069608532,0.0,0.10596093607566237,0.07368418686123501,0.004184096244488789,0.08612456591803674,0.03999963370182358,0.0017730660571653178,0.14606713808568728,0.0003461361360506121,0.11984536742479479,0.020304805371632817,0.05952454550014652,-0.011834336376595256,0.0691055812914676,0.056296341613157885,0.043152173671632044,-0.04583323302608755,-0.016584154585020383,0.0077518665112057406,-0.0001528627837247276,-0.06963780349875481,0.039065922177415224,0.000789977198509817,0.05028871564573012,0.07368403690811465,0.09937891076545857,0.1564625866003746,0.3597882487542088,0.12610977932455913,0.0785255700790719,0.07334758704897593,0.05983395320192875,0.11389503295494285
2014-06-30,-0.03910616294630487,-0.011428670167058952,-0.047677425762703396,-0.007721897074217554,-0.008547000709448138,-0.006309124039477809,0.05939467793327835,-0.05723914428302135,-0.06274501239323405,0.05325395863576321,0.0343748374972741,0.017392434411714675,0.08118072613605798,0.036496153655456665,-0.02272718284088837,0.0010661804073481829,-0.02054057050044722,0.009183699400518996,0.0,0.05537456229959403,-0.0026455821513895472,0.06161136031409353,-0.036549633960969996,-0.06019770717756412,0.018587246731432083,0.22459873336036518,-0.030127319077004944,0.026616098305160873,-0.035294132207747686,-0.022421667589978767,-0.007462681236289126,-0.013722252363245868,0.2147435204801338,-0.05035976928955965,-0.030409351583330024,0.09965634134001888,0.11442788583037755,-0.024540010056848915,-0.01587300085546861,-0.0044464402127415426,-0.040201160755955256,0.01562454629181853,-0.020761529001796508,0.004830807330731046,-0.06419758486365901,0.17365274292262667,-0.007352764485694885,0.012499987582365923,0.025550528654590066,-0.016025245134428157,-0.010619484650202904,-0.030392085072453168,0.16494837268025297,0.024055216471031704,-0.02985104974179753,-0.05618043088567448,0.00898208889440677,0.0076048739171346025,-0.08976171850156478,-0.08273387421897704,0.013100378176287064,-0.00988136649468807,0.011538481877039208,-0.01984143422250728,0.04528390081408329,0.005813644737484802,0.008237285279949713,0.0832024040217838,-0.031372503837816645,0.00282476021924305,-0.017786461319877156,0.10894944705507581,-0.03386349705598923,-0.010651828795524398,-0.010099630722485209,0.016836071193290225,-0.05521453285946398
2014-07-31,0.04941851019755639,0.0019265443491331968,0.09499394062845568,0.031128350790057713,0.008620681681899223,-0.07301589754998095,0.00390972211711671,0.0,-0.01255240829947779,-0.022472193472388824,-0.027189876882090402,0.21367481347058614,0.06708596729620164,0.014084774582518333,0.054263565891472965,-0.0010650448773669163,0.015452673869440048,0.059656399305148655,-0.004065036710645509,0.04526719729455442,0.0,0.06547614045576222,0.040970967757392174,0.02772468312037213,0.07299320439041779,0.0633191846065917,0.0035841486115208987,0.013743469052086121,-0.012195157712578841,-0.0045873381095271615,0.04511274948684818,-0.026086908275816167,0.1952507848015952,0.11553016553633766,0.06755121120857077,-0.05937501699663672,-0.015624998272414925,0.018868167816010972,0.0645161631452178,0.060268089152913706,0.047120390018007274,0.08461645111436789,-0.024734207575352274,0.0817308581481555,0.1846964363187762,0.18367290128976888,-0.054321011960229426,0.07818922369637282,-0.008591150472458509,0.13132612995841564,-0.10017881748650737,0.011122336753611295,0.0,0.13295064878919782,-0.030768774085034534,0.03571472730008751,0.04747765205232213,0.05660374058848627,-0.006163254724370959,-0.023529466379927477,0.025861954962191236,0.02594803027240067,0.011406946963218978,0.016194326807558168,0.049562988392134466,0.10404695197413472,0.050653549026539846,0.09420302821762583,0.059716619727376186,-0.06478861237372402,0.016096566221282638,0.34385968341592865,0.054975985822910856,0.04907941057117737,0.04673134482723751,0.05416756520085664,0.060606078443722566
2014-08-31,-0.013850311100261914,0.1038464227469813,-0.03399761669494117,0.015094186390414377,-0.017094001418896276,-0.041095600366138796,-0.07662286320630318,-0.03928565315883592,-0.06779644875877977,-0.005747142984656062,-0.021739361337790974,0.014084073783645401,0.0019646246483933094,0.006944418947023134,-0.047794206918617244,0.027718435147458198,0.04347824331220895,-0.07538176521491269,0.3999999999999999,0.0,-0.013262507812661806,-0.011173090988985446,-0.037900900878784394,-0.051162894819120175,0.04421754095406816,0.07597507017283078,0.04285719409807798,0.07352918516614526,-0.03703714698646032,-0.04147433341145823,-0.02158271895017949,-0.03378404063398788,-0.07284780750136632,-0.03225802470639072,-0.04293764948723833,-0.05647843084138393,-0.013605488786038289,-0.021604984891690382,-0.030303090509739783,-0.021050799723078106,-0.0699995872665845,-0.028368749765286694,0.199274654708669,-0.017777720398651553,-0.14476614399777643,-0.021551319285182835,0.0026109383243493323,0.015267252678933252,0.005199563787033901,0.005848476172919392,0.06958249465331345,0.0,0.008849644632820564,-0.06410257926410468,0.04232763529740491,-0.022988780184796442,0.01699726798243706,-0.0964287511715366,0.062015516782225166,0.09036148579419545,-0.18907548041562028,0.03696499263731856,0.0,-0.0318722203443047,-0.02500036346314516,-0.005236350003422263,-0.026438449865525238,-0.027814680003670822,-0.0296083810033565,-0.036144629955210394,-0.013861362435980129,0.0887728606074587,-0.03552634573277125,-0.026797146019976514,-0.022444832162811013,-0.011122348738935806,-0.018367464358433283
2014-09-30,-0.06367038407845382,-0.08362376268443183,-0.09951477505336181,0.06691480539521555,-0.04347822030685711,-0.035713861843875705,-0.03656825078055714,-0.08550183345535933,-0.12954549927384995,-0.05202257701118118,0.03174580968939744,-0.12499915033991982,-0.09803935061328406,-0.041379406670418506,-0.06177606756771448,-0.045643234616185246,-0.031249949207116323,0.09442535967727261,0.032069939637004774,-0.06200776022812793,-0.002688169812269603,0.10169500538009535,-0.025757455263316853,-0.03627451730782716,-0.03908832250152339,-0.09160312004175963,0.010273890918128581,0.013698803454534447,-0.15384605009763852,0.028846098232511608,-0.12499991202096306,-0.03881684999394852,0.007142915135043282,-0.08245607547031863,-0.05549017761877861,-0.0880281716744784,-0.09885051947929202,-0.1356467186293545,-0.12499997671693508,0.0537613791231808,-0.09319003018005734,-0.06569397482523054,-0.14803650906608834,-0.049773858531770854,-0.026041538341370574,-0.009875064796388,-0.03906250993198157,0.0,-0.0517243587026901,-0.02325624321603259,-0.011152432138702761,-0.042000123377830545,-0.08333342610276406,-0.01027384181915747,-0.03553319731757698,-0.011764849634554597,0.019498596869896634,-0.05928838094762545,-0.05547442779632994,-0.06814009058115744,-0.1668394872387997,-0.05816134094125691,-0.037593964605707963,-0.06995920189703819,-0.1253555580914535,0.010527000906039419,-0.03993614172133264,-0.03950952856144174,-0.0994094927201512,-0.05624997579244073,-0.15261061786672836,0.5059952271683725,-0.08967270032368335,-0.07172109093473167,-0.06692700234891846,-0.04936369900153703,-0.07068620645041279
2014-10-31,0.012999944781898476,-0.011407010164876885,0.08221011723461547,-0.0034846242196262533,0.06363630156871825,-0.0037044738772658015,0.06715405527884877,0.08943085173292098,0.04960823094289091,-0.0426833314168944,-0.018461318858756348,0.047618600402723255,0.07826096664997118,0.014388631598166057,0.12345680245992297,0.09782643332067109,0.007526866428620993,0.09170312291216609,0.03389834047197171,0.07291902002477535,-0.018867992036068038,0.16410245669776713,0.11508552958895257,0.031536357485904665,0.11525475934735163,0.10294134899596963,0.07909612171706115,-0.0810810442299239,0.015151332295289643,0.09813078646902285,0.05042006047862735,0.03461551116006101,0.09456263649288399,0.0860420759936309,0.08500022947116159,0.05405409634890934,0.07397952833413246,0.0839416560511399,0.1071428609441738,0.0,0.09881449177678081,0.023437336540750975,0.05319230450187984,0.0809524664039245,0.0588235188580577,0.1923079570329207,0.11924103286648968,0.08270677500430446,0.1181818621785693,0.0535717420701165,0.07518796070206113,0.05949896844150748,0.009569472328854634,0.16954986008955042,0.06842152525102385,0.05952454550014652,0.019125673080631733,0.084033569810537,0.1267387782277154,0.10474330806012211,0.10572143827953684,0.007968119921316186,0.08984355452787551,0.07079644368926274,0.019543617554386605,0.015624643242447167,0.06322777985204708,-0.005673693692654247,0.05464480644960901,0.08609267597290793,0.13270163705827875,0.17197459107860635,0.08526625256755915,0.0803093709136038,0.07528777273740195,0.061578796721110995,0.08948563759303907
2014-11-30,-0.04146102680031516,-0.023076798576350144,0.11955194403226832,0.006993263060596888,0.16239321725608535,-0.011153163965551882,0.02188755307471113,0.15671632320615791,0.01990036784688831,0.13375813739580478,0.01567466178355925,0.007575468312090994,-0.036290278045586044,0.03546086219172562,0.04029304387688715,0.09405927706127692,0.059765246194601884,0.09599981758735399,-0.18306012584201337,-0.02755896893413623,0.05219793197175071,0.09251097277162268,0.026499175573809763,-0.015779300452098077,-0.04255313803859018,0.034285678196696256,0.23036645372427866,0.15808803345354794,0.1044779400343081,0.0,0.12799984633557937,0.07249054922916964,-0.02591768940886441,0.07213455511595446,0.12557600247823153,0.07692309035889422,0.22802858908038504,0.06397303473267879,0.29032258994869586,0.1714290365873481,0.10791348286985691,0.04580230285549458,-0.053872811622340255,0.10132151531050271,0.050504880203632974,-0.1411290788122307,0.10169503546029413,0.15277770879092323,0.010569306914821386,0.0847456673699547,0.13286721549597336,0.04433517407132914,-0.02369656005921217,0.04437910964991598,-0.03940916783600368,-0.05618043088567448,0.018766818102613048,0.0891472574255674,0.26337453409270317,0.07871179092338587,0.005624379773681465,-0.00988136649468807,0.13261649138025766,0.02892608477530212,0.1533546439011204,0.030769411444955486,0.11111116884763494,-0.004279499328106673,0.03834187983165682,0.018292745223146722,0.06694544663598756,-0.11141307388375976,0.10457498262531839,0.07896948822030114,0.06935990828131389,0.009980224419508854,0.09240250572781239
2014-12-31,-0.014418070299439423,-0.10629920270760151,-0.0367075082455407,0.08333318623233499,-0.05882356034843117,-0.048870941851453464,-0.005355478674445746,-0.05483863353436369,0.08780516353582946,-0.022472193472388824,-0.02777843752581899,-0.03759387842326101,0.07740568953285831,-0.027397408255067535,0.05633803298588891,0.08597265183678915,-0.010070601059678164,-0.0036496941316674913,-0.013377913620550408,0.0121454955371183,-0.002611044342778923,-0.011088531782186273,0.0027174739495565703,0.012023987166886574,0.01587274906400693,0.01473296429897597,0.01702100570328735,0.1365078845695742,0.027026900781472518,-0.012765993002687881,-0.017730260131993636,-0.08492222797380633,-0.011086714031902423,0.08862903187302362,-0.03582390874903796,-0.01700678617113882,-0.029013590428821567,-0.12025318265993179,0.0750000018626451,-0.006967189892949421,0.09415599760934268,0.03649560382899586,0.0,-0.008000026797603699,0.04326924511555674,-0.03755883202560972,0.0,0.19578316519197836,0.3958164728430711,0.028645940604483222,0.02314807188716217,-0.04245301237771104,0.0485437223927665,0.031161281278783814,-0.05640992558390956,-0.04761943535292312,0.0052630945721188205,0.0177936473458693,0.04560263900912287,-0.03980091947455233,0.06040255863881372,0.03592810780745137,0.009493964181366499,0.008031770842287456,-0.044321503042501154,0.004975055062458322,0.023943741672625585,0.10100280681856622,0.10379255792375797,0.11077828674578671,-0.04313720144959765,-0.029052044114019737,-0.03255900938724665,-0.005825480698764984,-0.005194504386482168,0.03187179027278142,-0.08082721084076927
2015-01-31,0.4263321604554793,-0.05286337152762588,0.034642045040298663,0.10897431719418815,-0.03906246362021115,-0.003953239259063324,0.27859949191007516,0.1365187518230273,-0.038116569995576,-0.005747142984656062,-0.09523805546675779,-0.02343809295868815,0.054368945163238536,-0.007041977092480889,0.040000084177134854,-0.008333222795693374,0.05798583954645542,0.0586081246310195,0.04406775387153372,-0.009999546707550544,-0.06806293384518092,0.10601425208098392,-0.029810251464065685,-0.021781923057430097,0.08124983403222075,0.17059893463751918,0.16736424790635196,0.013966483838204535,-0.026315669785190288,0.3405172881371288,0.1588444068880548,-0.06060601733533699,-0.013452907525581814,0.04608261178414441,0.09872595557607045,0.04152245024332313,0.11155377542578915,0.13669067087223996,-0.034883756389998966,0.029823737247592685,0.05786376499871548,0.2816907488730267,-0.03558656147534023,0.028225743478615284,0.294931038022781,-0.019512124059028246,0.008791205450627837,-0.010075557069209928,0.10374643066300093,-0.03038016872925342,-0.08144794057820126,0.019704574804104036,0.03703697815506901,0.05219760324127032,0.02717403689811193,0.025000213738386012,-0.04188480539427697,-0.013985922914513615,-0.025960606299297972,-0.006908419143113131,-0.04852321217495881,0.6319846191995953,0.0250782024131031,-0.055776595295551123,0.15942066362444773,0.009900723271707434,0.00962859904377189,0.054001359957244865,-0.03887877693342623,0.04582224149972536,0.17213107477691847,-0.05354317313242429,0.0773051879203841,0.03790868042841877,0.03761857870037111,0.015598581765269959,0.04089982905146328
2015-02-28,-0.09890097370708717,-0.04651174170141936,-0.08482137000774692,-0.026011384602967258,-0.07317075770973958,-0.11111024219462562,0.013685632420515015,-0.048048042006889946,-0.07692311248113137,0.028902049480607372,-0.021052760329006937,0.0880011500271145,0.00920825912176948,0.007091918218114612,-0.028846231672640443,0.008403248941329045,-0.05769235440630194,-0.04498277590534072,-0.11688308571860306,-0.05050551948454862,-0.08146061764758927,-0.046083019264473446,0.0,-0.013158022290319815,-0.03757214603002934,-0.0666665945180781,-0.08243726083956848,0.10743809357238798,-0.05405410619895701,-0.0932476407506273,-0.024921907195949,0.03225809846284666,-0.04090918591431614,-0.002936632028393338,-0.13236714462045662,-0.00664451195677096,0.12544801912873904,-0.053797478288986955,-0.07228916095257987,-0.059624517339318506,-0.1178126772015774,-0.016483284074719107,-0.04797117061715073,-0.08235296773840006,-0.039146080830995134,-0.0945274332932351,-0.021786528483448864,-0.038167962549477186,-0.01305499230090923,-0.0026105129578011255,-0.07881776905446047,-0.06473427033591928,0.30357136310801214,-0.033942576633530286,0.012169379029517424,-0.012195275158540908,0.09562843845293423,-0.06737618718623128,-0.03518120405266956,-0.03478268978222243,-0.0764966433085712,-0.09090914208834855,0.003057975600130991,-0.029536179513975247,-0.047500054070483744,-0.029411108137518904,-0.006812032612565466,-0.009876607414494254,-0.002822352628176761,0.002577170479064028,-0.08041950528740816,0.32612300691266416,-0.0978518882685897,-0.06164077577176863,-0.05394638217506953,-0.0146198136216521,-0.08840851371519554
2015-03-31,-0.056910690364777916,0.04146351681977234,-0.021247208360811065,0.03857561184991498,-0.10526316339839759,0.0028913615033354656,-0.009346466183025814,-0.11671927828530826,-0.037879110348150946,-0.02809018554798015,-0.04659515529387215,-0.14706025789732968,-0.051936800299066666,-0.04102315944439172,-0.009900990892457107,0.029166825477073388,-0.03571444276816804,-0.03985484408521023,-0.05147062626161325,-0.006382509346509413,-0.0519877283215483,-0.04398688785428617,-0.006983304691944636,-0.09743602274090235,-0.002756660436303182,0.04817270701045362,0.07812488646364146,-0.017412922836256506,-0.12857153285227874,-0.09929070293717146,-0.03514384682978344,0.01367223583833721,-0.040284240079805245,-0.01472759757812181,-0.012249348818185735,-0.09698995348764516,-0.01910826769510887,-0.1137123230455428,-0.14285708756526316,0.0036221999245622527,-0.044515113609537416,-0.032305652217691994,-0.11240230875882784,0.02564111453601514,-0.0444443781723618,-0.06043946749236695,-0.06458801928243996,0.023809501283202916,0.027513334228193687,-0.07591659469482714,-0.11408205153003392,-0.020549777308468853,-0.11301377392663825,-0.12432432821737438,-0.10695205895041293,-0.061729075882967055,0.07730687216794441,0.022813838591533964,-0.01657473641765761,-0.13693701673873293,-0.036369137607706103,0.03246753327177809,-0.006097505394192737,-0.09130443438688984,0.020997213289906558,0.04567986272043445,-0.05212624401013599,0.021226963363705442,0.1669813422134252,-0.010282655005690255,-0.1577946913712901,-0.2509410856739356,-0.0823701675066536,-0.04167531083280007,-0.039234613361197934,-0.0021083096638503385,-0.09393885726794882
2015-04-30,0.03448288141282596,0.053864144025027594,-0.011421433695154026,0.008089165973250934,0.08823532849172189,0.09677435168474924,0.21427400729082868,-0.032142865687474376,0.06824184231165598,0.02245827625851793,0.0413532784184949,0.043103500389156,0.10338021516950513,0.0454546890337173,-0.005664959300759942,0.1295543857204784,0.10528007102870696,0.03018845295555539,0.14341090500738174,0.05995719627189833,0.019354823290794076,-0.04893602840056832,0.005625852392531883,0.030681870563710856,0.0718954848216562,0.0315920079897094,-0.013882147788236043,0.0,0.0,0.11811012648139085,0.02317879325362071,0.10806833567179996,0.11111098354132953,0.005170221396893604,-0.025428776414086807,0.12962959201901758,0.16071431874032904,0.036135000589807564,0.1212120911087664,0.036100652100582886,0.0282417390021934,0.0240964889508426,0.13973715942174336,0.07097799589116471,0.12984488866001898,0.07602333285051066,0.019047710373214954,-0.20671834004478573,0.02916906502284289,0.06515567228514119,0.06237426189015571,0.04157788877132074,0.07335898522015061,0.055555615307425255,0.07185671290530249,0.06579024703451997,0.08796288617428294,0.0189164725000619,-0.002246999731588595,0.04384133702739823,-0.04060910079082802,-0.007547162794848794,0.0687763230634253,0.08133973782073878,0.04627269784511445,0.0,0.06946449434792146,0.021739113084906725,0.04931257779863829,0.07688239095546168,0.07223482432601602,-0.07537677534709708,0.030691728855812395,0.03343857411219786,0.03835678779417284,0.055161742434858496,0.01946470261945432
2015-05-31,0.06925669997841521,0.11682856553742416,0.017972062299278946,-0.027355629231631484,0.0,-0.07563132817082996,0.009259407606006409,0.07749082788308304,-0.04136939862141531,-0.040462468348335445,-0.07514844181603186,-0.05785043742158935,0.01981968350543073,0.014492734465730628,0.003472227592406174,0.009078296006121755,0.02551024509477884,0.04537476590612144,-0.09830507022558521,-0.003252916359814728,-0.06644177235370818,-0.09395964092692388,-0.06153846606800539,-0.005504849787304367,-0.030487947344323363,0.09328982259698648,0.3000001732731217,0.13670885081054762,-0.016393307320110018,0.09863101020621956,-0.0014753662471764795,0.0009651093311551229,0.037576053444907,0.07866862503861971,-0.009400696476148163,-0.09836064164147051,-0.005594424778908147,-0.014760213372042474,-0.04054058190241916,0.0629563828845936,-0.059801116023440626,0.03191931860204078,-0.11494301990596767,-0.059288390664703816,-0.1500404789708466,-0.1195651955662852,0.028037372517757397,0.048859966980190794,-0.08497396111477351,-0.013297364209462703,-0.013257610367308659,0.023541263548448876,-0.09165056365032731,0.05664926000458492,0.02234618794613108,-0.0740749119089067,-0.025063893867007914,-0.025210148761607987,0.015765740014749063,-0.061999842069134004,0.009259111016622024,-0.036755382352395505,0.10060961497615795,-0.046306439913352815,-0.04176920960030306,0.02475276592401565,0.010186658351369449,-0.06821048268305896,0.02619437187297513,-0.08801961702208705,-0.023158022441558845,-0.14673909824072484,-0.010492200553891218,-0.013513432956469007,-0.01150481797652625,-0.00953537716309616,-0.01670652165176878
2015-06-30,0.09531250917267609,-0.01825566663326561,-0.022698835067410106,0.0,-0.17117116681728928,-0.07272679921442826,0.004587044907868654,-0.0102739160945724,-0.057291653871720194,-0.12048147178208246,-0.04918053410018952,-0.11403578917098067,0.07132203625419864,0.007142940905910278,0.00692050701010305,-0.0035842493988320623,0.0,-0.04577475438036638,-0.05263161668675442,-0.01740028259547799,-0.12585058358918333,0.08888863657849444,-0.02976167444673794,-0.011086256869406008,-0.034591039870936036,0.02395206350467438,-0.07100613097980091,0.10022273378075508,0.0,-0.06600674692695185,-0.07692309283256704,-0.015443685963843823,0.014018640915071101,0.005610185126202927,-0.008303728482806916,-0.05818184939297766,-0.0014065094447015536,-0.07490629836959084,-0.08450704816550747,-0.040141135382670834,-0.003533492147392958,0.024999346367779562,-0.03030209902479908,0.04201684037403841,-0.03913036177759288,-0.003723331470860125,-0.04090912200850727,0.07453416379015665,-0.03737250975298023,0.09164405853966406,-0.06717850167704043,0.01000016215702515,0.00809699220620308,0.014044968357923793,-0.10382549183063183,0.026667029946001453,0.029411823053875574,0.06465508574168632,-0.024390220144481445,-0.0027938393889037627,0.003931983229145786,-0.09605263529391839,0.013850654818448938,-0.028571300658680854,-0.09641751472331817,-0.041867460200615714,0.014388544246499269,-0.07320337292254464,0.019519413022129894,0.0026811457928266336,-0.063043382914593,0.04033964953312763,-0.02800806462031613,-0.005634443021882984,-0.008817652929248743,0.0008945389001850934,-0.043689204484591015
2015-07-31,-0.09486450323905571,-0.10123956369192444,-0.04258073629850134,-0.01875010307979208,0.05434783805858889,-0.009803681197117275,0.013699154167191585,0.024221348400955245,-0.0331491960938044,-0.04109659290485923,0.1810346511309957,-0.03960235498559861,-0.05871895913151637,0.02127647384215403,0.003436350538529531,0.07913677487398663,0.039800724454207126,-0.018450054794566406,-0.05555550299414003,-0.02083345394028646,-0.04280143275366233,-0.06349208303141163,-0.026687588133096463,-0.1076233475179813,0.029315733138303823,0.141812948124165,0.022293158885256847,0.16968503209583408,-0.08333344813598287,-0.04946989223035314,-0.05797103235250167,-0.015686753256002883,-0.041474833906203545,-0.07949813832705555,-0.019138660300892507,-0.027027002147700374,0.09599857957964342,-0.020242872896893083,0.01538469297646361,0.04545515341486439,-0.04255350245638656,-0.05487762585972855,-0.09821420376150525,-0.00806456387384058,-0.027149245064329253,-0.05732495254642167,-0.021327079323234854,-0.04913296948545398,0.007646849846404402,0.02716078152916568,0.00411526462212275,-0.06138648739095032,0.004015920103881854,-0.030959930699696603,-0.04268292296403342,-0.051948631591137606,-0.07252752509745442,0.028340218266251993,0.026136186264091643,-0.07658665952787813,-0.058746820124438104,-0.06259095131027492,-0.008196928357876221,-0.0470588747910724,-0.04956280829762183,0.02352933451761685,-0.02411342579458675,0.055072515329383176,0.06038288006760095,-0.17647070219489103,-0.0301625061438614,-0.06530621198031394,-0.02953807197616498,-0.024885938486392867,-0.028447603450569958,-0.04006093043602044,-0.032994738606602736
2015-08-31,-0.04334120911356931,-0.002298887588869425,-0.08086258071377439,-0.1019107280203273,-0.04123713430708076,-0.12871393423463295,-0.11711754439045607,-0.040540580534170534,-0.10285694369898435,-0.035714350714159626,-0.10948898489872272,0.24287981165448147,-0.026464858184356732,0.013888750648248127,-0.06506851212228337,-0.049999876867921955,-0.03349273742062653,-0.06390996049681286,-0.0924369823662422,0.073404644686492,-0.08536573241121492,0.024213132722693098,-0.04516123388156745,-0.09547731478494959,-0.056961971927941946,-0.15749042453366413,-0.22118376710328247,-0.07130438165173258,-0.05454548187038599,-0.07806699392557226,-0.04230749059523675,-0.009960013361107634,-0.04807677967369439,-0.10606053089407552,-0.10000002417466292,-0.0476190025664055,-0.18741814031081727,-0.07851251781091695,-0.10606068131899293,-0.034781591565332004,-0.09814819654011608,-0.07741969974565188,-0.08910857528812233,-0.07723581449725159,-0.12325585067378686,-0.1418918481386433,-0.17191281098740674,-0.051671756311570505,-0.10391119034810437,-0.052884980126631786,-0.24385242593812184,-0.08227834580110538,-0.07999982708878495,-0.09265184626577927,-0.12738861757609365,-0.015864184471446774,0.11374419805598612,-0.1023623516510831,-0.10852697338797257,-0.05213282445246681,-0.08321778168355964,-0.04813663664986656,-0.005509669002177753,-0.04320983800553435,-0.08588954630285761,-0.109195586639668,-0.11046518576509223,-0.028159334313378692,0.04305573691024511,0.1623374933506474,-0.07894725681017878,-0.008733579420975413,-0.08797850028918297,-0.05691640864248981,-0.05880761080375574,-0.030842690357072544,-0.05774303734312425
2015-09-30,0.09719944496651745,-0.016129058664751672,-0.005864908169871064,0.0,0.010752677834782398,-0.0227270558289836,-0.005102394888156558,-0.017605598983104986,0.019107980024196003,-0.01481401522234782,0.0,-0.02521095773283888,0.06407767279886079,0.02739746729041581,0.08058603340297665,-0.03508790858563615,-0.03564367329268414,0.06827330470339366,0.04166662527455389,0.0634292403456278,0.12888887430410056,-0.00827413013038647,0.01858114788501508,-0.03888900936728201,-0.0033556170606485747,0.025835912115001358,-0.22399996275783451,-0.07116105540624773,-0.019230827589306276,-0.004032267671358336,0.008031772440068252,0.006036127931511759,-0.0580809220902504,0.09491562295532563,-0.04742549682067365,-0.041666724615624706,0.022580696964201508,-0.0941703917741431,0.0,-0.018018938087173142,-0.03285360130850956,-0.020979168965710726,0.0,0.03964758858994255,0.05570290396662658,-0.023621996644993648,0.02339192486073749,0.0032052016822570195,0.024104240291889845,0.015228164518455767,-0.04336051764597115,0.019540319919417737,0.013043644453666792,0.010563698603163862,0.014598865357768886,0.030769572527094446,0.01063813208904274,-0.0745612813707337,-0.009938010525452845,0.04500013523515345,-0.03933441696010753,0.02610111654568903,-0.0055399659951053115,-0.006451620018227855,0.02013405676576796,-0.09032252143041464,-0.02450989701927686,0.035335738226550006,-0.013315679188209306,0.06983249781150258,-0.005194866007427135,-0.12334797619769289,-0.03899116516697376,-0.012182607205615148,-0.013361188280828551,-0.00577198090663944,-0.06128156275943086
2015-10-31,-0.026276328875163624,0.07728343304848151,0.10471995162256031,-0.028368763328973978,-0.01063828775385156,0.08139710384519527,0.09743584191662591,-0.060931906261560864,0.0218749507615128,0.04511244732974662,0.12704928519720515,-0.04310330253145267,-0.014598710657154124,0.02666663114837542,0.07796606667461337,0.014545463258486713,0.12423010079272645,-0.0037593916891411894,0.0,0.11274885377450139,0.023622028169887566,-0.0023838259737006817,0.038142641002775424,0.06791895345899768,0.07070698085972538,0.09333322073373962,0.09278345993392412,0.07258075416207022,0.21568642618367306,-0.016194261989201486,0.12749034609200116,0.03400023025599208,0.10991947164715676,0.08038500345925303,0.07681363236293204,0.043478323967111265,0.039432166627252796,0.08415852728663009,0.08474578668385702,0.005504686793230018,0.0573248621772704,0.07142878940074038,0.0,0.11864401599792718,0.07286422624891942,0.05645144880259445,-0.01714267582005846,0.05431304525870018,-0.00572535803270402,0.07500060819554544,0.05949024265397229,0.043968504578400625,0.03433471525869236,0.16376306006019226,0.11510819730562605,0.0,-0.035789421333030424,0.09952604392114472,0.08030114767720797,-0.00239232424722724,0.007874065485965032,0.07949125644393495,0.07242328451214086,0.04545459590847889,0.0888164282589492,0.09219849293910087,0.053601486612185,-0.027172181206065016,0.03913643420720114,0.028720670469005283,0.08616194849420222,0.24120605729208022,0.08321055118274301,0.07647671022577462,0.07012283918960427,0.049489813030674235,0.05341279201291571
2015-11-30,-0.04394747477579153,-0.1330436354148975,-0.07476665967761376,0.03649639582707853,0.010752677834782398,-0.12365588538757377,-0.01121443743623629,0.011450417712685956,-0.030581100293697427,0.007193817525982471,0.04872701693342041,0.018019175513335428,0.07592620952122697,0.045454514687583325,-0.006289318376542896,0.19068110901179436,-0.02283109005637285,0.024150919696053874,0.02222220102945971,-0.08094433002474943,0.004615191652802775,-0.021505470697946394,-0.05271562061222301,0.0311233443760901,0.009434090060822076,-0.05691059509074836,0.07547141521904699,0.039473734640866676,-0.2096774965705146,0.04526748425397842,-0.017667827535816194,-0.07337520195308367,-0.09178738296775346,-0.04664731805215028,-0.033025091349628055,-0.02916673703325856,0.007587207337703017,-0.004566279909053894,-0.15624994761310396,0.11313781533014144,-0.050200817484456595,0.05333386499156334,0.16304224191647676,-0.09166659674077704,0.04215448765648855,-0.045801490504991826,0.0639531549068082,0.0,0.07933482257530988,0.03488332875189126,-0.04652422862331029,-0.11987044403986424,0.02074680649970584,-0.1167668120467873,0.0,-0.05970219286857925,-0.08122265111394522,-0.04310356180801489,-0.1103368269379914,-0.011990469108022928,0.051562515290453526,0.29013258882127957,-0.0010389660841341186,-0.03726712031277757,0.10271871923853637,-0.01948049687031106,-0.04610498361937709,0.05187317080291254,-0.06558453716524604,-0.045177581544070367,-0.04326931705168857,0.12753039700199187,-0.04497437386223524,-0.061309591355980575,-0.05259101595028304,-0.03664883158038157,-0.053521124299344414
2015-12-31,-0.049193644550698745,-0.05265781359475219,-0.03318883169258857,-0.06901412071151936,0.01063828775385156,0.030673265456252485,-0.011341564262065673,-0.041509368654685574,-0.037854925845289045,-0.05714277914300847,-0.0721217867885523,0.026547349020067612,0.04130786317693502,-0.01242229054434063,-0.11582263258392123,0.01565310258386221,-0.05607472312191275,-0.05305833835086027,0.11304347645808255,-0.05779808930435715,-0.019908131988037092,-0.02686196535354668,-0.013490771985460004,-0.025196941545305274,-0.04672900591585227,0.02873571333893654,-0.0333332528328133,0.1211571693248854,0.16326527013115322,0.04330697588156762,-0.06474833826757176,-0.05636721904957376,-0.19148934428237607,-0.07400613654523147,-0.027322469977428265,0.0,-0.14457829034006942,-0.04678889156815036,0.11111111111111116,0.03114829278030329,-0.027484916033901463,0.11392377681451826,-0.0654200677446608,-0.08840706120440933,0.05617991132596645,-0.0940380148706863,-0.04644782443418394,0.057575775747238156,0.06461163226678113,0.031460867115975955,-0.015143014930543153,0.01595091777319979,-0.03252046131018638,0.08135612424983618,0.0838712069704286,-0.015873320003246816,-0.1354563267500467,-0.10810820427646795,-0.035248033706057336,-0.019417394755317452,-0.04754825394508433,0.03652964457343022,-0.01456065320271871,-0.03870962820725732,-0.10958913331773978,0.006622460402138097,-0.09000001339537389,-0.04726010320032015,-0.03266150955437197,-0.06432750297865442,-0.037688416201925534,-0.08258532980318734,-0.030129576252235557,-0.05166527283743727,-0.04659933570105068,-0.05628631167255216,-0.02083336355518728
2016-01-31,-0.025445344934867165,-0.031762812162498766,0.07313421319177804,-0.005295219719973598,-0.052631592156154094,-0.047618687903550394,-0.018165389776288787,-0.06692923609520507,0.1901641592717902,0.09090951611484233,0.02391607789182193,-0.017240500557287874,-0.09090910629757853,0.018867926589898998,0.10307793989110148,0.07291047494870861,-0.0009898853745730074,0.022568201553002654,0.03906255675247072,-0.027069459208182933,0.020312516242399825,-0.08155570075672891,0.06837607439473858,-0.11739361179382479,-0.05947710522162908,-0.005586516005458009,-0.014519049872377066,-0.04838707748557647,-0.05263154425504679,0.13962277842494153,-0.007692384535147867,-0.028761340089371146,0.016447260546445852,0.06671083035503012,0.04353935908057349,-0.09871245777023574,-0.01760561272696959,-0.020211715555648824,-0.06666669978035689,0.020668584760082487,0.004347834890602975,-0.03977291116789472,0.0,0.08142721363191474,0.0404253913470114,0.0,-0.08481388146981284,-0.07163323762660523,0.07015576490437114,0.13725518604931164,-0.05296118579755238,0.03260865253895262,-0.025209978327193072,-0.06269595778968107,-0.08928626205465817,0.016129346278163315,-0.03793293018141852,0.06262651703770294,-0.010825442107359473,-0.04702963981172681,-0.04836194954889361,0.15859036851950448,0.07546162580184634,-0.026845570212748693,0.09230819446789251,-0.03289467574052041,-0.01098896246090797,0.043134276284377604,0.07614920552309923,0.07215917314257148,-0.01566565472164716,0.009784654879719135,0.037123118397729415,0.029886168838444638,0.024455120923033258,0.025190017139996357,0.12765969625597862
2016-02-29,0.08268076624362797,-0.059595534011744666,0.027816461609522003,0.08136896603684352,-0.02222220161814692,0.04375092147966764,-0.061343686190856506,0.05485238489457145,-0.12121200987596281,0.07638884210080743,-0.07956200229785482,-0.026316511810703047,0.0,0.006172697179866793,0.24010389334577975,-0.025966621844894178,0.055500392276895294,0.049467187856206296,-0.1541353656395278,0.09587713076621895,0.0941807895763409,0.05191247032997914,0.08479996853816618,0.00854190699137014,0.08061130672327899,-0.042135081942592856,0.03867420313195358,0.05288140918230555,-0.018518575211195154,0.02980130447905749,0.0,0.08883832132049818,0.11650493025967612,0.0804949107312265,-0.009421323672097137,-0.00952380087370197,-0.02150535013845911,-0.01768182734800272,-0.017857125751218117,0.06697686433310501,-0.021644762871997014,0.035503099437644625,0.09499971196162282,0.09475470622878968,-0.016359853467460606,0.0,-0.04508457852181458,0.0030864168005624304,-0.019770801929081094,0.005746989515352352,0.045099074217916035,0.019882971019798745,0.03448271520813018,0.13043501906559896,-0.013071310481819864,-0.047612502082004515,-0.0028570691719628227,0.053231795333076315,0.00136807282089757,0.10389600864302984,-0.022950685777279656,-0.07034227115896807,-0.013738928206541878,-0.034482890736786564,-0.011268151343320931,0.09523818031751619,0.06851847971900393,0.08408002871599818,0.013351443451259382,-0.04398518996083678,0.09549063396157731,0.003876007654613378,0.0076425960308166285,0.03557696407421096,0.03175375790789303,0.030452486798459022,0.010781481220492273
2016-03-31,-0.028617458075739344,0.2465117926024578,0.10617423700456641,0.10729287094412698,0.10227276575713162,0.13772455223657087,0.08298736955279895,0.08399995053061082,0.11285263932347522,0.06451621877189995,0.1546387518860004,0.018019175513335428,0.06264620246458974,0.08162661479043831,0.002616312395575804,0.03800322309228177,0.1455400376382936,0.050761529666355054,0.12444443172878694,0.11506823123854959,0.13995816935490812,0.08282459580446333,-0.03834811724717935,0.24258892889717365,0.11316960575530577,-0.000586425517426381,0.11524794861380627,0.08789443226878246,0.018867983380510767,0.05787794845604166,0.11240324361411602,0.020920734584248146,0.22898553788483067,0.06418338282516345,0.11956530033939172,0.09134618470654798,0.11172160601949077,0.04699991590567465,0.05454540134461583,0.21897818527378554,0.06987669842202715,0.08160043471189082,0.050229127032207055,0.10587322297747814,0.0977132145597468,0.3211009380543999,0.170491874124016,-0.052307715782752395,0.14649665822405122,0.13999993988494808,-0.010932181519672013,0.11697246608644551,0.06666682893317288,0.08284018038423535,0.05960201199082338,0.0,0.01896696509936535,0.06949457470034548,0.06420757548245737,0.2800000256161259,0.058724717709475405,-0.11042944306686064,0.137313609494067,0.04285719082441819,0.2592593446338567,0.04370701892891882,0.15771239230483713,0.0673871118954179,0.045454448856774965,0.1585362876577301,0.1404357249739272,0.13320461244272863,0.08623811227511902,0.0976333533806002,0.09831383265848803,0.1175592051433958,0.10666669817652408
2016-04-30,0.0139027297359966,0.026119349987138163,0.07231912801574136,0.00626309683193238,0.2783504875905589,0.05263123774267364,0.014909934835066752,0.05535053701652348,0.13802802162941963,-0.008993111270234055,0.030906950369093966,0.12389403060622572,0.025044535270628998,0.02325579562049529,0.0009445878693996601,0.09071053813139263,0.1125987725574007,0.1290545846538802,0.003952565445194178,0.009008939841758767,0.07918977370128055,0.06530092718129343,0.07208583175044381,-0.0009736319046412811,0.03494274322553914,-0.05280205561622331,0.0740556450901324,-0.05918926240669309,0.05555551690145788,0.07902712164179482,0.04878048780487809,-0.003936386084699706,0.10141523475342318,0.040554400835780546,0.06310088650393597,0.15418498130987368,-0.057660674538852374,0.045695045295215175,0.017241363363798445,-0.034730000293936025,0.05364692603680088,0.03846184591994639,0.04347745420925864,0.043828930600698035,0.18438358032559132,0.027777730512283938,0.09523799756367435,0.00974025069249751,0.02970698260592286,0.0300752304504599,-0.05119237323655923,0.05318057863953807,0.06640625178271287,0.06830616199411521,-0.0062497203772018395,0.06665946405571344,-0.029744336596334575,0.02109704190260131,-0.11424901349850469,0.09926461207330006,-0.04437408391569242,-0.06551720773800396,0.0017435886651369081,0.11643838356342173,0.1674209022175399,0.060606236245267064,0.011976055663049712,0.05835981470321583,0.01435859471313794,0.08033214708343195,0.04883218509457521,0.23339012153500405,0.05134703511844285,0.023946562648061498,0.02473700494709319,0.010996266597598892,0.03132555514412427
2016-05-31,-0.05829121371278667,-0.1388548437825624,-0.07325580081712213,-0.0608575994185373,-0.13709673852999948,0.015000747447899476,-0.13333400588652167,-0.12237755780370385,-0.030736118157531855,-0.10126571429889941,-0.00254087968594896,-0.047245476686555765,-0.10820245909240667,-0.04545451043625581,0.04364027733185449,-0.0010017693523600713,-0.04423270038154614,-0.2194377706308751,-0.03543303760668315,-0.06006472397788509,-0.06098383790002848,-0.11899047129694007,0.082579454189601,-0.12280414122802275,-0.03007993465839698,-0.12075991773427253,-0.09602637015371318,-0.055363217556385846,-0.12280693659510922,-0.03316672262555165,-0.07015358349503886,-0.08395083887930699,-0.05322007296930886,-0.0696808336619753,-0.12296977703198053,0.03053441435840476,-0.06293698812146309,-0.173023109030354,-0.050847411395418596,0.030264340545017143,-0.08146588170281133,0.02486585146183451,-0.025000428340009484,-0.10389624274957143,-0.003395606370233284,-0.08783771676278063,-0.1258311074746402,-0.0096462933767546,-0.10027727835537292,0.03406324610556366,-0.07786633191535575,-0.09009905612869362,0.03372043696401916,-0.06588491218847725,-0.13836518227767314,0.0,-0.071734973854916,-0.11074373904696966,-0.09855074206689318,0.226615422899328,0.016583735347367456,-0.05043054347822262,0.0,-0.003403115212416985,0.05426383510538213,-0.11428602656500242,-0.07172572763945229,-0.017491120887056177,-0.09817206583128102,-0.04219035831750395,-0.08895827977633486,-0.11325962484126673,-0.1013022165393348,-0.08872276919224131,-0.08818233833925859,-0.07525584679693631,-0.03504688499223685
2016-06-30,-0.10721774215997282,0.040107166046202014,0.032622351816779416,0.005154561447066053,-0.11214958737433312,-0.05911473160286085,-0.0899396942428563,-0.03585658147554538,-0.09315077756138701,-0.06337987687942137,-0.02250413319732203,-0.03305634382911715,0.03646587136747503,0.02380950459313902,-0.03467631418665673,-0.05379170000818123,0.014519077132106872,-0.07674242325029534,-0.09795918565946338,-0.021920061336846985,-0.1365021047946977,-0.035470490892940076,-0.00672949402860612,-0.024444418113166666,-0.041139164001716244,-0.10339497676179532,-0.029303953493828527,-0.15984020130952004,-0.08000001502871235,0.09868424295866274,0.05925921588768501,0.035377556939699906,-0.01456296796322698,-0.12521435997821762,0.0026455076512357234,-0.051851889789512606,0.06156713138273284,-0.03937025282310358,-0.035714251502436234,0.04438715823686867,0.011086224298345604,-0.011764995929438693,-0.012820696668909948,0.0007628358828066784,0.030664382289722125,-0.05185194596269371,-0.03159758982370009,-0.04220775300082302,-0.0035953510478257122,-0.017301524847791017,-0.0977393206440701,0.025027161206239823,0.0,0.008522778990092794,-0.04379507841831709,-0.015625118439708485,-0.1856011491832642,-0.017657971002447814,-0.08038590709890392,0.029329579788295312,-0.07177802933586697,-0.04145073879804795,0.06775070668226979,-0.07006360155070979,-0.05059309927242073,0.005161408848109561,0.0033166940332018946,0.031307627154572915,-0.04279282806469831,-0.015932537571959005,0.011210897675176135,0.0062304969796846965,0.006122767989973132,-0.010117116122766223,-0.012675527198395375,-0.027736748212261464,-0.03631967286019122
2016-07-31,0.016989134662832805,0.040616766442388874,-0.06439869801041964,-0.024908292713641922,-0.04210522353153767,0.04712124044272259,0.013004194326327712,-0.0743801820074047,-0.01510577560517501,-0.08270757151156827,-0.04100667469057295,0.07692328549783478,-0.007920846828489592,-0.005813850365287143,0.07871112797687574,0.003184741349960829,0.005366747143155104,-0.03731974691829587,0.009049764968910745,-0.01516517724740607,0.0035285141888399263,0.019801857881688534,0.0149050999131215,0.05410012638690431,-0.010560830141631117,-0.0017210218275028888,-0.017924605870719534,-0.045951146562333345,0.3695651907572439,-0.014969957526600353,-0.0664335270496813,0.00227797703505761,0.11822654422693568,0.06339872195085605,-0.032981549694582224,-0.0937500058207662,-0.02619901599939911,-0.07962522683165152,0.22222222222222232,0.03749993257137296,0.008771753711035668,-0.01785705184280284,-0.021643936607738112,-0.02439031425399385,0.1289256316958558,0.03906246217239984,-0.018731081918825,0.006779654441774197,0.06391747694602157,0.12239565294288379,-0.14222553576930586,-0.05414009413641241,0.047272794641077365,0.02120051283525326,-0.06870264792406178,-0.015873320003246816,-0.11273308380363622,-0.01986746189062283,-0.09615376410023946,-0.0013568379187893775,-0.10193325159726363,0.04054050135560283,-0.0016919528347038026,-0.06164377361308793,-0.0851486036636474,-0.015037794672888127,-0.0016528649692199027,-0.007143050577704146,0.0015685415283226423,-0.05857137750268748,-0.01995576067045035,-0.01547984249729173,-0.048295322963858855,-0.021884932880192776,-0.018377418813772417,0.030207404860224107,-0.1331657838290755
2016-08-31,0.020737242684731427,-0.09337935329273339,0.015584694028809798,0.0052591239950621205,0.03296700057711721,-0.010000031726877134,0.08985795209502534,0.09821436068508582,0.0,0.032787501099263316,0.14703607080748604,0.24213506710209254,0.01796403390340795,-0.011696094231642196,0.03623891749263719,0.0,-0.011565845861076451,-0.060792839429393064,0.6322870285967581,-0.08152174522038436,-0.06047816826044616,-0.04715674932416358,0.19759691481152175,-0.0016207735557585146,0.010006693843879866,-0.13362077442350317,-0.02305474915838357,-0.1326105777477674,0.4444444245651946,0.05775072054006625,0.08988774212359929,-0.006818173091886148,-0.019823840788715463,-0.014136518040376078,0.04092777246328261,-0.05603443093234517,-0.05147062626161336,0.12977094360817998,0.4696969546452925,-0.18674640056616787,0.04565250922459896,-0.02424257156713938,0.11504444678080006,0.003125046195691983,-0.011713016283582789,0.052631681613584336,0.08374387876742118,0.05723908237586617,0.03779070045742383,0.0649653529303198,0.04037775969101687,0.024691168537278374,-0.07291656063349705,0.017857110263712395,-0.04918056235311874,-0.0322511143370916,0.05484454623953883,-0.041505827055121625,-0.0019342598998758342,-0.002717362858544403,-0.05675155852972058,-0.0077922005539980965,-0.0779661145335665,0.08029185124011962,-0.05411265857891212,0.03816786089010216,-0.01158940690477872,0.035371911866362016,-0.09318702779594035,0.05311068060879376,-0.015837227690756683,0.14308170202410375,0.038502329479743524,0.007607091873035765,0.007454446689354022,-0.008549600064262308,0.05507252575288435
2016-09-30,-0.011286812968347548,-0.009809231822057729,0.028132981819025016,-0.04708492388729124,0.01063828775385156,0.0,-0.03886870477355231,0.0853657987354679,0.09509191612450185,-0.03968269774405642,0.066056463043078,0.12258099527766708,-0.0176470221983428,0.0,-0.0018903823554761168,-0.002794958061914654,-0.03330321058339403,-0.009381034698174973,0.10164838277865984,-0.012820249528212813,-0.023952189017098613,-0.0291120551491606,-0.0011149054554913107,-0.01190464135875624,-0.016512920205980164,0.09452734837330823,-0.011799351940493086,0.16298086558857783,-0.12087915989824072,0.1321837473704357,0.044673496193165185,0.00465128072532095,-0.0719099200343053,-0.013092320485002196,0.04193961806929414,0.03652964457343,-0.06395347547763186,0.02702708879777549,-0.10309280504365892,0.062222050912521976,-0.012473620259938922,0.006211335439918919,0.039681807853803264,0.0038940892603815946,0.004444471485110624,-0.09285721198164743,0.03863646581265767,-0.00636949639391915,-0.04295048258444467,-0.008714573557079941,-0.011560379934256737,0.017524714018649634,0.06367022074394169,-0.07017540713665693,0.0,-0.03333355191581089,0.07192372436866146,-0.022155143792525256,-0.0038760170240524916,0.05177102618534435,-0.008298603131981386,-0.014397861073241924,0.006433874287880004,0.020270250785830557,0.10755159696387273,-0.02205855075818619,-0.050251212275367774,-0.05674587878868376,-0.018998265736914544,0.02689726235849177,0.05517249382270539,-0.0880329723947898,0.025432750656747105,0.005084270318018058,0.006855520273786997,-0.010561759890769462,0.008241734998824413
2016-10-31,-0.015410985404083144,0.04072644833318151,0.02860688990560667,0.011764492979013497,0.010526305882884612,0.02020199068722839,0.06617577149907006,0.052434425846675126,0.08683515308460255,0.024793256488421456,0.06319020782379048,-0.02873562322169021,-0.013972129933547461,0.017751567117058276,-0.03219682160111459,-0.001062551532797218,0.016759618822276945,0.022727413819294107,-0.12468833164081916,0.0069928615139474015,-0.0069017800605080115,0.044977558980717314,-0.059151729118141594,-0.04162130426848776,0.032236804670026764,-0.058181757603038675,-0.007960344891502547,-0.008267961182836459,0.0,-0.0076141013352344356,0.03947367775532706,0.07517082142660292,0.016949040253930514,-0.0006317581717595333,0.05786158285500087,0.03083697525593232,0.055900618052048046,0.030701705583939365,-0.022988483697581663,0.03347277889424771,0.05684180710519282,-0.030863759069858054,0.14503791984510017,0.0007756598221815292,-0.02654874684591446,-0.007874030939570176,-0.026805323165061568,-0.0096153757981291,-0.002926857185887921,-0.0769231470059275,0.09022543727994381,0.006458528551345877,0.10563389950703295,0.022012741403348635,0.008621458379730385,0.03448299253778164,0.028294263971982092,0.02677651423113181,0.058365820094173015,0.01683946104020073,-0.06066947608619644,0.05710488929050994,0.06392671617255252,0.019867530950959722,0.012396553625876328,0.0300753824349691,0.008818299094374815,-0.014118933317984195,0.11003507037524773,-0.10196448492163646,-0.002178589338066139,-0.009049772102579179,0.03842983879637352,0.02535363289052306,0.02677270523060815,0.02134636635890086,0.008174182949954867
2016-11-30,-0.1350724668054527,-0.04653631495571253,-0.08706163501347419,-0.029457381499511937,-0.1562499786571906,0.10396050123664602,0.02758733894372134,0.007117368219620834,0.06701009014534232,-0.04838676913960005,-0.030582353554446717,-0.10059121045657393,-0.05668018299219235,0.09883722992694266,-0.01956959675161929,0.17659563382152133,0.002747480391718904,-0.1787038645175405,0.3162392872113158,-0.03347684888689706,-0.19691117297636784,-0.11621224205050174,-0.08066436002097399,-0.06228542309678764,-0.03708535606181407,-0.05694983085291616,-0.1494483425588582,-0.14547721489902088,-0.1249998238822605,-0.07289001118271743,-0.08544302453264374,-0.010593086751141456,0.12142860595295901,-0.05922841860238259,-0.13317474521293815,-0.20940167021390732,-0.16078425689368636,-0.06489367927932022,-0.20000001402462186,0.03913571546132433,-0.039840810547762895,-0.05732528261014125,-0.1299998364225654,-0.03488360381341371,-0.05303036161808328,-0.18253957995142756,-0.026981668902352318,-0.003236242958260749,0.20547942391393859,-0.13095255720242027,-0.042145717376838476,-0.06310146649641668,0.012738821748952356,0.021538220123559437,-0.05982908152725219,-0.08333397528672526,0.016509551048854876,-0.09428287800906321,-0.11580882187999952,-0.22675158244073734,-0.2761694971569717,-0.09296485482525052,-0.07982800670084722,-0.11688309830686017,-0.15918356461435623,-0.08759105417961388,-0.03321674708261735,-0.0909091123107687,0.08643946664306013,-0.10156242090641265,-0.08951956123887761,-0.08828010605424796,-0.09619808636027516,-0.05818934007919385,-0.05782043059062181,-0.01651661489644607,-0.1567567292446097
2016-12-31,0.06769448843700498,-0.022184938548313937,0.035761637584210915,0.09424942152352922,0.04938274239498086,0.02242213901577217,0.026844509199251965,0.053003611422353325,0.0458935763362609,0.008474128101230605,0.07261879198132792,-0.0789480879130171,0.06652374944171391,0.021164004082789845,0.05788436834369315,0.15064262067437229,0.0986301752133163,0.11273985064111258,0.393939440853716,0.01659737206776546,0.03846154128904655,0.003246594329346708,0.036128961997133446,0.008531161909012486,0.06689191842009579,0.17707264644656973,0.03537725331458064,0.13756094243367967,0.08571421210427399,0.07586207122833177,0.03460193255672017,0.15211024463462053,0.09129502785042387,0.05959802231559652,0.045267442729578944,-0.03243246552193546,0.023364462553857157,0.06257109799672111,0.08823529669570251,0.07532537532810446,0.07468859462540056,0.05405428174559468,0.015325934164015065,0.10843366169543778,0.033600114295809336,0.11650471647288163,0.015598182380085701,-0.08116883317944501,0.08279219981838093,0.013698754600165453,0.13200003095023072,0.044520496325423764,-0.034591221707088504,0.1536145778949629,0.07272695360782633,0.05454595460386358,0.08507331183374567,0.07973427136222488,0.04158015044461072,0.06425039347470984,0.04000041139655086,0.02631579816367502,0.14925359721727882,0.07352947726669967,0.007281470887557706,0.12799901606280395,-0.04520795096651875,0.027397137297388463,0.03284650881615403,-0.06318842242849787,0.04316522343874141,0.06010015884413478,0.05248211631446731,0.056045318756594575,0.055996835847635706,0.05719689755829882,0.09935902101671124
2017-01-31,0.034525918945818024,0.20249551814352684,0.0741686190619717,0.03503630534234459,0.01176469433266436,0.1535083838383262,0.14597066142021564,0.0033557151429108867,0.06466536863212324,0.025209876069691717,0.16759134688616273,0.03571428207115779,0.08651922093436126,0.1502590364164964,0.07830180768069828,0.07474436556037767,0.059850099824825254,0.09523804682668846,0.5807453749572677,0.09897968477177588,0.09722235299156412,0.07605184478316085,0.16811962590962293,0.16676747466659503,0.12476231547947725,0.07043491025718662,0.01594553087290662,0.013722091727632835,0.10526307463317575,0.04166659296503372,0.026755885206365626,0.06691490219331242,0.13035027189183235,0.1419230153391533,0.09186352669082987,0.10055869865542566,0.10958904258721813,0.20235550593594076,0.10810808416175743,0.02536232705083763,0.15057930578952305,-0.006410510730053498,0.11320792833327986,0.10072462098899915,0.0882351952860243,0.0782609589324812,0.04948806349259982,-0.02826852503984878,0.009745190103186196,0.13783807739028475,0.12084807108710072,0.09071041019348525,0.12377852488183794,0.054830185546714594,0.00847425842451277,0.0,0.10691382287545781,0.1630769771674072,0.10578835781193852,0.1671826571274233,0.12721871162351994,0.07557354309192288,0.056817981204001056,0.0616438679098501,0.028915972796662137,0.021277442871089347,0.06628800515783784,0.047999874308708446,0.1583039038909817,0.12623761229787234,0.12873574307459812,0.023622139600402603,0.10738676650935508,0.10839638101603732,0.10439122971038439,0.11695753558635857,0.11661830272436768
2017-02-28,0.011529146587101025,-0.06603779455389724,0.03452391414922196,0.021861765819184198,-0.023255860695907793,0.0038014762395848223,-0.0038027159785950504,-0.03010034165314346,0.0,0.008197379791051063,0.016160036754520712,0.0482766846309286,-0.025926059803771828,0.09009017400210961,-0.0866142760785652,0.109077519598195,0.04313739223617441,-0.042553253371771294,0.08939094500315914,-0.026926419185746342,-0.012658307885161979,-0.04210518550797593,0.06396585314108161,-0.0921801447633529,-0.03378362487800779,0.003249291972492241,0.03138995876031858,0.03849405161937769,-0.15476192819102064,0.02769238228196258,0.019544264156098334,-0.017421696578602153,0.022375188345542307,0.048682608716171805,0.03605768460529646,0.06598978382454623,0.016460889199236384,0.003561896016453847,-0.14634147050620405,0.017667913243222033,0.06208122773801694,0.0,0.1084739443937981,-0.02369982163639106,0.032717046047167964,-0.016129062254307547,0.0677505116870818,0.0072727203369140625,0.024498844962374644,0.026128166502210837,-0.044136017674862194,0.009017994678143904,-0.02898555985449136,-0.02970299798359677,0.0,0.0,-0.0231809468890789,0.04761897564490902,-0.014440435121481188,0.04641905199657903,-0.08136476928420433,-0.1154328260571591,0.04377883646725822,0.09032263508412264,0.08899254098765064,0.027776992123668798,0.02309051286034114,-0.013358661736740718,0.03904813002444585,0.014835039072188971,0.07942976705247506,-0.05846164996587111,0.03535588347461838,0.014701790063424536,0.013704103344797991,0.0008857631599143989,0.0052218399827383966
2017-03-31,-0.042591375387297736,0.0005050160457291675,0.007404244717651887,-0.04515108183455041,0.04761907465063331,0.04545584362996369,0.024809249862384197,0.06896546515930724,0.15835118113146773,0.01626045740470894,0.16089792759893817,0.5065793831431933,0.022537481978111007,0.021186413969103146,0.08524915741875216,0.12145224757241135,0.10526322819771439,-0.029951653415446367,-0.02434629883216588,0.06679353110130193,0.021367505728958402,-0.006279503259586594,-0.09619232642648357,0.016542894725364077,-0.01625210913006936,-0.052631483320376704,-0.08043484539712031,-0.039103834367182455,-0.042253544977128854,0.10179633212629757,-0.07348272009741708,0.08156039582819297,-0.006734015989601216,-0.027853698710735175,0.02784235741398411,0.07619052052227748,-0.07692309919824758,-0.07985797676507322,-0.028571401810159047,0.10069443841218617,0.04739326748745132,-0.017897105598873697,-0.07951088240210402,0.03506423955547966,0.1184573717362063,-0.049180361761746116,0.12487321909155535,-0.1046931277436427,-0.12260022249441638,0.17361115479585454,-0.05277062621362427,-0.0069512420945817555,-0.002985046221742338,0.06377564694946458,-0.008403048817281267,0.03448299253778164,-0.0005584278772596818,0.0075756525531200936,0.0018313456282468277,0.13748847996869862,0.04285690733157477,-0.01560285539551709,0.0014716612042686705,0.136094418114999,-0.030107233096998587,-0.0411150957406059,0.024305559494997464,0.054158695835352155,0.059307219898907526,-0.0005413266288669671,0.011320723004629052,0.13562093459504831,-0.0007453233609522325,0.014963733443652094,0.016793874062271286,0.02690901343131924,-0.012987072775485942
2017-04-30,0.0037594046464146658,0.010600911048326056,0.11488856198532571,-0.023052540702214075,0.02272725117600638,-0.04347944861270747,0.09016307958287739,-0.03548381680965307,0.12660020970271968,0.03225730452260267,0.14020944787147727,0.08733614214692142,0.07128702830991362,0.037344420821988855,0.07575447188209972,0.14949967112885898,0.17507400705820508,0.07171325067106449,-0.0231053610953047,0.038461731467684945,-0.02259426170615353,0.08372825086815072,0.10310420672888276,0.013468021831930077,-0.029773341595355163,0.029604286987922057,0.0756504683652599,0.011021611697883626,0.08823556713061187,0.15217390854672241,0.017241515860316525,0.0002329332230130987,0.18446344794324032,0.14625675683742445,0.1170226912659218,0.017699098239742916,0.07017547712211614,0.15895282636285768,0.1617647252177694,0.047318398510660886,0.10026955812652116,0.030517507943263578,0.049834655831071606,0.11061217398907708,0.07516485907943649,0.1379309894950791,0.09747288839950463,0.02822577931630388,0.11888709102948414,0.05210831278651229,0.11002784859801884,0.07959172111097024,0.08383230216138782,0.0695443127195925,0.01694964957777545,0.11665982376182948,0.021394053219311537,0.036758728312370925,0.10786115853752665,0.0589596683859539,0.20821944324241626,0.1152737330405893,0.11538460977142861,0.06250016133588976,0.15077612336893909,0.09420355429497795,0.08135587315214599,0.011475349434927118,0.06654521095026578,0.10482237714095666,0.13246264281376097,0.048920915711076596,0.09848888097875408,0.0701903452946464,0.06417160700237035,0.040546461858171456,0.1342105692763358
2017-05-31,0.13755197399310082,0.04708854834130127,0.0021030531305636924,-0.03173320203540242,0.1111111405455043,0.0757584197858181,0.08011289567514668,0.21404688355253088,0.02284686987651474,-0.008064133210991198,0.016413871535118973,0.04819239794040908,-0.016635918691786267,0.031999893687841174,0.03037964139822802,0.12340005795294173,0.12279462765276161,0.05297378205623171,0.1504257519862049,0.08096450270657196,-0.03767112146232243,0.07580179732363623,-0.03724348886311912,0.024864901359944014,-0.013342106111593588,0.17425566028873352,0.010988750907507283,0.10020969408820624,0.0,0.23871159318737822,0.03389816455552186,-0.0183150359126254,-0.018433293218490632,0.02379741039809269,0.0010427843814657667,0.35217389546630473,-0.00409835665112579,0.09742726249406175,0.025316430864913864,0.16864821425241128,0.0,0.03597104803404827,0.06329102580148249,-0.03952089463467534,0.11604934770525688,0.13636368599585458,0.10855259526255723,0.011764694882648863,-0.020346675629413724,0.1262729950791628,0.14931008553146885,0.011342086946993568,0.10248730425268326,0.08340834059523283,0.0,0.044776772932039854,0.16824338206989053,-0.020145037496393292,0.19471947088385577,0.05240161397437881,0.2086166933853617,0.003875996213888122,-0.009466004554463892,0.029411667445353062,-0.030828575335310582,0.031174006558259748,0.010971696050543267,0.050032128641373186,0.061452349449142574,0.022794769947861226,0.06409496192494335,-0.05624144495645844,0.014788289970187218,0.026407128425286475,0.030492753466189182,0.03286426990512137,0.0208816643316998
2017-06-30,0.04790749596600308,0.05405417892669284,0.02833159522185036,-0.018487387180219805,0.08000004291534424,0.14788768583513612,0.1675383161681916,0.07438010838889242,-0.017182059805247896,0.04065053221724546,-0.07736377357085589,-0.03448201145504559,0.041353404836904195,0.09302327667215327,0.06715816609504399,-0.002496880485433395,-0.0194847505337844,0.026478332844660057,0.06990134803748571,0.05462512449954304,0.07206403025147212,-0.028455352763350983,-0.06229133653134444,0.09135127102397567,0.023664569543319303,0.014168516278914245,0.023913334948736376,-0.04687500183269733,0.0,0.019396601076508313,-0.03606550739655956,0.001865690056899627,0.10328651817859735,0.06231452434926066,0.019791739134429776,-0.1061093038062263,0.026748895891439695,0.05173986507144046,-0.024691334404499887,0.01989185710849939,0.06276775613400187,0.01388867577283337,-0.05357128631377983,0.008728071581064922,-0.07300888619160883,0.16666669869599038,0.02225526160962854,0.1317830087760219,-0.14769233689639694,0.09584064422871541,0.024563418424860206,0.02149550292069069,0.051281948879795314,-0.023354497813968478,0.024999050133990064,0.0,0.09138222275411145,-0.010334573497678412,0.11187855994213747,-0.09543543831498036,0.24953123774623376,-0.009009031123965339,-0.013651764198013061,-0.052380882451664834,-0.0011020034116786537,0.06766937106753979,-0.03255814938829704,-0.03543078045650194,0.0652633007177057,0.07558138040358164,0.0167323703400859,-0.0014534588209698107,0.0311914833211695,0.029742062094421984,0.029718610028288905,0.056455186728474605,0.020454640209936148
2017-07-31,0.15081451833765325,-0.05494520775601919,0.0673469805320035,0.05136990222794191,0.08333325054910778,-0.02453982602323701,0.041106960953591676,0.061538388358890694,0.001748334665106377,0.12499990224534985,0.01863333382156762,-0.031746414948578106,0.20036104554420975,0.010638344013839118,-0.0023023854385860743,0.10064038346323878,0.03333358037837875,0.10060210007407333,0.012298220184263409,0.05134114174404103,0.1327802204161026,0.018131134628927015,0.06168436171122127,0.052501357433070384,-0.005284255034119223,0.02941163589542195,0.019108361957156816,0.027829841176705283,0.12162135815263841,0.014799151779081532,0.08163274623548511,0.027933070510858027,0.11205650367586184,0.047485952449845215,0.0766086462928186,0.2086330682284514,0.07615233103623309,0.14752850258776995,0.15189873608731408,-0.017731286712103334,0.016107055741353626,0.013699243346575463,0.22012590048183278,0.012360820577208553,0.019093002486689103,0.1542856771055534,0.07982580508502712,0.05821912103890403,0.144404474808703,0.06105623029597296,0.2839634615293878,-0.010978950367550588,-0.0512194759602147,0.07370083182220588,0.130081731265262,0.10000139699528154,0.12983578423064568,0.11053539678145063,0.09689426862946449,0.2534401512854638,-0.07357366210061878,0.01298706285023532,0.06920424145459192,0.10552760273055228,0.07317087394108657,0.07746506079122906,0.16185913380149541,0.034198935803371855,0.07114630344351203,-0.043243227633220194,0.08809893299209004,0.048034926030041,0.07083593768781404,0.07101820971359629,0.07059900335851799,0.07386622152942457,0.011135710638502827
2017-08-31,-0.12374437611552402,0.027131846796869974,-0.011472437481066411,-0.09201941859116769,-0.09401710969221488,0.0,-0.0997853640432983,-0.10386469055459324,0.1780103910221409,0.03472226522988353,-0.08307903976106057,0.22131151282994055,0.022556251677963823,0.02456131560025665,-0.0769231165647205,0.12219445978037768,-0.0285360063212442,-0.1507813270042413,0.878511740911093,0.11516019544195055,-0.13260086985988706,-0.009588982495947973,0.3374300268554371,-0.05552931369430536,-0.04847281128246006,0.19285718337548619,-0.05625017772973051,-0.28571434557882414,0.10843379711399814,-0.0520834245458458,-0.07547177775414038,-0.030797079417188233,0.048469398991575874,0.05644442653268689,0.018975427803743283,0.07440476422778874,-0.06331465232709854,-0.017892685491859073,0.318681333076837,-0.07039708809714007,-0.010567934622846775,-0.04054071190808595,-0.06958780203075532,0.10134329302898482,-0.10421535091635858,0.1782180224168004,-0.028897873761214665,-0.148867253238114,-0.08911690470218869,-0.029549127959668464,0.1634856375240783,-0.019426445120004132,0.01028265632654879,-0.013333252643494498,0.09352536356651675,0.03896143454564549,-0.004690594231193113,0.027216139495804592,0.10532291243085323,0.17200379940019705,-0.11507312024814187,-0.07692312394843659,0.022653702022956468,0.1909090328815104,0.04545455533450116,-0.006536439837892094,-0.009655256053535899,0.016534021946563948,0.08210325792792816,-0.028248589922757583,0.022727304207722288,0.16111102794356613,0.0040268231266649135,0.025455718166279562,0.02305468601446825,0.020646694096963625,0.070484716504988
2017-09-30,-0.10526308653463257,-0.01320749957451417,-0.09090897294407474,-0.0008969085524881404,-0.12264145532507931,-0.03459142898325229,-0.05103637568111985,-0.07816708239557912,-0.026666741441013886,-0.053691205075811266,-0.05320064708787653,-0.01264246422238402,0.014706137418003307,-0.020547921943187664,-0.05333338916198416,-0.025032995839824435,-0.03831424209015777,-0.08739654139270481,-0.27324172560314886,-0.029411830441513298,-0.007601284431999478,-0.034578110561252706,-0.11779441587744044,-0.07224708484981635,-0.01046747444241547,-0.002395131374293369,-0.07284769275083314,-0.054644774394660756,-0.054347826974758595,-0.05494486085556016,-0.08843529753971235,-0.025135042287295017,-0.05961064244127223,-0.04080780229623926,-0.09869632865489841,-0.013850402706163223,-0.07554673928242173,-0.18218618530142217,0.04166662527455389,0.0941752200864363,-0.09479319931740293,-0.03521118839061432,-0.12465369689611616,-0.09368075900951855,-0.06928110397683573,-0.046218629124860744,-0.10934245553920574,-0.12547534135555916,-0.1255408863755021,-0.04166652511619484,-0.11126959598354025,-0.0547171339008945,-0.1653944196834718,-0.07657664492065663,-0.046052609080826756,-0.08750098243121773,-0.1682375116260938,-0.004278920986254708,-0.10348362941137579,-0.08587038182881768,-0.08608040172508147,-0.12916664624655638,-0.022784740048758523,-0.026717445338713564,0.19384070663987418,-0.08552588048424192,-0.05431755105134406,-0.06445790354181002,0.03665817639749891,-0.0625,-0.12916662575374305,-0.1016745347524668,-0.10751282449712696,-0.06876121255649492,-0.06456471651391493,-0.027862732404527857,-0.11111116176352342
2017-10-31,0.01223064460421952,0.04971311301121628,0.06489353198608017,0.01974864251255326,-0.01075267783478262,0.019543784835567957,0.12184939803819583,0.0029239856398342035,0.13546429181273223,-0.07801392349281555,0.07901673642465634,0.15547708805655103,-0.02173924785108905,0.0,-0.08802812506050972,0.29049431424985195,0.0697211272325109,0.05645173580779694,0.4961068021909689,0.04175089725556802,0.04297884099877192,0.06017180336625039,0.06344688851213487,0.036519903358130934,0.010578201496223905,0.050420135162708046,-0.0023810960394048397,0.16473984134676,0.05747126536059666,0.0720928914125567,-0.014925444565154655,0.11003862188705438,0.15135825825036875,0.2000832616930479,0.0774791903088039,0.08146066475119196,0.015053697502921848,-0.08745869886134305,0.056000041961669966,-0.0035496161630819145,0.053097814589225134,-0.029197400845262567,0.044303429568507635,0.03730870241381723,0.01966303430587879,0.06607942102384867,0.01398600790726845,-0.10000001036602535,0.09108888775107205,0.11036789985301354,0.20144464733705392,0.05189624953738492,0.12195125467164081,0.08536583745816761,0.055172078269584146,0.027397627283218595,0.06912192500541114,0.11662745484571091,0.1862856121509966,0.09393676796143091,0.11823651392449808,0.18341309391798388,0.0,0.09411755051286264,0.0015175524251320738,-0.014388695845882093,-0.050073675845006105,-0.02511248498192109,0.1225328793065632,0.04599494451822972,0.009569341899827721,0.3155792404727298,0.04643077638890136,0.07084035890933382,0.0703047654882698,0.08048316206105488,0.0648148062672198
2017-11-30,-0.15707710899370386,0.06375234956472164,-0.10189798993826071,-0.08186621547189621,-0.1304347854255502,0.012779411556892661,-0.0876401268569521,0.02332353675781551,-0.1286862040224228,-0.11538492230993291,-0.02929206368947268,-0.061161945914666505,0.05925924001332872,0.0,-0.04391882643432754,-0.01885675865294667,-0.0856612261853299,-0.15171753252348807,-0.24237920261055768,-0.05769107869159773,-0.16156681567075204,-0.07972971705709364,-0.09706132914075838,-0.09274638302829752,-0.04745250012526092,-0.029714286547805946,-0.0990452616218136,0.09379658513390532,-0.13043485008164923,-0.09110634937121309,-0.0681819799565887,-0.019130315386497565,-0.032584284402708774,0.02801126464945236,-0.07861950198492851,0.11948053234844802,-0.22881350281662272,-0.19710676296263263,-0.2196970223778405,-0.044523285933186774,-0.13585462665010573,-0.037593909713567464,-0.1757572697591233,-0.027712136860492675,-0.09090920678125902,-0.10743808937752397,-0.09042149511456954,-0.0966183260504323,-0.029038119495451764,-0.01807231338930748,-0.1142285271120147,-0.035104346735654546,-0.10326084697357352,-0.05842691374420328,-0.12418259415746535,-0.013333507181473303,0.03444623476960462,0.07339445957991875,0.1811176190705941,0.10538633681263332,-0.20609332330827823,-0.0404312921361456,0.01036248064327916,-0.2139892338506526,-0.01363666793894125,-0.01459853040333492,-0.1178294272328887,-0.029062153425739812,-0.11208782214701085,-0.10177874128266373,-0.08530804628564326,-0.30465590412943233,-0.10821312898415836,-0.05276469960290775,-0.05591114720718571,-0.0660469793014532,-0.09782615396708227
2017-12-31,0.12354950885015104,0.03595884373619307,0.09566176035283402,0.04314474057797324,0.1375000158324835,0.04416376224566698,0.05500701799578045,0.17663822034682752,0.11692313611104832,0.34782586676580207,0.04777870291482711,0.2280126777909488,0.15384598403368477,0.08391621809150229,0.08631993573590213,-0.04429807536572772,0.09097094221058732,0.18110227866240614,0.05103046900656616,0.0794747353458165,0.12408760862121015,0.06754767504568693,0.1577908058075217,-0.022843986961585405,0.00293017241054061,0.08892818706510952,0.09139054201441588,-0.046279453313106345,0.08750008336239667,0.05250603055696201,0.14227653243394456,0.07669159593509356,0.16376317899908854,0.09445943132439516,0.11550477199520337,0.313225040036067,0.1620878838367077,0.21396394752686598,0.30097094232978483,0.07176109925146901,0.12965963312717288,0.06249997400241036,0.19117565366089684,0.12067927513331611,0.16212125073391292,0.48611101843367543,0.16090983758114663,0.18181819920407682,0.15700946941433447,0.19171782561969986,0.27450994349639024,0.09341194755534876,0.09090909090909083,0.12171835292242261,0.3656713986249447,0.0405410762760916,0.15061469606305034,0.04849912993501149,0.2797715245984036,0.20056508106776794,0.16252817995010838,0.06601127452011224,0.05833345324972594,0.11214938426933507,0.023033063857524905,0.06666673439252047,0.13181028837383324,0.03401346854247356,0.0024750734559217946,0.08195825651964106,0.16925732351637923,0.10189232609768117,0.12176700089881609,0.11092399317978052,0.10913747803713791,0.10468125022012464,0.045783240846683615
2018-01-31,0.023693734827394897,0.15041336586342036,0.10862944561943921,0.04779412695151142,0.12087906761570366,0.2024170618572163,0.16420209192102098,0.21065378625874387,-0.0123968058620606,0.03225804936512611,0.023999988911780568,0.01061027653525537,-0.09818170686715533,0.20322581298738807,-0.11431227662702381,0.04528320615794135,-0.008089500704495767,-0.014285753421498182,-0.01587302294009707,-0.037772102780400885,0.058441569617424305,0.08803307791598014,0.2359455899914209,0.05143184040503601,0.02118300420261532,-0.02704164106239304,0.07767012569658327,0.19029489268818933,-0.02298840249794476,0.07256237988838321,-0.056939358231131054,-0.06301814613545231,-0.0069859965790476375,-0.004149205014119306,0.14645529899313936,0.04770317812816982,0.06382978243712945,-0.0593691361763492,-0.12686572541742158,0.34087062983390704,0.15494983885359304,0.06617672606628777,-0.015431318107494763,-0.009740292739708556,0.06518903639643026,0.052959648709560936,-0.04862120909072809,0.10859728750863584,-0.0024232667218350157,0.021879023845336798,0.056804730626995426,0.03147474582437626,0.10833337196276105,0.0638298261649517,0.016393678104950737,-0.012987277139600462,-0.014247693935245165,0.008398055839141216,0.050350513431806077,-0.045882528105910314,0.10291282433177962,0.2121211626232049,-0.033918844345505406,0.021008394822887633,-0.009008999694300579,0.12500033069262484,-0.015527966354212497,0.03947363998742848,-0.05020583681880797,0.20793085706232195,0.1122599595007896,0.35402895990537986,0.10820332338270178,0.030736958599699937,0.036379862932258256,0.01722642201578717,0.07373254716157573
2018-02-28,-0.044510287772561385,-0.07112089588289028,-0.024725352737598683,-0.05438592193200198,-0.07843135765358711,0.05527688899896965,0.03342330870908139,-0.04600003916326656,-0.04881449673706628,0.0,-0.04843734279168743,-0.0026245939450328937,0.009408681992488788,0.1018765446847778,-0.007869906704640273,-0.059566963047701926,-0.016311375503820003,-0.0628018914643027,-0.10056930013786636,0.0033269932617228104,-0.10552147339021722,-0.09608098070738702,-0.0661612622013914,0.028349114329130787,-0.04291821991775646,-0.04947194514983677,-0.041666724413748635,-0.08033573597195298,-0.058823701019883656,-0.11627920202401487,0.0,-0.026548952079787802,0.148743683546104,0.04666664840879209,-0.04475184685816236,-0.057335528767795685,0.004444440205891853,-0.04832344077190642,-0.08547000709448127,0.12191945759037193,-0.05093196770738628,-0.048276210269666886,-0.03448323666693187,-0.015300493756434275,-0.07588732399245779,0.01775142579746758,-0.08161709649001148,-0.0734694135730235,-0.03724704850539007,0.012594421853968418,-0.005039213858105573,-0.06277225190196456,-0.06015037384339128,-0.0420000584788951,-0.1344091443295915,-0.02631603020177864,0.04697388578551687,-0.021780815753729477,0.15351946125715443,0.11713939605574764,-0.15492962894088402,-0.10869565442739682,-0.04576807965753582,-0.008230383053989265,-0.07878791251174189,0.03703662246019901,0.03470029565202881,-0.020252942212372838,0.01646460551260165,-0.04124578270901624,-0.019920276934118353,0.0565853974379924,-0.03623114444213771,0.0005010132350995455,-0.004835602880670864,0.015833165802305427,0.021459424580364983
2018-03-31,0.05341583373154757,0.026295573210867618,-0.060883720510284456,0.04989661519756283,0.0,0.05239322754986664,0.0737390512477063,-0.06289317076738399,-0.011730256083090862,-0.018749900467971203,-0.05582925704999642,-0.15263165961222103,0.03957366435584242,0.03235654875705474,-0.0187558884319724,-0.008957206073776924,0.12108142914289988,-0.037113558758985365,-0.14029535737638954,-0.04641915196585955,0.07956096531639689,-0.016783151134957985,-0.08929899925604168,-0.025945871671035126,0.04839395404022495,0.026315737095406577,-0.04230336183462868,0.06692746512364978,0.6875000645765044,0.038277729423442874,-0.0452831229320767,-0.0018179570050458338,-0.08136485450728359,-0.01194283072666924,-0.06473607330069409,-0.15026835950961692,-0.08628315666622044,-0.06839391243559445,0.2336448483596636,-0.16705253266945008,-0.06282671769513859,-0.009353997561235672,-0.0909093771624292,-0.09045511075562218,0.06754970134135041,0.15116273418298554,-0.014119554322423955,-0.026431693076513496,-0.015059234603703398,0.011194018831946595,0.0033764689056192676,-0.023255861084865215,-0.0026665800378600224,0.07933221928426004,0.0621118877571023,-0.01351369209203046,0.06898440200027856,-0.008513459921300814,0.009994735180395287,-0.05629136826825698,-0.05208343794217474,0.0036585041059751244,-0.061248837464043304,0.004149286456742729,-0.04276308338392143,-0.06593366125346589,0.016768373996794317,0.005665534531901217,0.04501899551005062,-0.028094839699356222,-0.11517612544242939,0.07756231385964996,-0.07822404846615583,-0.04384252640101216,-0.03380054878710825,-0.010823639425136977,-0.06932776805455132
2018-04-30,0.008254961627031765,0.009042805794142295,-0.11887388853123282,-0.06384969901037951,-0.11702129211076095,0.06913622699449196,-0.15134778789055792,-0.08053676923066266,-0.13353135953302897,0.030487901717386023,-0.012174106784528127,-0.14596300635398496,0.047297201674803446,0.03883490304596915,0.007258710576050653,-0.1872174674110093,-0.07867506038280214,-0.05888634607108145,-0.03680978256926659,-0.040333988801409815,0.016518537962598945,-0.022759681357312767,0.005672722738754965,-0.018313043355980607,-0.07100607674047854,0.051239690390928905,-0.08220835490901424,0.02036655322691061,-0.23703692777478746,-0.064516191512893,-0.0474306494645661,-0.09408705268060014,-0.032380830224008395,-0.06725802770826428,-0.12488397266575035,-0.04631574530350535,-0.08958840526031031,-0.05282600835541962,0.015151500099837678,-0.19569753479578478,-0.10384158806094501,-0.05426321114859489,-0.09999923799337329,-0.149241313837146,-0.08633431050979756,0.02777779395420321,-0.041280566098617966,-0.09049775757081469,-0.2959720005115156,-0.11685114747245462,-0.20975884218735008,-0.058770617539505965,-0.0681930948935291,-0.12959403673743408,-0.12865477471305653,-0.04109644092482734,-0.08699313093834926,-0.08256298674478713,-0.13020827083526976,-0.06637203556087834,-0.0857143807199191,-0.27217495695139393,-0.07418408256694342,-0.1198345877835143,-0.037800777750203185,-0.09150323497020907,-0.056971624011223576,-0.16620498276717588,-0.05330899224603869,-0.03794040051051839,-0.07684142100797342,-0.1508139950592121,-0.12435735409749438,-0.09420136270959945,-0.0926422767336319,-0.056452201578646166,-0.10158020272510004
2018-05-31,-0.07886516744254313,-0.0548342770010013,-0.043787057723244205,-0.05416250750876006,-0.13253006856904115,-0.09930770714483061,-0.11872191513426522,-0.01703161979836232,-0.18493132926195588,-0.13375792595709113,-0.06331859137021967,-0.13090874254042884,0.021935355729239436,0.01869164135363932,-0.07760553384907531,-0.0595710438833007,-0.11235938339860252,-0.20136509706455485,-0.19426753043238576,0.007970853188243643,-0.2200000127426357,-0.08588045819467749,-0.21097236326412427,0.011559690830566183,-0.09235660101091436,0.1029411142986214,0.05620293004608645,0.0239520800434172,-0.07767005661373816,-0.11109602882106917,-0.06661746873223762,-0.00026783302453503577,0.19330288836094445,0.15695076176727918,-0.028230066468274195,-0.3267108584868431,-0.13829786761846408,-0.06082730601705755,-0.04477616454795885,-0.25190208897526756,-0.026016718835735864,-0.11415916849286556,-0.10714304407073139,0.032967162488187096,-0.05106390307394293,0.17199014066640816,-0.1300528563266502,-0.13930346901406565,-0.04353223775804138,-0.3125179656622902,-0.05535844056621242,-0.028125039663586038,0.14454291929601548,-0.09337156332952601,-0.14765074849717474,-0.1000012332848973,0.008325395654821488,-0.1267098028568202,-0.0035929171445082675,-0.024707466971999992,-0.11057668844908664,-0.14691146431204094,-0.008814198864834588,-0.13145546983433265,0.0035713908770651503,-0.12949668739819653,-0.038155826136563764,-0.03239212646826917,0.03009703603698477,-0.17887330580299965,-0.08026755771691263,-0.10494461956671841,-0.0470560590058966,-0.025838995818989963,-0.034813987260854384,-0.0094654837974254,0.017587910606320145
2018-06-30,-0.04403308432668529,-0.05622518322135839,-0.06683157412972007,0.010604288412308538,0.05555550036607193,-0.01794813039687193,-0.012953518997447677,0.03712869897959181,0.027350355774708568,0.00735251529487857,-0.07284469166772045,0.10041840907996336,0.09090915769167562,-0.020642286432329127,-0.0883412908441098,-0.024951962801440297,-0.07426155370009824,0.05697985635134928,-0.03715409703775929,-0.016806443444879138,-0.04647435360732999,-0.017516018523969556,0.010857888381607728,-0.05151171142679345,-0.04122813282525495,0.04853329560624631,-0.03734423380703211,0.06705651102889099,0.03157896568596663,-0.011695906977602255,-0.02403842169411108,0.03803110270418064,-0.09823010583991632,-0.05116271764836111,-0.06368719584719618,-0.03934422538857729,0.08950616080229334,-0.04145069584963135,0.023437478172126713,0.08171210652790495,-0.04841397245287349,-0.029126154918235447,0.08444417203109755,0.01063830973711366,-0.047832571744417685,-0.07966448015170047,0.038384035959075025,0.13294798643797967,-0.01625498512773904,0.03198315560332654,-0.07813681382006166,-0.05359062036640161,-0.007732106490336621,0.07594925769166405,-0.007874594921266964,0.0,0.024770784364418486,0.027117106354200615,-0.1893028630378507,0.15999991777516054,0.3162163259612054,0.11154592562255017,-0.022635167995716077,-0.06486489469813916,-0.017988224382047613,-0.05509562551501912,-0.17190070633660426,-0.12103013759169057,0.021677739916263983,0.03602079652779433,-0.1072727755596442,0.010146628787193634,-0.05706135479446239,-0.04484241891314622,-0.04105425902682858,-0.03475060618181536,-0.05307069575624612
2018-07-31,-0.044726360075110994,-0.12340407096896433,-0.04244032835990674,-0.07345215774424108,-0.07894737254879813,-0.05744173681989384,0.026247029388708487,0.021479718153374128,0.08043452789291061,-0.043795293910014244,0.09460219135058101,0.060836257642854275,-0.23495358267591926,0.0,-0.1720500517663468,0.17692991851921258,-0.05925273530236497,-0.0053908086059645255,0.14532015268810894,0.05427534460359551,0.08739486468777025,0.18152335655076435,0.021482202358292568,-0.12927985369617645,-0.08783177847751888,0.030010329641244837,-0.07040240706927281,0.29513070828160193,0.030612262111187727,0.05325439324374792,-0.1379310040295747,0.04310347097900724,0.0853780129098709,-0.035947701430650625,-0.15393798782679224,-0.030716774927414536,0.0,-0.06486486415082904,0.0,-0.05275894462595043,-0.11228055264923498,0.0,0.0,-0.028771978553462807,0.24018835415004292,-0.004555882546456225,-0.06031126017950095,-0.11734694622298769,-0.014540587480307843,0.011363609881437586,0.17848430959611195,-0.04077004229368697,-0.007792287557300992,0.17882359041276485,0.0,-0.09523221955751215,0.30170090607338307,0.0609054488976124,0.28020749281207324,0.1212643516025127,0.008213400149121863,-0.019366137324236643,-0.04880080322734659,0.0289017224329422,-0.14022160153293595,-0.11224492580510348,-0.04391220701024334,-0.0029295481444796545,-0.008302658697488585,-0.0325606979180848,-0.16089606955687086,0.03571423502780502,-0.10107934513610572,0.01140188015157717,0.004476794874137768,0.005566812387170161,-0.14170043643328856
2018-08-31,-0.0761704334650174,0.017475820139212894,-0.19806106509016308,0.053227539229317555,-0.07142858967489152,-0.1246531131801265,-0.04688924449144338,-0.021028041743408332,-0.02615653931937334,-0.030534877053515097,0.10644507670240144,-0.1505379139219567,0.12859271764566582,0.004683910465353991,0.05971333138951085,-0.04937377555152622,0.16279083122439708,-0.1734416776730513,-0.159856600195452,0.023272256037883743,-0.17001537388314825,-0.17832648070147705,-0.19768663537203934,-0.02169479204011948,-0.010029632897494478,0.16049355469859128,-0.10664585559892603,0.35625341000886546,0.22772287172219685,0.04213494711448784,0.05714283687910848,0.06404955396399226,0.06690761538990775,0.1347459242460196,-0.1537376699671682,-0.20070420791175292,-0.14730877766035455,-0.08905445119342659,-0.15267170779417671,-0.22911302499052144,-0.2094864091379397,-0.0599999952117507,-0.1475418124287684,0.08598256587267894,0.10253162010296135,-0.029748372661236533,-0.29917187458380257,0.1502890101715153,-0.04493631483087379,0.2404496083394061,-0.17704015189122613,-0.15584424630763638,-0.18848170765349437,0.22754489293026303,-0.17460297722146823,-0.19298402924346514,0.1251720070994422,-0.173778121353802,-0.05732473562918983,0.03741670941220776,-0.10386964355148032,-0.13644527925663397,-0.0008697118329391573,-0.10674150094956758,-0.21459218073425712,-0.13793113290920367,-0.24217121302408318,-0.10244856015048465,0.10232560758048947,-0.1477468276018924,-0.14570064974773522,-0.07327574534741665,-0.17975169879797837,-0.042194047551527114,-0.043617375963230676,0.0364898539319396,-0.19811319167261165
2018-09-30,0.04009073755097936,0.010496091176319222,0.1951643085939323,-0.09677422350599019,-0.09230769936149663,0.14556943872778394,-0.1010725313712848,0.045346078489609365,-0.006592486654174778,0.19685093573893786,0.034421944035642804,-0.06329114510959233,-0.12198376904084929,0.018647920802509876,0.047332880212769046,0.07234284902876209,0.03999995194800143,0.031147354735017396,0.299487985941604,0.11853887123088347,0.14897579108038284,0.13355600890981956,0.13106161867877497,0.16978503829833413,-0.08713319917329998,0.10319168658567701,-0.06574416131452543,0.10160653340129766,-0.12096785873641147,-0.010781670927527909,-0.02702712977661903,0.011650660068848628,-0.05847481788254716,-0.019417681734639647,0.28833352088134,0.12334800605394136,0.02657804782708406,0.09268287576996603,-0.09909911070945099,0.07224891297849312,0.11000063138756766,-0.03191489090750954,-0.00480614646628541,0.14105127692307073,0.09644092174191887,-0.03773585547045044,0.19497784531303863,0.05025120811725392,0.16292118822143364,-0.027174112071161716,0.14453785297899246,0.06153856364932975,0.07096780781424461,-0.05040652945430746,0.06730766827863133,-0.04347873023307092,-0.045843580934989636,0.1140294376033848,0.17567562705487316,0.06620572815088477,0.07727258551408411,0.06237010276584387,-0.0696256729528566,0.06289313649709283,-0.043715918092328554,0.1466667243980737,0.005509631278018512,0.04626794946806445,0.12742629170599384,0.1265060962996043,0.09798268339077953,-0.04883726825105461,0.19243008779897974,0.08338927714057087,0.07801156959109501,0.018891020290187965,0.10000008393719151
2018-10-31,-0.18399999884154916,-0.1156752418046314,-0.06213887026601994,-0.10119042110898868,-0.016949137131806236,-0.046961418617172734,-0.10447758107299288,-0.1347031966156388,-0.21052625673136216,-0.13815781752816703,0.052901213796203495,-0.2342337665616142,-0.10381676124935957,0.020595052407082592,0.11119078623315937,-0.09189576516828579,-0.03365379123741474,-0.15898274026594195,-0.20288898829867252,-0.03142318207388051,0.08752030457418902,-0.11340198919140276,-0.09733487473598212,-0.17713280596351855,-0.16648130876170464,0.04628733639518301,-0.07962947144723298,-0.041856053015126404,0.0,-0.19618536866842595,-0.07777772925526649,-0.10940513605817903,-0.19621941043755198,-0.08987051954623526,-0.10219927585343469,-0.08627452263690949,-0.04207115845739007,-0.08779757353741013,-0.23000001907348633,-0.13782554915208034,-0.10135188602502465,-0.043956062025454434,-0.14975898192104387,-0.10437321835338909,0.1361257281573529,-0.2524509499144252,-0.10197780613490826,0.05263164499129891,-0.1388887365284156,-0.05027927169972446,-0.2657856343993582,-0.061923576760828714,-0.09337350453058713,-0.2003425137655157,-0.17117171599728742,-0.08428615208579537,-0.2581678081373482,-0.028546744698321302,-0.2680250595027517,-0.020389281615971755,-0.2658226072208548,-0.13307246328937195,-0.015902576851267947,-0.18343196771517611,-0.11428570738511534,-0.17441861067766895,-0.1260274003818167,-0.2440550419363522,-0.026197599899992152,-0.13250150253518111,-0.10761151012327796,-0.1894865445130396,-0.07940095117825308,-0.09271162901639596,-0.09760398992455876,-0.10335211244270281,-0.14438508304974007
2018-11-30,0.059714695998943856,0.10517878931707014,0.17873658169240336,-0.09933772182911405,0.13793111244365175,0.05797048722205056,-0.08444580441786098,-0.18733518956840933,0.11282041259840048,-0.015267438526757493,0.008103619347416213,0.10924609633083815,0.022146436386659696,-0.031390096123078526,0.014202724407756051,0.06374505728921709,-0.01907145025326573,0.0,-0.02306430632018175,0.07892302500694681,0.043218992459018724,0.04152809690863157,0.05905006722465567,0.048956145208447266,-0.0013319923593461125,-0.03963129697766654,-0.05633803832457951,0.03696374544740144,0.06422017589661788,0.02372884248510876,-0.006024086376391735,0.017241354410120868,-0.14557669513793814,-0.06381726324684833,0.1902017576949735,0.27038632406427365,-0.020270250677801305,0.172920052690116,0.3246753327177798,-0.0017770028498498291,0.060150694516242,0.16091957502361098,0.01704568873645962,-0.013671750255103476,-0.06635954217574569,-0.17704905079890687,0.08602898360823708,-0.022727250560256373,0.20757348031947864,0.045098165369106935,0.26200005803167037,0.14466295398599782,-0.03986707111247856,0.06638119551287458,0.3260876267973758,-0.13889069811824606,0.0017271218609802297,0.12021381020855326,0.21698776235690342,-0.04824989457407114,-0.03448313167046779,0.06997741643159383,-0.08317503733587206,0.13768114813292498,0.045161355415118676,0.09859155940080822,0.22257052707720515,-0.0027593262673538677,-0.04688711602217854,0.06643825774271872,0.18529414610879136,-0.04675712541915911,0.15274395414903785,0.061049646215330045,0.05781875648962109,-0.02595479056406247,0.06249998885209185
2018-12-31,-0.07485274911577477,-0.0028985402658794346,-0.10196086198811716,0.08235293370521068,-0.06060609070941536,0.0027401850327652966,-0.09223198360847185,-0.12662327721682465,-0.04608297638375658,-0.054264001569561904,-0.04742741245701165,-0.07386396953069463,-0.026666492123714525,-0.04398153738105226,0.008911560537720353,-0.09422994818113828,-0.03465755939682735,-0.08884687899500299,-0.0902192011634505,0.028588563486306784,-0.02857139320411184,0.004784741951390004,-0.049697011312722084,0.04941669315212183,0.005333103063048572,0.21976957203081193,-0.07462707095025722,-0.08692327351058315,-0.11206879575174533,-0.09271523667928883,-0.0848485101755877,-0.02317332949615203,-0.05242462654884639,-0.03828175646671561,-0.03753030431642257,-0.09459458370988971,0.02413790722097464,-0.022253107946978656,-0.07843135765358711,0.04982302710625586,0.07328591732964229,0.06930694360129919,-0.07262675166027177,-0.06204617816340663,-0.041460924846904,-0.1394423070297337,-0.05449934521124444,-0.08372095756881404,0.020906030992930758,-0.05065686769540567,-0.08478616568235287,-0.07730074943685816,-0.034602088110144646,0.1546184192839133,-0.09016379623018334,0.2258097794266114,0.0232758007556364,-0.004542581886682995,-0.05571833872985599,0.0,-0.11309486472587305,-0.05274261858055429,-0.1244168635379278,-0.10191081167416172,-0.07407415137844664,0.012820583988417233,0.0,-0.03984501906959759,-0.06048398677786848,-0.052500911896914526,-0.03225809123397039,-0.12341778973985107,-0.04948708760842446,-0.04175161041896669,-0.04344652173362351,-0.05245324288816322,-0.052941117220805856
2019-01-31,0.0881819100844865,0.07073654525095074,0.20360258573021084,0.08559771413761696,0.0806451798973915,0.05191273834473553,0.1590919226766332,0.1263939605355966,0.2512077369071317,0.04918121071586645,0.018565257720421613,0.16564483331579427,-0.0051370184698974475,0.0314769985196337,0.16782325985071567,0.06456959276657726,0.06567422314529914,0.20332001402850186,0.03521780498464966,0.04748114193815045,0.027941152109667078,0.03968269191690332,0.10331627502693697,0.075212585603333,0.08090203767088044,-0.018882717055671905,0.11981605469524115,0.04759910694733405,0.09708715127645196,0.08759136226146969,0.05298013668410406,0.08752731993295826,0.17427380790362568,0.16990290976475086,0.14465413964828522,0.21268653695688045,0.0875420834877636,0.08108103525074539,0.021276575507703344,0.15932283058906038,0.25330393046520916,-0.009259276706154562,0.13855441536598834,0.21956353520142402,-0.08856852810184879,0.2129628270360573,0.14008033757924987,-0.0609137071196022,0.23777006927719646,0.14229252444603335,0.31082263145532907,0.25000017055788804,0.1792114368623028,0.1791304614767384,0.09009026064959347,0.0,0.18112903458793084,0.1913329698717523,-0.04099392960102932,0.22465215304144381,0.10738244890527926,0.10244990235988749,0.24570779483375516,0.11347515703216238,0.20666672740471737,0.07594929975154119,0.2897436092733896,0.10720455242322657,0.1982834700953442,0.2724139592325865,0.22307688827815686,0.22382675504992822,0.17281256327761163,0.14737689989398928,0.1402829270119461,0.1380533960636785,0.21739125425298877
2019-02-28,0.017543856730881213,-0.08868791797984876,-0.0253879113251696,-0.03128913129584865,0.0,0.15584378551382105,0.09457781357728146,0.016501617049457185,0.10038607600896832,0.4843753535783928,0.08036436501502409,0.02631575218530413,0.0,0.0023473773353495098,0.13128053015274,-0.0419906263149854,-0.05423183689273725,0.08620674741033163,0.03581017151281807,-0.04754032812244957,0.0815450681331793,0.10992348884509529,0.023121447327769884,0.02615555069752107,-0.10552146125566675,0.015236503694840975,0.100822657077972,-0.10123549845353197,0.0,0.03020120700895368,-0.03144666252543671,0.004024257491474836,0.1012956152461939,-0.06556028431580163,-0.018681296803119585,0.10461535820594192,0.003095972261363933,0.009210549018390024,0.052083346915120954,0.20321501525073327,0.024604968517708103,-0.009345812167053102,-0.01058219791736581,0.08540097486121212,0.22033904293091378,0.011450459368374188,-0.07701346623706862,-0.005405400180747089,0.10110296130620178,-0.043252498693234775,-0.025759629285468932,-0.021276684289614933,0.1854104635730327,0.0014749693622106985,0.008264151906775874,0.052632250210463694,-0.0021398474700522474,-0.015785831534881445,-0.08225380406780147,0.07386360280356019,-0.05151532081777277,-0.006060552348919224,0.01901139991513201,0.019108287885391206,0.08839778145433752,0.0,0.08151098464349138,-0.09161886242309303,0.03366747444461193,0.0596203191753466,0.08385746267649608,0.4764012139269358,-0.00014409762003775306,0.0010191259410958775,0.00437863671929839,0.0327451560365597,0.10204086981420257
2019-03-31,-0.09113294332218291,-0.12015875392295416,-0.0926193784518492,-0.04118155198334239,-0.16417912173892546,0.14688622380797645,-0.04741726713243832,-0.21103887901497553,-0.10175438221144095,-0.17894727350793538,-0.07438635299111007,-0.18974406411260014,-0.009809009181707573,-0.0409836151838443,-0.1996180661779815,-0.15016232040900912,0.06594431867457162,-0.2111113163970325,-0.15557470047866717,-0.10911202384922569,0.0,-0.01650620725226415,0.07344632920312089,-0.10491990706461463,-0.0891630418081385,0.08767779223474159,-0.17383164030387743,0.01596456086913478,0.0,-0.12703576266389138,-0.00649340705876833,-0.054108236988324454,-0.018181816691624997,-0.1534636310663673,-0.07390818196216631,-0.04735371641776276,-0.157407404000649,-0.17470666743922159,-0.18811881129688612,-0.14823774677535917,-0.04802728287434699,-0.1132075386467617,-0.12834257158543305,-0.14354046677420496,-0.002870812935401146,-0.09811317676070774,-0.13566883424668885,-0.05978261538568186,-0.10585332855443608,-0.17902346167383565,-0.08135589417481459,-0.15652186096486154,-0.010256399227937973,-0.15758478617670113,-0.131147943099178,0.0,-0.08640283375967384,-0.14993041929890205,-0.08892032027866614,-0.15873012025616484,-0.15015992416178503,-0.11991872834122308,-0.1302169924123211,-0.1250001049592666,0.1573603741449774,-0.10588234060289559,-0.19852951294354926,-0.10716337580548019,-0.028996499727143576,-0.1381072659406477,-0.12765954307010818,0.29770221750834236,-0.07809828449606215,-0.10491208821238995,-0.10280030092102765,-0.091173702280687,-0.027777810808614745
2019-04-30,-0.005420181420945691,0.11681708698036997,-0.022328444198828956,-0.028744184793794814,-0.017857125751218117,-0.043280259472209925,0.020188658314168828,-0.028806672938698652,0.11067345375995896,-0.0705135208541815,0.04537911687845009,0.1139245117952703,-0.00183473978175841,0.05897436721494298,0.08651553952348956,-0.021012495217053728,-0.03451874794994014,0.08249522330618753,0.16888429285784823,0.0879478435486285,0.062169230835614764,-0.0951049414448425,-0.03157899615981408,0.048344457265563134,-0.01656606815963635,0.17821467005008707,0.04298645704684234,0.11305102363495423,0.02654882204140474,0.04850731406655151,-0.019607811325009772,0.16598952874727146,0.0,0.16626131011544687,-0.007255186297481009,-0.0263158335029684,-0.021978000864594893,-0.07582938781339799,-0.012195110427418387,-0.06704650393167744,-0.03783813252477253,0.053191463621340196,0.07362085764645343,0.02596742510268779,0.14683289297279023,-0.05020923858046811,0.01252766773638947,-0.017341023733535632,0.07485602218057363,-0.015418529919515978,0.1402213165317634,0.027938350132689083,0.06325557798951942,0.059440651731951455,-0.037735719523714684,0.02500026024428159,0.07397963450405487,0.023790110474897652,0.10844313082521317,0.257953064687124,-0.10150338171765982,0.023094666603822533,0.05146198246400413,0.0,-0.008771836593554516,-0.013157967494919043,-0.02981649297858957,-0.10911425210165482,-0.012028872949883529,0.13590494525113783,-0.10643015403848277,-0.07621241385817212,-0.03483086874905472,0.012439001291004281,0.017395309927987546,0.014423889481139485,-0.00952388912138824
2019-05-31,-0.14078108492376185,-0.009234622186361952,-0.02773254484059251,-0.021806873313114594,-0.05454550971669481,0.05238049342616313,0.04146223997713894,-0.042372797161623676,0.07089528669652312,-0.22758577638000144,0.08108101070096785,-0.056818040273916015,-0.06250008593874912,0.00983979621800013,-0.04503025011623729,-0.11073167129244521,-0.04225373252493314,0.02416366769052325,0.22066545422538697,-0.04730513230421396,-0.17310086785768053,-0.13446659735637068,0.0308949181983893,-0.14388777428055988,-0.11179203378935665,0.10716663363302459,-0.13449018176164707,-0.04215690054560162,0.00943401482064199,-0.0751778721833124,-0.23112520878980236,-0.011236115390458767,-0.06569458838673381,0.04170612728701206,-0.03532270228875001,-0.15915915421400906,-0.07490638275985495,-0.09743584685750861,-0.12345681919446161,0.027813169040305175,-0.046816640880221416,-0.05050502729906703,-0.0857137030267342,-0.0031018843455216105,0.0,-0.03524223089088063,-0.06404662964679131,-0.09411769490753374,-0.08571416569685508,0.08277391945439638,0.13980587020397328,0.007822708324640493,0.17250008223722735,-0.11577726041703962,-0.09803937556229436,0.09756204967136961,-0.0015836272217442104,-0.07051278530445204,-0.12788257984385187,-0.0617934665073383,-0.2050209602326052,-0.14672683569665534,-0.0634039126938094,-0.03571417604254912,-0.12389378600104717,-0.09333326201806591,0.09692677935774374,-0.015850240332440868,0.0584415764576407,-0.004179738519427101,-0.086848666210812,-0.18666669627057375,-0.04022867608795089,-0.047664002323812404,-0.05057773046417957,-0.04664287306408432,-0.0432691842646411
2019-06-30,0.11733607679619329,0.04397898752630747,0.14261757250378082,0.0,0.0192307515962582,0.0,0.08079598674148869,0.030973318656989157,0.11846696714354832,0.03571362959679436,0.07177447694455807,0.07228853320745943,-0.01568638379244791,0.022727306045212226,0.11845897137338213,-0.009871348630412613,0.0022626887544658913,0.19237762469113484,0.0043041909198571204,0.022444620003777782,0.00753020753379996,0.062499933232616156,0.035526313725601,0.10888896031157924,0.07586191858192692,0.21355120508362235,0.3709271578325015,0.14288644087659663,0.06542021588997882,0.02164498873582188,0.017857111896034228,0.03219680012257786,0.08275858679899706,0.131938361787302,0.14898984796306936,-0.046428527941508424,0.044534369968294296,0.08333325054910778,0.028169072021973385,0.09888271757801603,0.19057031400805147,0.08510641820237663,0.006250103043992317,0.09147488478844856,0.01255238493710431,0.09458208021357306,0.05132207039543135,0.07142858248694761,0.11425776358364503,0.07107459627505897,0.295286849746077,0.1125483952643278,0.049040400479605895,0.009652461056956607,0.0652178159292276,0.4222163130357328,0.06582079081917636,0.11027654416224242,0.03285253990814896,0.039357309203164936,0.33157867105235006,0.026455064499479652,0.15023767114489783,0.0,-0.020202158918640856,0.1176470533153684,0.07543079358360427,0.15812601976092466,-0.11963193668374283,0.015215118970682173,0.13586949796498726,0.26844261989955087,0.14639936828715805,0.06691304795495778,0.06508031828570249,0.03129661963426322,0.21105532610708067
2019-07-31,0.029328321645191835,0.07622879259230242,0.10866373443423294,0.05095538614777584,0.0,0.04524948436124854,0.023837256388481443,0.03862673331146027,0.037383110638294026,0.051723753353720925,0.021068345328681515,0.02808986579075068,-0.005976088899910081,0.002469051744372619,-0.1048843520980195,0.05277762995753488,0.15237017080572857,0.06240457679110034,0.1492857251848494,0.17353308633079334,0.13004482664986838,0.005041971519753163,0.04447273018541642,0.11489619999014278,0.0801287701723481,-0.0947157542340108,-0.08043883265221008,-0.09257747445088815,0.13157905356881172,0.02542373898437056,0.0789473807869634,0.1192662771302313,-0.05732492223208141,-0.018488848568582905,0.08131870319688028,0.0299625173858038,0.34883725658201636,0.05594408800680317,0.06849308357518114,0.20464462858045107,0.031352554411197664,-0.04901964120992497,-0.00621128189213116,0.07297590832036227,0.0280990585281069,-0.03539824658344726,0.24556201934382282,-0.036363602210010226,0.10254169131845647,-0.032098982069227455,0.04252523059396318,0.1476744858039043,-0.056910408756964626,-0.06118551219854529,0.0,0.10937661819887246,-0.0662202160902704,0.02586210900758279,-0.03258342277790449,-0.08268925217687928,-0.11067207610578789,0.07474225600501416,0.016520375135095522,0.0666666932045159,-0.01546382618640485,0.10526315348515647,0.08416849151959793,0.14412130745834228,0.21951217751670526,-0.04392761550046642,0.21770343579438745,-0.23828760325145604,0.08979799625462759,0.06154287219856114,0.05801088406249266,0.03978138212524418,0.13692947876120964
2019-08-31,0.07720596645420508,0.19384907144218055,-0.08609266040077568,-0.1424242827897002,-0.056603722658898126,0.09740205036504679,-0.08465777223614146,0.09504129635692449,0.2552552069600451,-0.04917998018850955,-0.04568903796429724,-0.032786622251645414,-0.012024034498921421,-0.0246304918612944,-0.015508317666583893,-0.03746704141161927,-0.03525957556148085,0.40974258113498596,-0.01864513287071734,-0.0017021505382913693,0.06349203780773793,-0.10367897025007256,-0.009732350499663811,0.029359021581192746,-0.05192880376411091,0.04405280182723237,0.04572579707000135,0.10023736428457664,0.03100814311077249,0.07438019430743292,-0.04065036401417843,-0.05409842484206473,-0.13513506652505514,-0.0393120260008909,-0.09451228830426517,0.050909129056063485,0.19252875650050316,-0.061258259585413755,-0.07692300638503313,-0.13132585830562005,-0.11999938626242357,-0.08247426115493917,-0.018750248517863666,-0.07598287383558366,-0.060289387438422826,-0.06422019892658404,0.09560575665952564,0.04402511432283096,0.03974552864513048,-0.1275508543293783,0.489697140049683,-0.11347509045971094,0.06034464730116906,-0.118126246759232,-0.07142856601627656,0.014084722346405787,-0.0597609073931028,-0.01604277923536712,-0.09382513121320213,-0.12384163536102255,-0.04000005942395046,-0.06474819568024415,-0.1081767401094118,0.20833322448668845,-0.057591670924632465,0.0,-0.02402950320790176,-0.04475143760028233,-0.09857146260501026,-0.028108117059828186,-0.09037328572831116,0.16542946267704828,-0.09332574249918268,-0.06617027957577415,-0.0525457294505961,-0.041760202183824036,-0.1605839256403776
2019-09-30,0.018927899794630942,-0.14441854691938638,0.17826069888023643,0.19964662750121476,0.20000004768371582,0.033530682776774734,0.13179286026357118,0.030188773170789274,0.19378007729561464,0.18103450704080593,0.021621622314251132,0.11299423406716236,0.06085193718240767,0.08333335776648898,0.10560081631595675,0.10704316027628558,0.1949237962509045,0.04065026445911757,-0.09436350694856532,0.04859329064377249,0.06467667684217937,0.16231344054032304,0.1609335885368821,-0.015133981469767521,0.16588365242069436,0.05168772999405036,0.48288984486014064,-0.0686433703633802,0.14285687734011776,0.20384624602379198,0.17796615748005395,-0.01906414869610218,0.07343740020868439,0.008524952077946235,0.1470258251030936,0.16608988347106757,0.3710843196297997,0.15873017341398254,0.12499995860788715,0.08599309229282004,0.1418172914489395,0.0898876812532301,0.5541398291500064,0.09315692845085377,0.08383244793867317,0.09313725979983012,0.1262871830999115,0.09036143323751822,0.03134551672075814,0.05847931103888104,-0.14043752182151892,0.09371414944107403,0.030487841479388544,0.07852195870009959,0.1758247326820559,0.2222250032210602,0.0033897754752327813,0.01397516763500084,0.09734503946950568,-0.07499987354826376,0.3148150938472507,0.23333328850249035,0.14920280700108468,0.10344824657497864,0.055555512071843616,0.13095234756305785,0.10037879278015227,0.25043374412582153,0.1378765215741211,0.10177972937314506,0.11879043203093276,-0.08917187450239006,0.14816946448982837,0.0891519151436524,0.0859658815715365,0.07593686773236619,0.04782605027168807
2019-10-31,-0.04128036577020111,-0.12545612336576162,-0.148831420073668,0.0044182955209952635,0.0166666501098216,-0.055343450594028454,0.0531156770670278,-0.032967132531066534,-0.08416828715347302,-0.10948939503138266,0.13681033323121672,0.015228854844962392,0.05927360506524737,-0.025641100241664994,-0.06279671984732593,-0.08987076860367837,-0.07391670962976382,0.2656251663798048,-0.020979034037302835,-0.036585082334479435,-0.016355053651854745,-0.057784877654047384,-0.05925920394128881,-0.08096925959644952,0.0724833968061318,-0.019558691464681588,0.06923070864591319,0.02739724574860869,0.13815785550611004,-0.03833875962405353,-0.1366906655038186,0.017667988896856723,-0.04366796868885847,0.09551981429846412,-0.09980431384098454,0.05341248453109082,-0.01757467550561287,-0.20091326288772138,0.024691334404499887,-0.1060038314197953,-0.0748402262456126,-0.030927832507041453,0.20082001193522236,-0.012098863488052558,-0.07182316836140368,-0.0313900815178727,-0.01732434440152586,-0.06077342462613722,0.036323176330226525,-0.04696109497855572,0.08866999975354695,-0.13375122577422638,0.15384614584474288,-0.06852241799975689,-0.04672964000654012,-0.11363758534820778,0.09966223684744491,-0.002681687545772027,-0.06290322098111911,-0.11382550337201547,-0.06690149089972486,-0.035343051625008504,0.11397405595317034,0.0,-0.08421044904245978,-0.0526316036410196,0.0,0.02358940711448354,-0.13440119784018867,-0.07168097961672848,-0.1583011046328966,0.010988968444516356,-0.11338452263943477,-0.07040217096174117,-0.06249935351768321,-0.03834524396756611,-0.04564312011453364
2019-11-30,0.4253072641583511,0.12676053548959354,0.11994217656710959,0.2507331701989357,0.44262290917170843,0.10505045654499212,0.16876805383642712,0.378787988213543,0.07877469712241147,0.10655758886126643,0.06981391143457505,0.514999934937987,0.09025256417216965,0.04784700125807362,0.12725236186537403,0.018549018030699083,0.12110097478707549,0.05169745758162625,0.1492857251848494,-0.020558255728259534,0.21377667047008586,0.34923346321267523,0.10236218360729388,0.11254032605971598,0.05256579250741811,-0.00818425074985396,0.17026382694737796,-0.036244084487079054,0.017341058816712218,0.15282382335361344,0.2166665587844092,0.024518537600619394,0.22526621083249143,-0.004748383076475959,0.09239133502857366,0.1183098822353239,0.22003577558116127,0.09714290073939735,0.8674698596181325,0.3642860890050459,0.05851972770337488,0.21276598183241457,0.4607508121216728,0.06336513258924614,0.009353682724769774,0.1638507760187049,0.0871694611388043,0.2764705973100494,0.06938484610625872,0.04057950558869727,0.09426842423778825,0.0977080246917712,-0.05470093082687222,0.1494251484035134,0.16666690933562522,0.16666867948569886,0.0322579731432453,0.08041411916206931,0.17469882504106815,0.10967751755280997,0.10188700388989336,0.16163793568555884,0.08451955943677225,0.23437483490780386,0.35632167434906825,0.14444454427952858,0.16523234797162578,0.0628105397090899,-0.006435988604315268,0.18868952469759326,0.1788990158453201,0.09090915618409867,0.1032765242762066,0.08187167735358236,0.0856640178297976,0.09880350387750036,0.03913044988812864
2019-12-31,-0.031442469821927665,0.07777780055969297,0.0477418197768662,0.1805391874407969,0.23863640827827237,0.10420507785462196,0.13941912048199812,0.04670322650287284,0.21095325119502428,0.2678186924846462,0.18458661283537592,0.06270629045577714,0.12582781629617124,0.011415401348238596,0.03995993519777685,0.12452516932911584,0.05155471297905079,0.23991205015889383,0.15413297195261055,0.030639798740022206,0.11361732336039676,0.21085840264849254,0.16836730473640404,0.11965322782720933,0.07847820454049415,0.07787538156817453,0.04085066723987385,0.09937646897700247,0.045454644764398644,0.06916437968616052,0.006849418105373761,0.11979155257012808,0.1267080104590117,0.12126010517599739,0.10646769122864863,0.294710284494619,0.32844577589059654,0.03298603695024238,-0.26451611563516786,0.0157069365352267,0.04227636997911377,0.5263157342076508,0.9205610996267801,0.018527837422923188,0.09941032338888589,0.12184864410697172,0.09459460573814793,0.19354830558009328,0.05016729852468882,0.058495817287228524,0.1902135943987222,0.048351426748249215,0.10488257795965938,0.06200003734728665,0.09243690662121917,0.27472809549717137,0.0892857959536355,0.01547520617828968,0.059340716241874425,0.023784274258074056,0.43150713982921673,0.18738409163271075,0.10828555212235069,0.12658258415960155,0.16949158512171114,0.1844659834059723,0.09010337893484732,0.1713435956831879,0.02510127820806307,0.050320093625621176,0.0661478913267679,0.14855076517834642,0.06778773424487494,0.05732293639818242,0.07035576913744279,0.09947974537037041,0.04184099319251877
2020-01-31,0.05792479710976939,0.06615125469877614,0.027093749608481765,0.05461768937920253,0.12844034991534503,0.13245040918456197,0.021850535398080018,0.07086609167877933,0.03685085193347315,0.09740307851316854,0.15477422896222937,0.03416134997419662,0.07058838241701793,0.12415360950573029,0.005763788113156698,0.12320910412837494,0.03424136047796056,0.13786971394878567,0.037695249027632105,0.04871786126201516,0.0008936394404459591,-0.0031281685760102818,0.10393017937822924,0.18740306988712763,0.08599734021141736,-0.041148310911360064,0.2615547629743238,0.05104565050431753,0.10326084279339676,0.12937994896089133,0.12925162754921393,0.0961239808426706,0.025358523521366916,0.05337070496075236,0.07643876149970286,-0.03307394566338395,0.13465775461918872,0.16302526018880825,0.03508768627628123,0.34536205219434923,0.13728537160490584,0.09195399373014523,0.26520663283461166,-0.03687311716042996,0.08045983495477893,0.0636704173988023,0.0353909750243,-0.06563700521584381,0.03312098307629707,0.06315792247529739,-0.20729585900580172,0.02620565053785029,0.17839604036966872,0.05084734629598686,0.06923111195395637,0.21551491698987468,-0.06967215466392063,0.026850530869694467,-0.05255882458976624,-0.00412997975806606,1.0191384015591258,0.07968746006954519,-0.020725337233476915,0.26217214217203355,0.07608706749151706,0.1311475358499592,0.05149053824822358,0.08892927767680558,-0.10900484790895537,0.018292776986353232,0.20802917199229087,0.089905244367527,0.08309547087316638,0.029618933044883056,0.04120691137685384,0.044572497900329244,0.19678712189736824
2020-02-29,-0.18772558963956265,-0.08944404859066368,-0.190647558668797,-0.14595106900793298,-0.14634151541947904,-0.07602324643589287,-0.0270844669349245,-0.12009803952524634,-0.08723749030586703,-0.20118369179216633,0.11812842932522538,-0.14114071198926037,-0.0096155520500808,-0.0321285278670399,-0.1384908981909201,0.17602053107980042,-0.1452219791092738,-0.2563702855628939,-0.07472758172548233,-0.04482470584016296,-0.19999999999999996,-0.08995827367662212,-0.21756328522987134,-0.04434792141313981,-0.08020299187125501,-0.2035928324808024,-0.19067442679271163,-0.10387848973663816,-0.15270939493101265,-0.08353213422556749,-0.16265054214534658,-0.08627993783425425,-0.10537654945027708,0.009999865017208398,-0.20300742775566194,-0.2575452287739096,0.656614895818036,-0.13728327682491503,-0.08474568565903096,-0.20919539344207305,-0.20713275634875827,-0.1421052256875217,-0.019230753449577698,-0.10566612152532617,-0.009929171244267398,-0.08098592729608811,-0.10890301706888594,-0.18181819973092195,-0.09432797107548718,-0.10148496323266176,-0.19138055861685366,-0.14300314425795013,-0.09305555230016682,-0.13978480457459286,-0.18705078055509594,-0.1276608352357569,-0.25036709184283645,-0.03886931295847118,-0.13868606949082485,-0.2156558782127067,-0.28199039309982743,-0.12301011916098736,-0.016628777450646726,-0.02077161603426292,-0.13131324151977553,-0.1884058251871703,-0.02963921422775395,-0.011666660544459861,-0.10283676416086418,-0.12489309978016794,-0.18429000170422472,0.027496348828531803,-0.19343937363761832,-0.11639891554240345,-0.11034400437299341,-0.08178992309556676,-0.22147653577644555
2020-03-31,-0.26074081154345785,-0.23097348099466963,-0.16740740606234483,-0.19157546616004317,-0.27619045240268036,-0.1891376062404373,-0.19230791100694267,-0.07242333995336692,-0.2690264796852402,-0.1777778470982383,0.0134089814175824,0.02097878838789713,-0.18930591634704597,-0.002442448916667006,-0.2505543879705562,-0.14678246421376617,-0.1816169338239325,-0.18181806274272783,-0.08917555577069236,0.07615200265127631,0.06584829568564321,-0.1631308861771611,-0.2477249950508258,-0.2051863998620177,-0.3024279747769095,-0.2713033107551487,-0.2901236030345783,-0.5031991045104391,-0.10465118878635349,0.2447915602531221,-0.16546759193511118,-0.06501580263500972,-0.09254796154060851,-0.3229099463816467,-0.14360597287185217,-0.22222226529694222,-0.14268938386369667,-0.15745387159437818,-0.1759259719171623,-0.2374040396600886,-0.18166108016930627,-0.2208588767824845,-0.11764711251631499,-0.23515982442370187,-0.3050652367085853,-0.26819924410332463,0.0115967384842115,-0.2929293117818995,-0.23332615993297878,-0.16528925098736813,-0.3821137916979658,-0.10369478182017822,0.13782542063852032,-0.1375000572931112,-0.19469004101270104,-0.26016175473935144,-0.12201308837957303,-0.09705861624119405,-0.23305086603733316,-0.15862533976988713,0.004950432389165593,-0.2854785536978053,-0.27216005609718075,-0.3878787511150874,-0.2829456877530441,-0.1696427789712296,-0.11022573458891516,-0.2978066074858874,-0.2504940797935924,-0.04203318118387711,-0.151851880959195,-0.24647881678214179,-0.15980995430583889,-0.1544933620584592,-0.15425446028876333,-0.18919473124660224,-0.1853447788058249
2020-04-30,0.2525052695287875,0.05926356291784507,0.04804261731112347,0.18079085926475358,0.34210525490240373,0.3048242791583806,0.12512119964876933,0.1411411137235774,0.09685230621527618,0.1531526978605109,0.18825910325091644,0.2328767592403722,0.24230745501506967,0.11674022679390839,0.22263307082546868,0.15169493806589607,0.2276519831077486,0.42478637091735405,0.6231527698190729,0.10208132798809655,0.3518324863389757,0.3175489518203407,0.28897850521934787,0.05895819429592497,0.22626496905885407,0.5649182172622136,0.5347826570641494,0.3473485531885365,0.2044541725764475,0.018251232198450706,0.07758620789181614,0.0439078756773037,0.0781457952533886,0.32051822670189023,0.019583948732736056,0.35540078746253845,0.10273972334300718,0.03180911346685722,0.41573034911847406,0.2350714805073575,0.048626010820772114,0.22047238528137458,-0.027777454502445176,0.16864330249514392,0.20148463798227922,0.1570681866049679,0.29365073314858714,0.5285715295344,0.19692608208681883,0.17821773951246267,0.5467835759167563,0.1376912072660279,0.043312725801528895,0.1811592338533785,0.0989015804352078,0.17582591510784074,0.09826239288020688,0.13110728459021437,0.1790054705087336,0.1649203190744868,0.1773398633403751,0.3002309962218639,0.3572730877973598,0.3366338128466233,0.27027020646451505,0.09677410741244596,0.09701489559551923,0.43737432929032405,0.1918258154997876,0.2102040400036007,-0.00873361627060032,0.23457941386526793,0.04990474540956158,0.1120893970870207,0.12791082760394712,0.19964232430992213,0.11111105238962415
2020-05-31,-0.014400158835409682,-0.008147769544435746,-0.03565358842633892,-0.04425833388229772,0.11764706569834438,0.05042042094624688,0.02365941819820594,0.22368436576050987,0.11920518649490619,0.070313220660851,0.21960125702406197,0.06111077755112326,-0.009287753143158328,0.11637067646598687,-0.016938908556182186,0.11037538868167607,0.0407767208995935,0.1145769996552124,-0.03717759586090874,0.14866645865645522,0.05499601608101168,0.17441835954898388,0.08133469453185627,0.1108399828626101,0.028387573135517652,-0.03241753507782008,0.007554125562443614,0.06662901854629166,0.060773464300844626,0.17327785496039017,0.1839998474351534,0.012377819270880552,-0.006142629421642343,-0.017405069245232663,-0.057623135904385725,0.04884313976298982,0.4024844340807887,0.03082848663739668,0.3253968013687498,0.11419739751094315,-0.002016231858163464,0.08387097521578979,0.42628535707318815,0.053177626427733715,-0.008826198713839162,0.14027131515352664,0.10702113283697567,0.060747602640028875,0.07784920824150343,-0.01120471188856853,0.1172021969745165,0.030562423492495938,0.08839050760191913,0.03517357167547286,0.14000007574178475,0.06542115100003998,0.10638302078864359,-0.009359085369476272,0.1696345336400089,-0.008426960092172142,0.019525785663411233,0.05328591612781808,0.0053812889418030085,0.07407403721595007,0.08510637915199926,0.0784314961766368,0.016326499930042093,0.07524069447566828,-0.05254422966265082,0.010961287078012916,0.02422910450191007,0.06737320607544062,-0.010905226574912885,0.03500390846433077,0.04361971003980436,0.02997467006104282,0.0809524459894273
2020-06-30,0.15990259309968602,0.16867474993340936,0.07570437693712151,0.6195243607949923,0.41228073202451987,0.10239963450989831,0.12018502004214016,0.16989231654244463,0.10059168914596262,0.20437922506412542,0.13760695320847915,0.20942437333858854,0.14531240183709504,0.09717324788183901,0.22399992996346163,0.07687200859682974,0.11567168138757022,-0.07158242039941065,-0.03467293892298229,0.08142309710185702,0.43465506544269794,0.14041426537644397,0.1253616398342683,0.06045842269659252,0.24592232887038978,-0.1056218306403689,0.4611063395387356,-0.06984711590685211,0.09375005234765998,0.08896786244951027,0.3851351290210552,0.1135133837869724,0.06427685386608051,0.14734282403772792,0.08025480901863413,0.2549019562011037,0.22852080889490112,0.21121497842690617,-0.1676646578354234,0.054130490844227275,0.1313129111651885,0.16071430988965152,0.04967964349696574,0.11699520180654033,0.1130900221561495,0.28968257290600774,0.1853449261130944,0.08810574861858989,0.1176469984310069,0.21529778839625524,-0.06006768409702923,0.09964427719760405,0.0666667083381125,0.12601620715992023,0.2719297302835739,0.29824393115694736,-0.04635110957745736,0.20348821915228865,0.00480767350374256,0.20538250911504474,-0.06839949310177129,0.2276560574282427,0.14808200329376775,0.13448277044202395,0.30588242314104264,0.18181801342324433,0.0896921943667559,0.2774612301720143,0.050788109494410705,0.02872400739785741,0.1526881771151598,0.15390075435853867,0.09332755782482915,0.09600718372055472,0.10428596399918422,0.12510236340089143,0.079295120677912
2020-07-31,0.18264510448010074,-0.015947756832026427,-0.1423897507600369,-0.012364667276277386,0.11180120866371634,0.09433972443357286,0.0178811586111991,0.007352964161309483,-0.02688171942328832,-0.03636344899408017,0.0,0.17748923611072587,0.10777628879407519,0.028985397230702814,0.16038217789163856,0.08814131829223304,0.056020082559162576,-0.020869498583844903,0.02938772707569348,0.04459054557324116,-0.12998974116971185,-0.10260467469131818,0.1885175488331099,0.025746966264547977,0.17019162484317385,-0.03873011998784004,0.0904424565472488,0.0141682894577011,0.004761949735783366,0.031045836921224534,0.10194393860455686,0.0501618599773499,-0.08933530358885489,0.16491246385981229,-0.17216983181213685,0.09960942192992772,0.052631615135822374,-0.1481481535989616,0.1798561169588937,0.204709264179199,-0.14285731157013115,0.03589744282323992,0.3877863902912948,-0.10859980759469423,-0.047200055144208886,-0.0799999778330035,0.16259741741808376,0.020242895440133912,0.11991997138483779,-0.08857820299351027,-0.13915384045444767,-0.0960088037744854,-0.03522743720813304,0.04151612976413577,0.020689746999903225,0.027027343648747815,-0.14167527143227676,-0.10265695099184846,-0.14752798518355903,-0.10105747624340466,-0.05873710572658364,0.07280215902427067,-0.012432070131871975,0.0942248957129801,0.30630625599352435,-0.1307691772677103,-0.09152034546929899,0.3757961680985864,-0.08277765290577166,0.07419618059164423,-0.16044778210677502,0.07682851494888543,-0.1369118160020033,-0.06501611247088213,-0.03290971678126853,0.03703302497430605,-0.12653055947039737
2020-08-31,0.08402375775131876,-0.02530995330401442,-0.06488540690457878,-0.09624411859164372,0.0279330014475605,-0.03315645658905053,-0.09054019056779905,-0.06386852922881336,-0.09023939437880213,-0.07547209412498412,-0.05334340980848484,0.08432590125770822,-0.08128082174882145,0.004694932739218949,-0.09098780313663535,-0.07714136401644223,-0.10292970387268108,-0.15985785807733732,-0.06502773331877232,-0.04548631186722685,-0.05411775748387593,-0.002638564320479375,-0.10814708092115721,-0.034065522413265104,-0.018072269857806633,-0.05372903228102144,-0.1352940751497287,-0.10505725242123021,-0.009478635059276375,-0.05863713327882181,-0.21428579897786404,-0.010785680589978974,0.1544503212546391,0.00783121219431604,-0.03276356340001707,0.04262873290225455,0.017123287223834494,-0.08333334053196195,0.10365851132164794,-0.04210490852867432,0.02916713527001291,-0.16831685456593914,0.5566557013416584,-0.07235631024917943,-0.0873215851395085,0.023411307921603175,-0.14566575887892397,-0.13888885209589796,-0.1856037571491721,0.002557432846991059,-0.046842402762240276,-0.07279231247913542,-0.060070589818826625,0.048527051539637656,-0.060811075238238366,-0.019737022329399556,-0.07409641371356057,-0.036339177299891,-0.008418959896951295,-0.029411939491472916,-0.1279251214576277,-0.05121640183073717,-0.12195109269213034,-0.06388890506039158,-0.17701149231704694,-0.03539820016868633,-0.05524862233535144,-0.13796298136636276,-0.030890564147072586,-0.12663086339638752,-0.09333335028754342,0.049657489386384146,-0.04835065205891931,-0.038186707302500955,-0.0428609992118304,-0.004807384217273114,-0.05140196076470238
2020-09-30,0.12772917567591957,0.09803919295779262,0.05102046367913471,0.1783548899830414,0.12499994331080089,0.06035665127451706,0.06389242639057024,0.22027286512601196,0.21862372328510093,0.03401363632923937,0.09682523604307103,-0.04074711594467495,0.012064305906395179,0.06230515497823497,0.1639656894367798,0.1960662865689462,-0.0008823740514428691,0.19168414151995905,0.0703986366744318,0.021994097819793224,-0.006840738960373072,0.09700178183568076,0.24898948683917865,0.04640390437525377,0.2900963301904227,0.06384517579451576,0.05646265874342049,-0.012488284696553609,0.13397113540190042,0.1784511297869229,-0.022727202418782233,0.09034272190407133,0.07256231819506387,0.04722062629936086,0.045655516365062265,-0.04940374233506595,0.08148141773669781,0.013834026176475556,0.226519391597918,0.34301393759772014,0.08299558555749842,0.04166667557338033,-0.34098944094944716,-0.020666613847718507,0.06715732623450577,0.10784314055229416,0.07217564831188161,0.09216580748084957,0.007304648644494094,0.06887761022786743,0.011847349371482352,0.06435006864689208,0.07268174118755222,0.22975195340668497,0.15107898142076848,0.3624163681141621,0.0019518369027038407,0.0600558706830745,-0.011320894428206496,0.021410425499363006,0.266547502692708,0.17543862584408543,0.10125437212056942,0.11869431091382299,0.02513971251291891,0.009174362304417816,0.04385973714192226,0.07733613147435081,-0.003749936799727238,0.006151136167435567,0.014705868603311245,-0.06144637328636049,0.05500312329847046,0.05959550241178291,0.06174667637862319,0.09699856882266311,0.049261144340590146
2020-10-31,-0.09728934740717443,-0.049710317208691346,-0.07184460843544827,-0.07714908285277589,0.048309249408762245,-0.08926256929889897,0.13128635071263872,-0.012779673956107906,0.04312757453088456,0.072368359148832,-0.0021706362810236524,0.08125535268107575,0.06754971016379252,-0.02492661303240662,0.08845192991846518,-0.13796403607703678,-0.06625460804847594,-0.04967469542453218,0.03090335553560708,-0.02020375087472437,-0.08852058562223553,0.19051455888834723,-0.11844659846588679,0.011086385613689576,-0.15217388625991624,-0.06271080625104664,0.0907918805072192,-0.07619341895680143,0.025316356922600924,-0.05999991398820903,-0.02906979123261444,0.03142854069996015,0.0,0.20776250800786245,-0.0690140383840867,-0.005376296304905104,0.040473202997839186,-0.0838207203866006,-0.058558609353847935,-0.04208073632624321,-0.04486003187020138,0.08571424467214928,0.2739945179730079,-0.03744049612560019,-0.05603448676523748,-0.08554566987605494,-0.07999997221758082,0.3206752175443892,0.30239297518528585,-0.019092927201839194,-0.14310504407804991,-0.01813801987722341,0.04906529838472795,-0.17473123009457447,0.1375007170410345,0.2955668453481122,-0.10584410397031963,-0.03425561662800358,-0.13931285301406027,-0.09871526364477323,0.1638416613466418,0.09070033965477431,0.06021150929767294,0.12997362434010062,-0.07629430826369976,1.3181815813764373,-0.10224096800902738,0.0927218876310949,-0.06524464679385966,-0.11790389223568387,-0.08212558578122231,-0.033603793690836326,-0.01893483043086519,-0.048064153243559615,-0.02864116209174128,0.015382852274133052,0.0
2020-11-30,0.14316338564231756,0.08481457319177954,0.2719664858904829,0.1871018901106032,0.009216580748085068,0.05397735998126563,0.3111110618764217,0.12621365861549427,0.022580651602748247,0.049079839533966885,-0.006526464105343188,-0.04464302702162648,-0.026054625937804055,0.05413530140816847,0.024830764759366186,0.047818186988038525,0.1759696980159131,0.20846293956848605,0.12298227514581095,0.03999993211583064,0.17255715566530871,0.2694125211026013,0.19456685715646116,0.26206139976594156,0.19871745402884566,0.3258992399279357,0.5785126167073467,0.611909618739978,-0.01646073241606505,0.08966575882099459,0.3053894153555188,-0.03324116016803813,0.17970391393977625,0.02457481602105971,0.32677753172635104,0.19819817420347152,0.5020946592865625,0.12127663719001269,0.05741632961997323,-0.03904769117407192,0.2818003742933466,0.09473683812610845,-0.15572391847768308,0.26025459131038153,0.3114155624752033,0.5870968470180782,0.11983044528120046,-0.012779616232937885,0.23051233138399851,0.22919710854296582,0.44483815731525533,0.19827592090606005,0.3964367714309571,0.07654721978791401,-0.03747332269369108,0.44106508563670066,0.37908490485281,0.028937519223738883,0.26829252981999185,0.0937734273451567,0.4720875708967305,0.07684205707750813,0.08979294277640615,0.1478871591514388,0.07079653814731546,-0.12549019255320826,0.1965680385317572,0.2636861478552899,0.22349007490605466,0.10198021257826873,0.197368486271011,0.2014388922755581,0.2399753772324602,0.1639934733339301,0.15390135977867447,0.1419567460010751,0.35211278739535246
2020-12-31,0.6388369331258548,0.08520604473344151,0.15296054604409637,0.11200539626585582,0.013698616715036138,0.26145536585236795,0.33427457128670146,0.068965509582251,0.3548897412132628,0.1403510157759711,0.0875911298323051,-0.015576298296100854,0.10445864658232407,0.05420819536482102,0.12114544643254899,0.04850976750393432,0.1802092272004423,0.03295575499248726,0.7351130032288504,0.08903133396382934,-0.09101655359986516,0.0638297952461293,0.7148124667210465,0.14248485921526943,0.19117682995574348,0.977211186087146,0.07554227918551759,0.34182591830067044,0.28870284488090214,0.04044626066819368,-0.02293579574413962,0.06017213267164245,0.34229401668177517,0.15313636495493088,0.19384269469182014,0.1969924697733647,0.7161354624815031,0.05882351876688996,-0.045248932726261404,0.2171429100634179,0.07022935139489128,0.22115393358721036,-0.4631106489467208,0.19304162229590993,0.08844017335995802,0.17479671565460997,0.012310455667248643,0.11003241489710303,0.4524885787683921,0.1876484452956786,0.3091069059644391,0.19527265707264863,0.09170640121079665,0.11043892197846472,0.03424650101690707,0.10554175134702093,0.12269615333275286,0.09572297101078076,0.13811198747134634,0.14128938249213263,0.05358607284924033,0.3782992191989287,0.18591541862007976,-0.012269890107281634,0.07713493618740541,-0.2017936976449859,0.126466598952498,0.2808665728943509,0.19253963926729822,0.041329764368861044,0.03736254776493331,0.05089819436508458,0.10717842844927139,0.15016870916739955,0.15043629718707074,0.184971351583326,0.07291642409648191
2021-01-31,-0.2361484688068166,0.07161339593964833,-0.08987161921627296,0.11761158778286696,0.0,0.01495760773140109,0.030345508958127265,0.3293012012243508,0.1466822131298311,0.08205132593283482,0.2608699570755726,0.0,0.19953876609265042,0.1366712432102859,0.08055003569529262,-0.056192117549424436,0.23721896667632025,0.38783645608384276,0.03846155293088005,-0.03376507534797002,-0.026657979757390926,0.21599988389653157,0.14336917758749101,0.12319400133191238,0.24242450212831046,-0.11080219725908769,0.1620303923087607,-0.21518987280619628,0.2629870709058266,0.07238590190856731,0.13145540520783539,0.051351079677684375,-0.04205606452793775,0.15120012303262742,-0.11079284484627261,-0.1582914852818461,-0.158444588323989,-0.05734761634399543,0.1516588566687318,0.013040829963045786,-0.12410841503370107,-0.03937005870129484,0.14763230314841636,-0.04985875916142024,0.3691617971009946,0.1574394630020668,0.03227311794770893,0.13119534662550492,0.22118396284549435,0.0,-0.05551840470101166,-0.09458315142595441,-0.06574133311555796,-0.014986499836252887,-0.033112513296621904,0.21479659076572744,0.009380898958830874,-0.012391501690018791,-0.06989247553699252,0.10096124341030088,0.20500793071583923,0.16950349822609811,0.07482191767588886,0.0993788177186985,-0.030690642140903335,0.016853882342554583,-0.08564809890503156,-0.007328143304120904,-0.08555660491257266,-0.021570269608780612,-0.08262709402996815,0.2440645544611848,-0.0840929489625748,-0.038875290700450815,-0.0021669724433915905,0.05845656426051171,-0.07766982041802561
2021-02-28,-0.0615614346302823,-0.049114217244987546,-0.050156774741755394,0.0,-0.12162161146256345,-0.010526254298820259,0.08904167547580344,0.06774508927352563,0.08730972474169918,0.056872348453752775,0.022367734540637674,0.23734173097541023,-0.04038480034851555,-0.038095156059667845,0.005454541535489854,-0.01849715283181641,-0.13663915962328355,-0.09626443009643149,0.04463434769258279,-0.08130632574004026,-0.08350027560990103,0.2080592937539012,-0.0865203843851644,-0.03812465945746013,-0.02439035115780208,0.04752964716904873,-0.06941949010108328,0.16129027492367398,-0.18509006781250614,-0.10124986481017118,-0.07468893752367345,-0.09125952911775492,0.016724713480452014,0.21681694585496158,-0.04189042519764308,-0.07462686779611127,0.10068969726562504,0.017110203770820842,-0.03703709881292083,0.15447998758192205,-0.06677570764773744,-0.09016400439694705,-0.15222417149884726,0.068316758115615,0.14018689362725056,-0.028400652061359888,-0.11508827467816851,0.13402060968790508,-0.08928584183985455,0.05200004577636719,0.262747909814784,-0.004748383490308261,-0.10476927590206042,-0.01383122382349078,-0.09589040631355672,-0.09233774717701648,0.15892193325024428,-0.005646136265593404,0.11395536781347437,-0.11374935780774642,-0.015584492731967714,0.04851432113482268,-0.0425414396118885,-0.06967974299124058,-0.08443256976910773,-0.08839778888908734,-0.027848145441180416,0.2226008073876551,0.017102760575732567,-0.09082892914729812,-0.041570399886880605,0.014503891599156438,-0.049481423633420896,-0.010429931416576887,-0.0014251691347616502,0.028946286302735214,-0.07017542454237269
2021-03-31,-0.030400077754814125,-0.10753603862229077,-0.2063709596026505,0.04547466627421093,-0.10256412450927044,-0.082095855841405,0.018868000745167812,0.09659091796326025,-0.05788991622850448,-0.19282507503869528,-0.06350057420975974,0.6598470050805516,0.013012708301456177,-0.15623368661434534,0.0772325318535918,-0.11955237933733998,-0.05615832089423756,-0.1136723900969614,-0.005454531582919087,0.06807864243116968,0.0728862272795181,-0.04662392579895358,-0.02951265343225895,-0.029619083363860876,-0.06018519786942822,0.6937314022259691,-0.0861735653072766,0.15972217363215058,0.018927541079354793,-0.10292080389001146,-0.14349772606953937,0.12022627307272526,0.18872301921114198,0.13883996434272072,-0.24999996614847197,0.19032263572208752,-0.08395995390239686,-0.19252331800591505,-0.21794867092335557,0.32024994912214155,-0.15881312126490832,-0.11261256160557354,-0.21118014307928235,-0.10055612277142556,0.0065573032877308535,0.08923079017979885,-0.10394263777100099,0.018181800448205276,0.06367536313727507,0.09315584596891302,-0.1912507255804723,-0.17938919144494014,-0.08209609685240826,0.02103792417797745,-0.09848480302101703,-0.03463233269071886,-0.18203692134359006,-0.05552057198047444,-0.054855405617618924,-0.07663550406409081,-0.12467015015826854,0.4170039735508453,0.047949475310344214,-0.10121468962814906,-0.08357356566054785,-0.16611779382988678,-0.11718742959042772,0.029535580812825035,-0.10979240981713201,0.021338423079031443,-0.16626507020823766,0.4108352119785197,-0.20660666661266125,-0.08052702366846076,-0.054166104941700155,0.018205417418021508,-0.16981133802623538
2021-04-30,0.03217828983736304,0.10626186614565736,0.040511632799562936,-0.03764580868498313,-0.17714282444545204,-0.06071896609032679,0.06851552513577297,-0.012089847676748033,-0.04558988317991852,-0.11111150349098398,0.012574306329916851,-0.4021572093324387,-0.03628594829671383,-0.007668679594558525,0.027495654372186484,0.0033444609450481444,-0.014270795565324734,0.009865405099201752,0.13345519442856157,-0.07932015772795875,-0.044157626487582924,-0.0625000210622163,-0.12446960298080534,0.14607541122795986,0.08374398411996697,-0.2069087106499855,-0.015429946555767682,0.0761977640531013,-0.06480823417215298,0.027800895828923533,-0.047120374073990945,0.03735673413544083,0.24770647009731372,-0.09053295873670564,0.1009884916545154,-0.0013550445429219016,-0.17168261968573784,-0.006944492735242669,-0.10928964098006178,-0.031081028243013287,0.04121292119154374,-0.055837607868527095,-0.12598422757823446,-0.025885476879218272,-0.09039078730436567,0.011299414907148364,0.037142812974483075,0.27901785595494566,-0.046569350372622775,0.16695652837338648,0.02011094767895294,-0.022267060208662204,-0.02824172719535456,0.03159331704217294,-0.0840336344227568,-0.10986530627112667,0.054902002949845485,0.016988805159539044,-0.04078435864533292,0.08569508847651841,-0.23820202732621498,-0.15918365789919486,-0.09848938780537353,-0.20045036798913596,0.12264153451178861,-0.06666670368917238,-0.03509181153317531,0.010159686394010548,-0.024999835997595588,0.04463434588056647,-0.011560682489023755,-0.2320000444381548,0.02202597692553443,0.018312765874303194,0.0043831342264795126,0.003968943123543456,-0.019061933463318192
2021-05-31,-0.13908881194894185,0.06373394776743213,0.06557377852231205,0.026997113408070428,0.0,0.0738790503370903,-0.017694110457232792,0.12762241967417332,0.04233598163111685,-0.006249687138222715,-0.09291516129435629,-0.1443300518022267,0.014396433406403064,0.027820674782762067,-0.08086108316397778,-0.0066666256210711206,0.022545456455816737,0.05506221402584943,-0.07258064516129037,0.014760438980341517,-0.12864243758358473,-0.1058824491500796,0.1542810847945102,0.009238844168416582,0.06818157758228272,0.271555532123829,-0.018045102262643442,0.07052431429892869,-0.003389879234054982,-0.04062500131396429,0.08428600187419288,0.09936309014919242,0.009978957036232305,-0.010807815214648242,0.10818310737263004,-0.19538671364731264,0.014863774355393433,0.05827505879324413,-0.09202452551960072,-0.04097058049212443,0.045174701020945784,0.005376354466374744,0.01801800060249037,0.014746241215340294,-0.0017904901044335508,0.09776538862436235,-0.04572992683960331,-0.0628272482226998,-0.12485539826177927,-0.07898661800227258,0.13052351211133195,0.09517914417805251,-0.10049750801661872,0.053645113002305234,0.00917424629372543,-0.00503787034193004,0.11431222268330266,0.0673854918850536,0.08912513086058849,-0.06277202458073661,0.05109487730005191,-0.11310679031840964,-0.027479858631162424,0.10422541074495317,-0.058823534054612825,0.05555567676019191,0.09576142390579756,-0.1111111424402681,0.1094014926916469,0.027418185682167806,0.03216371129880957,0.07777779272924645,0.06592707394661756,0.03431944482265292,0.016239769090442113,-0.0021493259098488426,0.023809624565254817
2021-06-30,0.1615600004732345,-0.026246733663261024,0.015384617152752744,-0.1936695383032231,-0.11111116630059481,-0.036855202984331425,-0.06956497394385308,-0.10387589318734114,-0.14848484132116768,-0.0628933118249907,-0.02688863765735805,-0.16566245999785223,-0.03820951994041377,-0.08270681551899084,-0.056962015212765005,-0.012080475084407571,-0.05334286722822357,-0.2845117625191126,-0.04347826086956519,-0.028147002850400504,-0.05138664478068522,-0.1149122575145135,-0.19384181325989025,-0.020780820045763315,-0.1021277608588087,-0.29814743127977017,-0.029096495442489156,0.01572243406648255,-0.0340136508658927,-0.0439739023945771,-0.04102563032767892,0.08111227684800193,-0.06396254588713357,-0.021276536199497098,0.03879861257491424,-0.08600333335718857,-0.16110661355515565,0.11233485312050018,-0.12162166516044115,-0.10628727612833211,0.0019646218345286126,0.005347603852517757,0.0884955966936618,-0.013455578390423883,-0.10762333336644736,-0.15139947468510273,-0.06177840877261853,-0.23091243902122827,-0.08190229496826251,-0.15372165625456435,-0.133493728683449,0.0033861562612840235,-0.09181411756464208,-0.014193563950625432,-0.03636371615266354,0.05063337513990818,-0.010842378392205476,0.01641399189739734,0.0037537636029683075,-0.023872573608184178,-0.10972221983067776,-0.0350301741084581,0.017918745112234236,-0.13520412272457738,-0.1517857749355085,-0.03759407608498033,-0.04871062008567517,-0.08836212434014179,-0.026707588133838556,-0.04862389466869543,-0.008498575533404162,-0.023840266872153015,0.019962485402485353,-0.02919901737814945,-0.045195302369044676,-0.0714670533650753,0.004651091598933954
2021-07-31,-0.043165536925371395,-0.0017969904831403039,-0.0037877094352380958,-0.029940080249947654,0.21874998253770128,0.019132711375885236,0.08745005208970769,0.10986147894279163,0.11862381777983333,0.0067119262008079605,-0.015131547294479852,0.028880547470005125,0.040862622447523034,0.07213119374982391,0.10805375521562888,0.053668446047641094,0.0916603615769429,-0.032353040014235224,0.19272724498401983,0.020112721530307853,-0.013757582633663112,0.1575818469549608,0.11458330228924885,0.09131828865573999,0.13838865329230843,-0.11454185164106356,0.06221800969959235,-0.1265191417227648,-0.07746480366058706,-0.0017036268704159196,-0.026738039587958284,-0.007502636162869614,0.11111112482367358,0.015276230156078485,0.026506060308649992,0.018450166646666544,-0.031231826075258207,-0.09108911302437683,0.28461539872299335,0.03350069538116429,0.03333379211248522,-0.005319159096839443,0.0772357944203852,0.1216585805952699,0.1758793341127287,0.1769115145013973,0.049230689697429275,-0.03874093980560289,0.048561212590831015,0.08413002975445627,-0.019430935150103856,0.06636654188230628,0.024360441826828616,-0.006544467349972494,-0.018867792336814793,0.1060237837485043,-0.0489038735662618,-0.019964795090319454,-0.047868370305628405,-0.03125005053478658,0.10296417160067906,-0.008508203384608115,0.10968163996863445,0.01769912275994745,0.24561420507170317,-0.02343748093399689,0.009028055393475842,0.0,-0.010026478333538646,-0.03857270574847371,-0.011428560529436416,0.06280891752891726,0.01681162261322977,0.025907460374295033,0.02698512458788782,0.04896435425512635,0.10648153058750864
2021-08-31,0.10192130516887898,-0.012601094480479524,0.11977171429133016,0.04938277640582345,0.16666674308288076,-0.048811294572278285,0.19705365996560809,0.12548713100183062,-0.05620330971665055,-0.020000682270026826,0.004008001619158819,-0.010526141041772186,0.02508163881536718,-0.030580992446469724,-0.02725626276840032,0.02450037030035701,0.0371645787432453,0.11307000848853432,0.006097584377790843,0.1332806152643653,0.07585003226350495,-0.061643800677425586,0.02647976234792826,0.0318209493904924,0.06661144125992768,-0.006749136833774094,0.09546165407281038,-0.03339183705409543,-0.01908404610989589,0.06314001919517986,0.010989026835236393,0.1846651188020405,-0.060999941243041755,-0.0057871141562575446,0.15962417144138974,0.018115924814873674,0.03824589307038151,0.037037052427568495,0.005988018395350014,0.06158813783256645,0.09108178629900698,-0.01604274754352597,0.0,0.12062265453426435,0.001709466299493645,-0.008917173402214651,0.021700903765397683,0.21158687861857994,0.14133788287385762,0.09347437845496698,-0.000707720573681736,0.10864993135972378,0.08442331907680756,0.17259535141654192,0.0,-0.08278836918594035,0.04255323646042419,0.06566975513290418,-0.00392766338538264,0.03436194003209092,-0.0891089249143362,-0.020022905642762323,0.28187933771903606,0.046376805499025675,0.1830984551617505,0.056000019992153316,0.13650297556531,0.01832161541425381,0.08422173639280728,-0.040621941636410086,0.0375722180893272,-0.039517728187744794,0.11277461804953792,0.05830223690912262,0.056859793931524516,0.01224231916822105,0.10460248080358259
2021-09-30,-0.04713927430147402,-0.024612615217075917,-0.09507630644906151,-0.10718955854698975,-0.07142856675002818,-0.03167996074434476,0.04717892769652421,-0.05124648421307465,-0.0314609387907,0.12244924213186859,0.08050561479981644,-0.12411345676213603,-0.015957471054948158,-0.05205041906329755,0.016189239623010332,-0.04719962852183868,0.02123426710808607,0.12506821926118095,0.006060629179983401,-0.11064708770692766,0.0316045198176822,-0.00912414596709965,-0.1305007759638187,-0.030268310138067522,0.07494130436094681,-0.10588906383677277,0.2042857465205279,0.09090907408692428,-0.011673016217682797,-0.0626003185313142,-0.02717391614420117,-0.052871372715878384,-0.11341862634174726,-0.027357408632207147,-0.06477732430162497,0.02313169343205157,-0.06152360116849653,-0.096638658829441,0.4285715299398756,-0.03511431654861907,-0.09739219044604208,0.14130428913269832,-0.14716984561093016,-0.01822926101615463,0.0793515180666784,-0.1709512207447097,-0.0952927391170828,0.04158010155541114,-0.03276226237400304,0.05322587269278101,0.10269123622567355,-0.06850633155698782,-0.0789474035626635,-0.0797752269867199,-0.06730774723754973,0.009501283006239314,0.11734694622298747,-0.06467353345953952,0.10015769215430326,-0.06237298012494974,-0.08850934263925958,-0.08289545780433538,0.23750595032746036,-0.038781130652295714,-0.19523803837204667,-0.09090910811996633,0.010796245010708416,-0.05861879149010618,0.12684359472479056,-0.0005227162326336687,-0.09192198651693095,-0.0019756579581567957,-0.08035191404402287,-0.05232015053929051,-0.044630075893626,-0.034800231301148954,-0.08712119817524844
2021-10-31,0.02153102715273736,0.03738304904663714,0.09943706133593833,0.14348461568537085,0.14792898907422214,0.001422238770834472,0.14789452883022536,0.09781021974684712,0.09164740258659454,0.07272766847979373,0.052955685821106435,0.08097140187817375,0.008648760262712996,-0.014975152042460693,0.03186277085667344,0.08520478479271354,0.18908371221483966,0.021359276771478752,-0.016566241699442985,-0.02738660903032153,0.0023934345977703053,0.074585621078048,0.04712041536261147,0.002355472515352064,0.1307190439541024,0.04496504910537502,0.07710546876203139,0.2049999414798871,0.04724426083040556,0.02910950982352767,0.1005586563510561,0.05871032786491415,0.18258269392578907,0.11071221629841288,0.0660174610053712,0.16347827082094946,0.41286478042716923,0.030232472520319353,-0.03750006208816936,0.04905080461045186,0.08477889922940851,-0.08571428082831711,0.03539819647948583,0.042440442572397874,0.09090911204247831,0.156589246116992,0.11675129589685107,-0.14171656800611265,0.04723435925277242,0.0,0.023121359595913882,0.13585297777460514,0.058333447105697545,0.05738705038089109,0.04123714036978843,-0.051765059911223266,0.011415495784708796,0.02286715729332789,0.07311827294799422,0.09399860036841079,0.05451451071551405,0.01909612921746673,0.13076926131442268,0.025936493649334036,0.12130164788031417,0.07499993752452183,0.02986144207874486,0.01664611348201195,0.2198952770741356,0.05543937756044737,0.05521474456557396,-0.03650185716502885,0.0823888771091128,0.0866994447471241,0.08219565932898476,0.11139858433963212,0.13278012984518295
2021-11-30,0.04996096384978621,0.13063056846293297,0.1126280430836466,0.16005119962244452,-0.03092786609233189,0.07528429127622838,0.18259415199109208,0.19680836374747335,0.16896913977744643,0.062146803888020186,0.06140352752919709,0.11928280853404982,0.2786710054473662,0.050675641871067434,0.29216164769820185,0.33576143595865515,0.22950840797986038,0.389985073284868,0.12251147972625787,0.15135875682003253,0.1109325328431181,0.2887745504243431,0.1374999682108562,0.03701545912564441,0.052023232656567275,0.04181820706515893,0.3149778553662075,0.13462427861613957,0.15413507754331301,0.16971722661085398,0.1370558673183746,0.4109091100138711,0.1447433560027256,0.3476630664300244,0.15939082139030503,0.3198803958418375,0.14909090909090916,0.081264141639801,-0.038961002769990705,0.10407243453456894,0.16696336253128408,0.3541666653677704,0.029914604371353848,0.21034778656683528,0.2681158972481552,0.14611265499897175,0.21079541035223737,0.18604643684003808,0.22106826817943825,0.19448697398491932,0.10483361553992943,0.1636690495183506,0.32733410635427096,0.44919180347382315,0.11881177198533943,-0.007444228585257839,0.010534262131271843,0.23610215574964277,0.15030053481306327,0.23066754990321026,0.15508885771772496,0.21049337187424455,0.4634352209395667,0.08707870808063234,0.010554201328087043,0.1472868690097393,0.3054447463079515,0.18071566069340594,0.08512173261228084,0.003964249145659959,0.0755813913193184,0.19720258717606254,0.14035348539031545,0.1877484299221457,0.18902752114626709,0.18228103483088187,0.16117213508894945
2021-12-31,0.22750934211123086,0.1800796859674747,0.10429447852760743,-0.007174381798066287,-0.03191486326155468,0.4002640827610089,0.2366519198880963,0.11000012367348733,0.1272728113681154,-0.07446796191037786,-0.07052340589559414,0.0,0.00586754717786131,0.056270116923090585,0.11213226566487444,-0.03955848433057718,-0.002666767135480197,0.6714422747541351,0.2803546325619215,-0.11671457262826801,-0.10347320595695908,-0.03257974878822223,-0.010988983349614512,0.003399402449562272,-0.05982904837370906,0.01803384290705856,-0.08291463005176669,0.09193427964647616,-0.10423450380325616,0.06543375798543338,-0.04464291990876279,-0.029639295426770795,0.24933453031968478,-0.032113921214338204,-0.013134764108457264,0.02491509274401804,-0.02721520918834064,-0.05845505954093422,-0.19819822141890187,-0.09289658381271981,0.0943681852037268,0.16538465894635146,-0.03319508683629735,-0.005606274347556006,-0.1000000224054165,0.07836257042447858,-0.10980761572627273,0.3098039124022074,-0.13730257845749727,0.0,-0.034659039566307004,0.022411080247506376,0.0,0.06613543390823917,-0.10619460302469574,0.06750047850652452,0.2174236790723385,-0.023280632447112204,0.1626017172769929,0.08700326690661941,-0.11608390386509526,-0.01702786057772987,-0.12027892695336928,0.015503882965856475,0.023498664550979598,-0.027026976827591365,-0.02034586325592047,0.15048790830248948,0.01779815398733553,-0.13968408587771453,-0.005405400180747089,-0.10699001077202996,0.039137781024648266,0.042310041746939975,0.026523740364491566,0.04718835364821916,0.06624605153155949
2022-01-31,-0.09872801605962556,-0.01958133747598778,0.11666658366244498,-0.04168984641873408,-0.11538463301912527,-0.24999993380774665,-0.0653440794975717,0.2522522076406233,0.5,0.011493762632051485,0.17368096849342618,-0.10276679581163572,0.26249982822809215,-0.05327246887094106,0.063016526513763,0.03448290493200368,0.057040975433978236,-0.2445714512181918,-0.06925945770571706,0.14763469100687066,0.12994353374305834,-0.06116836490856048,-0.0511110800283926,0.2874081323619342,0.09740243842498719,0.2411427813640401,0.0881281281376225,0.2500696767713608,0.09454548984920641,0.1842457640119668,0.12616837931571312,0.05331031735449954,-0.03124989892706098,0.04157920987661634,0.056787866008268795,-0.02983430409648946,0.032530905005051736,0.0886917069246902,0.16292132950238436,0.3463860171117108,0.16133501644470005,0.5280527794640686,0.0042918415410722055,0.1437632522490917,0.08126986185753493,0.2950106333911253,0.07590941536408069,0.07035932321957894,0.07183098398517451,0.10512816343238618,0.26898174958076826,0.14814827518611717,0.033898173886717675,0.031390148567407516,0.01980183944777103,-0.014051629770491902,0.1229357909471287,0.012459533970457182,0.4345652855962925,0.24901190377038085,0.1819619600149418,-0.06299206843306848,0.052179785009709434,0.0407125318665964,0.19642856629419736,0.05555553627300136,-0.0051920477766276285,-0.017410686672996722,0.10880833151922165,-0.014343048643632672,0.03532605262610611,-0.034345071042640174,0.10622297749368226,0.08770375192901225,0.07832268172110002,0.027348598493517118,0.2071005489333344
2022-02-28,-0.09744624376979572,-0.16804406566203423,-0.12562184413589994,-0.03944318673375524,-0.06832298964456307,-0.2238993670726691,0.12172289432258454,0.030375794533305633,-0.020430189058273318,-0.11363608660410818,-0.10808077305288633,-0.07929518425975235,-0.11221113711406328,-0.15916391979618572,0.07580178768995327,0.029629463848646287,0.05396296968395231,-0.012102801422232523,-0.00629645600424622,0.03909023558108826,-0.15071426545199662,-0.0395314160145297,-0.06869633767484695,-0.04649127474060466,-0.044378829899809236,-0.13121546279829022,-0.013428527949496338,-0.02269851223020769,-0.1561461724683051,-0.16685460172915623,-0.17427392805583364,-0.21775223316215064,0.13929611126718688,0.08709658053334945,-0.06968936953177851,-0.01252843508231194,-0.04095778276618289,-0.10794292249327375,-0.08695649920429238,-0.05704695170735696,-0.04670626915331244,0.18790496514557886,-0.12820511253000721,-0.025261853448574678,-0.06165592703767553,-0.01758780758881251,-0.11807940347236945,0.03916080129182187,0.06123522155270433,-0.1009280623096731,-0.13265306651907716,0.023041534540866992,-0.14344252271647728,-0.10289854246325136,-0.0970872427201197,0.4346794008508408,-0.08278869320443705,0.09791350026022894,-0.1079385998814506,-0.2681962524429433,-0.18741628619167006,-0.14229691358941532,0.008160708709183062,0.15647925567212395,0.1364605451476577,-0.1513158527495747,-0.09603342895084355,-0.033166707146273344,0.12675242024046995,-0.1356228606607741,-0.12335958941441516,-0.06865177115224363,-0.09256736169478852,-0.007400366887057586,-0.02845450251542847,-2.862140933079793e-05,-0.12254905697723584
2022-03-31,0.020104249420172415,0.11092722801403898,0.06657415721998317,0.13768119603559725,0.1266667048136394,0.09238269229690377,0.21313281743169687,0.10938713432954938,0.31503846824024584,0.15384624004203462,0.33069088717265593,0.11004786053539228,0.02227300753950523,0.02485659215038094,0.13669953010668934,0.08543173979578,0.06639995594480053,0.16156194258538736,0.013248777143459955,0.15800254905788225,0.2556770311014509,0.17022132069314,0.1827325478403954,0.0781969282342978,0.10025805455635739,0.23105468424881748,0.3100807715143319,-0.04058787428606614,0.30314965173903774,0.2895803869809257,0.1809045153231057,0.31265290704351667,0.1896808330810873,0.1554732468680966,0.10108300398462311,0.05305652065733346,0.048620297658678036,0.07990865193784225,0.052910065925260596,0.03084202226494903,0.14958318968006323,1.0418181313239168,0.07843141608951432,0.25347650548540157,0.1163955986254599,0.3043477803099335,0.26888902374019596,0.3512786263546941,0.10878468128157892,0.1651612558672506,0.15187165498148336,0.1293434218885261,0.16076551232114866,0.2285945158686089,0.08602149178095542,0.15894008659956227,0.2090261535551552,0.0984404365181859,0.25917235810251693,0.1513512021323622,0.18286649510479935,0.0875244390716432,0.0532804041595647,0.11627900635530675,0.1425891890171611,0.12403107307694161,0.20323332808991057,0.1914284096469583,0.11145665375302771,0.03232320260421995,0.07185629212701139,0.14564825544513305,0.08590334086118023,0.13305580014036722,0.14751826564140091,0.12315565514850024,0.1396648530059834
2022-04-30,-0.07153281153504887,0.1028316308981545,0.2286502022956194,0.14012735780102448,-0.04142014797751925,0.0,0.09992088863348036,0.1643355852089996,0.1210350955112185,-0.1255360252397567,-0.017646314396193352,-0.004310340840949611,-0.011673137787901022,0.14738802667519768,0.11322307709478352,0.014913069855270189,0.26021932060118,-0.005273534404711233,0.007959119976418627,-0.012994538510048614,0.1125251023085525,0.14097229835302993,-0.006378398377280048,0.054607582377646624,-0.021126759050219768,0.16600248196313383,0.17860124276577238,0.04262240543877471,0.045317161055801414,0.0671563814403402,0.17332393295653659,0.018212157250975025,0.03452537736926509,0.0006694405020399863,0.22786880448050884,0.06133619484370345,0.006265663920785869,0.14376317665889182,-0.030150784774517603,0.044879251055789826,0.19252545569882584,0.11843280725978778,0.14545451195772108,0.0371203067330339,0.30588820178286613,-0.009150302000998756,-0.006129728054488859,0.21015932915280744,-0.023881990778061857,0.056478432332580875,0.2414112922387357,0.19285728276259473,-0.004827210221386546,0.1913215165012827,0.14851477625656706,0.1300003877199345,0.052554010940461415,-0.0399290693642127,0.2789832810411945,-0.0487727169607477,0.1169917339147648,0.2120120581094107,0.010276266888349594,0.20643933379744417,0.21510670043888336,0.27586206896551735,0.09147304849028859,0.012903171873655195,0.09235077601285169,0.09001952290546855,0.24301673298876736,0.0131783008776023,0.21030235806799902,0.09171643615784619,0.08834465804388225,0.06397828336175282,0.22154453006501895
2022-05-31,-0.04874219476780095,0.01782455788629833,-0.06278037727545416,0.0017922375999386286,-0.04938274239498097,-0.05934730621787021,0.2581273973933189,0.2684684327791651,0.12268664598473356,0.06400006299874628,0.0143498381316014,-0.0432900030777672,0.01181100932719148,-0.07317076705010639,0.15590205809555924,-0.0016327471375434666,0.09815937691072207,0.20344598567401784,0.12126339328783686,-0.012567374193649505,-0.0511740267859121,0.07729765933538357,0.06062763195736687,0.05357533911875989,0.06714619269707112,-0.02008330525112323,0.037425197241626185,0.15484156243962577,0.15895964055270317,-0.024406329102670155,0.07894739096405301,-0.008821687237208775,0.01907030879869609,0.035798056995781646,-0.008288919948726825,-0.12280697955780806,-0.044831954753416614,0.07024031888331606,-0.02072536939902403,-0.002218045975545979,0.028490059905947218,0.17436302751847998,0.01587300085546861,0.019403093007611227,0.046572880179242215,-0.030343080102532727,-0.02422908969272186,0.060905411360169026,0.02974337127660509,0.039832297270481876,0.06731494581563191,0.058882151916034076,0.1438415724180815,0.18071461240145759,0.10344829425910995,0.07838179571962467,0.06812874772195121,-0.10628463154071677,0.20940382673204216,0.001526777889863773,-0.10972575324808131,0.22893948771149542,-0.03623653883891076,0.05494503084137792,0.09054052716191441,0.20000008104926925,-0.032738087917041137,0.0301486229104011,0.15755773372320636,-0.05206457239332729,-0.04044940136038966,0.031369537642335965,-0.005415116192361791,0.049253143071430694,0.047930604473725325,0.06474913780835667,-0.05338795922738604
2022-06-30,0.00991726759656908,-0.0396038332091565,-0.04066971371868355,0.015223615941955204,-0.03246750230832529,-0.11041034227381696,-0.0034453755305172695,0.14015156247072103,0.09698997919497199,-0.06766916437111847,-0.08311240744101556,-0.009049764968910634,-0.01089490341951882,0.003508757408585028,-0.06872193246694203,-0.06541291493105339,0.04022345751056111,-0.18337007240343361,0.08148891699978744,-0.002105806983021985,-0.011421303495566137,0.024858702865285576,0.21519837484146853,-0.0061539659878800945,-0.04943829423198298,0.40371231830404763,0.08730150850685026,-0.10599866455180451,-0.10392027146240679,0.03950119603118796,-0.08013928060935394,0.1742802517183526,-0.20643278839568546,-0.13759696560456236,-0.04467357917477277,-0.06352940727682677,-0.07496740845870109,-0.1537132767442646,-0.03703700199609328,-0.09613101271173419,-0.10127993629981402,-0.03525424045737613,-0.1484374548890618,-0.10688150172764099,0.03652397261100071,-0.2044217999511032,0.0835213968101558,-0.19162142755941147,-0.009783435198131851,-0.11088713437597864,0.19831813458281222,-0.10885954884071924,0.10466868510406724,0.02478552402999923,-0.18749993351913186,0.2075028515775721,0.08693751962344298,-0.16235781611976519,-0.06212429397630781,0.09857707299126073,0.014005589146010688,0.20564518299857082,-0.20844327210708014,0.13839286356893532,0.0012391790929082713,-0.09459467826031365,-0.10051277356270027,-0.10222581027792021,-0.02434526532260939,-0.09154035861749532,-0.1615925199771877,-0.11869432360010068,-0.07230873095967272,-0.08049060425146759,-0.055631975371678744,-0.07202571218201315,-0.06073758687238007
2022-07-31,0.07855985613658678,0.3490426042590884,0.07605970580012089,0.14620430521416838,0.1610738308729016,-0.028368567281774837,0.016421846390070938,0.27676595925349456,0.18658534304603558,0.09677418041629515,0.03375131881004667,0.10045663144386063,-0.025963756869997412,0.07517488173275999,-0.10482754855382292,-0.028871288029609032,0.0,0.19487524824873415,-0.07255816792332836,0.13914655863857517,0.48267014596503,0.030871002262552905,0.1953514524771467,0.12151704407499397,0.14775435747320387,-0.11570249737257532,0.12342432334518838,0.08339483155580574,0.11206891527985863,0.41499982153431625,0.1704543405716794,0.0858467504014786,0.017686133075214494,0.1340822723770667,0.04460440285026035,0.11180908782130339,0.25510932885197346,-0.010204120359535218,-0.0054945655957940875,0.06485068009019268,0.19178087639167818,0.39775115814729545,0.041284363033615934,0.0054644943352533115,-0.02227629070068715,-0.05407803813526468,0.1708334170268455,0.07197696684343513,0.125617511716539,0.01814057289661819,-0.01812865745748704,0.05076684946208898,0.1588276942212894,0.014883700471073125,0.6442308104281629,-0.012663216898625484,0.13545019907185418,0.07914423525192027,0.07692311543356856,0.1803885872398272,0.139502798454626,0.6167224337564732,0.2300000601041492,0.045751684950621874,-0.03217822317359076,0.3134328933463988,0.030786714936866133,0.08907247123335393,0.014744765623476486,0.023627484475285288,0.08938552471534966,0.016835000617720697,0.11336494567261557,0.05798714228864332,0.07774175521133486,0.06618562610990475,0.09699766679472233
2022-08-31,0.3004551863011169,0.12772924381111594,0.3580534624881251,0.2068683898960766,0.1734103751495628,0.3649632288860363,-0.06037434805935893,-0.05444894828656588,0.2718397322386348,0.8088234912026024,0.3386193608935677,0.2780082215824602,0.15024228975358955,0.3170732102324718,0.08243455158337754,0.17387373959870156,0.22932351429925624,0.2415350194655601,-0.2006018115565512,0.1878392633167536,0.029437232414241565,-0.012834322693118239,-0.00879632086583737,0.10420984121114518,0.3658597399639596,0.12461048567733601,0.1801532996681141,0.00034029528387646835,0.37209304458247594,-0.021201399875070637,0.2977347991288213,-0.012286245503633553,0.041998540890660685,0.09610316611221825,0.5840219317952178,0.07005648122425479,0.3138685681121991,0.7773195989809252,0.1325966945436392,0.12180281704501472,0.517241264252382,-0.09100043072580044,0.16299565069892363,0.23967401621863882,0.18682684995392296,0.10777873384611247,0.45284703569040063,0.057296359798691965,-0.0016718720699399059,0.6057907362323616,0.24300179206892358,0.28132862832306293,0.17529397944024327,0.1356554537954826,1.1871344648275541,-0.2804054297145795,0.10353979600214314,0.27659569486147473,0.450396810946295,0.16692784148816942,0.22424247048117918,0.460488172347296,0.19715441007404122,0.6149999929467371,0.09335043293454692,0.8636362904901438,0.16039820966635432,0.03077569021069637,0.33867367000223525,0.22199591328737078,0.8743589138530115,0.2284768415822216,0.5178951028504144,0.25136747051032415,0.22326799463648705,0.15125150764845663,0.4821052970742916
2022-09-30,-0.09001257257288564,-0.03049379160545651,-0.03668946478759749,-0.012195102774890998,0.33497540706449525,-0.02941151272831921,0.04162906362779917,0.29494385727022143,0.18686870086883567,-0.24796747133324026,0.11567941387301017,0.19480524607584693,-0.009831425606138589,0.1111110967293083,-0.043416501662416396,0.12432848018538922,0.7464888966701764,0.0945454048269625,0.042659995684653396,0.05758675464633645,-0.013456793040157233,-0.019501543269169197,0.12330683832151168,-0.15874997755679665,0.09519341150364213,0.33379513983152354,-0.02702703047401711,-0.15702816377342343,-0.09416189221863791,0.07942245639370049,-0.03491278858512503,-0.08545145293394873,0.006949282609260754,-0.014763508391837266,-0.15521747895071036,0.02745504412631794,0.08547008547008539,-0.19025520745459124,0.17560982531128455,0.022801267157851468,-0.05050504961649427,-0.6615044414189489,0.16666659140827988,-0.0048224528887045315,-0.0026177511713798562,0.010998385539594535,0.23943651305257574,-0.14902626302692024,0.18023870956668064,-0.14008324875701583,0.14135122082218632,0.012568749344177954,0.1501501563118608,0.025827162138932103,-0.5053476215455031,0.016431928210858482,0.00962313237373058,-0.08240735225676499,-0.03419979012555929,-0.011417017298857024,0.22673266092686917,-0.07648727539078226,0.03565365006737142,0.11068117945281242,-0.06315794330368829,-0.5020324848113474,0.03241183603492592,0.1423313641156636,-0.1939884015261526,0.1377778042389135,-0.05198360019363113,0.34770888102129005,-0.0968440068929971,0.000926411360285373,0.002775004954128635,0.021702673374765613,0.004261450692545576
2022-10-31,0.7806679660613953,0.19720425294324118,0.2949511901673232,0.5089163518336082,0.30258299693733304,0.39982819216679744,0.21025187054312888,0.12255969141112999,0.09276589126710677,0.23783785627456644,0.21923802028506678,0.05978261538568197,0.06666658634157274,0.05444433261154513,0.17038700521938055,0.09965880169303576,0.32359542056139357,0.5166114345878392,0.08062580867222557,0.1581675926930608,0.16197787776651795,0.30165745344635164,0.10395010724771891,0.2778603841878047,0.31927718246127235,0.089304166447014,0.26131687755256405,0.1767554629780772,0.2390852322920176,0.3331102672171973,0.1395349415356757,0.10821984876430579,0.024844737205442557,0.11009182241200843,0.20946990339124683,0.28468659692526765,0.14566929133858264,0.18051572329536003,0.42738586502362974,0.5307855594881892,0.23936169769247173,0.24509804918737066,0.31168833179444966,0.22466960395097724,0.12160970993431874,0.0016736518455275906,0.19565229975343534,0.44477613753179024,-0.061724054617280144,0.08387096724574716,0.34424855233434615,0.30100857172224726,0.005221891524418654,0.3068451899810045,0.09729720941594078,0.24942261956939737,0.2454328923858462,0.2936426619186636,0.43484429260194046,0.119565100385989,0.5052460937647332,0.13650309727689103,0.07540985597266947,0.6599301623319085,0.48564280033568097,0.2285713965140419,0.14404436109015784,0.3634085671658236,0.30870183204370405,0.28417959669657833,0.23665222324814472,0.15249996185302717,0.25935175874389826,0.25245831724017154,0.25125788749218736,0.2515593695688907,0.3026873511207602
2022-11-30,0.2894500647269471,0.34070051002802626,0.1839945050321592,0.43068177564915033,0.580736535108014,0.46718149739207804,0.22613070293057147,0.19613519020267867,0.30996890336003124,0.48471614998573176,0.04303274671522028,0.19999992664043886,0.37367023186395953,0.7660697297792354,0.16973939095501378,0.5133183029912061,0.4465195815032621,0.1938662546109955,0.016146958785808296,0.0037313765659487963,0.056493029194328415,0.16723264757277434,0.4387947970114039,0.07616286639600944,0.19373759184577732,0.24575793928533862,0.3125986500659501,0.17318242954990803,0.4312971985513194,0.37681905904785395,0.5623582089483687,0.3692637621071171,0.4363635946044646,0.24156619154008574,0.13446815245603472,0.291199951171875,0.3979381023813362,0.22815536003173986,0.46220933899420347,0.3314839625386614,0.11158801106555405,0.2782152623501959,0.6262376816082726,0.2697842196099576,0.27301096574563255,0.2681057850175983,0.10909096777481908,0.026859461250217098,0.7457466678920408,0.33110118662207766,0.22423486514609192,0.25044701113695766,0.307359395528086,0.17700169803924815,0.3349754595660863,-0.421441737019981,0.11926018229776147,0.3213728695045137,0.18460016447876915,0.33252440954899387,0.5034853345341275,-0.028340060963084945,0.4593495182010674,-0.08228379558476251,0.5840338152103093,0.3222591364884515,0.40274404190255475,0.3534663435645844,0.26992070711504224,0.37718648048841974,0.1563594166050173,0.2939263232159175,0.19490563745379696,0.2387483898727052,0.25096757876383813,0.2782354734223036,0.3083605185621685
2022-12-31,0.5734264633507498,0.053654781160562104,0.12940487278621027,-0.016679864960613466,-0.04480286799609101,0.02631582744894323,0.07669798533511218,-0.050888544445980455,-0.02497019976236592,-0.014705942395910387,-0.037819243686447845,-0.05128200425668883,0.11713456431153113,-0.03997615376940267,0.21956520345318498,0.2809151520150013,0.12206571960684465,-0.07981646344903826,0.013698630136986356,0.02946296581504626,0.23472230172738118,0.08181812142510747,0.10013090802475477,0.10426777810723009,0.09726784589009263,0.1307009639952108,0.25319706256615016,0.03250514612275435,0.25802616837982484,0.17419824058270872,0.26705354293696026,0.29150422371642537,-0.032817640091455824,0.17891637885652112,0.12678172885510341,0.30607191579114534,0.29941000847560484,0.3132411178005481,0.21073556631520063,0.08958334903949594,0.23262544633961668,0.09240249374381304,-0.13546428007134992,0.18555226516671786,0.1850489978621146,0.22131706837927556,0.0916541540555349,0.00938969448393756,0.1239848546121165,0.11570708582706657,0.2244897532086978,0.07486897323761355,0.3410595172445132,0.09769826796160452,0.12915124499669228,0.12140568135964913,0.06552706552706544,0.11806391683024042,0.17416665956180188,0.12158473157136518,-0.054921571513735445,-0.08333333333333337,0.15389965896335345,0.08051245415824493,0.023872588324702182,0.09798986566139956,0.4131185645499815,0.2805585914121842,0.10097642394189754,0.20706792644615168,0.19979823677067965,0.1944676978606359,0.12695860296810402,0.10819474925614103,0.1067984517667182,0.07481438888134462,-0.019917057599469712
2023-01-31,0.04177773872493851,-0.22952031147168495,-0.13145773501532698,-0.13489506576973942,-0.2120075291962118,-0.13333332518227115,-0.15823822323569847,-0.24382973388432783,-0.15243907840829296,-0.149253747086583,-0.20622763792925736,-0.14639641598886521,-0.16897752407038702,0.0814170154820193,-0.044563325480230565,-0.08608208320073418,-0.0543932062115986,-0.244267212212119,-0.07621624920819259,-0.09057692765633185,-0.13160862694233888,-0.19999999999999996,-0.19750155265661773,-0.10371828789435666,-0.184761038009846,-0.29317812152042444,-0.18877555468650764,0.11918915130523611,-0.16729663778348935,-0.2178771199444005,-0.10080174027475786,-0.10440552300516504,-0.0765875264085063,-0.027454643853961236,-0.19973365258839526,-0.2077798470881852,0.04426792564287241,-0.20993227764193445,-0.05911332093504551,-0.1739960294254338,-0.14800304343451998,0.08270674323185045,-0.15316899856554278,-0.08661883356234024,-0.21613234619184707,-0.08449137981625754,-0.059385623676674326,-0.26312292278805705,-0.03680152620557575,-0.18186369375089106,0.02937497795651156,-0.13442765124121359,-0.04444434161311883,-0.0787512512332601,-0.1372548258206585,-0.1253560995534576,-0.11604276442910255,-0.0417106904279928,-0.023420803785126676,-0.2095007119709884,-0.2377358202664357,-0.16515153827089257,-0.04586599215588272,-0.29974606548476357,-0.17461134395382671,-0.0434782459515316,-0.16368072629600883,-0.12681821538158145,0.11605969956932882,-0.12534314804140478,-0.2052145049287475,-0.11298244543242875,-0.16538376746792427,-0.07788319459217496,-0.09667464992233299,-0.08749701003607913,-0.23116001709874456
2023-02-28,0.10921506909183121,0.06704988545965951,0.03062423301227657,0.22315599984050238,-0.04523799738375334,-0.16272194441207533,0.1834626223846627,0.016319609338484753,0.13525181794511054,0.010526359603859614,0.01221861547386327,0.005277039875413392,-0.03388932315433413,-0.02931034347704753,0.11380603417505641,-0.02816907301342686,-0.14380543845261184,-0.003957743960195548,-0.02282032788629962,0.09477920611411594,-0.08613987447251215,0.2331933289143593,0.22164574134982717,0.04257660676440356,0.5210752789950766,0.005361834729702641,0.06163518456560846,0.084741575831496,0.06356399398567625,0.1031744710409066,0.06878990292224096,0.10242578585365014,0.15748029401576047,0.08037636082441257,-0.03161398952898953,0.017365209277252047,-0.16050725743390515,0.09714290073939735,0.06457240564179068,-0.015625118269273597,0.04411756513190768,-0.09895831471582783,0.28690231410760925,0.014388567015713338,0.07915567949012092,0.3685490410210266,0.04934683034640952,-0.06041479414566109,-0.04880981633824022,0.030006109822868776,0.027929636867703334,0.11686313723237451,0.011886152821128926,0.19372800553928737,-0.08333339584610155,0.009772003497841242,-0.0931639980094342,-0.12066125263634142,0.04360470825097251,-0.0755007471634146,-0.07574260538903399,-0.023593453231602446,0.08412405171589499,0.08645706492098681,-0.02824862234759673,-0.05023919440229252,-0.12366118803856596,-0.017872418613531504,0.0028745418131954636,-0.19508369288868865,0.021164001407602884,-0.11392406132946664,0.03643770440565541,0.051424787600587996,0.05238508586568136,0.08370250492626075,0.10242290307855728
2023-03-31,-0.21538456788266092,0.15260316296805843,0.06697403287671255,-0.09986802402583905,0.017456282002192847,0.021201478026736664,-0.21615715732866814,-0.2242524783212927,-0.17807359855175442,0.0069444730486700745,0.0038119762490933518,0.30183729990517083,-0.08280175524729727,0.028419250976536192,-0.018425492321286763,-0.05887676473535319,-0.12127426278628117,-0.1291391369184035,-0.07185628742514971,0.09097569095976166,-0.09992914744697057,-0.13933871066601633,0.258495085290426,0.06649200885675977,-0.24939759532192352,-0.06704757669801154,-0.2754738999688007,0.037871301030449,-0.003201805839404215,-0.011510734109069887,-0.2622169964140366,-0.10452321105387108,-0.19727880934694886,0.0865069450285767,0.19673529434001757,-0.1247792768757382,-0.14328872414986915,-0.04079863266950323,-0.23114751958295976,0.10640780724382748,0.14172544502416162,-0.12524085400591478,-0.0823909893646827,0.008628326162343436,-0.04555811706814983,-0.15794157168380663,0.15836790502046738,0.13051820026098837,-0.03512088714396411,-0.17598098049061273,-0.10809219408062143,-0.09224419548932283,-0.18845748092503423,-0.10338989353636574,0.06198349390023106,-0.09032259520002395,-0.01400927905425231,0.0018797295776282752,-0.17479116603730405,-0.09611101524369625,-0.08409210971657743,-0.1286245031055394,0.1261891414934937,-0.24095707961420731,-0.10723513073643087,0.03022673783017016,-0.07500002119276261,-0.05452473073396458,-0.03784335238706249,0.012345673225997444,-0.07253884320585569,-0.1550000054495675,0.03198365053294849,-0.08138870547738752,-0.08103406948374559,-0.10167737891342299,0.04285989248565247
2023-04-30,0.13235294117647078,-0.019470415879507263,-0.05253837203738421,0.11861472655750993,0.034313693407726165,-0.017301103432493137,-0.05540253260283701,-0.0014276012860736653,-0.09175009496612319,-0.10344826385736927,-0.10336866149743462,-0.03427420866663067,-0.06022580222292251,0.03454216838963031,-0.17363483502964572,-0.13917222691278897,-0.03057432592010778,-0.08365010701743103,-0.06322582614037298,0.050437204652554746,-0.04409446080363544,-0.08301568959683048,0.14946962831383903,0.15611206964795166,-0.06286842354158795,-0.005757976088054617,0.07412695658055224,0.009436851335838936,-0.08351167279255356,0.09066586738891314,0.003877830188601994,-0.05618468981913416,-0.06384187833071231,-0.08121044879733119,0.05780133572496515,-0.14525890141463826,0.01813605089932291,-0.04886877398480072,-0.09168439724784638,-0.05472876914617342,-0.10101710527545604,-0.09361238068268407,-0.16549297282204412,-0.011111018649859306,-0.17299031444684487,-0.21074814456238555,0.04119396094702221,-0.13073005065888943,-0.08456847431774195,-0.06204903881530255,-0.02052976338254131,0.01031468157123916,-0.036295650981671757,-0.12901694261728336,-0.12414930979143435,-0.0780141660089958,-0.046684770046027224,0.03502177894933678,0.07848107255811576,-0.0797613781165798,-0.04152052491125535,-0.03754270682872296,0.028387812668268175,-0.06524932954112506,-0.03835019630422842,-0.03911985160837228,-0.02282277294130919,0.11399489427231946,-0.12450476402343325,-0.03722723543345863,-0.03910608215131883,-0.1272189454054905,-0.07325882952194307,-0.04468705724554822,-0.04051612460759191,-0.05329963307917196,-0.010449212251280815
2023-05-31,-0.017316085458194075,-0.058493557374473815,-0.015576300143475441,0.1602166277887418,0.02369677403827186,0.04929581307579878,-0.027418089091915898,0.2523914337228135,0.1559739426304283,-0.03846159820090134,-0.0421206142410373,-0.07306887420040187,0.13217620181059364,-0.012242576600410171,-0.005678794806566745,0.06216443214039091,-0.0023076818666377674,-0.00995848531046517,0.09917361885624865,-0.09731108317928217,-0.038714972308491635,0.01293305501913844,0.5184564147144397,-0.01680087521364937,0.2747641528168836,0.11086525599159125,0.16748364072371058,0.13034778285656134,-0.018271197667699468,-0.06549623908034452,0.18302826178400067,-0.05413310758214718,-0.003017418670898442,0.06661718517771065,-0.021913616725930285,-0.08733278153782553,0.2815437514996424,0.20551853476428628,-0.05399061190516807,0.061673534639640204,0.029547512872263093,0.08140943256044508,0.09071736834163269,0.041639185208501184,0.023328148192972575,0.17289726206877698,0.004124030504333742,0.1357422240616879,-0.005952358478620745,0.07615382854755115,0.03403195746534782,0.010471310029966041,0.1026315462377867,0.1130617351489358,0.07692321227903198,-0.0653846431295777,0.1022002113488576,0.012084641057541479,0.12519563775846776,0.0898774959750901,0.07687616081777437,0.2588652611186548,0.1171874493663938,-0.012548997459297495,0.25490923597696136,0.04325700408936184,-0.01475106111651281,0.18530461329653614,0.010557952179223618,0.12666667949014054,0.0906976393456731,0.08765130747596617,0.028465621273163322,0.06285090991375042,0.0582515782070967,0.08183327559428988,0.07708547012768041
2023-06-30,0.5550661177850595,0.14003433193450499,0.27848112453551543,0.18145447804835646,0.03009250750880521,0.197986547111751,0.13390764324397098,-0.04759117544211877,0.12527969695579455,0.17600012276678778,0.11144809050752746,0.3018018322789755,0.06485856566393089,-0.13183097243830777,0.34994803615345815,0.14631590652478854,0.3893600401640609,0.08466037357389267,0.008771891246522445,0.2240113882268402,0.17052264691522967,0.30870951173578787,0.48895027624309395,0.13661908961506208,0.22109152252470232,0.28087643754470015,0.19314199410162125,0.4682367624477617,0.20665712475533593,0.372832417327724,0.04078766230196962,0.13302401129338648,0.11138012214034054,0.3276340939417095,0.19641514794390313,0.20431032824317885,0.047104294235641886,-0.014996095731136916,-0.0595534083028586,0.013340686911351263,0.2609865230374502,0.19550573815225647,0.24177949353069406,0.31598961787559454,0.18465035460450174,0.26494959126511763,0.23246373434054157,0.1607910461872748,0.17425150216492757,0.07290925478565224,0.34481259218729643,0.19222794455434156,0.11813853519570006,0.10158563648155527,0.10924356360579401,0.041152289753731086,0.20218926773632773,0.08358223708002543,0.3470096126189304,0.2919463460574474,0.17507083395875989,0.10387326769591398,0.17715616137961843,0.09610804787061089,0.10340628944826857,0.09268295120994274,0.2938240101509495,0.15153465269876865,0.18358223003975738,0.021301816855470834,0.05650316913698483,0.26892258066488517,0.22747677359514418,0.18977291501795257,0.17847714271269166,0.13328886814972085,0.2725489647079873
2023-07-31,0.5807365252137098,0.3571966389501451,0.38316816151399413,0.20158097472426428,0.301123642701723,0.24089633366313468,0.19682317372109104,0.21961760317566625,0.3797216090327047,0.1598639038212919,0.28581177201016583,0.42041517995363464,0.5492800147916139,0.4847501234681799,0.1876922235576357,0.37006416771163075,0.31742515513715186,0.2893742478985577,0.0993788819875776,0.26744874510665784,0.11493415967608112,0.23693372693881898,0.1543599484360505,0.19703308070865022,0.42803044831145276,0.3085537690408886,0.4516129665300519,-0.009793246335689787,0.34787018385556556,0.12105246015193338,0.1743242800543614,0.1474402100568497,0.13562087756708618,0.24783175618015907,0.3701624496745546,0.20186117355732192,0.1489675224116267,0.1546474660230588,0.16622694479735434,0.18486023569187093,0.07467996516434772,0.5319547676065586,0.38317757148175136,0.3018323053296914,0.15715202667851114,0.14570132075281994,0.38758221455194275,0.11259262650101265,0.4706782185560243,0.19853427693507242,0.36564015789442506,0.2516297425557992,0.1798292113082236,0.20107960394424285,0.17803019841230383,0.3043477496050857,0.20299951673689764,0.4242422536544588,0.20960249362888117,0.1641558333992026,0.24975893743206679,0.1483253448787447,0.19603970997667175,0.17971016998548728,0.3329659704226924,0.3571428491740465,0.027000938868004143,0.7306744167139012,0.3039090700267375,0.1326766782653852,0.21796164285271624,0.08157897413822646,0.2264755027574794,0.2313284775199853,0.25314725228736545,0.238329115496678,0.0963020369243568
2023-08-31,1.3817205362719251,0.19822305394871953,0.030064449911974434,0.303571383450133,-0.10189985431348214,0.14221222096010466,-0.07386030442531877,0.01062210358808291,0.23814189841562117,0.18475067105885,0.0074270231732229686,-0.021924519407969245,0.5139384805346616,0.6914337392316761,0.05440422425585201,0.032707865935216685,0.017691654957840308,0.08308242685473277,0.11977399405786548,0.1670522138485806,0.2488509925755269,0.027464766894382597,1.442944342942626,0.24912607415066734,0.13580898560088395,0.03339662609274918,0.19451554854350772,-0.1573228345310479,0.06546270871230675,0.17840387999624618,-0.011507417084525406,-0.024390212396546818,0.03165466630622582,-0.09151218254378635,0.14350787821232047,0.37701009997278145,0.14634148013580917,-0.07425396989274635,0.09728502735664346,-0.04444440342936318,0.3937788627287231,0.16871170942622427,-0.08783780663501717,0.05037045854452549,-0.0925720482996516,-0.01263821236016105,0.17593221886183064,0.2962715525944384,0.24479888336184463,0.1361868145697689,0.03833376010091594,0.038194466719290165,0.3364992875638928,-0.04026213440574611,0.3633440730577393,-0.03030295440608144,0.09260902594714238,0.07930367832486307,0.04566797681008161,0.06425707104074485,-0.009259250401687513,0.5097221798366973,-0.10629143651798234,0.5454545034427052,0.05459057414007451,0.16940792894368006,0.20563386032870512,0.2947369174366703,0.3646036947341509,0.5601023015206712,0.12510358467774818,0.1159773130399282,0.14580518714945612,0.06790504862104885,0.0971178737590439,0.1257355506693978,0.11735772311957304
2023-09-30,-0.21675465272786798,-0.010296068802951197,0.1626129587026266,0.25234319396818394,0.15961546749758604,0.5415020314111298,0.2797507332400959,0.029529608446226208,-0.036575824423314196,0.034653420809932944,0.2380200375061685,0.15193029982547634,0.16052892872491875,0.4289404895116564,0.018543003545708148,0.05919003425258018,0.3385762598308617,0.2784880651819175,0.03632692764431478,0.08921503462904123,0.28338589195051056,0.24537367843577518,-0.07381575734991774,0.004070287498185943,0.35684265105799406,0.0810810686188339,-0.06271905286116675,-0.02151191300193045,-0.05649712666205253,0.1035855584868135,-0.0593714448804169,0.06158537311970469,0.0348675422822895,-0.020516897955621838,0.06075705348058458,0.4705881819132043,0.010358291049857637,0.17391301861223374,0.1278350304639959,0.19282928119699116,0.22222227684846918,0.24199475097283174,-0.09876545099491774,0.03455550934718499,0.21319492856379174,0.18160005474354257,0.05275303988312241,0.1299435426744049,0.016434555634896153,-0.03913899821461331,-0.05794944561548987,-0.0016722575212708701,0.12013546276334708,0.0663414466799932,0.49292459292520063,0.07499992549419687,0.021189944320963106,-0.0448027560808506,-0.010204100498783397,0.12368966058911868,0.012461047158154548,0.04875807912194707,0.09484988590431764,0.15898252401238522,0.3113723364671661,0.1420533796086516,-0.08878507241240075,-0.032080906096225714,0.24072636336529518,0.5393443275398635,0.058910176379186385,-0.07848839078999048,0.17315115530646796,0.0460020677278401,0.05266557443792541,0.0637491925309821,0.16100618366342778
2023-10-31,-0.03900846818049375,-0.0553452440693768,-0.11954578791176873,-0.029360896580645446,-0.16583747350015143,-0.19358976819968177,-0.1372931162889255,-0.14827414389040117,-0.1825525445752747,-0.004784708930106074,-0.2028924037143891,0.08108108108108114,-0.043938166230345854,0.06509948932000853,-0.16687114692173122,0.013235265104577287,-0.150278378582561,-0.26521740788998815,0.10029214564581435,-0.009829081122717298,-0.04173238988716754,-0.10566870708540177,0.3112657593218864,-0.068153100911582,-0.11421688205621883,0.0954254832582917,-0.0710279894417426,0.07627337691773795,0.023952146781920813,-0.20794225660253596,-0.1881187842758848,-0.12636415158065717,-0.14959573960456074,-0.035664671311016916,-0.11737105212819576,-0.20588235294117652,-0.09088386907087798,-0.15964240257723483,-0.1627056491083363,-0.08042239717338562,-0.18492618602009891,-0.08537614430253393,-0.17945210758752406,-0.06748449852558758,-0.15911382241874072,-0.1550440533933911,-0.07530113078542622,-0.09090909090909094,0.0948205278138814,0.002036706556540091,-0.14462514266303672,-0.10385252362475295,-0.19864051981784459,-0.13376032244407954,0.05055294503416885,-0.19186042643289558,-0.0853950863290629,-0.09943726829793487,-0.10391744677912773,-0.2380596555475223,0.22307689373309803,-0.14999998661509728,-0.18544837478484455,-0.1316872249001697,0.001794328240266596,-0.17487686790911006,-0.17905985480186037,-0.1772986105950074,-0.10754723049122927,-0.2279020277299556,0.13351871400136472,-0.03864354422672056,-0.11213147224516318,-0.10925957130890718,-0.09847756732275381,-0.10200887323717356,-0.06608877053775497
2023-11-30,-0.04319136788222311,0.11066598665209448,0.14188729814206957,-0.12811390370544418,0.009940300559075022,-0.09538949257096796,-0.025959318969096645,-0.017694190589925052,-0.0016925684850090938,-0.036057539896459434,0.0005336301496250417,0.08999996185302717,-0.12680850099349505,0.11714771426561521,0.0007363095911598894,0.18365709580841094,-0.022561826505453575,0.19349115571447872,0.10265485375328409,0.1323531361951149,-0.11680418818300242,0.08923077136087176,-0.27031419284940417,0.10182165859344461,-0.06256798051948909,-0.09925214003151128,0.008298337849347082,0.2075967059576851,-0.03508782775088348,0.09799461800297848,0.12347554716357978,0.1558184780633296,0.0818806303512114,0.06956649701524475,0.1500000274680049,0.17555554707845045,0.1581834591009117,-0.013677834898393137,0.13318780429603216,0.1594524144914906,0.021925701689201382,-0.038817035156812674,-0.03839725392733928,0.03435662033815956,0.004191598492468085,-0.0060746511202918185,0.06529450865290598,0.039999961853027344,0.1057571976588294,0.09756097797361263,0.0,0.1392522452091367,0.04618278777692009,0.04055765189175742,0.052631594336274734,0.14748195680244192,0.012216418364046078,0.20520844211730993,0.1550850207399741,0.1043094036097576,0.11509433758560128,0.029411748495792756,-0.00913997664502364,-0.13981049353164943,0.007164258581917382,0.0626865918815891,0.2441437146058234,-0.04732327065528652,0.0775193749345442,0.1813793089333089,-0.14723924729232551,-0.01968828134402767,0.08743049182037921,0.08990326720103736,0.05782467048264661,0.04924868103716906,0.11368913235734324
2023-12-31,-0.29885056866353676,0.23985561574465142,0.08561240690619254,-0.031972795190078784,-0.15748026100639678,-0.07732865602735994,0.19351086827531572,-0.13596744786383175,-0.10119055602919058,-0.04738161111753125,-0.09119995117187496,0.12293579811781452,-0.07163753344854173,-0.086626221568334,-0.0544517603298863,-0.07903356610631895,0.005212187585928563,-0.18344079072603037,-0.2817014358263513,-0.01384708624162645,-0.08702067082032305,-0.12711870947157644,-0.12249443207126953,0.29673048186947826,-0.1485780335756003,-0.05714289007761164,0.04812403633373541,0.1321113057514789,-0.16212113926322236,-0.08758826255987395,-0.06648571238901979,-0.0329918991177659,0.000976573744973841,-0.12068977866493824,0.07955601832728942,-0.34404537350471587,-0.5952631498637952,-0.07704160518234582,-0.26589597287595923,-0.23979592321023546,0.08955229827030453,-0.25432689691331944,0.0034722187728795095,0.0021202631497352353,-0.07573045425970892,-0.03805670060820465,-0.0687978006946347,-0.07115382675588411,-0.03678552869715446,-0.15694450171886543,-0.07872342586259173,-0.008203459473156816,0.10990990059940353,-0.06983345644106886,-0.38571427380986767,-0.1442006435159311,-0.07327586206896552,-0.011620688847277516,-0.0892430163844814,-0.18137475980824946,-0.16243650508314345,-0.15939851153763318,-0.11949690108720634,-0.11386590458729995,-0.060462399544576106,-0.08005614931049887,0.019246903730685938,0.031136770447921513,-0.06474819110056684,-0.04436668228775509,-0.0762589564771845,-0.22610875851938417,0.042964382182608674,-0.06087327487626171,-0.06018669733424409,-0.10102273451359567,0.01770834488649764
2024-01-31,-0.8770491793665662,0.024000043941100335,0.08269439430696335,0.20168649900588242,0.14485977924446036,0.23809523809523814,-0.09563103175301946,0.21183595390212173,0.1843268349773759,0.10994756579845433,0.12147884880322812,0.11029415087533123,0.11758543901136043,0.18386027845835828,0.10194557279000493,0.12494440548421992,0.09111123206119887,-0.1706132108739027,0.31955305557677205,0.2668328909991804,0.14701128632744265,0.1637540955999015,0.035532994923857864,0.01807785730396927,0.12133603372213053,0.15608929068237343,0.06128398307592753,-0.05918479316054359,0.19620241983942432,0.07233844068916451,0.4607558215063823,0.11218985135754456,0.052195151956627495,0.19269773966309045,0.08826047545090265,0.17675313924671276,-0.05331597389814535,0.0876460960647798,0.17322830900900588,0.2751677500388945,0.09760261222145195,0.15280454638547702,0.08131483964206199,0.133286316063435,0.073548347719254,0.12962962516987298,0.2194030543475194,0.3985507704227482,0.14453583377927548,0.1927512578446391,0.15858357820726665,0.20099251083854552,-0.009740209490818663,0.07594928867714001,0.13023252396288942,0.24542128594196644,0.2865116562954215,0.2219251836143996,0.19313212873685037,0.1316360242689243,0.3299662958018936,0.12403102820674095,0.1733333321362467,0.3025906055950862,0.15015760164827885,0.2519083730645575,0.3423645297054667,0.1341293645434849,0.04895116616711537,0.1417226987241209,0.10280371332847493,0.3289359544196493,0.0971986171825121,0.13493664360691127,0.13741265787339207,0.11793372765391119,0.11770720480361652
2024-02-29,0.20440763571760723,0.10582382697523829,0.051593444102340014,-0.0818712936492868,0.1346938437891232,-0.05846155606783354,0.14224364612524232,0.04495010339857286,0.23578758265775157,0.00707550118133371,0.09157508865028796,0.22737307710769028,0.13339590696194525,-0.037245249085984145,0.19350277341410438,0.18577077519490626,0.042090835724517106,0.07320644298465706,0.3200677045787286,0.019028939767428144,0.09014085188103094,0.4238042200585648,0.16503267973856217,0.2093459483840301,0.06382974792899643,0.34718092142984847,-0.020164947497814056,0.172700201440517,0.024187505905314266,0.13916004915805202,0.10447762648673287,0.014492746965456105,0.055169217090853984,0.15306122657009258,-0.006299180261488568,0.03265303008410392,0.3777472369121828,0.11128164535537532,0.08948548414815072,0.4355262442405383,0.08229328677058345,-0.03187913729668279,0.06720001220703131,0.04667076081845356,0.15444719440926735,0.0007451735339032428,0.20746626025415948,0.07549959191775502,0.03901435206001658,0.11418054917065046,0.1395348975499684,0.09504136390514617,-0.013934385401900617,0.03752541684668054,-0.02469143087874648,0.176470610234702,0.26174979139150545,-0.023340683355700165,0.03299715091557265,0.12446147948280739,0.2784810126582278,0.5490716180371353,0.08563318722159297,0.04455056798477064,0.026330275184627272,0.00975604879962666,-0.01834869341955403,0.07739937005821984,0.07866653616599706,0.1364366139607489,0.004943481326167731,0.35150532173541227,0.05118925290135401,0.06571390196548355,0.08203181973605189,0.11833011067238353,0.057692353254753526
2024-03-31,0.1893870839543128,-0.017983234705617135,0.17399788027460472,-0.04840773685708766,1.2841726510731193,0.022875873519720535,-0.04417280025570569,-0.08178433627225201,-0.01508303252455545,0.02107737058353787,-0.22962611578977388,0.11990407454485497,-0.05935071941309322,-0.0014598479370473427,-0.12426035502958577,-0.06500003156288503,-0.007166150200650034,-0.14733969098870137,-0.0051314164482900715,-0.07018684689337595,-0.09388451603326986,-0.046093747498736626,-0.11711079943899017,-0.1066459791954274,-0.10114284655849448,0.2753304133338488,0.17867167978880816,-0.006072874694055264,-0.02952030473257594,-0.06890134445601581,-0.1018017566474323,-0.07936501827019271,-0.07029880573953384,0.11307776263722191,0.1350937073589369,-0.08379442671204895,-0.20687935561968396,-0.06353585301823439,-0.01232031708203063,-0.16315303239785373,0.02612623629501276,-0.14904683134629748,0.06446773964319719,0.18430433761481102,-0.0791255165230994,-0.13626209099941644,-0.1586416903776069,-0.08052306247735197,-0.07905138944160861,-0.18057854138276486,-0.05189505073014211,0.03773580964204526,-0.16791356975825522,-0.09599215245556747,-0.12658225122031908,0.02749999364217115,0.04928370259894321,0.011202463237687033,0.05678797654144274,-0.13239678284882206,-0.192079223028504,0.07054796610793024,0.035514031865919504,-0.03046457145383019,0.10475685109977206,0.02536232911974934,-0.05545167800340878,0.13563216510693032,0.09394324733702408,-0.016949107809937636,0.02319050512973586,0.00481630200826233,0.09207191407267601,0.017368806592141794,-0.005579916252925421,-0.0326897199550944,0.18354979205333866
2024-04-30,0.15384616921246796,0.19359050358303742,0.27084231518310675,0.010709571004258844,0.5984251607823583,0.18690088764833357,0.20522893648157647,0.11220348267037705,-0.10719761578046472,0.14908259403447333,0.2545115264628901,0.13597424875174835,0.2859129180806599,0.31578950595363064,0.16891891891891886,0.08288772259822164,0.34435060385469485,-0.034400024414062313,0.16505473782922242,0.07202219785906316,-0.032794700762032836,0.06132574356864384,-0.04447974583002379,0.25432513783484656,0.04889135026531344,0.09601134327200689,0.006734673610613751,0.023930746068653086,0.10950575463133982,0.04000000990162578,-0.02306925708932306,0.10344850907021552,0.029948961372731286,0.02034240144841193,0.2036497502882122,0.07247628486012814,-0.031426774407204205,0.20132746396978463,-0.09771305525630691,0.026286995328553164,0.23503019935675162,0.061099883989784054,0.03239436931871187,0.17869558514178174,0.13171285390429222,0.1215517069865355,0.065060303693802,0.15943115038751965,0.1389932387654209,0.044881462081322265,0.2718327518384651,0.11878796723827745,0.057711470754237215,0.08996538287916733,0.1739130945281553,0.09489051772372403,0.20098299599271408,0.19350068677275556,0.09487838702996432,0.26962716741264536,-0.011274487575353098,0.07485602507869316,0.07161806548081318,0.03534955183324362,0.08950178517447327,0.1542992785399182,0.33179424388346246,-0.005991234727570904,0.17562846896326323,0.09482752902732061,0.351648333653954,0.0005991977661643499,0.221242667309419,0.10511864683488881,0.09880334569282212,0.050107255850965204,0.23195417053289824
2024-05-31,-0.1420000316245571,0.10287731436470882,0.11690497530595656,-0.05629139523686988,-0.24778320041085977,0.013459001854659203,0.01804125336578788,0.21164841655245992,0.03842002357319596,0.1956086639791148,-0.08234126289565424,-0.12111214787866753,0.657657698407097,0.27444436522947413,0.046242774566473965,-0.03456782644060896,-0.04543134567809848,-0.025683469244437207,0.5052573580170499,0.2403101298986814,-0.1169533672482096,-0.07533705155645876,-0.1791354945968412,0.05129662139365587,-0.030056377618304153,0.16630321082958677,0.0678414725580554,-0.02486317216754652,-0.028786888522460474,0.015384650782438669,-0.09137571261493105,0.11908981893930193,0.11333017773111242,-0.018850905680709462,0.30745911404938475,-0.006436035538369356,-0.011680746141883191,0.08287282984952427,0.10368658835111044,-0.05016016629762232,0.17505475210755606,0.06461924443573586,-0.10641197013503145,0.05351613934548349,-0.09740259888735836,0.11760182214098913,0.0914310710267281,-0.0025823087439683645,0.1642788920725884,-0.016409274317337963,-0.04611453940601351,0.09336698460484927,-0.0747627597570738,-0.0011987470332459615,0.061934068233426176,0.08666667231807001,0.0945884657984537,0.2326733264907983,-0.07131910240079065,0.017391348140910923,-0.11551809196295115,-0.17559523809523814,0.12170752077512437,0.06449170716877783,0.05772633576039943,0.12755095015252693,0.14214952233624212,0.08537242316506055,-0.09754859733760712,0.19422571534860156,0.12499995154094012,0.0023951730328406473,0.12330527187896179,0.04603344502566231,0.0353186655211144,-0.03007192803488945,0.001239185781908958
2024-06-30,-0.23776221800756348,0.2417085653402944,-0.03539156895801254,0.0063158004549319635,0.03863779837764203,0.0664009972418802,0.08691976065707818,-0.027604756476136916,-0.10491256018735484,-0.07846400948716181,-0.07351354650548991,-0.11796240753833298,0.3739129927505094,-0.06713162635563275,-0.036464122118870845,-0.000852635704985949,-0.03743315260592639,-0.05017008002592438,0.2683823529411764,0.13541652687367245,-0.028937037856679226,-0.035162937892085355,-0.08658227848101263,0.08470126567596248,0.0051646156762699125,0.19448335188069943,-0.12871291526540551,0.17899022892161098,0.18913192276459068,-0.0059192528398607225,0.09717500192853246,-0.010100960815087157,0.1107634491405407,0.028362191551121185,0.04267159072583593,0.1190282808055716,-0.0794484954764153,0.03458053466314315,-0.16701460515394273,-0.06853926671685084,-0.016139050409751055,0.012620260165390196,-0.02748096182201587,-0.04785900653986097,0.03099062644212247,0.08321870985705071,0.1152026534906545,0.24207124731157958,0.08121410992616895,0.06673212298112796,0.12933592889011236,-0.012282482787129845,-0.08326500396920888,0.010873952304245371,-0.09980428021647847,0.08179957757493694,0.07810553921943075,0.010040061320326199,0.01981830716162758,0.0009496214362716415,-0.13284752608117478,-0.07075814477803477,0.10121468127088251,0.05060588109254627,0.12615461855818966,0.060633487110081985,0.047268004242486006,-0.06513021316030243,-0.06338423003811477,0.24615392420034676,-0.004516643038745993,-0.05913975064184451,0.0044613884246382796,0.013173330722182408,0.023787292761653145,0.011059847891513153,0.04579206547682424
2024-07-31,0.1019368532439544,0.08053428940173601,-0.033567533366608227,0.041840929430817964,-0.2093316372441698,-0.18929010643029476,-0.05621103606664124,-0.0630958353914024,-0.02511630173646262,0.13586947178053443,-0.0315051941311526,-0.015197567684205215,-0.0759493532183213,-0.05046731521389458,-0.03669721399350001,0.06655293712101029,-0.04722214344323561,0.06445839410125553,-0.08768115942028987,0.15164043250239456,0.11060162254698036,-0.038222264233298664,-0.06929046563192909,0.024213027512126173,0.08285171250633971,-0.2062622244904212,-0.08901512674728729,-0.03157440239426745,-0.001108869758164599,0.05550156832829689,0.19464479373888666,0.1326530109276023,0.05258219567986733,-0.11565839360084917,0.10142346291687199,-0.0795947505127208,0.16048502489130834,-0.06684927744408176,0.2631578821570464,0.04545593822038918,-0.05362777431115229,-0.03382782922438099,-0.05651486077627299,-0.05158728999184159,0.05152974067348515,-0.04000000726608999,-0.00471709468918069,-0.11307972985423942,-0.07359635811836118,0.11039556779198789,-0.01711274243498151,0.029533663908394292,0.29418339469805077,-0.06294821562798658,-0.06956523285820593,0.27788285021345893,-0.0028901734104046506,0.04970187190505726,-0.06315784254861811,0.09582542611696288,0.007756941401923401,0.0023310260984579223,-0.17647060033419093,-0.049525177845939905,-0.02880421281327239,0.07508537604694387,0.057970999612606766,-0.1698821234001452,-0.013293156622735114,-0.014109406419568149,-0.07622505605216245,-0.10285712348090281,-0.035407362559552236,0.00406584939106458,-0.000873489644323544,0.006517420655314687,-0.10650883299943448
2024-08-31,0.0,-0.16591764143821275,-0.05815835537483538,0.057563679510170385,0.007974512103184228,-0.14900157187788865,-0.11846005468572385,-0.08672476071275714,-0.08206109755040758,-0.047846925391956896,-0.01927708960666219,-0.22160499612290196,-0.11986301471388205,-0.24311018210546909,-0.1422618684314546,-0.0655999344777447,-0.127696867370242,-0.024390239989848905,0.12787926926131843,-0.1366907205872281,-0.11403504541664988,-0.17005540183821022,-0.09827278141751039,-0.9280141846096326,0.06346371207579926,-0.08382642259261497,-0.004989550662256481,0.024117954283187526,-0.07091771752389442,-0.08856087214381869,0.006896496984835521,0.04676103826461042,-0.13755576463895824,-0.030180907658729828,-0.09289174742450867,0.007861590070451285,0.04302397130484792,-0.0833823237060578,-0.26388887574853503,-0.13205281088924348,-0.11866664334502319,-0.02334165414114109,-0.08319467237242106,-0.13389115795697293,-0.2103113743332362,-0.24007937446533212,-0.08151658364843861,0.0987074183308525,-0.2338247338247338,-0.04805301892051983,0.014732156481061631,-0.11424258200202642,-0.05790836415320233,-0.07695583415874552,0.011682277409304609,0.06213018669725945,-0.03420292213919074,-0.06865532266095287,0.03889362719648637,-0.07532466618842537,-0.12187303102041314,-0.09844958874606358,-0.12857147673861857,-0.16845109277271741,-0.03931008806851011,-0.08333332011101058,-0.05362031204672457,-0.056810793711088436,0.032455759018855224,-0.1174716370358565,-0.07072693963110588,-0.0651096726790038,-0.06009359914251422,-0.0658068005406024,-0.07570534175739962,-0.07932097587339659,0.03311258194493716
2024-09-30,-0.21816260545279986,-0.11854514596369903,0.056603752743913605,-0.024050629617180963,-0.036392407092771584,0.010830314655719375,0.032474834580680234,0.016976110787710663,-0.018710982271132992,0.03517594058303364,0.004299735372962132,0.17129269309239525,0.05058370378653798,0.04096236208533188,0.0013879038152053713,0.014554695077192426,0.00935840382442521,-0.11982761186311619,-0.009859154929577452,-0.08101845857590473,-0.15026207992090668,0.023385287481146433,0.25165125495376484,-0.06403936690422929,-0.021751234507209283,-0.012378866615870732,-0.04535545534002783,-0.10684696016485717,-0.03014756675139252,-0.03157898091081912,0.02910963211983497,-0.07172132938328568,0.10674392389178711,-0.047717886552633426,0.0899376920918622,0.1809672935823221,0.2050677883180616,0.08007693665384696,0.12129374788090219,-0.03457814652012092,0.0635400860368931,0.10691835793760762,0.02722316012693038,0.010198558765906585,-0.0025856102415968696,0.17058312247087493,-0.07120745758526736,0.12620313404906836,-0.05825761624799575,-0.01392513930368322,0.05279366405141461,0.10625003368572639,0.2559632572909898,-0.007369915650712655,0.004618862173081606,0.09888575070724204,-0.0008003079356818654,-0.032028536968629284,-0.05158055785911608,-0.026217246474974698,-0.047479885935254096,0.09200341072631191,-0.11680323038265594,-0.00515019376537329,0.05845514559052112,0.016450165796388028,0.029776646164904053,-0.03353871810645115,-0.009960348342414882,-0.054054132335716654,0.20930227634799992,-0.024224163960474554,0.04977799541025818,-0.005764140382036431,-0.01702408864149718,-0.03679569850497566,-0.008974380762775569
2024-10-31,0.08021092364823268,-0.023433554096447873,-0.1785714099035881,0.008430635404196973,-0.04597704479356457,0.05892855880820003,-0.09544469551521262,-0.139280128621164,-0.08527545756730814,-0.14886726844859677,0.0024464224614968444,0.03656059208645335,-0.1666667067428017,0.07495314858483892,-0.10949412832715355,0.027004238862179175,-0.0006623906940754765,-0.025954979660396504,0.05832147937411092,-0.052107694366865576,-0.0733378809892904,-0.09902064844550651,0.025329815303430037,-0.10701752594230052,-0.006271350765888473,-0.014168981682057047,-0.039287377414253366,0.03271490043297387,-0.1415344117115095,-0.16931438525661724,-0.16222962530413298,0.03929378168053588,-0.11028045213165083,0.0659041050149316,-0.1266340426936976,-0.15653895850830224,-0.0127139662763599,-0.13997630634144753,-0.040865347142048924,-0.11174788075600683,-0.16358462409879915,-0.03522736510387292,-0.03710248123822646,-0.10201917246343228,-0.05962408792147711,-0.08327136813693958,-0.09611112222342699,-0.02136746756895913,-0.05788876276957999,-0.1809355873379659,-0.03217717028853029,-0.14483816008564254,-0.05551493042224165,-0.0918792890086334,-0.05747121476958428,-0.05956906813972762,-0.07769320838440219,-0.10976884810360854,-0.04385978085071751,0.44519235326231676,-0.0007668887201754959,-0.051181102362204745,-0.12761020599325368,-0.007765329728838477,-0.063510921648681,0.02896077927845675,-0.051405574253274966,0.022662911929360874,-0.06829896022090243,-0.10285711190135116,-0.10139859177977728,-0.11481765805395383,-0.16277424938249785,-0.09539537988953839,-0.08296249057611815,-0.05622953289949517,-0.2082794475474501
2024-11-30,-0.14118222093693034,0.041210212909063015,0.2025691658733757,0.05916393985147761,-0.014629955074716983,0.12141657468319478,0.1798561087398156,0.07757579919063673,0.11580781612753155,0.1806082292756117,0.015253203740684285,-0.10777273200400728,0.07999988842803463,0.09180694107962917,0.11206220931116251,0.14319775126952572,0.17296232604159445,0.11915540029965221,-0.09610215053763438,0.015005331974170977,0.05621296223929484,0.20048308790970415,-0.06793618116314981,0.04518660393993357,0.16179007394795253,0.17412941342671684,0.017593961253736357,0.11867611249387955,0.08166412403635981,0.19828886175698335,0.25719959746800947,0.11406092496429898,0.08319333903827286,0.0022912180196521525,0.12722170209355066,0.028974148182910664,0.23328384114594924,0.1206896551724137,0.03759394902013247,0.10000006152737706,0.15901352335483598,0.16843346865636755,-0.029357771194799986,0.18639054675667532,-0.011026919615524822,0.11273319966939299,0.19567381679661966,0.10868508999427706,0.1427710843373493,-0.011853411620953547,-0.05958550383452821,0.08708699980310741,0.24671298185753954,0.03628000530972453,0.13414638297892312,0.25336924221279533,0.1908380215625305,0.06843659936310686,0.04587170372326921,0.09115103805730729,0.17421339250066503,-0.03734439834024894,0.05319146265060759,0.02434785209304624,0.2184077452366584,0.049668917190695216,-0.025402216771860164,0.11749914207738987,0.017980576730326492,-0.10748408960177613,0.12743195074364788,0.11919367796666247,0.17117903654223743,0.08840233894329375,0.08891118312546142,0.05693462638679536,0.21078431143388543
2024-12-31,-0.047781482924089125,-0.04008005127385905,0.06573544289019995,0.09289614338091301,0.15109174888463817,0.1488721438978362,0.3150405730742434,0.10236218360729388,-0.045147916577469416,0.035426796658971194,0.14423086622057935,0.16837483282773236,0.06995896025034587,0.10697186515594037,-0.006298068124035883,0.04391649792599939,-0.0005650903968654752,-0.015274040839709957,-0.10483271375464687,0.124833908770136,0.015406181452570333,-0.08702218186257671,-0.04803975704030927,0.12687966097973025,0.1506171230337725,-0.10922788677943784,-0.09439261013060707,0.10735419656112843,0.03205127629943405,-0.00041998554842870295,0.07582932558493805,-0.0734031774425341,-0.0535298730976731,-0.031023816811765137,0.03236521444393192,-0.004566241860654796,0.15261044176706817,-0.003076876126802852,0.1690822001635759,0.12170086551535442,-0.006603041676966903,-0.054435444166116675,0.030245718065385896,-0.10922679645666689,-0.0020906136010997445,-0.012390675873562573,0.13191927298121908,-0.048577706425410816,0.021613073273589967,-0.01308613790192903,-0.022038581196057838,0.060773541026497124,-0.007444105070835261,0.023668671391509744,0.019354729195774967,-0.09964153467050552,-0.0009115770282588365,0.05687640720158238,-0.014035178101952206,-0.12134150103482899,0.3071895261878028,0.020689668326542288,0.03585867736691184,0.2123431608452757,0.10198796416699496,-0.036277558879294736,-0.055603851485320765,-0.035989685492250234,-0.036005461558954344,0.04995541362958944,0.006039662976931703,0.11667979257127592,0.03082968976858247,0.013397292332446131,0.018503892712733228,0.02090419073597194,0.03306347738749338
2025-01-31,-0.044205527193818206,-0.1576201011365207,0.0,0.15666670766786917,0.06980273558359973,0.05235603434001512,-0.10819158626882575,0.048469328423532465,-0.06467387973291938,0.11353031902424426,-0.08928575006281025,-0.10902254178942883,-0.04326924317445513,0.06250002016218126,-0.10563380281690138,0.22344822702986566,-0.10175235985268827,0.014598526172921567,0.0,0.04068112308119476,-0.0489655198722051,-0.07107428759506851,-0.08526682134570762,-0.04837366062584636,0.14484983371900095,0.016384792830555828,-0.029411642736653865,0.10534350883215549,-0.062111790441960135,-0.05882352941176472,0.1211454384443087,0.0020576964346978865,-0.08032781271073597,-0.008004300251501895,0.023311894499845165,-0.10474005302370903,-0.07055749128919864,0.2580245803067911,-0.04132237185888454,0.0039215336728373185,0.045790246814485736,0.04211076230968014,-0.03486230954729519,-0.04927215126170004,-0.050279309369290925,0.007380031467732806,0.06946988350221495,0.018859238809965317,-0.15015479876160986,-0.03370169046935845,0.10093896713615025,0.04062499084109916,-0.12749996238409966,-0.08429669843753851,-0.14767926105792395,-0.03184717825167038,0.013686131386861256,0.1648706052491249,0.12811382638414703,-0.11519776998033582,-0.27649998664855957,-0.05405406624492348,0.084836584704717,0.056509440415951406,-0.06588238731571172,0.11374790108989141,0.16260349055331624,-0.08666668627691532,-0.004932971598913705,0.02463888279544313,0.17752999330301433,-0.13955125037531713,0.026245637530306176,0.03400795918017163,0.017679564487331767,-0.03125430849042021,0.0032657893984431308
2025-02-28,-0.12562503673297243,0.07063201537839081,0.03777955429697277,-0.17387131534199285,-0.1524823059600856,-0.201492524035499,0.12478330884300992,-0.1401459497659111,-0.11446841561398746,-0.05726259247984078,-0.03921570352894688,0.033755241436195904,0.014070334708649712,-0.029864317345934976,0.004724397434024308,0.05355131883687014,-0.08684702222958895,-0.1074640024390735,-0.09800664451827246,-0.07999996360794892,-0.03553297842448422,-0.05338081592666655,-0.09511731135066581,-0.06660818722380824,-0.15613867427277595,0.03848154110679047,-0.0802764404040267,0.13259661464494,-0.03899923950359874,-0.019642934367386733,-0.056974481904527696,-0.0024641142060779497,-0.005347638548163114,-0.05056469416703302,0.010997541826357704,-0.057216060983034,0.03467666354264298,-0.03729138139496446,0.04956897105423663,0.08854164629398498,0.0713277266464718,-0.12429659265706383,-0.03612168231043,-0.10247361649421127,-0.07867644814883956,0.01465207095448906,-0.039316374847356284,-0.011286681909956076,-0.050394656952034045,-0.06689537401973022,0.019189765458422103,-0.031031032561481098,-0.06017195144572618,-0.06733303650069711,-0.042079235934522674,0.02302629411880952,-0.10207022899555573,-0.06845514099379568,-0.027602501975640736,0.10431370832630149,-0.16033176265966387,-0.09642859867640896,-0.12359550385225038,-0.13067031660586992,-0.09739710784046973,-0.09257894513409959,-0.04648859563974439,-0.0284671413921479,-0.08640226646425497,-0.08457703144915985,-0.056809887762322875,-0.088019524783843,0.014501137376797812,-0.029850478925773305,-0.03455480097910557,-0.03988552947405999,-0.042968741026318535
2025-03-31,0.12437460209203355,-0.03298613079183299,-0.20630610405142258,-0.005142460092812384,-0.15230123212329483,0.04361366505354103,-0.13944525476752723,-0.005093387221239198,0.3215223324025165,-0.09629631845476594,-0.08463384515763561,0.09047625133587389,-0.0781457429761393,-0.09436902808573355,0.07445147134011343,0.28303907139748463,0.16333558695573624,0.025692706250924013,-0.09760589318600366,-0.094367588627435,-0.030075230561518396,0.11413147000932033,0.040644709180098104,0.0037558106562156635,0.14393608226407384,0.4772158170207266,0.32427739875760797,-0.1246950723065321,0.21822351266841888,-0.0009106418550076656,-0.10208333560065774,0.31021005359815557,0.00896059171856911,0.19999988374251432,-0.049238438105787874,-0.1055253592281249,-0.047101449275362306,0.08460753192694415,-0.10677617929077565,-0.1495214802029866,-0.1798804581051252,-0.049065346064557036,-0.0315582482903225,0.0734909668755177,-0.09018358161643547,0.058483714341705184,-0.11877217169695109,-0.1315068132845877,0.26278772378516635,0.04595588321229305,0.07845188284518834,-0.13171485728754784,-0.01067065926863775,0.0879865562187907,0.21705433394313767,0.07073956142479254,-0.029671187159514667,-0.04865932671374784,0.008921331568707558,1.130681787248999,0.11193421012766058,-0.07509880141605196,-0.08051281757026696,0.3411213042631436,0.12930233875570707,-0.10931174547837408,0.01867215138871181,0.22689708730669844,0.13172540512436282,0.09239120532779466,-0.07490349662668094,-0.1256479445600065,-0.1667612506011117,-0.01974031822791833,8.280709374708373e-05,0.05148335469146614,-0.18231288342006047
2025-04-30,0.06420855216996912,-0.04488329445082817,-0.0717702877002141,-0.15142337417192653,-0.1263573266052066,-0.0985074427165542,-0.1441360431973444,-0.11547211272929547,-0.0644400346724383,0.012878629267505604,-0.03737702916880137,0.07111661514763146,-0.08480358128847132,-0.05967742980575552,-0.17067839615999392,0.12593830028731112,-0.18079999458716411,0.1561886154148242,-0.04857140365912005,-0.015821067607954542,-0.02015498317023534,0.0011527201627792305,-0.022222222222222254,-0.025257287954613128,-0.08031928986045744,-0.10084043955598898,-0.14666089507809998,-0.15639152691031344,-0.021998651583749695,-0.0018232197116351267,-0.10904870649760867,0.037934167206365776,-0.0008881354575855926,-0.14986907306767516,-0.12966101421279885,-0.12101262732397156,0.04372623574144496,-0.05545114037126431,0.12183913136272051,-0.06188467636539563,-0.15986953583786,-0.11793621534931398,0.01629326399026665,-0.11903205695846153,-0.03508771929824561,-0.20804912840932077,-0.033821320476925654,-0.03627762972928683,-0.2359493670886076,-0.053895728924523545,-0.13520855908250473,-0.09623694444207986,-0.005245389819646951,-0.11353036468833944,0.09978758706074453,-0.018018001247509186,-0.05578512396694213,-0.061586651800727976,-0.0860128667426463,-0.08666664963244408,-0.11991116640367094,-0.11111112922458366,0.19564893076379164,-0.12950051575513877,0.010708324818065273,-0.04909091140405053,0.06924646907414744,-0.20901775452076188,-0.09637689989542919,-0.11691535844104839,-0.13522537124042955,-0.17457067498934042,-0.09300360711845546,-0.0640062044419003,-0.060158365816503356,-0.042939176976351634,-0.053244618880973316
2025-05-31,-0.1445639900274589,-0.11983024909834128,0.05051549412780143,0.06709488570285282,0.16610161016856018,-0.038079473597036895,-0.003450322776223036,0.043729861296505135,-0.11565737367858098,0.11480859460658932,-0.034059944796030694,-0.0448456874980907,-0.03669165390560647,0.006289364804841657,-0.07299908219119444,-0.039999990946233965,0.0015624528764437429,0.13338994339533983,-0.16259119761001928,0.055432414942597985,-0.06962026032742863,-0.16695452221937113,-0.08884297520661155,-0.04426745862588477,0.030354930950847958,-0.28707753479125253,0.007734024065359835,0.2683732623026136,-0.0578406649971569,0.09090258160865794,0.21354157234242876,-0.057812471699370205,0.041777846463802115,-0.09486166871241386,0.03115870333902282,-0.005184340404586374,-0.13260471364839488,-0.03333333649643222,0.2295081678881059,-0.025487267518653822,0.043689316170373305,0.006963835112965944,-0.018036007991752867,0.029048685885391334,-0.006363608620383543,-0.05081819262365328,0.010822650222878982,0.11565743851922328,0.028495692511597115,0.00928790229556209,0.08209961217072248,0.05529019550405034,0.06625105206405335,-0.016319377994919226,-0.1293435703307947,0.05504589229575507,-0.046389523428952306,0.05506112935608165,-0.03869833550866486,-0.18978103700888704,-0.17830107858236033,0.15925481353373971,-0.11499997349590285,-0.0847230436027051,0.007334975019452461,0.042064940855912614,0.05047621954055059,-0.07983539094650205,-0.005613394361304258,-0.00845072036053518,0.08783791807366637,-0.1797920243732508,0.05454896627000205,0.004010080390999926,-0.006477032148398121,-0.0362722865957974,0.11862912251488433
2025-06-30,0.05446937738372237,0.07465894951701779,0.33856715846335406,-0.11170566520563341,0.08236438048501338,0.06540449538440507,0.011013240241620537,0.027110323257408364,0.022825396723794134,0.22089563746033658,0.05430179742720487,0.062195151310319385,0.023886510993358145,0.05681813409161096,0.16223907235829138,0.16358021271162881,-0.0015600154258543775,-0.044227896989448956,-0.06915983714681906,0.04772252601624105,0.08673465002018443,-0.005528701234485678,-0.023431594860166327,0.009023814522850726,-0.004149390264973518,-0.10094813162297822,0.003456247429064918,0.09375,0.0620736474398107,-0.052494478606898376,0.3223995429634148,0.10750428410853496,0.1373719088735128,0.11353703314334451,0.27478749209414954,-0.016792177639866512,-0.04115918857850498,0.2516726357614021,0.08999999364217115,-0.010769257178673386,0.2418605352467471,0.21715080633651596,0.07755104225409681,0.08680305643133113,0.01738329225466395,0.09437385831688783,0.03721175272574384,0.1051344517515429,0.05605670103092786,0.05582821411077643,0.06550581779297548,0.15976710007807116,0.32163741182381167,0.09212123986446485,0.4748534242277427,0.2579710413342484,0.21385960261042225,0.03494420974005363,0.05123038157605908,-0.019819755366004554,0.11566009291930524,0.10419910181180114,0.10847452879148878,0.2815332071733587,0.14561395746130912,0.14495411800762947,0.06708969802124076,0.0402504472271914,0.12903220649714342,0.08051317104457656,0.1739129551784937,0.036231908262056356,0.27258876964427614,0.12280933412127992,0.10298688147201052,0.05110609355759843,0.24509041252371455
2025-07-31,0.04834430978497495,0.012692029570390728,-0.010263919461580895,0.07379520200717415,0.08594449700894624,0.17285947686111114,0.035947681646290475,0.19496100690615803,0.13329306657387474,0.11124693363836968,0.20936455882100558,0.15040188448671898,0.11790666833412211,0.0688172498206241,0.02122447733976407,0.24005301586494276,0.275781223309687,0.46745090858609073,0.24766098379637502,0.07225871588974342,0.08059473459832733,0.07852677922895923,0.11609907120743035,0.03252030533831296,0.07812499747813884,0.04280397022332516,0.057979299907424675,0.10172120682156982,0.021836843981624998,0.13873626557321717,0.10277779897054029,0.047404062120787405,0.011723636676675753,0.06610654735629118,0.05777779972896546,0.297997733198089,0.08935608245199855,0.1546052745091948,0.16819570505332182,0.16796274173809156,0.11011231335142746,0.039204549968261615,0.09090909090909083,0.16428575980600257,0.10611513826974406,0.14925366288816044,0.05912080599508296,0.13827433394922695,0.34838316046369733,-0.006391557748667953,-0.01945525291828798,0.06358055718862299,0.1316371449680267,0.019977729958815305,-0.11229138555705864,0.023041451870212448,-0.07069942135441276,-0.030161194971924266,0.015872998610329647,-0.00919122283556384,0.07981659354871673,0.12676056338028174,0.1763507384320515,0.013961511599129395,0.09124910222536387,0.1033654419923975,-0.07476631818633783,0.014617368873602654,0.2064285544041462,0.03787878842612158,0.08919125820138318,0.1101398255509578,0.04756389628922375,0.06770302489807811,0.07988143956981353,0.10444925994261633,0.06182962262777281
2025-08-31,0.19140875821033965,0.11609504906783474,0.011111091669335105,-0.04768585386189661,-0.08161580888524123,-0.0730027814186417,0.11251318240131214,-0.031124540002951173,-0.06599251888914726,-0.048404905377280816,-0.044800855606217604,0.24550887944986122,0.0033840159497793287,-0.10100599819228129,0.09512391423682232,-0.01978604430834019,0.02878137482566956,0.020310052737019912,-0.051610044577607206,-0.0009425266920565223,0.01737869397724645,0.0199742665236613,0.41470180305131765,-0.029527555899476754,-0.06473427362615392,-0.008328375966686452,0.026044511778668733,0.18076195622804647,0.20930230575036957,0.2826698277678974,0.04282117708487365,0.0510057751388735,0.11751502162006866,0.1739358070098873,0.00910368178380927,0.03085292057987532,0.17209490782850745,-0.047008536268186574,-0.013088992981693415,0.08521962318817766,0.015519593324695435,0.12083100334889418,0.1475694220237167,0.0223090014228724,0.11463419596354174,0.060606073116546755,-0.07299616381941654,-0.0155490617142382,0.021719457013574583,0.16959061718342605,-0.011904761904761862,-0.012060871670536932,-0.15347022294558232,0.10718179056875199,0.3743589902430964,0.10360361086007353,0.03132626872515054,0.01662205068584366,0.16319442437151377,-0.030612251428249748,0.20730666826557687,0.08833338419596348,0.08427207159420247,0.03843952187714006,-0.02673065145745357,0.053739980784593966,0.020201991895467453,0.04830508474576267,0.01953818897194992,0.03467156117392722,-0.0006939784169138763,0.11023624491198492,0.007260984114284774,0.04255592035656863,0.05072593993680008,0.07501045492907576,-0.02317286936520424
2025-09-30,-0.15021114189513374,-0.18262414310134978,-0.08131866749978311,0.013254808625238201,-0.04308801446297561,-0.09361071510481955,0.0463137108150764,-0.03419688463742254,-0.06210822733039534,-0.04393054291250109,0.22524605017596855,-0.28044872823551603,0.01573918169086408,-0.0411817897610004,-0.07664233576642332,0.17294047916630362,0.08571427754178629,-0.14300678472578443,-0.14837206463481123,0.028591542600882258,-0.05124556991135176,0.00442196421192298,-0.16470588235294115,-0.06693714376779025,-0.026859585818412746,-0.0911817636472706,-0.06980434268574509,-0.009610983981693355,-0.09529296227501705,0.31034479811959037,-0.04009661319395008,-0.0375939554260466,-0.015405257281267848,-0.1132497720748602,-0.02984037554547625,-0.06073940151729906,-0.021440823327615766,-0.015695069981376375,0.018567621643752474,0.012269986030718272,-0.059800722623147284,-0.074634182437057,0.0317700505151608,-0.056737678072205644,-0.08023345834929518,-0.03401360588350888,-0.0838909508747574,-0.15498523301736744,-0.09211691762621788,-0.09549999237060547,-0.1305220883534136,-0.07855621854158357,-0.07678984539135558,-0.08304670773355338,-0.16044775721064974,-0.06530615621087688,-0.053254437869822535,0.03217294570443885,-0.05001294484740315,-0.22009571554015717,-0.11259678938596074,-0.13169987575654263,0.03596406917042505,0.018784499491834694,0.05281690379813786,-0.07925572974631934,-0.08550855202948426,-0.07760711398544862,0.12628612661036231,-0.07848325754958518,-0.11111107431811951,-0.13947985384388473,-0.044799496275450545,-0.01960042470311929,-0.024450528392819693,-0.02651833522591951,0.032238367523097944
2025-10-31,-0.017142886207217267,0.050614590997077435,-0.03030303601125084,-0.029796554663167774,-0.03470918300706216,0.14590161973768168,0.12014453510676604,0.3948498310809425,-0.01944114269970798,-0.004836873668678243,-0.08317581481916136,-0.08129171263348789,0.1422246835457357,0.0821662611042806,-0.12569171166702697,-0.05302320656665449,0.08278511886983875,0.053178416835405695,-0.014199923631054823,-0.0036967684634393594,0.03900978700224167,0.11257857796531057,0.130868544600939,0.11739139561391809,0.008917208871762172,0.02970297029702973,0.025014215069293577,-0.06377079482439929,-0.0017512423097826302,0.08313404161006233,0.017614416675313604,0.11708740056881961,-0.0653061258913693,0.002019172416931392,-0.03719592994423959,0.04029993459242176,0.10955302366345321,0.012148811426365036,-0.18098956999407745,0.014545440673828125,-0.10600705968801205,0.03637322800699283,-0.06304989653263182,-0.00751869511524228,-0.11181600828500227,-0.034507026598581625,0.01910119665882748,0.16448600563131333,-0.10341463414634144,-0.05085683076472136,-0.03002309468822173,-0.06048381911127465,-0.02689172641417792,-0.014469478026341687,0.18666670057508683,0.06768557815361143,0.10416666666666674,0.0189064831521768,-0.07460317460317456,0.033128825469745715,-0.009516248122618975,-0.03350972663691387,0.019286378333142062,0.05865428918547133,0.027424780424914807,-0.035179532463420204,0.003937022951637115,-0.04119193689745837,0.05951746828844917,0.034449746163838224,-0.04453130000037997,-0.0846154313720271,-0.03839845819859011,-0.019606377895853733,-0.0036868182104379255,0.003201485083867306,-0.010017683156896995
2025-11-30,0.03359176183079837,0.086717192026458,0.06496708721123334,-0.040449392483029034,0.10495626119628954,-0.047210291060319376,-0.1806450849382154,0.013461553133450987,0.16232969763205118,-0.031591712100004665,-0.18041237468153937,-0.018181771943063474,-0.07994186656800828,-0.029335709532680165,-0.044303811875959664,-0.09806650097241121,0.0632911166544996,-0.21648285788359345,-0.08421050940854402,-0.003710599514476831,-0.08375456816870708,-0.08988125746227271,-0.0809548521017125,0.0,-0.03703702194172109,0.01602564102564097,0.0011092707503919108,-0.07675222112537017,-0.0005848086934940877,0.021534992448947632,0.044510462732038514,0.02187916779161103,-0.13173213217565338,-0.04685134876712482,0.03194637366587871,-0.052252243583189695,-0.011848341232227444,0.3360839885879596,-0.10174878702178125,-0.1362007027565746,0.07272731417596634,-0.03255337314870599,-0.03442876287768171,-0.018648054987118856,-0.12142855780465267,-0.08533917381754308,0.1572353980844221,-0.03731943428284645,-0.0021762785636560977,-0.009900994498460047,-0.042857142857142816,0.004291765530760605,-0.11889460496250492,0.014681917712060955,0.00998750579526786,-0.026584793691863506,0.049056603773584895,-0.06168505583015349,-0.0643224699828473,-0.19239899992926346,-0.06244993973297419,-0.05018248245047807,-0.13036893794743132,0.06533192023936762,-0.05468747140676267,-0.002327480446000396,0.09313725490196068,-0.06398537477148081,-0.014170020958563234,0.02497691596437046,0.1766149535514583,-0.03661468282944291,0.06433528334630356,-0.002445393090744319,-0.006635355665815967,-0.05648148160749178,0.05059526309945528
2025-12-31,0.03125,-0.005066489143850772,0.07799235846751262,0.291178657421977,-0.008795024520837358,0.021021073052599926,-0.0334646397633912,0.375711555036345,0.08742000726500554,-0.013801714303281698,0.15723270817481283,0.030246898027260105,0.03475518882854978,0.0311112039561261,-0.044465440718448046,0.2633588040303836,-0.05285713305014339,-0.05037039297598367,-0.01996372045271244,0.007965319634509527,0.020488592393947513,0.06770182544400227,0.2535290796160361,0.1439687873431026,0.016171344913155528,-0.039116719242902165,0.042105308298624244,0.10505212510024053,-0.008191889315298684,-0.115675628068859,-0.03219698286718742,-0.006926965213503777,-0.001676484262535416,0.04368743118530438,0.03311743610603668,0.03231931407974953,0.11270983213429253,0.032565970864579574,-0.04601773884836147,0.08713694505932401,0.03831986261442233,0.10410096670268687,0.09562401058222969,0.002375336878134293,-0.015040684288448514,0.00717704568274935,0.0019193894185667304,0.010004158958229814,0.05997818974918201,-0.04529414457433367,-0.046268671899292624,0.028693537245687795,0.2691465439478613,0.028403038101793454,-0.03831890444159958,-0.04621854127105551,0.07284172661870514,0.013876111029825555,-0.015582034830430747,0.04017999711645692,-0.06319383165734505,-0.03554271856365099,0.07484769327601914,0.03560840018596734,0.019283662144708336,-0.03965776417295641,0.03139013452914807,0.0146484375,-0.053388132208783246,-0.025270784969652405,0.06601805327308119,-0.10591893684738662,0.04328956623580016,0.026184290147366118,0.033288355325485464,0.03486445678864181,0.02606237970330305
2026-01-31,0.03636365948301368,0.222787957316392,0.33166176126029634,0.17412336224016012,-0.025732112133816987,0.21764698540050875,0.12830965652039694,0.016551682044719795,0.05882352941176472,0.1755724904710645,0.05434782721369835,-0.021569838156502485,0.2600508752552686,0.2318965079860924,0.1287128712871286,0.3088045058012705,0.20563099390168693,0.16614665874764856,0.0574074262454185,0.23765144454799625,0.24247107255370182,0.05991857718133664,0.16036036036036028,0.22278921378696315,0.10645160779757235,0.19435325016414962,0.21903232771338854,-0.006047411707789108,0.2814158310154451,0.4474326925319929,0.24755378345080237,0.2538716870032398,0.1830394906049866,0.22719905301752719,0.12404183320175743,0.1749540177044464,0.38074712643678166,0.18488317774456986,0.09833028254858234,0.10814247966844648,0.18239880789216723,0.14761898160418574,0.07988164845703682,0.2304502135784927,0.10709869045518006,0.15043543953399063,0.22030645748352096,-0.0090796251552131,-0.11111111111111116,0.13616765583203305,0.06155452915809767,0.2997033274381591,-0.07643678702855639,0.18551325517809358,0.17480721039053893,0.160792957094108,0.16596814752724232,0.25563913471355715,0.13221601489757906,0.09019884000694023,0.16134908486823174,0.12549799086281221,0.3198379861021141,0.12464176128320625,0.1290542013710989,0.1384615172926449,0.15652173913043477,0.1405197305101058,0.32754880656771523,0.2537036471896701,0.18970011854407876,0.09407661267651801,0.21039301031590085,0.23760598215254403,0.22881497177884835,0.19879264756038117,0.13418002337265578
2026-02-28,-0.002339234773976351,-0.013534595028401375,-0.030123693814563812,0.0829042551829009,-0.040983590894894006,-0.09178741262736245,-0.08122743223820306,-0.08887375432271993,-0.05185183772334345,-0.009740278029165883,-0.0969071751409154,-0.09369257441024903,-0.09369951652090525,-0.09097275382918668,0.010526289019668456,0.0618301731244848,0.025020830875732925,0.1438127491394443,-0.021015797077527765,0.005271084337349352,-0.098197632611702,-0.004939593367501716,0.006211180124223503,-0.009735828703953398,-0.004859101490849782,-0.042330951072017564,-0.044919302534872196,0.09126308104161596,-0.07366475712259046,-0.028716217771843522,-0.07058820537492339,0.03934594996925367,0.15897798061462387,0.019349216536174607,-0.00743959347137757,-0.004702227158341898,0.10718002081165445,0.12436892935335009,-0.09121620859692281,-0.09184847155351572,0.015006000788724494,-0.09543572949514689,0.005479446686014411,-0.03899856316791106,-0.02795899268104307,0.11906404182410002,0.01334382480211782,-0.04914620132974212,-0.109375,-0.06236440266941912,-0.03439803439803435,-0.07945205285495338,0.05787179948628807,-0.01406592065161405,0.33479205153180014,-0.14231499102740852,-0.11143062544931703,-0.00940973874904183,0.011513157894736947,-0.06319216252926507,-0.11302979640924393,-0.08053095994797432,-0.02453986686463061,0.007218673734105563,0.01855171421422752,-0.07681373150894744,0.02180446538710057,-0.13755274261603379,-0.10743464343858333,-0.08788769891365078,0.12547950222067628,-0.03885348178904213,0.013351656247509114,0.023512704608176893,-0.008707717111258284,-0.00778038703934647,0.054040830259351136
2026-03-31,0.16060960474167318,-0.11451183382558272,-0.2444223565160505,-0.05278176862785755,-0.10541307548201095,-0.039893642486140135,0.06385062884698556,0.148175677172659,-0.13671874796273187,-0.12131145499990126,-0.0279680227348984,0.007432409139163987,0.0362743442799327,0.04926868469322154,-0.05729165493890076,-0.005434782608695676,-0.00404994623053978,0.05204674677158949,-0.0977936445732075,0.023220973782771548,-0.10751208787106359,-0.08383892273792659,-0.20293209876543206,-0.010533706947222776,-0.048828125147765356,-0.010907003444316832,-0.11917808497321203,-0.2604817127564675,-0.007455343917601165,-0.08869558939519517,-0.18945154151589627,-0.08112094644314793,-0.1359461284384983,-0.09775867086243539,-0.20986882408318752,-0.20787397081080727,-0.11043233082706772,-0.2832653279207191,0.13568773300097714,0.09987357485366943,-0.22117089314012628,-0.08335059738904205,-0.14168936515435226,0.012442585037746978,0.07286671382310184,-0.04981552326044458,-0.06661505874383511,-0.15155493193321856,-0.053931124106562756,0.2272989120722253,-0.10687022900763354,-0.11309525365922757,-0.052941169572824465,-0.019616608473968067,-0.12950819249244117,-0.24557519906632752,-0.004045307443365731,-0.08549223890308533,-0.043089430894308944,0.3630041435357543,-0.10796462357842396,-0.03079888864909841,-0.07983315985352812,-0.1492411068253543,0.003525215268867621,-0.10284215116193995,-0.14569533709799154,-0.13013698630136983,0.2303903957172131,-0.04615382144325675,-0.269717656698805,-0.07422133030045097,-0.23747974159351948,-0.06236882548299749,-0.06756184066564408,-0.02702767625330338,-0.23741337091059822
2026-04-30,0.2166667212540878,0.13110835166427215,0.1090908628521543,0.07228920369418956,0.08492570958126833,-0.031855959246140264,0.03059720310730385,0.06614784144039798,0.08201357324499114,0.07714557017532075,0.17792123647258107,2.2260227341631853,0.022119829731602758,0.11570403343257518,0.03038676885934022,0.3122560499609679,0.23284735747149043,-0.060589225483916875,0.05816260987613764,0.08565153733528552,0.0833976787345867,0.01745932444263154,0.05905130687318483,0.06458482825311984,0.20100779861971718,0.03656413232733602,0.009942030081793396,0.09831121833534384,0.1387080897850257,-0.18463748084751685,0.07131706947038641,0.1451171077775426,0.24450743396244534,-0.030662695557949093,0.10045050401293376,-0.0064612854221027805,0.12097200211304804,0.07744878426615465,0.30114560319860173,0.17241379688337033,0.13534888999311923,0.01708543513092775,0.11587301539245431,0.037987647744123665,0.17247538122597628,0.2466019719516046,0.06473031390099782,-0.010325284164900861,0.05151098901098905,0.12629596568785795,0.029059863837695765,0.08709931594540299,0.29831534589802855,0.08822194425875485,0.155367287192558,0.07331378114587328,-0.09504467912266445,0.05854576826164726,0.047578589634664326,0.4551021030970983,0.1101190143927242,0.011916629731910433,0.07579908675799096,0.14667981987257384,0.14754100364768385,0.04410447704181397,0.07062880865984256,-0.0011248593925758943,0.04937076476282676,0.0517826682181064,0.05533332824707027,-0.005010783619220582,0.09571794519245591,0.14348392405117782,0.12912200839457433,0.12268777253107177,0.121744409510403
2026-05-31,-0.3129929791518641,0.025341923078364914,-0.12568302365841988,0.06507487593304728,0.19960860161954797,0.02718169720198227,-0.016052887048580877,-0.026763954135271217,0.004181929111320093,-0.055885826244845505,-0.12013957684813392,0.9771310081285574,-0.08385935909647058,-0.05055398638847819,-0.07327975393941621,-0.09518143961927428,-0.17356519616168486,-0.17218934397024444,-0.06308560723592527,0.006068779501011479,-0.017818959711915605,0.11005920771310995,-0.10603290676416821,0.08501508913827127,-0.12065967243670539,-0.07222844344904811,0.023822731588685864,0.114772103239978,0.034300822097464545,0.0620636771482741,-0.071914458101213,-0.03919692671062003,0.1156036872656343,-0.14132651504205196,-0.08146488249079087,-0.04052023387777526,0.03675777568331773,0.11257923637301714,-0.023899318860595486,0.12450985112863155,-0.08368199417686739,0.010869531415134803,0.07112375321161357,-0.06478729496756541,0.2972561044752564,0.03167189008839255,0.034225433154488005,-0.02034425603006229,-0.03592423252775967,-0.07531377681131701,-0.058139532918850656,-0.03815997352484479,-0.005769216097318175,-0.043042234580445426,0.07334959942571229,-0.01912572951360736,-0.09605026929982041,-0.09901872100991682,-0.037307380373073795,-0.012622741758167688,-0.07774798196456045,-0.030912673981451477,0.005093378607809784,0.04230413877399797,-0.034908700894376476,-0.044827624195111215,-0.01448111832312915,0.011824324324324342,-0.1284132953939403,-0.06537528954290828,-0.02590017999925054,-0.05179851317367323,-0.08556290748199191,-0.06670638934285578,-0.05399303628006935,-0.006695137960841202,-0.104751646118041
