date,ADEL,AEFES,AKBNK,AKCNS,AKENR,AKGRT,AKSA,AKSEN,ALARK,ALBRK,ALKIM,ANELE,ANHYT,ANSGR,ARCLK,ASELS,AYGAZ,BAGFS,BANVT,BIMAS,BIZIM,BRISA,BRSAN,CCOLA,CIMSA,CLEBI,DOAS,DOCO,DOHOL,ECILC,EKGYO,ENKAI,EREGL,FROTO,GARAN,GOZDE,GUBRF,HALKB,HURGZ,INDES,ISCTR,ISGYO,IZMDC,KCHOL,KORDS,KRDMD,MGROS,NTHOL,OTKAR,PETKM,PGSUS,SAHOL,SELEC,SISE,SKBNK,SNGYO,TAVHL,TCELL,THYAO,TKFEN,TKNSA,TMSN,TOASO,TRCAS,TRGYO,TSKB,TTKOM,TTRAK,TUPRS,ULKER,VAKBN,VESTL,YKBNK
2000-01-31,,,,,,,,,,,,,,,,,,,,,,,,,,,,,,,,,,,,,,,,,,,,,,,,,,,,,,,,,,,,,,,,,,,,,,,,,
2000-02-29,,,,,,,,,,,,,,,,,,,,,,,,,,,,,,,,,,,,,,,,,,,,,,,,,,,,,,,,,,,,,,,,,,,,,,,,,
2000-03-31,,,,,,,,,,,,,,,,,,,,,,,,,,,,,,,,,,,,,,,,,,,,,,,,,,,,,,,,,,,,,,,,,,,,,,,,,
2000-04-30,,,,,,,,,,,,,,,,,,,,,,,,,,,,,,,,,,,,,,,,,,,,,,,,,,,,,,,,,,,,,,,,,,,,,,,,,
2000-05-31,,,,,,,,,,,,,,,,,,,,,,,,,,,,,,,,,,,,,,,,,,,,,,,,,,,,,,,,,,,,,,,,,,,,,,,,,
2000-06-30,,,,,,,,,,,,,,,,,,,,,,,,,,,,,,,,,,,,,,,,,,,,,,,,,,,,,,,,,,,,,,,,,,,,,,,,,
2000-07-31,,,,,,,,,,,,,,,,,,,,,,,,,,,,,,,,,,,,,,,,,,,,,,,,,,,,,,,,,,,,,,,,,,,,,,,,,
2000-08-31,,,,,,,,,,,,,,,,,,,,,,,,,,,,,,,,,,,,,,,,,,,,,,,,,,,,,,,,,,,,,,,,,,,,,,,,,
2000-09-30,,,,,,,,,,,,,,,,,,,,,,,,,,,,,,,,,,,,,,,,,,,,,,,,,,,,,,,,,,,,,,,,,,,,,,,,,
2000-10-31,,,,,,,,,,,,,,,,,,,,,,,,,,,,,,,,,,,,,,,,,,,,,,,,,,,,,,,,,,,,,,,,,,,,,,,,,
2000-11-30,,,,,,,,,,,,,,,,,,,,,,,,,,,,,,,,,,,,,,,,,,,,,,,,,,,,,,,,,,,,,,,,,,,,,,,,,
2000-12-31,,,,,,,,,,,,,,,,,,,,,,,,,,,,,,,,,,,,,,,,,,,,,,,,,,,,,,,,,,,,,,,,,,,,,,,,,
2001-01-31,,,,,,,,,,,,,,,,,,,,,,,,,,,,,,,,,,,,,,,,,,,,,,,,,,,,,,,,,,,,,,,,,,,,,,,,,
2001-02-28,,,,,,,,,,,,,,,,,,,,,,,,,,,,,,,,,,,,,,,,,,,,,,,,,,,,,,,,,,,,,,,,,,,,,,,,,
2001-03-31,,,,,,,,,,,,,,,,,,,,,,,,,,,,,,,,,,,,,,,,,,,,,,,,,,,,,,,,,,,,,,,,,,,,,,,,,
2001-04-30,,,,,,,,,,,,,,,,,,,,,,,,,,,,,,,,,,,,,,,,,,,,,,,,,,,,,,,,,,,,,,,,,,,,,,,,,
2001-05-31,,,,,,,,,,,,,,,,,,,,,,,,,,,,,,,,,,,,,,,,,,,,,,,,,,,,,,,,,,,,,,,,,,,,,,,,,
2001-06-30,,,,,,,,,,,,,,,,,,,,,,,,,,,,,,,,,,,,,,,,,,,,,,,,,,,,,,,,,,,,,,,,,,,,,,,,,
2001-07-31,,,,,,,,,,,,,,,,,,,,,,,,,,,,,,,,,,,,,,,,,,,,,,,,,,,,,,,,,,,,,,,,,,,,,,,,,
2001-08-31,,,,,,,,,,,,,,,,,,,,,,,,,,,,,,,,,,,,,,,,,,,,,,,,,,,,,,,,,,,,,,,,,,,,,,,,,
2001-09-30,,,,,,,,,,,,,,,,,,,,,,,,,,,,,,,,,,,,,,,,,,,,,,,,,,,,,,,,,,,,,,,,,,,,,,,,,
2001-10-31,,,,,,,,,,,,,,,,,,,,,,,,,,,,,,,,,,,,,,,,,,,,,,,,,,,,,,,,,,,,,,,,,,,,,,,,,
2001-11-30,,,,,,,,,,,,,,,,,,,,,,,,,,,,,,,,,,,,,,,,,,,,,,,,,,,,,,,,,,,,,,,,,,,,,,,,,
2001-12-31,,,,,,,,,,,,,,,,,,,,,,,,,,,,,,,,,,,,,,,,,,,,,,,,,,,,,,,,,,,,,,,,,,,,,,,,,
2002-01-31,,,,,,,,,,,,,,,,,,,,,,,,,,,,,,,,,,,,,,,,,,,,,,,,,,,,,,,,,,,,,,,,,,,,,,,,,
2002-02-28,,,,,,,,,,,,,,,,,,,,,,,,,,,,,,,,,,,,,,,,,,,,,,,,,,,,,,,,,,,,,,,,,,,,,,,,,
2002-03-31,,,,,,,,,,,,,,,,,,,,,,,,,,,,,,,,,,,,,,,,,,,,,,,,,,,,,,,,,,,,,,,,,,,,,,,,,
2002-04-30,,,,,,,,,,,,,,,,,,,,,,,,,,,,,,,,,,,,,,,,,,,,,,,,,,,,,,,,,,,,,,,,,,,,,,,,,
2002-05-31,,,,,,,,,,,,,,,,,,,,,,,,,,,,,,,,,,,,,,,,,,,,,,,,,,,,,,,,,,,,,,,,,,,,,,,,,
2002-06-30,,,,,,,,,,,,,,,,,,,,,,,,,,,,,,,,,,,,,,,,,,,,,,,,,,,,,,,,,,,,,,,,,,,,,,,,,
2002-07-31,,,,,,,,,,,,,,,,,,,,,,,,,,,,,,,,,,,,,,,,,,,,,,,,,,,,,,,,,,,,,,,,,,,,,,,,,
2002-08-31,,,,,,,,,,,,,,,,,,,,,,,,,,,,,,,,,,,,,,,,,,,,,,,,,,,,,,,,,,,,,,,,,,,,,,,,,
2002-09-30,,,,,,,,,,,,,,,,,,,,,,,,,,,,,,,,,,,,,,,,,,,,,,,,,,,,,,,,,,,,,,,,,,,,,,,,,
2002-10-31,,,,,,,,,,,,,,,,,,,,,,,,,,,,,,,,,,,,,,,,,,,,,,,,,,,,,,,,,,,,,,,,,,,,,,,,,
2002-11-30,,,,,,,,,,,,,,,,,,,,,,,,,,,,,,,,,,,,,,,,,,,,,,,,,,,,,,,,,,,,,,,,,,,,,,,,,
2002-12-31,,,,,,,,,,,,,,,,,,,,,,,,,,,,,,,,,,,,,,,,,,,,,,,,,,,,,,,,,,,,,,,,,,,,,,,,,
2003-01-31,,,,,,,,,,,,,,,,,,,,,,,,,,,,,,,,,,,,,,,,,,,,,,,,,,,,,,,,,,,,,,,,,,,,,,,,,
2003-02-28,,,,,,,,,,,,,,,,,,,,,,,,,,,,,,,,,,,,,,,,,,,,,,,,,,,,,,,,,,,,,,,,,,,,,,,,,
2003-03-31,,,,,,,,,,,,,,,,,,,,,,,,,,,,,,,,,,,,,,,,,,,,,,,,,,,,,,,,,,,,,,,,,,,,,,,,,
2003-04-30,,,,,,,,,,,,,,,,,,,,,,,,,,,,,,,,,,,,,,,,,,,,,,,,,,,,,,,,,,,,,,,,,,,,,,,,,
2003-05-31,,,,,,,,,,,,,,,,,,,,,,,,,,,,,,,,,,,,,,,,,,,,,,,,,,,,,,,,,,,,,,,,,,,,,,,,,
2003-06-30,,,,,,,,,,,,,,,,,,,,,,,,,,,,,,,,,,,,,,,,,,,,,,,,,,,,,,,,,,,,,,,,,,,,,,,,,
2003-07-31,,,,,,,,,,,,,,,,,,,,,,,,,,,,,,,,,,,,,,,,,,,,,,,,,,,,,,,,,,,,,,,,,,,,,,,,,
2003-08-31,,,,,,,,,,,,,,,,,,,,,,,,,,,,,,,,,,,,,,,,,,,,,,,,,,,,,,,,,,,,,,,,,,,,,,,,,
2003-09-30,,,,,,,,,,,,,,,,,,,,,,,,,,,,,,,,,,,,,,,,,,,,,,,,,,,,,,,,,,,,,,,,,,,,,,,,,
2003-10-31,,,,,,,,,,,,,,,,,,,,,,,,,,,,,,,,,,,,,,,,,,,,,,,,,,,,,,,,,,,,,,,,,,,,,,,,,
2003-11-30,,,,,,,,,,,,,,,,,,,,,,,,,,,,,,,,,,,,,,,,,,,,,,,,,,,,,,,,,,,,,,,,,,,,,,,,,
2003-12-31,,,,,,,,,,,,,,,,,,,,,,,,,,,,,,,,,,,,,,,,,,,,,,,,,,,,,,,,,,,,,,,,,,,,,,,,,
2004-01-31,,,,,,,,,,,,,,,,,,,,,,,,,,,,,,,,,,,,,,,,,,,,,,,,,,,,,,,,,,,,,,,,,,,,,,,,,
2004-02-29,,,,,,,,,,,,,,,,,,,,,,,,,,,,,,,,,,,,,,,,,,,,,,,,,,,,,,,,,,,,,,,,,,,,,,,,,
2004-03-31,-0.13045461748414028,-0.8721975517665961,-2.213641191544648,0.13701476002975946,-0.7907367371605961,-2.2136098370085993,-1.553155030495313,,0.322569018959649,,-0.36622749989224296,,-0.018879591165675044,0.5330549717650782,0.8283315292496884,-0.8980446414783084,-0.2509073189035445,0.06798500387115135,0.5601082321732371,,,0.13993774976491366,0.881205581964914,0.833109326721184,0.13293371095805057,-1.3943143652284773,,,0.5513496493542636,0.9001817045218732,,-0.6541138420716662,1.6504237061329312,1.4366561099820956,1.1064610448375682,,1.3333424705275188,,0.7823677300847134,,,0.1417208825004105,0.21015321571560855,-0.2861449913060114,-0.3484700248592514,1.2673205699822516,-0.17496233154510255,-0.4857219372216188,-0.20262874855970636,-0.948165248178638,,0.07230280593477849,,1.1749136898297403,0.2825538778365204,,,-0.22508785665481437,-0.418313848684241,,,,0.6882625952209909,0.22860761126437437,,0.2796029193659942,,,-2.2138264649126413,,,0.13081938669958695,0.30655860945355573
2004-04-30,-0.21312180325471744,-0.20048803710016908,-1.8914741507677408,-1.8914700570722467,-0.5146833570251993,-1.89144078705214,-1.3347839320638262,,0.1433402291431215,,-1.0591111320539688,,-0.15740130912206568,0.8526215385628794,0.7129363993487455,-0.5941595366462449,-0.195983028470659,0.1447642021674149,0.8719895647153775,,,0.15868655610127208,0.9384438185343955,0.8541589323031262,-1.891426808850038,-1.1119899365863628,,,0.33603116320743853,1.3258332473855163,,-0.42397518325229266,1.0676174037530302,1.6846083007253474,1.0176729884912783,,1.058118727094254,,0.5906687836380973,,,0.017268466167878284,0.3670330342248561,-0.23838335300131766,-0.24088669017032371,1.9393487234228182,-0.137972550234418,-0.40652957677272594,1.1104525076161136,-0.7278941957336005,,-0.19597359133978212,,1.1387588272242153,-0.08061365102811213,,,-0.04001523766716039,-0.3534022756876414,,,,0.856583280640521,0.18735969127227303,,0.3049584986290786,,,-1.8913984655143363,,,-0.020112437576862006,0.228163403807437
2004-05-31,0.13049368777067563,0.5036531478749967,-1.4341279054279603,-1.4341167309739078,-0.06221016524728785,-1.4340946644401389,-0.8771504348182575,,0.23479200003354908,,-0.6298782683150775,,0.07876082401023253,0.38754557304720694,0.7263098779424451,-0.08106679317467769,-1.4340721639719218,0.41647352296433104,1.3072899936099542,,,0.2675479101943566,-1.4341512950039068,1.0017011319876734,-1.4340842538510858,-0.7398982809304411,,,0.5294001689582329,1.593144573714063,,-0.6299490716814086,1.0973937007476204,-1.4341923979739268,1.0990901593949878,,0.8591687835526,,0.5497980660302992,,,0.29560181314893297,0.6920137127202074,-1.435122112940788,-0.025863373898099572,2.137464205709325,-1.434137383965607,-0.05463023360223216,0.9529906524195376,-0.3938272711935952,,-1.434099541397607,,1.278391556198772,0.39989775912149794,,,0.8405365560067489,0.0032940901638323136,,,,0.6179684573018357,0.23452817044506624,,0.24945201516930818,,,-1.4340581605165335,,,0.24048192016874811,0.5555780759370649
2004-06-30,0.6276173134281278,-1.121695894895657,-1.1217275257346333,-1.1217141237129762,0.16454904785311883,-1.1216930938724117,-0.601444344537232,,0.6151094090422748,,-0.2509511197918217,,0.7088192270866389,0.8312246137394343,1.2225332157094706,0.2456786556581043,-1.1216694261389357,0.7048241636228059,-1.121726350150809,,,0.5809774434394874,-1.1217544618906428,0.9225310020190701,-1.1216813397141159,-0.4665767916673629,,,0.643614537530727,-1.1216837942541222,,-0.2510215881132846,-1.1216598547765784,-1.121792342904885,1.5471212427597536,,0.9849367456124672,,-1.1217368648818742,,,0.6666736393697056,1.0486728946778794,-1.1237260202363102,0.2998125477204011,2.479617336184819,-1.121737694233812,0.32570222151612077,1.1685463663714157,0.055616249971612214,,-1.1216978728625904,,-1.1217684998937216,0.6918224073459439,,,-1.1548496162956847,0.3111313047251052,,,,0.9710536390479308,0.6279818708622718,,0.6978236211693334,,,-1.1216542184985556,,,0.6017542525755074,1.2319506313832096
2004-07-31,0.5702561757985457,-1.0832041387887041,-1.083237155196975,-1.0832220057827495,0.11799742735991628,-1.0832055441406674,-0.6229951677510237,,0.529534080508319,,-0.28729133199243895,,1.0685153137586498,0.8116692661545633,1.1431982824124693,0.14250250673834575,-1.0831771643681274,0.576973333960036,-1.0832265576473994,,,0.46325449829656185,-1.0832519177610649,0.9579777726963467,-1.0831869320925303,-0.5344932313742712,,,0.7330903844565371,-1.0831895728952732,,-0.28734729730927566,-1.0831680954078282,-1.0832837884422764,1.2330665325131664,,0.8511388657809918,,-1.083241463458154,,,0.6686164625114543,0.9817432585567007,-1.0851642615191863,0.1674788150579017,3.0177416578370906,-1.0832402496195517,0.3672837697701897,1.1283684083573642,-0.03290765762222394,,-1.0832021106670287,,-1.083276583062015,0.9718375103325636,,,-1.1185448084128289,0.235229316615226,,,,0.968461488867982,0.49615318647825696,,0.7994757043386855,,,-1.0831615875195304,,,0.5297156134099769,1.2076805799542563
2004-08-31,0.716839606392994,-1.088422336660148,-1.0884563489884918,-1.088450937419632,0.04941232249703174,-1.0884264425832302,-0.6067849752787757,,0.506048335359194,,-0.32874116790249,,1.1686592786063412,0.9104341811662233,1.0094060818728405,0.1508240763607967,-1.0883968942535485,0.5603503841600471,-1.088442883950177,,,0.5037607947710292,-1.0884902983815563,1.0455408562813504,-1.088409978598701,-0.6040260518867188,,,0.8453118597603471,-1.0884092955568196,,-0.32879497350661385,-1.088388507459259,-1.0883772320469411,1.3058553519536849,,0.9474177183005089,,-1.0884631805762286,,,0.752031053089535,1.1770725983968249,-1.0905006313936745,0.2455143438130086,2.9521822451320157,-1.08846333801529,0.40832111828052403,1.0785814947824262,-0.026787296146330065,,-1.088421788214108,,-1.0885013122136387,0.820999301681937,,,-1.1210625892038664,0.19411477516189396,,,,1.035882313910173,0.5468970800861612,,0.4768877579293713,,,-1.0883806728722702,,,0.6450297336927578,1.0473298567117044
2004-09-30,0.3575787895092386,-1.0101832394637689,-1.0102099941526623,-1.0102075343139494,-0.07611966904742083,-1.0101844242875695,-0.5734303966548655,,0.39678544202815597,,-0.4028318186974471,,1.5150184374476268,0.8229082389792475,0.8779231753069059,-0.008921799960587052,-1.0101601474350295,0.38810305749195306,-1.010198079922462,,,0.4114766286824748,-1.0102468634636046,1.2099386907353438,-1.01017475543465,-0.5833685084300355,,,0.599642494085656,-1.0101682238032177,,-0.4028902077693872,-1.0101522841475299,-1.010142706767254,0.8847008671698987,,0.532190841226067,,-1.0102126624500807,,,1.1323016562461996,2.0949502074318724,-1.0120113417427474,0.17809779687017244,3.5299668676678837,-1.010214722594434,0.2124329997359291,0.9176340782001834,-0.059935575135698006,,-1.0101818244315852,,-1.0102429815166518,0.8497987767481641,,,-1.0438459661810189,0.2369256836842232,,,,0.8430994509285239,0.45490119426652853,,0.543452858722757,,,-1.0101457779835292,,,0.500193752986371,0.8168917328186576
2004-10-31,0.4234815252535463,-1.0304078299237798,-1.030430842399587,-1.0304309820558015,-0.1015178865403685,-1.0304073692035665,-0.5244552688278855,,0.40539961370386957,,-0.4220414614223512,,1.5299804014364975,1.0235754726808484,0.7437662790813625,0.0010754657195371309,-1.0303825765000008,0.49692989761493517,-1.0304201848795607,,,0.8165274867556949,-1.0304724710075395,1.391348596455781,-1.0304014753277126,-0.4702612838525741,,,0.4260627805930981,-1.0303932376613356,,-0.4221117475253346,-1.0303760916878495,-1.0303657609288344,0.9799353019349383,,0.6059403231944099,,-1.030438029763508,,,0.9905943645655411,2.0685084361580257,-1.0322207817948563,0.20866174468053894,3.346615641330163,-1.0304438852581932,0.09801666309882226,0.9214922847762589,0.2996686298875467,,-1.0304031393001862,,-1.0304772087814615,0.8153050372771334,,,-1.0758928299107073,0.4376463813577942,,,,0.7709982435668163,0.44736756840689984,,0.4569066952535076,,,-1.0303697407098946,,,0.4104472495026797,0.4304360030951379
2004-11-30,0.5307366081782132,-1.0448715085488829,-1.0448970684739005,-1.0448974431276918,-0.13493110576312678,-1.044868594562212,-0.5319782743097821,,0.4031262363379813,,-0.38476150617732086,,1.2621465322323255,1.2811084670578854,0.6019096191313307,0.4399250676668669,-1.0448425911391044,0.46741647425390337,-1.0448775586535877,,,0.8715678587752662,-1.0449664981921798,1.0999260043921377,-1.044861763915675,-0.45397527908300156,,,0.41580432807429896,-1.0448544168371598,,-0.3848291401018094,-1.0448371218071124,-1.0448255346776172,0.8585289992997901,,0.7248552888696578,,-1.044898570040634,,,1.031806882910415,2.19393343981592,-1.0466103207209498,0.22833620681364208,3.249841370063761,-1.044914675199704,0.021744196284947514,0.7544138876427393,0.1604068646075973,,-1.0448606335088504,,-1.044939595829243,1.1405186342520033,,,-1.0922458908772887,0.24450462409240942,,,,0.38942932969742844,0.6640517650368356,,0.46284184683915186,,,-1.044830533281716,,,0.3049422804944016,0.8052183308195514
2004-12-31,0.5092448454496927,-1.0319039915921773,-1.0319356525797214,-1.031921095995327,-0.07672909092573772,-1.0318967079879868,-0.47521972552894043,,0.47582153282542683,,-1.0318756158608107,,1.383280360918522,1.3021655519021558,0.6150051951585231,0.18262340222818377,-1.0318665033348968,0.3629096756202811,-1.031896462083054,,,0.8783227203064962,-1.031976080588286,1.3676553607186988,-1.0318875882611833,-0.41488459009316925,,,0.4479682574242993,-1.0318846135038424,,-0.4171828001523136,-1.0318599616494295,-1.031848963157583,1.094422984758099,,0.5486949238285416,,-1.0319296780570804,,,0.7123319541000049,1.6194662808447595,-1.0337897187295024,0.2705683692069181,2.9151470239099213,-1.031959255621857,0.43585878477239176,0.6959756461598365,0.19429191216709246,,-1.0318888779530946,,-1.0319691933318846,2.1957402222205267,,,-1.080308976248291,0.20321684791535258,,,,0.28789442342321153,0.7119875806006759,,0.6037554761172702,,,-1.0318540549733153,,,0.2494915945316583,0.7197326106565283
2005-01-31,-0.07723222158575943,-0.331707885615975,-0.33171619668884567,-0.3317142561086642,-0.16632239620565564,-0.3317085174665606,-0.32518931113312494,,-0.036530993562682884,,-0.3317030451430709,,0.09638894893521255,0.1227417673102192,-0.019921078749172354,-0.08638286147437574,-0.3317015734513709,0.031118373854191562,-0.33170907555136087,,,0.0730259333946993,-0.33172341712455394,0.14266306406269977,-0.33170673463150757,-0.26796109936480517,,,-0.012219894275166438,-0.3317042396715965,,-0.15938983197618448,-0.33170026012429016,-0.33169783831958916,0.11706748055932713,,0.011037344639267463,,-0.33171559430135583,,,-0.015479916761934664,0.11487468377378067,-0.33206474036072886,-0.09711446499721008,0.30490700365538354,-0.3317164718821578,-0.13065338575188462,-0.030924795030996485,-0.08979127040867803,,-0.3317061546831695,,-0.3317233491037683,0.4541910099979619,,,-0.3412370879432164,6.795939349152775,,,,-0.07007043220214863,-0.02325830621897749,,0.10079115322858045,,,-0.33169790028044127,,,-0.09270005573759403,0.018646574564244893
2005-02-28,-0.03813758270379522,-0.44157292435417933,-0.44158418116254416,-0.441584773324312,-0.18624882886962818,-0.4415744482817127,-0.4345241485032663,,0.05557265175113065,,-0.4415643326363847,,0.21131439537419563,0.19964320428935411,0.033396664654803655,0.06743180099862037,-0.44156198007420633,0.04081650019927989,-0.44157246491301977,,,0.18739369331441588,-0.4415990355420164,0.25935289879276385,-0.44157207546406146,-0.3276080417182824,,,0.07826208829699952,-0.44156711367774776,,-0.16289144845637923,-0.4415600720767207,-0.44155594711593776,0.3256020260579095,,0.05554124124336798,,-0.4415842498791762,,,0.05959863978699246,0.2682139957520713,-0.4421641079345661,-0.07545824738848157,0.5114272034612503,-0.441585596133045,-0.051298711861954206,0.06869564748575731,-0.03921098714658513,,-0.4415691874108838,,-0.4415983557009905,0.8757553460579788,,,-0.45668718879085374,6.4291361347877745,,,,-0.059905199090221926,0.039352584697928183,,0.40617695476429005,,,-0.44155602907349284,-0.16289222352232813,,-0.06655523292904086,0.12654764026069742
2005-03-31,-0.006312059526723317,-0.5418658934477216,-0.5317915901105005,-0.5418824698914831,-0.19112891280002725,-0.5326522591854984,-0.5341592555410838,,0.06304784913213776,,-0.5418540802801592,,0.3742529104249823,0.3371281914206674,0.1053163198672612,0.5085265937350736,-0.5418499281267642,0.13013102519347025,-0.5418648399733991,,,0.19307842118269586,-0.5419041157290346,0.44762398385556157,-0.5418637506281954,-0.33967327636891004,,,0.18598739041082474,-0.5418641324640924,,-0.11779042216175273,-0.5418476420435356,-0.5418416227021158,0.4400440015792998,,0.1418180695022401,,-0.5418797203362148,,,0.11565163962430837,0.3302347102426954,-0.5424893968134411,-0.03957008044374305,0.6116274634206728,-0.5418847662459805,-0.027395667118390213,0.1694673789560073,-0.13610449649178083,,-0.5418591454021867,,-0.5418943284753921,0.6688527125015529,,,-0.5642595854288571,5.947541732379839,,,,-0.036737462503973264,0.10586503809761447,,0.8213447960686987,,,-0.541841736696242,-0.11779066243686875,,0.0325188914561985,0.26791674657879627
2005-04-30,0.0342984523274413,-0.5855222692442561,-0.573423118367653,-0.5754006686321397,-0.2181835698491425,-0.5747149770592588,-0.577909306470922,,0.16700544187007513,,-0.5804299043408115,,0.1709830414961307,0.2512121469036438,0.08440882356037174,0.37716405990349117,-0.5854985425041994,0.09445495591213136,-0.5855172795264977,,,0.14309510417447155,-0.5855584573651879,0.41166764232647746,-0.5719334620512617,-0.30521720223059207,,,0.19803102057803906,-0.5855149949344463,,-0.03841353708504598,-0.5854962906353711,-0.5854891829434279,0.6218837563001294,,0.12660188296687383,,-0.5855309171461087,,,0.13370119016251372,0.6263479380359577,-0.5862385980704728,-0.030636590678643376,0.6033952271938495,-0.5855472838498724,0.09251423866563299,0.10964958916975319,-0.1335136634962849,,-0.5855093479354072,,-0.5855515562657572,0.8384073541242397,,,-0.6124514415208695,5.613169659714071,,,,-0.10404938891362198,0.2293634729333197,,1.0454819766047787,,,-0.5683330936967027,-0.03841330858300712,,0.0700580733938589,0.39788494182794204
2005-05-31,0.14340546718105993,-0.6193540760208932,-0.6081268466417328,-0.607453701688818,-0.21219172166925435,-0.6076890151279496,-0.6126549657049097,,0.28458766636077476,,-0.6144788530823966,,0.29149999969517854,0.40828270406889167,0.20011790076841252,0.3382501155218208,-0.6117210395858016,0.24042450869067813,-0.6193526908203695,,,0.3225609154605054,-0.6089048653731864,0.5310532582179305,-0.6036640094056541,-0.2592153677032432,,,0.23063387581511188,-0.6193513291206377,,-0.04968236551406847,-0.6193255784691856,-0.6193179235728979,0.5939814901096804,,0.15574187960717661,,-0.6193636239371726,,,0.3072815119980529,0.39541208110562515,-0.6129430139827513,0.04711172916591278,0.6752198904221303,-0.6079643174803835,0.12540332914769634,0.10469476302379788,-0.13452361225495219,,-0.6109008855795109,,-0.6193895377167695,0.8366436568504982,,,-0.6493120682425614,5.511154059466411,,,,-0.09836366178277942,0.3080459068027332,,0.5992656486749178,,,-0.603162705300907,-0.06117507949443725,,0.04618599456745947,0.3890097904765299
2005-06-30,0.137687852835145,-0.6101653371371518,-0.6123590687161913,-0.60998104250717,-0.21238423122503675,-0.6115261583258758,-0.6155960807993183,,0.31478206734597586,,-0.6169603252747188,,0.33911699772889364,0.15497879113580035,0.2376034215238074,0.4196006453596952,-0.6148507780995675,0.18718499449938997,-0.616233668867266,,,0.3489252695615224,-0.6130374502152066,0.6881742234945851,-0.6064723883990353,-0.19335685191637864,-0.07739745952243797,,0.24886099806870857,-0.606794401980151,,-0.07175497086951438,-0.6106750266392739,-0.6200497115563662,0.6399253912482061,,0.1216011978944011,,-0.6131854715483387,-0.07594870109360108,,0.31941802348324183,0.3081140618131969,-0.6171403953942941,0.21255304777393622,0.6531383206916448,-0.6125174442615041,0.10978651032599311,0.14791394224426951,-0.09895948967256961,,-0.6143350900422372,,-0.6127986349453513,1.0167050291121615,,,-0.6383887170272529,5.528220845575264,,,,-0.018777645307930576,0.19646541937783987,,0.5156521825860035,,-0.07442828999821911,-0.607684036397136,-0.07530509323611291,,0.01453046124731679,0.318124266048209
2005-07-31,0.20835231498488357,-0.6097174127494003,-0.609981593668745,-0.6076014269514473,-0.2185385928225247,-0.6093344862419734,-0.6130376490868772,,0.25600667287530016,,-0.6130166755219213,,0.29005893257282644,0.18063902359443051,0.1712318489229499,0.35195385124455053,-0.6123744848631915,0.21655423847018782,-0.6130487299836942,,,0.27488752971164676,-0.6097686434056188,0.7275127228140569,-0.60161646534114,-0.18266842750838508,-0.11666932988168587,,0.25673931992915167,-0.604223115860151,,-0.1130732677845254,-0.6087830999121735,-0.6166189563769658,0.6192836613229046,,0.1457355989591119,,-0.6109699261397458,-0.11497559768522678,,0.23031910658985721,0.19735634191674473,-0.6146614961669356,0.4160118224099066,0.6231160934399322,-0.6105941930678379,0.07074566716522049,0.20399476423951562,-0.13278016385762656,,-0.6113255641401092,,-0.6095988261137616,1.3885996926939204,,,-0.6374568424474071,5.370715504099131,,,,-0.04453574785598492,0.14352741443132522,,0.7577022785626848,,-0.11433562446056725,-0.6063943486277336,-0.11546835801367768,,-0.0016907585214134626,0.337103378172145
2005-08-31,0.40247429015095426,-0.6490937713589401,-0.6497687703855858,-0.649225456219709,-0.22641877343732017,-0.6500062602719007,-0.654924464213082,,0.22496915276999194,,-0.6531765485786731,,0.25694542450617724,0.1655750081989045,0.19719233039406203,0.36625620072420945,-0.6526187553765018,0.4192684355339989,-0.6526603629044305,,,0.3308984593902098,-0.6519796197879334,0.7742017353650938,-0.6426910553364787,-0.15316970127391125,-0.08525153926758063,,0.3086174568298604,-0.6454721737833038,,-0.08078899536999751,-0.6488702365072133,-0.6536759941142811,0.7437311594062548,,0.194233945317477,,-0.6517456571264117,-0.08388058219300305,,0.2638279392463498,0.24760001209496682,-0.6553399113612992,0.4859339443257968,0.5252487149960364,-0.6504903607032911,0.09542670425502621,0.27438394034496355,-0.11394226721621066,,-0.6519354231690794,,-0.650443913344313,1.1914739493703346,,,-0.6814251285280601,5.062827721251007,,,,-0.025439098437787445,0.1963952892997491,,0.8683338006555288,,-0.08307304364864859,-0.6462861118791629,-0.0849219791551817,,0.0062638322172781,0.39875513006828267
2005-09-30,0.3463848597093193,-0.6693658299186873,-0.6690960621287875,-0.6676049298970027,-0.2594556246088511,-0.6679242885656703,-0.6854147848634559,,0.23503561722548885,,-0.6728815790571278,,0.2865860321585597,0.2189813095741438,0.15168579219378767,0.4741131067970333,-0.6734430934350498,0.4795301560505563,-0.674269756315715,,,0.33022791843799293,-0.673423425925187,0.7228298879859739,-0.6611174560144382,0.14120929353346848,-0.09780316693346636,,0.26093892284660525,-0.6654542396404326,,-0.09449842390960955,-0.6673100788465199,-0.6748101483399153,0.7629558500630277,,0.18350766595577123,,-0.6706370886586225,-0.09672893077623018,,0.468569139154217,0.2396641977429221,-0.6767761223622558,0.5011004671844194,0.4259595448543818,-0.671086586682445,0.08004959865183219,0.2880097808630758,-0.04522569390394463,,-0.6716855627348828,,-0.6714030422987562,1.0140827965332808,,,-0.7103091248711518,4.803948931300836,,,,0.07831990019755007,0.27343852916809674,,1.173559918597297,,-0.09527682245436027,-0.6643437502368807,-0.09647861975664869,,-0.02816660675022145,0.36551114093110043
2005-10-31,0.5885370413022094,-0.6968905581880651,-0.6961201842307733,-0.6963928292191802,-0.2547794640421129,-0.6945949355142335,-0.13089523536536118,,0.26281957576881715,,-0.7011681062355346,,0.26554506886833124,0.17947768656281216,0.1837946451631636,0.33096172464700635,-0.6984911627533561,0.5167213188371016,-0.7032811940805754,,,0.2810437547472642,-0.7011451644281772,1.1441564015952213,-0.6922524256097976,0.4074287350092307,-0.0876922357513033,,0.18422622816512413,-0.6918008043159412,,-0.08626391326880747,-0.6972458925569162,-0.7019948699983746,0.7697204109502178,,0.16141598958810655,,-0.6982505801604738,-0.0871227162418817,,0.37055295864645044,0.3418580102460099,-0.7054887566860926,0.5030911331529071,0.3305568578636117,-0.6982128391935503,0.11746799396101888,0.2387361647610484,-0.04945111800547963,,-0.6996314547977184,,-0.700454143520739,0.7491769870675057,,,-0.7372012323904786,4.67505521031607,,,,0.07874082137145898,0.1742718546008741,,1.103821817562492,,-0.08686889186550589,-0.6926462786779128,-0.08914048295492048,,-0.03779391750300892,0.28056119527114537
2005-11-30,0.4466820881510137,-0.6930701087564468,-0.6905468729309855,-0.6917545709042775,-0.23797360568962153,-0.689858563345178,-0.14484791139124703,,0.22505678641318394,,-0.6947317378603478,,0.5716593450019438,0.1834288957066631,0.1344677020612639,0.3306914961190573,-0.6918411758695369,0.45500626983783715,-0.6965839665072132,,,0.3154205699566678,-0.6969637237043643,0.8928775141817004,-0.6884565134459908,0.3623579269352098,-0.14554364142928677,,0.2513752117393379,-0.6870994623777104,,-0.1484674775507686,-0.6923366711793109,-0.6948085384142777,0.726019821075574,,0.13412129119608915,,-0.6911905043773562,-0.14870898680570613,,0.3727595906415217,0.22370435253120166,-0.6980354133283261,0.42277556519605164,0.2583053709784653,-0.6939070170440823,0.0872648864433598,0.35241123372656974,-0.012742571115222666,,-0.6914306733260289,,-0.6943140587602592,0.9005337136852235,,,-0.7344618729432034,4.715694094802869,,,,0.11531886357001118,0.5990809874037051,,1.2318775564250033,,-0.14706262129470238,-0.691346539382624,-0.14951122850034515,,-0.08434787881907416,0.2880781615265851
2005-12-31,0.5865769305968279,-0.7015468310047419,-0.7004280340342399,-0.6990814318161903,-0.23840586018266455,-0.6979643446776055,-0.16771115817345905,,0.246976714656041,,-0.7004524914291376,,0.9646505683555568,0.3191521853298396,0.14604936815840303,0.598372944283266,-0.6980644942112779,0.47759383884263823,-0.7036981138417927,,,0.26872063807994306,-0.703938381053982,0.8082037441132056,-0.696764366406058,0.37667237134195003,-0.1738432724414179,,0.25487098982304873,-0.6992606046196167,,-0.17602569500859577,-0.700225110406747,-0.7025806078064442,0.7064044560543403,,0.17441576686838395,,-0.7002698140384959,-0.1746557075599859,,0.3726955464527286,0.15863524684878266,-0.7065022001017843,0.43380977373826224,0.3570043426908819,-0.7032739700718266,0.0401470166256051,0.4306936853276308,-0.031636224168770974,,-0.701295460379705,,-0.7025849376297277,0.7356827079910909,,,-0.7416148192926464,4.462941164185633,,,,0.060483807117573764,0.5936323482012124,,1.1005199366774407,,-0.17434175096782725,-0.6977027480409795,-0.1769789084109548,,-0.09783746022574813,0.32540825174803684
2006-01-31,1.5806716822529188,-0.5610751568490895,-0.5197186192514417,-0.31624709089849634,-0.8205310160927126,-0.14838973984461656,-0.7582599067618889,,-0.08447708555490645,,-0.7644802749324262,,1.7820122606658437,0.23612759937867844,0.183422001541474,1.509581056059262,-0.5675948084633988,0.33108441783799836,-1.1142783216039391,,,-0.1929940741110166,-1.0257283355089322,0.625793080061558,-0.181573138019121,2.1245685303137405,0.21016811318771528,,0.25991260159902646,-0.13122612072257123,,-0.34653180080905827,-0.6114257254144072,-0.8975239463381381,1.0968250938255613,,-0.2870056270587981,,-0.617180912626957,-0.0028520139960187423,,0.45206428368139845,-0.3347214111399179,-1.0906520809401166,1.3805097841215568,-0.3210781307839929,-0.7556697848628094,-0.4312122432545765,0.47281034566238195,-0.5489724535263187,,-0.4522562393724954,,-0.8477475362477386,0.9767458924934387,,,-0.963203411939581,0.8029545839875725,,,,0.30407800430371534,0.7110273440770117,,2.09086383127362,,-0.011976293988236365,-0.3823215621472111,-0.40166748722536627,,-0.5344635271010096,0.2169423670979173
2006-02-28,1.3126263088340275,-0.633035998812845,-0.32365440378892013,-0.3818721152390752,-0.8722514848861272,-0.1557944089718056,-0.8307437915802582,,-0.0739729240738921,,-0.6432041042985415,,1.511503935904803,0.19206998914925277,0.13675255549941617,0.92656504580136,-0.5314673943016628,0.5474956627412666,-0.8315067798385128,,,-0.2453369903360608,-1.030833467698386,1.0176022798047528,-0.4539148783300019,2.397596713323424,0.4657098404900733,,0.7569841657679375,-0.26459913957006725,,-0.4828595959398824,-0.7871892361514009,-0.9443181629467119,0.6877118158123513,,-0.0720195844071926,,-0.647458908329334,0.016036102040942468,,0.461010731434338,-0.5060480762176163,-1.1071467766954317,1.4823132571467537,-0.19905709057275062,-0.5978487153505171,-0.6254376479894816,1.2736169168496723,-0.7404603062850423,,-0.43082780238986473,,-0.7711613441682429,0.7375124534549476,,,-0.9515751686583124,0.6611132546454158,,,,0.37249970585241254,1.0531528166126412,,1.5871588817951265,,0.30692135502055434,-0.6513983861830777,-0.4227740628805689,,-0.500595908035928,0.17378890226324675
2006-03-31,1.1079606618643134,-0.668537139108417,-0.3684555437198096,-0.5710938403907552,-0.8862000901721374,0.22151378062684587,-0.8474123818571916,,-0.14942599641437337,,-0.6395217086592726,,1.0499083486259415,-0.07370403210194368,0.0571475729004153,0.6586187887058268,-0.6236603691567995,0.19389781929562014,-0.8945289828697058,,,-0.052834434079787926,-1.1492740419695264,0.9217003309307076,-0.4441792442377965,1.8322746341341667,0.4912893383056896,,0.5188293666801745,-0.7850097757634206,,-0.40035883670838324,-0.8991855894329551,-1.0071169434798546,0.4819985165748489,,-0.06584523772056892,,-0.6625416467562761,0.2679253060434773,,0.415243634526746,-0.20673287534852314,-0.9546115372008459,1.0667629428102858,0.26381595175599454,-0.6110067777579575,1.9732001867026852,1.0491217057125424,-0.6711592137352225,,-0.3805631042991282,,-0.6483066016734274,1.0474121828435838,,,-1.1216022076684877,0.31913729423633863,,,,0.5330933200581001,2.0919939148485978,,0.8465888384842944,,0.43296167776843897,-0.8852799278395314,-0.30312357274915935,,-0.631427544545487,0.04215029751725703
2006-04-30,0.9960531893932258,-0.8732453151914232,-0.7026703848116236,-0.2488038326515463,-0.9464264885196285,0.019264351863283857,-0.8399030577625768,,-0.1891763450319045,,-0.5587017269829169,,2.1424186872563187,0.29948020695151834,0.10191951462335658,0.619940745171727,-0.6120106289002081,0.26007510001206724,-1.0152517592287469,,,-0.10858471601810124,-1.1366930501455852,1.3365248897661912,-0.28428482648673564,1.4822503799744116,0.8491001611152081,,0.5329174427744815,-0.8293201954719102,,-0.5148954525242839,-0.9621640279664765,-0.9615111888254293,0.5147317947781409,,-0.1259416943111291,,-0.7018512670834467,0.27046961190958063,,0.4381341704691354,0.24760592879737842,-0.9376730202584475,0.7486751956659387,0.11311811667733473,-0.7536491381479277,1.1137436449566933,1.1823464527366945,-0.6907723027741621,,-0.47087408729539015,,-0.7225067084686867,1.4010173622694106,,,-1.1863655684614516,0.2932582374154792,,,,0.6896050639422319,1.5956204420670033,,0.7581075786074771,,0.48833544416174257,-0.8001769188169026,-0.26575142162120424,,-0.781911368722817,0.12386786579425765
2006-05-31,1.2073907757229818,-0.7154903428396152,-0.6447209359581827,-0.41777648632788816,-0.8906748777347663,-0.2257377762456533,-0.5404502835212599,,-0.13394914093158627,,-0.38828799122842106,,1.482028872418657,-0.5483452672593198,0.15754038745467894,0.43623692987310253,-0.6422614345834938,-0.06685909718614036,-1.014801025343288,,,-0.22314060545335865,-0.9026404164235627,-0.06619007074774359,-0.5646152266799693,2.4745936059944533,0.3070274034518804,,0.46761427160829844,-1.0421578449846358,,-0.8003734428245585,-0.9035561522829764,-0.5733068570402785,0.6740786291677624,,0.3202751303771065,,-0.6035168808731683,0.11684256416491932,,0.08571708381279786,0.9462377998851389,-0.9904482595382508,0.3683384095044232,-0.023049024836578814,-0.9010383811595837,1.6065904217290623,1.37588557767404,-0.5756780676950747,,-0.6512793727885811,,-0.7965368361478107,1.7903193504906973,,,-1.1027864445038715,0.1760137157681976,,,,0.9944469616637884,1.5941378433531306,,0.9887361756976452,,0.9597242712941977,-0.6033188322674611,-0.39226264301113634,,-0.6622425111298963,0.14636185151529651
2006-06-30,0.9764960493841394,-0.6490915458729255,-0.5215874921177737,-0.7791646496539308,-0.9285104689754256,-0.35554948538577724,-0.5584980131189808,,-0.15086302733709622,,-0.5500367150857858,,1.3602352936993822,-0.3229033291639172,0.2726615018010794,0.17805630187208346,-0.8109199580015197,-0.05036729264713717,-0.998067872139791,,,-0.31475928743847226,-0.8899877810175904,-0.376097114339895,-0.9171823317827646,2.343317138379126,0.43504549118039165,,1.1305431562790202,-1.1125386786972036,,-0.5235332256317534,-0.6199755545821998,-0.6425854547691867,0.48029289394821845,,0.3424731976795676,,-0.933273622629506,-0.10870864438702497,,0.19650218747702822,1.3687836774427609,-1.0214232135594032,0.24334257189698713,0.16490090221559023,-0.804444638838126,1.4430971328098625,1.3243073295086574,-0.47225044281462253,,-0.6969751858055578,,-0.85434396948587,0.88686605664543,,,-0.6919190906744763,0.2343859129860002,,,,1.1704907529848778,2.2330839941906224,,0.7763141328380957,,0.9895285381338571,-0.4987844520725111,-0.3579435457894149,,-0.6515572676851206,0.3973761032823131
2006-07-31,1.147880271174541,-0.5492411685254038,-0.6722649945736279,-0.5981754153242287,-0.8414223661617226,-0.1462807357502446,-0.6195566209228084,,-0.13167930942624542,,-0.7362626803127962,,1.4626674214508606,-0.2739520442983894,0.2908771460217453,0.5499859169644534,-0.8165610643590092,-0.03999988475722912,-1.0793968218269172,0.485032243728908,,-0.10817739883240181,-0.9834060229685616,-0.4962597696079521,-0.8623044788098255,1.918130268151468,0.4388443177524845,,1.2059773846348547,-1.0822614693473898,,-0.23118543595168867,-0.7149124278771252,-0.7425682581337754,0.6037825886771437,,0.13716768340928157,,-0.8727275946637484,-0.21897619862809908,,0.47485737476486556,1.0670170835178137,-0.9489268491452431,-0.08209392596621548,0.08262264644952136,-0.7648619361966764,1.0899331293853691,1.707892928608828,-0.3263759817577652,,-0.641412979111205,,-0.9148811015525972,0.4063152209077081,,,-0.8420131992287394,0.04609731512720285,,,,1.2834432569752363,2.1424495007194033,,0.6055645535539773,,0.944307341666743,-0.3849457002608828,-0.26337369916140313,,-0.5338210616318984,0.2849855610259686
2006-08-31,1.5245175037222392,-0.7082545211751982,-0.6810246871986387,-0.6100062779399846,-0.8850479964882565,-0.28915789981539153,-0.16065210300134472,,-0.15187467742220587,,-0.6746552385931857,,1.7824836527499026,-0.13890236556186136,0.278288509514338,0.35238537692518546,-0.9194226063945276,-0.3161624842127628,-1.1541118450245775,0.45157952021489817,,-0.03711202285634434,-0.8836696041672064,-0.48469418613314763,-0.8589495137241027,2.228497308464734,0.4443739561324766,,1.0622904040292434,-1.0188023139008906,,-0.35530162014088285,-0.9533599637940718,-0.7587580948540761,0.4197632457805616,,0.40520353665441644,,-0.92437867073979,-0.02966881078965358,,0.3889210499338082,0.9596242636588485,-1.0286519884735783,0.03368755789565676,0.12745213059798283,-0.7378457984925529,1.0156423306383582,1.7187178301192185,-0.4160344948749481,,-0.5113850548389698,,-0.9826186966559641,0.20332747761801712,,,-0.8498089578956524,-0.03720621270372268,,,,1.1437230961919225,1.9552176080046393,,0.7598300173071969,,0.9682250442577385,-0.6109484587257029,-0.2567416292573995,,-0.5165702160583469,0.5931928905579045
2006-09-30,1.5446470633815856,-0.8102776576970234,-0.7989139902017939,-0.8061431709923634,-0.570605629871006,-0.42092265520891364,-0.1303769375167686,,-0.0801824216331177,,-0.854541683197938,,2.0857014364845687,-0.23212817350303175,0.37775310130595074,0.1919256142083714,-0.9243981534616806,-0.40005500949281086,-1.0290509123718603,0.5555367037451291,,0.049348631963582905,-0.8691908877498394,-0.39651640538357863,-0.961265937435589,1.9189187745631249,0.8284384097009055,,1.0919544881745284,-0.729360482304644,,-0.3621767583228196,-1.1140273255148974,-0.6700254156905144,0.5756159713701178,,0.2576224352402942,,-0.8984055132315167,0.018258276219000127,,0.20974656206054468,1.1322877302568506,-1.104578142110059,-0.10486077055103754,0.15221497642659246,-0.5575277065795317,0.8781861624833224,1.8257871616641383,-0.5386598368755386,,-0.7090284285633067,,-0.7643200221451736,0.38476434924163283,,,-0.6910818514421083,0.300635175275641,,,,1.023888184305885,1.4378236541025324,,0.6874361245455116,,1.2003887120459737,-0.8537340707625977,-0.326056705278722,,-0.6051749483576794,0.445280467933681
2006-10-31,1.0683328666749987,-0.8020117103738951,-0.7777053634301192,-0.707131849936633,-0.6821387642129698,-0.3808940022088473,0.1610956268313651,,-0.2462813345559786,,-0.9431817765375614,,1.9992374416160177,-0.19370407930019945,0.11864545543894896,0.2978445377244185,-1.083859108233002,-0.5156622509416582,-0.9525810926477825,0.7349203259249899,,0.2604366733591111,-0.7821764813139174,-0.49178579201990863,-0.8661469515041714,1.2751948025207078,0.22921720394133868,,1.160958783156726,-0.8241525964227394,,-0.40518751010428394,-0.8457093408137343,-0.7651379994741745,0.7039114835582756,,0.2091927734947889,,-0.9258984670507218,-0.17087011198561058,,0.30794761228117173,1.28153332150064,-0.9143561254738948,-0.09518470081494745,0.17318838341552423,-0.6373235407139727,0.8261297684216967,1.9232772943796623,-0.5456609079406419,,-0.5180510746142097,,-0.5578150268156953,0.597738270174399,,,-0.7513364141567483,0.26301285263190005,,,,1.285991115113955,1.9198716273379528,,0.7970724420641848,,1.133924122692593,-0.9090987096873552,-0.3726780174029304,,-0.6156923439850694,0.4865034030005125
2006-11-30,1.1951109610742594,-0.5782072548961714,-0.8477132361095883,-0.7423311813759148,-0.6562248133915949,-0.52090990811232,0.1951902437300959,,-0.31880442479997606,,-0.8848555006021607,,1.5307586839137834,-0.31417765053778446,-0.06087602622485456,0.3242519359723554,-1.12926086774816,-0.4590328763292552,-0.8733533179055356,1.2282687532648835,,0.12447303276781191,-0.6110156623147545,-0.31597103459601106,-0.838558144624241,1.0979448091235726,-0.012360536078528493,,0.6350315570039838,-0.7711096256646631,,-0.032032573634835124,-0.7927831576326267,-0.6433379071000023,0.5350934464596926,,0.4019863470263374,,-1.0376073129941235,-0.09225837373741226,,0.289390191901984,2.022230850698557,-1.0872056361356313,0.0354912787879095,0.20178973396824695,-0.6489454302681879,0.856267867364384,2.46077442635243,-0.5602523188485257,,-0.762598954559984,,-0.6092400281474115,0.43726467718547335,,,-0.912219319927859,0.14190328137665853,,,,1.4499986731060297,1.7057698188095858,,0.4506142431098293,,0.9149650745752661,-0.71483311481721,-0.2944891105710791,-0.03477489314644916,-0.5066034921410711,0.3661893366642928
2006-12-31,0.8164962907435442,-0.5549243394782766,-0.7663111520363389,-0.6562846683222889,-0.5348049394467684,-0.6518095511061023,0.2973868764658939,,-0.339429952221068,,-0.9714166165660424,,1.001348236524009,-0.3965071380402388,0.014317907501998035,0.06061063546922739,-1.1346089066466338,-0.40634507083931626,-0.8999574107568068,1.4882160037976395,,0.38506175556775374,-0.6107956917747465,0.07427547451471736,-0.7790171594690001,0.8538785217306901,-0.1448240264328899,,0.2859384691152897,-0.4841824321795436,,0.14842868883085106,-0.7025188890443308,-0.6570420233990968,0.4382601432633167,,0.3558304656137484,,-1.0631501451096323,-0.20875602158768597,,0.37289677295059764,2.6166788473220746,-0.9026638084578801,0.07493904218336464,0.1654477569450482,-0.3163949289089933,0.9525264081188362,1.9355091092162886,-0.5203434141387308,,-0.6392941694234582,,-0.683116590678455,0.26521474041576054,,,-0.7774033345426389,0.1998651036340704,,,,1.483679412351881,1.6144342823373932,,0.3078857392461344,,0.686637600111498,-0.6997419615831758,-0.23620643354888993,-0.03832804091385805,-0.47030962791458547,0.26504475824449664
2007-01-31,0.33348545981013333,-0.5971406967890082,-0.712020489734934,-0.6440001006509694,-0.521369610956843,-0.7298765311144783,0.4011878964022854,,-0.3437421174363359,,-0.6519189258532331,,0.6314849141726436,-0.5042964369105558,-0.07872785117353735,0.269145079764317,-1.007077670160364,-0.471614173339509,-0.7935453647550245,1.3626321161429196,,0.37401354360472827,-0.6963279491769342,0.028771803809873202,-0.8518699836334179,1.0465996681683702,-0.1254566403976511,,0.22311412345628995,-0.6233712447303343,,0.3962376852928091,-0.44798466704738965,-0.4270042209275698,0.4975460435570215,,0.5477401654256094,,-0.9417325274309793,-0.4585351039450618,,0.2711199707776336,2.500120106668833,-0.9156482121970454,-0.2290171954592059,0.7333727723544483,-0.36093951059055995,1.1822259417147374,1.5093522252179776,-0.46958002280949646,,-0.8359683610394577,,-0.6101747679218797,0.059034904315673015,,,-0.6975412317668692,0.6149852985809249,,,,1.1339009064190992,1.849962583338298,,0.43097725074421805,,0.513866995298701,-0.6970680963518674,-0.1956910852149493,-0.09277548530225908,-0.5477684096011828,0.3118858734718327
2007-02-28,0.10110296001994927,-0.5780456721886729,-0.76277588820055,-0.764715202653883,-0.4563553008516762,-0.7715111826687113,0.36590969237436444,,-0.40487628314245977,,-0.8461300534752901,,0.9087338805026658,-0.4394728964050969,0.11428524501721463,0.27207057498845955,-1.1123837521650313,-0.3747659199717188,-1.1220934289297628,1.4204736688279307,,0.46931092723534645,-0.7926100916751373,-0.12012115541766828,-0.7005127811268824,1.152971713225457,-0.22324483236193954,,-0.07254807523835406,-0.454936945458104,,0.5280383523544657,-0.0941815349326604,-0.5114523468801623,0.5755331738257006,,0.3822240727943167,,-0.9973385332779517,-0.4436330710157889,,0.23970872260768314,2.1142901239832748,-0.9145537446474475,-0.18741012327764595,0.8880573553647401,-0.5549046553157126,1.3353954622002653,0.8858636706103769,-0.014784333312308735,,-0.8366807993328246,,-0.7290794438477657,0.6439346546752278,,,-0.8388854240992197,0.6902096055722912,,,,1.0870879915887488,1.5467750954197885,,0.2899217164547709,,0.3379084298047667,-0.32579925236394497,-0.008594641120943332,-0.09247924026527594,-0.5736694044718944,0.6143987315878324
2007-03-31,0.13354994133796086,-0.621360504933034,-0.6740515553069475,-0.701127204811612,-0.29930820690704046,-0.6259937477324736,0.832363614929548,,-0.4498749263967732,,-0.7792861409928227,,1.5360424451322165,-0.20941923356278447,0.02808645150612688,-0.06488329847005941,-1.0927427563186165,-0.13121430488017607,-1.037411786609629,1.3135365407836248,,0.2884693687973493,-0.8758049747150716,-0.0894577474261563,-0.6576544164449524,0.9621928462194628,-0.35368964309312456,,-0.0896633698847297,-0.22678215101552118,,0.6280511119912844,0.24803389373397997,-0.5395112949709026,1.1252458614214282,,0.2911196403543459,,-0.9643975129678982,-0.5675273220775503,,0.3446625539688991,1.7949968201716546,-0.8751186175058452,-0.1978244343332012,0.7565077317112858,-0.6347577616934612,0.026396345253146034,1.4700010004941801,0.31727501275193676,,-0.8717973180710724,,-0.8328393823754083,0.42040788478703883,,,-0.8315280978858792,0.5249410785585895,,,,0.9822381736098091,1.2783880320374759,,0.278240130896961,,0.07712471420006795,-0.15513116310305236,-0.07641767938673319,-0.0486226226497996,-0.6440391490171935,0.45221447239787
2007-04-30,0.28448469036615404,-0.5578896738060393,-0.48078633989245384,-0.8360431832591902,0.11723163503975081,-0.6441230016363514,0.7026400910504147,,-0.5350264693816963,,-0.9491529423158924,,0.7596704839172602,-0.37805552824148037,0.1827436332832437,-0.16218809478895588,-0.932323400203016,0.0882457603882799,-1.0123113529452765,0.9814897479960041,,0.14732417561959646,-0.8629238236599224,-0.42052498003344585,-0.9104042927376835,0.6228249431055138,-0.533339592305878,,0.13793102541659893,-0.39558069333409934,,0.7052567665111922,0.6793259008985445,-0.6447695604567005,1.1803884431137641,,0.39440943855765076,,-1.0139660048063175,-0.6857540735960892,,0.21947302529122972,1.153958014563049,-0.7984291756118082,-0.3036151947912855,1.0210318202094584,-0.8383289043904747,0.3000364425092394,1.6005454629361955,0.6049506024923282,,-0.7120874929275066,-0.1512047007637206,-0.8527689636203645,0.5982935123689732,,,-0.5853310425411994,0.9551959017155593,,,,1.538564915805098,1.2522244195032795,,0.2579209882223278,,0.05551475078594021,-0.570370598251487,0.2616653509868439,-0.0025430988242034036,-0.5473576762932781,0.4377202978316302
2007-05-31,0.12941379188257912,-0.545726341815241,-0.7050362793754555,-0.8841209443696346,0.40549581297858067,-0.5492943631513814,0.35062629186787275,,-0.6858711486777387,,-0.806491578615076,,0.6495907023857039,0.06075570394284051,0.25812948982708755,0.0795729030647509,-0.7989502209112723,0.24178437709148531,-0.8363550591429065,0.47148032058868905,,0.1230033435888333,-1.0292430414933103,-0.04489073228022865,-0.9012446191657902,-0.04103708639629032,-0.43145884845371624,,0.22816021274160164,-0.12722784054968192,,0.48315076974606846,0.521939095707235,-0.8806514401575877,1.1206744265599966,,1.641754815207338,,-1.0915622157120586,-0.5861252511319113,,0.20202419947103728,0.6614832468963322,-0.7846563692190777,-0.219467181261088,1.3722450133036441,-0.46410707051707106,0.08562234405337298,2.3910138011354958,0.8812732020567894,,-0.6847138283356806,-0.41833586801090145,-0.7837514114917871,0.8810165957850594,,,-0.5579452611893887,0.8270970361127359,,,,1.240827426115591,1.3797078531068563,,-0.4947200662730727,,-0.217872344742292,-0.6782299451217692,0.1297828950227488,-0.16015112475416787,-0.6886651861238389,0.2300232996722295
2007-06-30,0.31645336437986904,-0.7918173091323227,-0.9021370417579905,-0.6374945831386303,1.1924735942373936,-0.3936104288809988,0.4623674477348412,,-0.6864566035679617,,-0.7160886955874346,,0.5516475805192913,-0.6912157882467196,0.10651387507065474,-0.009460442562889415,-0.5206387336931086,0.40747706260663846,-0.764329650055689,0.6146180460670421,,0.09673068656386859,-1.0588015653178666,0.19145996244563449,-0.520915411012592,0.04114671624233338,-0.3026433829985177,,-0.2749756568239917,-0.06754676950233844,,0.04236954776887538,-0.20842865375465522,-0.809293941759639,1.260073438940742,,2.202883750733037,,-1.0245530745003377,-0.206071458825478,,-0.6108871433984963,0.3709091281389716,-1.073470140154123,-0.27823968353835216,1.0346183925886885,-0.27257701022330416,0.13575250330782457,2.4125865465234733,0.7812635755634723,,-0.5825769485406357,-0.0236402371188299,-0.836309460357188,1.1594069155133162,,,-1.0807980211311627,1.0311827710915167,,,,0.9682432979923901,1.4477576660778866,,-0.4504472534435567,,0.18474645511816767,-0.8933379506723281,0.4425257031571903,-0.2698260062916853,-0.7934525797253178,0.07933564088058807
2007-07-31,0.10141207059762637,-0.902918229802444,-0.6059774469358725,-0.7488902074721611,1.3425762192832458,-0.42622948841121516,0.2970200574389889,,-0.6799064120243775,,-0.6704785535378663,,0.6485351546586342,-0.5839537896541135,-0.08176252326089116,-0.11670380193076037,-0.5120902961991997,0.5829404991900332,-0.5276419560273277,0.4051615819526111,,-0.17955552392375254,-0.9438584235457582,0.47433169223558574,-0.773482301396086,0.21563684903319555,-0.31996701102594494,,-0.31985441070563575,-0.5766848508364095,,-0.06894638873971999,0.015567180619621781,-0.7796807245374214,1.5086966995809354,,2.0618694403331146,,-1.0707034587182696,-0.3442307153326656,,-0.7049478450571004,0.3777564029402014,-1.0656466061233698,0.03479192862429961,1.62314565697193,-0.4632680165196939,0.3268515444613028,1.709435029690742,0.8076002096385736,,-0.3280927523759994,-0.47985554212341824,-0.9185838080618668,1.773819436811515,,,-0.9815241935825284,0.96447672113,,,,0.6787610520307328,2.077059211351364,,-0.47661036340368346,,0.01545381948342793,-0.9735952333815336,-0.024089527310231534,-0.13483162910495,-0.8949796041390929,0.6386831530250422
2007-08-31,0.18326955835188707,-0.8495396868820404,-0.7459978497842371,-0.693489220803289,1.599813724331099,-0.4140304067236822,-0.2850568123872976,,-0.5658077881507442,,-0.7114291251493053,,0.5429707354494143,-0.5204355801352291,-0.23565093550551194,-0.09105821205444128,-0.691354289771479,0.6238772863984846,-0.13495001399495507,0.4370714650382443,,-0.1208422915075348,-0.8407080979193724,0.43683364398957253,-0.847019943291614,0.10060561632483458,-0.1823616351168441,,-0.3104105231849522,-0.705148606740315,,-0.2991749062158747,0.3367858510716634,-0.7388871915681466,1.3746706631455008,,1.8917839894045947,,-1.0435616146372444,-0.35419254119990995,,-0.6082133076207026,0.10968166346815673,-0.959367793242173,-0.007564468095275303,1.6254096445675716,-0.5481001444154421,0.13995879669344602,1.188119949990134,0.832917343173954,,-0.5401989434037732,-0.21941428817912378,-0.7937905190208192,2.4814265004546536,,,-0.8703258609051081,0.9008156156833727,,,,0.6967102326591815,2.0478503880913284,,-0.545901990349378,,0.04324030514102694,-0.8501325181137034,0.07743965186583028,-0.1584791528210454,-0.8155458181730035,0.43760162204000436
2007-09-30,0.025086179084634144,-0.7459508842319069,-0.6003538748654279,-0.7451320750067291,1.1720879002600615,-0.5764375275670227,-0.3145031573258332,,-0.5535834378114735,,-0.6640798989637482,,0.5889048126023646,-0.49665500649846867,-0.13668507171433184,0.13996004671866824,-0.6170362182535826,0.699189704582294,0.07614541430630514,0.332110282935998,,-0.23248530332345865,-0.8093503347760403,0.04415770883277893,-0.8158986709947782,-0.24524961267852935,-0.2337431478325059,,-0.2537731201435176,-0.9464803051371175,,-0.15075371141138083,0.544793139324496,-0.7735335453621663,1.4312880701421253,,1.8629652486494666,,-1.0684216127589263,-0.28792046984292813,,-0.602027760094527,0.13542799209775516,-0.8219007237159784,-0.033137779049982725,2.1904991646012673,-0.714800654728207,0.44478644719955557,1.1268513551355828,0.8317676199699926,,-0.4037702665990747,-0.14846694923509496,-0.8321273168345028,2.1730024472183085,,,-1.057121351359428,0.6953851065556207,,,,0.6204124735708778,1.9480832697401718,,-0.4873992110667665,,-0.07636975200480302,-0.6267658267486311,-0.05121813941452168,-0.10990885236538796,-0.6005456185948868,0.576201514385937
2007-10-31,-0.025244309708551564,-0.5931669205137815,-0.4539532455251464,-0.8124887601970543,1.5372150707050076,-0.5847634899241709,-0.40722121718398224,,-0.43360671634369147,,-0.6252016172331576,,0.4163526820990842,-0.539987009504841,-0.23457759965701327,0.1390934450981976,-0.5603663480783728,1.0917524521256219,0.4045404102681262,0.16001801053495845,,-0.2419334467678385,-0.8998616301844077,-0.04818992511141455,-0.7871468612105379,-0.29266496783862156,-0.11525416225968323,,-0.2631175575752996,-0.8923190021445752,,0.004140000467522228,0.14973853329902484,-0.6415690408781248,1.578676194865225,,2.1753931807590488,,-0.9644865597878158,-0.3854835786693934,,-0.6635449755318992,-0.08739826602440957,-0.8810611188931403,-0.1493883279305517,1.8222590502049443,-0.7607029898357089,0.8259361519074399,1.0346404969051413,0.6398850818590949,,-0.5213147193913636,-0.1801620971173383,-0.9244203338977861,1.9514032102697403,,,-0.9773137158873818,0.3343721965238289,,,,0.467090121316396,2.007942080979559,,-0.5642028551455327,,-0.08113243073237233,-0.5873924131792339,-0.03861180930157886,-0.08418463560440556,-0.5178985581532161,0.9045932310627183
2007-11-30,-0.02478728833593204,-0.7585883316300925,-0.6683577399343368,-0.9015050595550596,1.6284648403286806,-0.6340590305084156,-0.5039864673796041,,-0.1545223194944989,,-0.5465536531445072,,0.19833993245508272,-0.4979463850902147,-0.17553896988649426,0.040943329757656535,-0.6237128078846472,1.4184923087929686,0.2930184955825038,0.17489157632152727,,-0.18518618023671593,-1.0100621894123392,0.12771508233288728,-0.8360062444165844,-0.32877058627941685,-0.022613355900411018,,-0.24748312116707274,-0.8867071127936065,,0.0669384839777449,-0.08343621221529914,-0.7984494024583366,1.6979367933952876,,1.781005565214121,,-1.0145193838463984,-0.3417492390173568,,-0.6562978124062829,-0.20066588247275138,-0.7948834552988888,-0.06297610337562634,2.0523283434699437,-0.6079072135152942,1.2475516623426237,0.6713050927166565,0.7071829115644068,,-0.5816325651146098,-0.16623436275548825,-0.9500680652441363,1.7856203007152784,,,-0.8172183945246871,0.35800879916545625,,,,0.38796351753571373,1.6274392640412887,,-0.5143481841309335,,0.05286114049699995,-0.6295329428850982,0.05044456464748253,-0.008336731319830159,-0.5586435708979032,0.9817490511148103
2007-12-31,-0.16347547041031416,-0.7016139708596596,-0.6889263945202786,-1.0019706333211458,1.4649165824539476,-0.6688864600420108,-0.5027609392067097,,-0.21584926158771534,,-0.39831447692773153,,0.0850510309352756,-0.504417242562839,-0.20468424331248253,0.05276606035803155,-0.6645891705792459,1.8985234527495274,0.04417006808263862,0.1265796201001948,,-0.2067526706825203,-1.015885019817873,0.31346104307107703,-0.8943999347538858,-0.23555626196909216,0.21224592061145686,,-0.18524896493242926,-0.962320546635116,,-0.12039779916941774,-0.1334990653427207,-0.7994192335102238,1.7067653711720288,,2.036364182187026,,-0.9517763201760031,-0.2642121437000772,,-0.6674551981970711,-0.23530097746441941,-0.8171681699887476,-0.20323512276293068,1.9259305081621596,-0.7175431879463848,1.1991211222611766,0.8168879190520313,0.5245569658334037,,-0.6013306981230684,-0.12639216180831406,-0.8560498460050354,2.2342126190526246,,,-1.2048708733122022,0.4597024196886421,,,,0.4863594418989079,1.5624173837360498,,-0.451936651809409,,0.011651223605260273,-0.507861837747868,0.006671615884686869,0.034435545307571584,-0.6283881727820384,0.7948889773493526
2008-01-31,0.015125211344620257,-0.4964315610359197,-0.5266258874222756,-0.7844926042286924,1.6776808455656074,-0.609689563400065,-0.4903743771781935,,-0.23240374820741075,,-0.1815694420705957,,-0.00011319381693805246,-0.5189378041631232,-0.17622472872044306,-0.13865872215124592,-0.5192511098742854,3.027268548177254,0.2328388656577971,0.28406363151178626,,-0.0042523326055085575,-0.6608195740226811,0.34026503573073186,-0.6528423804355635,-0.4034715833742191,0.052007941442227,,-0.2818807371229374,-0.6829535742344862,,0.006387316119045623,-0.3452237655652257,-0.5043169207729844,0.8432477143392312,,2.7234191474596745,,-0.7041515556018046,0.021357093589067195,,-0.5120857053725577,-0.2259234314042957,-0.6947644588682389,-0.3760934283523991,0.9161476722585044,-0.49113678058014437,0.6261498481805636,0.950031157832544,0.34187068547319455,,-0.4746514851905767,-0.05209845514973404,-0.7410452982650708,1.3459048395298168,,,-2.5977803258341727,0.23385099092807562,,,,0.4231651807196312,1.2255870928799928,,-0.5010099824720479,,0.07786608596123497,-0.3054118605819592,-0.5212413498772854,0.037985747951839954,-0.5813848391183241,0.4282996512958053
2008-02-29,-0.0760735083539105,-0.5528494183529012,-0.049013825902890815,-0.30562410678632335,1.321345080864143,0.15058084144241632,-0.5692224807852581,,-0.29721363254662403,,0.520783420697637,,-0.2572804187920488,-0.5254489733561235,-0.3203634002575405,-0.23665416257952074,-0.589322174578872,3.229861374864535,0.03614693110233697,0.16027430343546453,,-0.22402345316179004,-0.7900123832472908,0.1889941951622806,-0.7985849232924782,-0.5309062111742623,-0.05879535232574217,,-0.4239206385452702,-0.8040849152868914,,-0.2474087889835067,-0.4986517939694464,-0.6291279175422182,0.48469051930277923,,3.487090058991047,,-0.8352112579398538,-0.06767506861312508,,-0.6937467092406868,-0.14292489759552646,-0.8536321895482367,-0.40029884037265906,0.8618092497433527,-0.6213174222539467,0.394133951926171,0.5308852021445737,0.05645563811891492,,-0.5692798382219585,-0.12130345317854353,-0.809537321081743,0.7465168020859361,,-0.2180157146286948,2.941367015571037,0.04239409137823227,,,,0.3164431394267181,1.3442055768628716,,-0.598730435169392,,-0.06226848496404968,-0.5326297356137961,-0.816214482254038,-0.12086019624564592,-0.6422570508221606,-0.06858080084025885
2008-03-31,-0.014370332212298284,-0.6640621896726698,-0.03563604367333228,-0.2022999552791171,0.8789269682137762,-0.06596730166584198,-0.5269462528257468,,-0.23340377476836802,,0.6287626509012398,,-0.27732849758285866,-0.6019953180748583,-0.43707349118293426,-0.18902999769691647,-0.5823205536671948,3.203852156030073,-0.328176568009389,0.2826937404953973,,-0.1955812702640352,-0.7605412397943171,0.11750960342355128,-0.10793945107183242,-0.4653972934977305,-0.012069443125991366,,-0.4463599670706019,-0.9447944646948367,,0.9943828781206167,-0.5430924636662502,-0.720984038909093,0.25371473409403394,,4.828433617416983,,-0.9806990600776687,0.06946430520102544,,-0.707331059826373,0.11306810808049492,-0.9819954355323908,-0.45288643688746977,0.6226615049232811,-0.6579647527731126,0.037666202915421464,0.2662318245292569,0.009234145443892365,,-0.7858688825083,-0.07872501732848335,-0.8584433468844375,0.2717866828587069,,-0.14286227422373002,1.654125172463553,0.0034717310389083666,,,,0.04429783833543372,1.0300848968110858,,-0.5716685743278962,,0.12107656818099631,0.4075432075638451,-0.9552727967193706,-0.04874506546199053,-0.696386917250879,0.026833647550858687
2008-04-30,-0.12980208469161417,0.0336802255855591,-0.09257758800362045,-0.35442834256582884,0.8673319136034687,0.40502896303341707,-0.6010542443617459,,-0.2707597382777553,,0.5442642971687154,,-0.26055640834312754,-0.7121062406444163,-0.5878425765335649,-0.16563588486564243,0.10019994098569507,3.267499514017511,-0.2609874275335982,0.08089000894660629,,-0.3171337825516284,-0.12825060741891153,0.03643415839867268,0.07024254252874118,-0.35512210615370327,-0.22809834310968982,,-0.5902500732317202,-1.1139775457855403,,0.8358348674392463,0.6990927601048132,-0.8912026879395891,0.15079109850183514,,5.225880758235646,,-1.1753273796028827,-0.08645433590559505,,-0.8301036621377991,-0.020950578365985024,-0.5594205391076871,-0.5650840428351662,0.6704857439607629,0.33849888655919425,-0.026897616095226486,0.17531254175034025,-0.1918137796294746,,-0.09728485855386793,-0.24514359302303296,-1.0236734969319576,0.17050978770787986,,-0.25558333776016445,0.4806008579997239,-0.12217578159599024,,,,-0.04437789535718545,0.8216217416948671,,-0.6327123742319947,,0.2188303653774308,0.4884307438579007,-1.2041589595422175,-0.28178606045208193,-0.706517633015678,-0.12258882924892872
2008-05-31,-0.20571982744231615,0.08057967128899055,-0.30696867942793926,-0.464043739431685,0.8914831403518511,0.03247664060538629,-0.6251473765579233,,-0.3201964405454867,,0.8621019361389395,,-0.17720348698462687,-0.726530854164634,-0.7028889050221659,-0.20906907744760012,-0.2439958992172825,3.919686809807495,1.0084608095259775,0.25140329814524187,,-0.3152690216589717,-0.13631886149330116,0.3426882179256059,-0.23289567791847854,-0.5070176292088613,-0.4992464793087368,,-0.6845962795170277,-0.36154447486287683,,0.8011281043057442,0.8263538325947661,-0.7133395720086494,-0.18071636908768152,,5.374570440610322,-0.11362022336842995,-0.7519171428981141,-0.24756627002000314,,-0.8925344897337968,-0.026429573489981602,-0.7645106217048702,-0.6499854833334734,0.507931267537194,0.25768595819132156,-0.22396057228160088,0.058728320363056856,-0.20559023570278545,,-0.1239253521710677,-0.27226536447007155,-0.3956717940828859,-0.35826849607406913,,-0.24163414081418103,0.20241231773713259,-0.2571816230805365,,,,-0.025184210755619038,0.38279948415331455,,-0.6634246434938426,,-0.005500105983692655,0.6643810161744138,-0.7572836511718605,-0.3727985851915177,-0.750143395960708,-0.05108371472867253
2008-06-30,0.01776609332964665,0.02534564032812679,-0.4045035027169768,-0.5048059552308393,0.9516010677209134,-0.23122304563986876,-0.5940884869351128,,-0.31662328716252325,-0.1328866032598222,0.4093186238994663,,-0.1982550235192171,-0.7753486956898181,-0.678285547219182,-0.141007608383226,-0.5330901345588142,3.66737239365876,0.34099785054820964,0.3409222179141194,,-0.2998240208872822,-0.05809011483857957,0.15123440834826046,-0.22940132114467257,-0.21179454360105196,-0.6152791523600037,,-0.44121415203422065,-0.21483039943336177,,0.9890586695852964,1.936394926058328,-0.6937963033368059,-0.22502390462343386,,5.544006175934326,-0.05344638974982843,-0.782162133078975,-0.2837568610993611,,-0.76294314262358,0.20432476718375636,-0.5238617312819956,-0.6269753365209836,0.6036701269940796,0.31925800544868643,-0.2278420744242682,-0.10984868559341358,-0.4343393917979956,,-0.07756970950719463,-0.22018446224880053,-0.49938479665793156,-0.1325961418675345,-0.18016470528073536,-0.17158210175790153,-0.04691285259200608,-0.40707383574675515,,,,-0.22239375914995674,-0.14199699102726332,,-0.7586997717611187,,-0.16221312440570076,0.6058499468444347,-0.5700520444202964,-0.2642281511963561,-0.609417113004109,-0.2247278368826539
2008-07-31,0.0925650350474318,0.49938511390302803,-0.054998802757007845,-0.5524084911827959,0.9857199685240512,-0.06165407252835459,-0.7629822997464147,,-0.4541711096716469,-0.2554929121732383,1.008392239639318,,-0.28288354601788646,-0.9817920522106932,-0.9762544102709759,-0.3969375976919549,-0.69438052021493,3.3949445209222686,0.48749912656152616,0.4693991791257671,,-0.3585956890631393,-0.16979260346211852,0.1286151879726215,-0.020405664604390944,-0.3719678409447559,-0.6007303529842299,,-0.59275861859021,-0.21538375602986598,,1.0952737888737842,1.7710129576652096,-0.0065571512903887475,0.15215172021644416,,5.025686953812702,0.07650051604358682,-0.8392947625227942,-0.5513666948341749,,-0.9149245364858684,0.3522229924103077,-0.4317605921037835,-0.9585145220211254,0.7254423672181549,0.4414391780595897,-0.23346766050773074,-0.09264901259144998,-0.643531117546389,,0.40146741776019124,-0.2462951453170108,-0.51930062875532,-0.13873860684928777,-0.2916909397545209,-0.29871111156595825,0.27054682382959866,-0.408066186287696,,,,-0.07035417821230303,-0.4253120685896205,,-0.9530131231958786,,-0.11923994420034194,1.0867014440012555,-0.6722328049219188,-0.32740962571521015,-0.9787737830632494,-0.23063348705245812
2008-08-31,-0.049188454196443354,0.43067278086083366,-0.082217100438142,-0.561928116890663,0.9147337196090793,-0.08032695411495064,-0.667617590679305,,-0.48506009231968916,-0.22305093485939845,1.0082838639478586,,0.07776231530361236,-0.838732365007219,-0.7837752270969259,-0.3029436149718177,-0.48023340934913183,3.5965255368116913,-0.0844227298271942,0.3292330830901714,,-0.4338140106026873,0.23284023460870365,-0.0029724138511522114,-0.02794961343852795,-0.27984118239885175,-0.6302892058227845,,-0.41219175684357895,-0.07149365587576177,,0.4857890413152064,1.301260009351189,-0.14686174136204716,-0.032494690007004584,,5.480569690980391,-0.03928513161890384,-0.9700739024208499,-0.5759347764074979,,-0.8411037829674335,0.47717000368590035,-0.5421578434670145,-0.9027096804314936,0.5339084356898288,0.5111697349474735,-0.07366981424576073,0.22025267495168935,-0.5756954574234618,,0.009757098258808074,-0.20052680303728235,-0.48017289922710216,-0.45585788481689277,-0.21689483826674874,-0.26122687040396936,0.013625698194449185,-0.3056609557326247,,,,-0.13985149616174475,-0.1400093330721769,,-0.8366069203624293,,-0.005306995738032605,0.7903356198587805,-0.5738284444372665,-0.2844929250077303,-0.8317841455772451,-0.22188783010627047
2008-09-30,-0.20774253117899774,0.9432661991699257,0.26153838134069485,-0.5540100183067219,1.1081239324651524,-0.059006562891422115,-0.7291100740943955,,-0.5626876303205287,-0.01580364087135738,0.637609545500317,,-0.14450699662285751,-0.9332800297135838,-0.9662667855584604,-0.49529920027610597,-0.7060606325815787,3.487207137642949,-0.3829982403337367,0.5774220604006238,,-0.3127898981219046,0.33481515241179943,0.40514261835740795,0.007262452267706746,-0.0972641245598049,-0.8955401193401623,,-0.47286372423562867,-0.153429133138896,,0.37711523075345327,1.0134392656634492,-0.36985015108446956,-0.09054763939064166,,5.133734944962991,0.1150441409890642,-1.1254862136104535,-0.6519773704901838,,-0.977952533377421,0.39581140757347305,-0.43223269821111,-0.9039779122669225,0.04714661470704167,1.0537581501657283,-0.28625649771869766,0.2179070564102936,-0.6546975604617705,,0.20956760339278452,-0.06974286879776168,-0.327228370212779,-0.5110803993622065,-0.19096186465856346,-0.013494494878180307,0.40563240182636606,0.020610708245596285,,,,-0.5385873314210706,-0.24295201292342175,,-0.8609757044935913,,-0.2614344264623099,0.701010170800628,-0.5515964560154446,-0.05502181026557238,-1.0603553676173332,0.0790411286419809
2008-10-31,-0.35278026297279785,1.8957306417194943,0.24114111719797288,-0.7172908292313277,1.3336785065211316,-0.2415625047636281,-0.32778308047828497,,-0.5427530577479304,0.4911672048600295,0.2616056248043967,,-0.6951680414165239,-0.8187967401312907,-1.1621183434833766,-0.5281017762575648,-0.632085320949324,2.3038696152902025,-0.6269226003863064,1.4937263895742532,,-0.3116639585969072,0.25473193217095536,0.4686445800729493,-0.3903940407833231,-0.25811222366529507,-0.989118905246893,,-0.3205571460232836,0.681678710207396,,-0.09318453321815018,0.7790855179182198,-0.43921418045578076,-0.07402600637261997,,4.003983465503134,0.6071308043357082,-1.3586971000964856,-0.38580328097689665,,-1.088518864565766,0.05891334252683394,-0.5360699101609929,-0.8480108283819239,-0.2936201052142076,1.3903144634707543,-0.4687429442894593,-0.26472996698535534,-0.29735616616762844,,0.11143801235889488,0.5226041462947697,-0.24173340457904224,-0.8469741055866071,0.18210342357315978,0.3261200850310547,0.8791377732316825,-0.008543052188384708,,,,-0.7916184596993702,-0.9991873397886271,,-0.8556189894800379,,-0.628435683230266,1.0237813668396452,-0.5591450822902729,0.33700056252525495,-1.2604889313004397,-0.20635545556509055
2008-11-30,-0.14114199474090441,1.7238274686673831,0.10367827694277892,-0.8750605271975989,0.9886892105593591,-0.4590679876913913,-0.4807198728876691,,-0.41503215616814004,0.5682017751175097,0.1268088617670488,,-0.5583150225542977,-0.5574143767912279,-1.3054389408577265,-0.5095802012796458,-0.6330195519070508,2.254947481419371,-0.457428426409611,1.3829175424398306,,-0.21116933581410655,-0.11512354432915037,0.24581706155169633,-0.43578202221791595,0.5915633706825174,-1.0592054160642386,,-0.2534220478969824,-0.04920834946636566,,-0.5127792042688609,0.47808146816306496,-0.396577217260206,-0.09693782506552269,,4.364643829316398,0.6663522542036628,-1.340196066015929,-0.34926783116913607,,-0.8057620419347058,0.16913899752436862,-0.5188926685892895,-0.837627128022541,-0.336344544370618,1.1353842560612537,-0.7044197205372763,-0.2618614244270705,0.17066072733935875,,0.03073584932902576,0.6757820406964576,-0.3207718491678731,-0.8617445892059115,0.2109862120600748,0.33569643065630883,1.3103951038298731,0.38688405366001577,0.7911695712276078,,,-1.1382599946182115,-0.5972766205329774,,-0.5931426786086119,,-0.8318877812784823,0.4063339677413931,-0.6376684256495675,0.3946999595372444,-1.1712977109752865,-0.000991148690376755
2008-12-31,0.048486108849921626,1.3100729412030572,0.3570308455283771,-0.8084785638717377,0.7351882092087849,-0.2308533502338606,-0.05099092201461629,,-0.5500512132532348,0.4251291360727965,0.28985628662809826,,-0.4008963055870453,-0.5466387973515765,-1.306251716235774,-0.3898728069807681,-0.5922925312703564,1.5964568825729941,-0.3063877223295863,1.6145353952549208,,-0.28031197213201087,0.3141317190270021,-0.16705909926998574,-0.15349933264306825,0.4486075319483546,-1.3039685554551435,,-0.503783013831986,0.026541393068288083,,-0.2352222254900044,0.789600482391428,-0.4456582645728618,0.11150039218377684,,4.074379720937136,0.642393457067505,-1.592367432996888,-0.2549553565856514,0.9152062872726432,-0.8408554497828827,0.19138258863114085,-0.5983479673637729,-0.895128045013409,-0.3292638119425859,0.678688569467116,-0.8968815542101799,0.09074965139577733,0.12402572564737831,,0.23243817420786578,0.9575811302174195,-0.3671670366682862,-1.1078674899021892,0.15187925896592894,0.37242350769522525,1.4111935363414636,0.5692583743705203,0.6604402427643494,,,-1.4057513522986542,-0.8010778695629657,,-0.6658039917762836,,-0.8619024565990835,0.5423430461699718,-0.677226631837469,0.32045859049870173,-1.3368804836107642,0.18832392347001523
2009-01-31,0.03343163834944899,1.756698423328107,0.5328164198686116,-0.9008139207063274,0.406200637269339,-0.08316815634542837,0.1538931484052807,,-0.3710324744954133,0.4372546564736973,0.0686426697206843,,-0.5088350895851633,-0.2706445566015259,-1.5059726036418908,-0.19300484746622257,-0.5608272792100394,0.8826993018826759,-0.3681903895559842,1.8557591256354007,,-0.35728514113655085,0.3171474868067342,0.36386665477335317,-0.17138407969991118,0.5493029183002103,-1.1443020851447232,,-0.3602920950068988,-0.06671870963662649,,-0.22100189738956164,0.5889411633730505,-0.6497426632069186,-0.09953381801271796,,3.4599125946881752,0.748867312065784,-1.6846197616226497,-0.4836535623638227,0.8861768354352979,-0.5660621726947631,0.40968223781056573,-0.6564188805278123,-0.7070628000412863,-0.10046595319005873,0.6128046314150817,-0.8778793651300956,-0.09274052944529339,-0.2135460255795236,,0.21339225755936256,1.1626650302157415,-0.3948139793741168,-1.1722858197086115,0.028712509709041427,0.46578411251313706,1.6884545492098901,0.9392465500604109,0.4350442446912083,,,-1.390279812700532,-0.9221113045910966,,-0.7379856943270513,,-0.8896940051940404,0.5306449658802778,-0.7180318512112958,0.42963713615548293,-1.232023728622155,-0.030025047967071786
2009-02-28,0.759271385336018,1.5177491529096572,0.19793494322337113,-0.9268666725121476,0.8104911980884059,-0.48356064589756015,0.5836281702608836,,-0.28413659840050604,0.4743471322882778,0.06440005235716542,,-0.42793195909866716,-0.2656162644521969,-1.4727567123846352,-0.23766701133345008,-0.48032008085024813,0.8599637117483198,-0.31945092608643144,1.6693882255251358,,-0.33644712682076144,0.11600776709389857,0.20715293290196266,-0.053815522194097264,1.1041431621044666,-1.3412494786639095,,-0.6284345171182503,-0.10291811813478491,,0.034892443100964315,0.4087580292003817,-0.6286186228213108,-0.139995567103156,,2.8580631020033085,0.8469500834610543,-1.7453484057634072,-0.5391640619191115,0.9548412446178658,0.19052393287497385,0.3296759841727594,-0.7046452602042681,-0.7429957759263478,-0.2424875275955588,0.6354852174085441,-0.7851208372615707,-0.06009755908456238,-0.14145462183190682,,-0.36834527104229103,1.4152688485940264,-0.4681653413119263,-1.3277842583494692,0.13354422565631274,0.6424480147940118,1.4074544230227293,0.8702748864373508,0.4971930969634517,,,-1.3966246309440513,-0.9949455068257945,,-0.7921976702454431,,-1.1174315129153634,0.5389203715914767,-0.6430905613915654,0.45827274373338367,-1.2280940581283113,0.05865211882588871
2009-03-31,0.9846517496916677,1.2830800173017778,0.76984561810835,-0.9258321720526731,0.5869275478370847,-0.22718685782167836,0.5065792672437899,,-0.3822709998101836,0.48184102816961316,0.10076492049236681,,-0.5584315820075274,-0.06891706208284618,-1.615098552278877,-0.3145532924215061,-0.841249649044314,0.9943471474171438,0.8942517508121712,1.4891963512363569,,-0.31392841851484987,0.4723642028077954,0.1521094797725355,0.026535868089886196,1.69012077338913,-1.2266372873215685,,-0.6810865223590632,0.4909069114107753,,-0.25681238291634334,-0.34391417575531547,-0.6782140398611983,0.08464684323394404,,1.8365687411356644,0.6106315281344942,-1.8220823010142981,-0.7287018551786106,0.996351235560057,0.3862662035025177,-0.08690767628910159,-0.6272178974438736,-0.6318715786544143,-0.3131926036987616,0.3516304617188828,-0.5022455499248671,0.13546824139512081,-0.23470717468963098,,0.02572562977176281,1.3016430486016108,-0.4978660028246943,-1.3182063477966295,0.17182608125460805,0.4565079752740658,1.0974029061557793,1.4342304711220752,0.2538060948156175,,,-1.2949673798183658,-1.170138241111246,,-0.8613001247319836,,-1.2749847819329272,0.5482227789392843,-0.46995482819880535,0.4394666961256019,-1.3490646289951596,-0.13441947561561482
2009-04-30,0.8715955519093487,1.3861341038827724,0.974941506597426,-0.6220921252759408,1.1152094580229,-0.7107376820360942,0.18382584216525008,,-0.513501109253636,0.27694009677834175,-0.07491558656858748,,-0.2555833081914367,-0.24819113501907814,-1.539111528645558,-0.20946851331025723,-0.794806168245522,1.0353952178453232,0.8046415378468408,1.2757924616399232,,-0.01926987718969629,0.06405788356217551,-0.36260830318293813,-0.2849179142556932,1.8087382922754471,-1.0940720055836928,,-0.7588147369036378,0.7189248467964385,,-0.3250124492335986,-0.24505004000438532,-0.7093193013645371,0.653152265337367,,1.7904656878242138,0.8833672781648573,-1.981751111304452,-0.812224081245575,0.5783089643473817,0.2756437419204962,-0.03091584046498822,-0.7086882214728413,-0.838221274547433,-0.09202385508948863,1.4254754709220385,-0.6498731400049346,0.49754820170121733,-0.3442301454134186,,0.5541320862401431,0.9862394687353457,-0.6105852876166981,-0.8342947473953108,0.27600196072115607,-0.08776686764004703,0.733970862533878,1.4502271086245515,-0.19469195313510207,,,-1.1946142898037297,-1.1936083781050384,,-1.0638769671867858,,-1.2277836969296174,0.25398121907251914,-0.10105955499568914,0.44280647670109896,-1.0229859367021685,0.026829532202503885
2009-05-31,0.6499794328064519,1.0269768637524936,1.136349468756142,-0.5160855336341073,1.6697256509178242,-0.44885307351380715,0.000503376230709951,,-0.2383064150474066,0.18512891405565307,-0.07889146147170537,,0.176354172835468,-0.3146853573131637,-1.991780779540619,-0.49065067361714354,-0.24918373291754534,0.29869010535558865,0.3233966955830266,0.6607021450721817,,-0.6981241858742472,-0.35809605746992723,-0.5735609541766876,-0.07827641863378897,1.691439512068192,-0.7076002879153267,,-0.08725254256723047,0.643461727224882,,-0.4531868511118341,-0.2593292785992886,-0.5618471475130092,1.1964208316062344,,1.7096917613034097,0.18271570090248637,-1.9487973946884898,-0.7525181214461028,0.620751548388534,-4.713633242194236e-05,0.39241207906076025,-0.13468525293738812,-0.7715975914547134,0.1532383836731057,0.6516932033203177,-0.36360257919071926,0.23308689184054873,-0.14153719061782455,,0.6630674036828335,0.6855677185063914,-0.6536047459595347,-0.3885087637242695,0.6817403977546154,-0.45015442555248203,0.53209241012938,2.070028027151216,-0.5353625586781674,,,-0.9328310322633939,-0.9851283869796419,,-0.7109139214372042,0.5974379508358243,-1.1667427523491385,0.17011877229797318,-0.28503029515905365,0.5708968362302999,-1.1397971723731475,-0.10709790928201984
2009-06-30,-0.08822228205172315,0.9992130664696947,1.3589802675851488,-0.5551141679645688,0.7604635247335721,-0.06927342230107016,0.36689726019375957,,-0.14377281503049621,-0.022129164481183305,0.030848976446604236,,0.14389045195041325,0.33458600315100073,-1.6815762910664644,-0.4926500725066484,0.6926117466921466,0.13463407168092556,0.5149843662454118,2.1819027732648544,,-0.6354187562091225,-0.322224059956674,-0.4949188429944635,-0.32062027496386747,1.138093108380791,-0.16312014928570776,,0.012240704971728404,0.42654380258364655,,-0.8191390517331315,-0.7806561572257292,-0.6801241789882188,1.1162408525498857,,1.3619604734398127,0.12429325394683502,-1.3441380682434192,-0.5100542565035571,0.5022878421961887,-0.32865545839756094,0.2508576424190371,-0.6758426598840728,-0.4841796500200392,-0.23121945825609325,0.13829011533717842,-0.3350360048937115,0.3227077102310191,0.3995129902375824,,0.13409102502293235,0.7686118485073918,-0.4434070692407918,-0.823312516070287,0.06683985278073727,-0.3722359391228777,0.7143859201101728,2.6102976021497772,-0.7020373675625755,,,-0.7207673392933858,-0.4695766247304172,,-0.9851572127765014,0.41849329908082017,-1.0239633467662175,-0.09743731603050096,-0.5283434225938426,0.7024658974481074,-1.1522330281025335,-0.23067002455972194
2009-07-31,-0.05967207455382444,1.355559110178512,1.05619347341046,-0.6543719099809822,0.8825187441449059,-0.2631538537219164,0.06262719707799212,,0.12703869328879105,0.4571633772633837,-0.0882576803197873,,0.4432624003742222,-0.1511747798096587,-1.499266184687747,-0.290069372748664,0.7900872709967921,0.11113015535126455,0.4096111280614355,2.365610142620603,,-0.8048469082632196,0.062037923526426134,-0.7071179500145396,-0.26347933643572546,1.387676812906698,-0.39236137186660264,,-0.06957878502527061,0.6930189011985366,,-0.9258104077059934,-0.7444584727977693,-0.4660261873267708,1.4291929097033607,,1.7001473479988445,-0.009184307717042445,-1.7868576664420726,-0.3249561885701219,0.10804762521184946,-0.4634588137613804,0.40999501485360035,-0.5678454408839936,-0.49771976197620965,-0.3009903743956167,-0.0007081557286055846,-0.48486218735360426,-0.1546851032137627,0.5827938660347242,,0.3040873814214594,0.9166000474462271,-0.6220513038189109,-0.7745695832908815,0.10577905888334838,-0.5758143289433245,0.5750015170851511,2.408955193916482,-0.6807726590768861,,,-0.7498791324941426,-0.5015995843845014,,-0.9423947954575987,0.16324465928768636,-1.0411310700118568,-0.4328326643579111,-0.5301641938418813,0.45207330144487495,-0.9319466835423937,0.3946160208335403
2009-08-31,0.42504430819058003,0.6737181658268098,0.6528101513650308,-0.07577615279106525,0.7858273285353956,-0.1647351161596659,-0.37001013298281626,,0.18242892603270938,-0.12414422411840297,-0.3659158450786192,,-0.1602868930598644,-0.4502500921938549,-1.0229562757584458,-0.19674423525914192,0.3783267890079209,-0.35042296550523017,0.5659668171267054,1.309747365573063,,-0.772917922417406,0.12388530202059365,-0.4761293809744365,-0.10045390355852117,0.946558356983516,-0.498053839676036,,0.06563544489787689,0.03572399959969293,,-0.4209188022905517,-0.2923984452573172,-0.07714431872196309,1.1040463044594582,,0.920535993167969,-0.14615507037010636,-1.0218903058593076,-0.5346142545787287,-0.4249757016327674,-0.03699496185031213,-0.06646618651989168,-0.3304387257935229,-0.6496610182702999,-0.23329133325499884,4.5676451260343915,-0.7954889933564346,-0.5305148865890126,0.08251501381149676,,0.36338353892290354,0.5967691829388994,-0.4787487010011344,-0.07364842513668168,0.08297394176617211,-0.7450849378260974,0.3545274918524963,2.8621676013820823,-0.8868301403137064,,,-0.3872830382823657,-0.8753895771365551,,-0.8977157760519257,-0.22130016442326825,-1.0073548280189653,-0.06706066704095177,-0.3601047050667529,0.07944100897552665,-0.4941401399116101,0.02473292561744575
2009-09-30,0.7068112261940923,0.17705606353144357,0.07455169622572595,0.10545265388061358,0.9557938971523242,-0.18304394400729357,-0.21202820620847726,,0.390739600076678,-0.30682360066279685,-0.07011251744399899,,0.23798408236821664,-0.3863573074396862,-0.9179834994619425,0.060018085951757595,1.5136805338613775,-0.5451752687322564,0.4248781490538161,1.2098718610181918,,0.10474024730573954,-0.11520137102895499,-0.6438150612684461,0.21252131987619396,0.35558736170928595,-0.09527910995154916,,-0.7125411535921239,0.08291775130762805,,-0.45691282460061355,-0.2825864372979293,0.10963328997748154,0.994710264050248,,0.4139074067222847,-0.1690055260480735,-1.1925282174941214,-0.531074547228437,-0.6591756284435997,0.043795448842627316,-0.26764739882948624,-0.588936584047274,-0.6056515427141846,-0.17169152407618213,4.219553722175473,-0.7836216177625416,-0.39363442439271734,0.15235594402470265,,-0.05472630155036163,0.14168885413060595,-0.7157912644477511,-0.10260271411866445,0.43629128504829223,-0.8804556096029371,0.15021051624352744,3.503554250667821,-0.9607896109251725,,,0.061455092979977116,-0.8179067531267424,,-0.6271432166079466,-0.4708505723806027,-0.7099303494772976,-0.008659485333517214,-0.40764772601171173,-0.17091461992901022,-0.3631261246274177,-0.2583889435043027
2009-10-31,1.0447335342532986,-0.04261175609075709,-0.06543249965165437,0.29829004689046323,0.7049367599896356,-0.5711949803610017,-0.4461695366592229,,0.17974216528971612,-0.3242925823787633,-0.10977784015804073,,1.1765716439464002,-0.6526639177892273,-0.49380328964668957,-0.03821601818351702,0.8776950909387058,-0.23835474708224103,0.5250431058253971,0.756965420746637,,-0.4163881811825267,-0.18364159125719587,-0.4226565519555915,0.40156358905451023,0.34458474226237545,-0.34141069191817475,,-0.8221548901373602,-0.4012467239392223,,-0.38054403949340265,-0.49887383958153275,0.039999660265607064,0.7195916776042247,,0.3938151978381328,-0.1101886685889625,-0.5885571891925838,-0.5461021538153493,-0.7625134142888289,0.1557552532722862,-0.15160928613365218,-0.6181040900306854,-0.7424798214809701,-0.09040194662380846,4.02104320249939,-0.6564181170818442,-0.10144664250498457,-0.2487097086316116,,-0.182870535686962,-0.08014923755743063,-0.7511763407091832,0.15815664031218335,0.8817124400104062,-0.6079479178773053,-0.34129467655523316,3.7361117447109407,-0.7578547347869323,,,-0.07722745908533737,-0.2325970191366546,,-0.674006061704692,-0.613221525701364,-0.6126240001452671,-0.015508269863163593,-0.458225506463731,0.48728405984712114,-0.12475782587582283,-0.30817014856895547
2009-11-30,0.6058758046757348,-0.1376588462200462,0.03137645818712941,0.38569255639430367,0.38342588011297435,-0.3298348634211311,-0.1869428995458885,,-0.16844817422032093,-0.30893403185559193,-0.35937515006548454,,0.7355659861378356,-0.8637318015720774,0.12564135462950474,0.9504400424028913,0.8042319819478331,-0.4374521406297275,0.5902747557088985,0.8636732692241231,,-0.370057850238552,-0.11823589368352176,-0.3034173237942847,0.5724748899421733,0.4826433274048442,-0.392416583388822,,-0.8613193520867066,0.4053571927996093,,-0.24616946880250987,-0.3911216521111728,0.10437172412952012,0.4016881123729439,,-0.21051914208645908,-0.1287647138512546,-0.4686510034154125,-0.7210374190347586,-0.5976762131507972,-0.4093105605717041,-0.45089025090001683,-0.5261982940160222,-0.7931981059351318,-0.36961868814555665,4.047568217929097,-0.49052718684934876,-0.12638505359729205,-0.6648887221742978,,-0.09927692392639473,-0.17925581278429745,-0.6927969933721155,-0.11620462711507075,1.005020506554641,-0.4818420964104719,-0.5522574221727689,3.9475990584309613,-0.5994476274987752,,,0.7787912099512369,-0.6864040929808052,,-0.7778178492602265,-0.6151142533158213,-0.0632564692665698,0.25059600314811126,-0.5470862736779865,0.16310039479257946,-0.2802001187960849,-0.5116667809356618
2009-12-31,0.5585581602101614,-0.2486286842897947,0.026982168735066356,0.3017236670073568,0.5457410695209619,-0.43972987523089285,0.5218096578243709,,-0.05758702008553387,-0.4651896322881647,-0.4246089085698856,,1.2062775603619078,-0.811940553210867,-0.21666247524677953,1.468275324015866,0.5652059980900248,0.008700873333494865,0.24684263935626133,0.8233563391557284,,-0.35749334950438405,-0.23425841783858414,0.05953397582284582,0.36462365417929943,1.0891214511391138,-0.32490762114449817,,-0.7768793524481261,0.981338677954574,,-0.3691362267698424,-0.5330917490711232,-0.09882939195594417,0.48255682931602,,0.06476399435993359,-0.2391194554852413,-0.3011745415832064,-0.7843642726171285,-0.871696273855197,-0.41391785178350987,-0.565461564673583,-0.45512211759602395,-0.8390936595381188,-0.3275006981175493,3.738709056278592,-0.729747747051779,-0.40305421777214956,-0.6370566326177965,,-0.32387992754132766,-0.632505264355073,-0.5486565315565386,-0.1468767329126939,0.6511234629028215,-0.6733887630328999,-0.5283994214850468,3.8155964373560716,-0.5458891465774477,,,0.8379113374051597,-0.681270368973049,,-0.616797695411622,-0.8664284295360771,-0.42937610511090296,0.2021519006591078,-0.618477153139747,0.7702981054359287,-0.21894243032686106,-0.574062080115667
2010-01-31,0.7719383354824753,-0.6114900134905654,-0.41840151762137157,0.49084861864391144,1.3204737773538278,-1.3806792386690732,0.22522550899427699,,-0.13258547749103727,-0.5271215692151262,-0.28582554761835083,,1.146433617481327,-0.7286364970397177,-0.13912135940195533,1.7926004825154855,0.862333113821296,0.30311481658435246,0.9965563273145387,0.3849617351041046,,0.6086168915749801,-0.09096195005327753,-0.6617950046457407,0.40822066212651414,1.0273113749363594,-0.3819763472949203,,-0.7941117393068493,1.236767764021631,,-0.547626157452667,-0.44396172845171583,0.2314433799752452,0.4034344931611227,,0.42578850545096414,-0.5536158948402933,-0.5622310105321424,-0.7211410983761167,-0.9305366781764204,-0.7344259693330804,-0.7404360649055844,-0.11217704011515088,-0.7765444547819744,-0.5197037780858896,3.2770173744262387,-0.7414874761524826,-0.2809409530289092,-0.18520560903636182,,-0.14885919405174122,-0.6804905096242694,-0.511832958931851,-0.24338057029068091,0.8790114944121747,-0.6475001455131716,-0.6483362633133061,2.8982675038625545,-0.4894718126529262,,,1.0386359398229181,-0.6124808167522185,,-0.46110738892655684,-1.0512034942402957,-0.5372767017149781,0.12468519405118544,-0.5292041673203892,0.28150626317662186,-0.1227978514003751,-0.44851112444456503
2010-02-28,0.8276417054416387,-0.4698410335415414,-0.37632051246313225,0.5850957628881964,1.1010465539686605,-1.5121228899160208,-0.05917149755138017,,-0.345447438970085,-0.29981613236758636,-0.14885022792114358,,1.134478626608089,-0.940876458515164,-0.37019105386189627,1.4604563077524495,0.7203218657182352,0.7188750262430413,1.2128851656007358,0.6153532510279568,,1.2750698117157158,-0.3188461880315579,-0.0801380452790753,0.5778408658282607,0.6384305382327377,-0.3252477121631213,,-0.5954307911451446,1.150500633468895,,-0.8688667133915675,-0.6014342246355947,-0.0020888956095575836,0.381545397599075,,0.5594994755623256,-0.2528005830526884,-0.3097824023154408,-0.77760951172821,-0.6675247705898177,-0.948837559268742,-0.9616594882518279,-0.260026245334006,-0.277009949755697,-0.6035200406539434,3.33559178803187,-0.6871399443251001,-0.21487881691336064,-0.2640022610179125,,-0.041454690555673586,-0.7943063187668997,-0.5272125438568627,-0.3123084781393591,0.7893052185542471,-0.5537682279216596,-0.8874313812108986,2.7802012397432514,-0.4828306343333308,,,0.7457270622731884,-0.8262862873569009,,-0.03326756795202537,-0.948538318134031,-0.4356478547053679,-0.023972987870268882,-0.6574687370034566,0.24670470239883813,-0.36640322459559366,-0.4261923576847698
2010-03-31,0.8458453296474072,-0.6442252723605363,-0.0785123094492641,0.17330717149166314,0.9764819890312177,-1.2928417194922737,-0.13621171312881908,,-0.40045009039707746,-0.6596342870057383,-0.2691473157915264,,0.9736412193994098,-0.9490160115209696,0.0229905930660199,1.7548787575801312,0.7653094013342778,0.13724466828814247,0.3221665112041914,0.8301196477301687,,0.9213439728719743,0.625042057609229,-0.579626415061671,0.40737759016064107,0.2737898837692043,-0.14846572584929807,,-0.5241376152647045,0.8912418606266554,,-0.6789322207652398,-0.4727899713252928,0.2625265513472915,0.7040554047577244,,0.7769385397918177,-0.23224096424321436,-0.6177662856607907,-0.5009050786978374,-0.8329662928763036,-0.8407592863724664,-0.8126152280712606,-0.007505690530123005,-0.4800906142930416,-0.6462487904604778,4.027033756556524,-0.628395370864712,-0.2635929031088627,-0.2146231481953141,,-0.04442427801959533,-0.9265109173726329,-0.5860176375366298,-0.2650518838069271,0.5589542559648982,-0.7331711467840121,-0.9479808414346982,2.449108139417711,-0.5458152982859672,,,0.8125939366834721,-0.8482852480321985,,0.08349358242930816,-1.0516118931187828,-0.3943887939250909,0.3211582502186053,-0.6536673723234437,0.3220341459699977,-0.11458820731211906,-0.2154633782087846
2010-04-30,1.1059687007864105,-0.3390172622144283,-0.35384580697527496,0.5636383023920406,0.9633059195524747,-1.567371145816339,0.38664346698568486,,-0.6710925987059378,-0.6355545730547891,-0.036106474916321483,,0.7517162205698389,-1.0622071583685626,-0.09750816337932852,1.8601895967395812,1.1470082549011182,0.12255607943090255,0.5108323330155231,0.8937193337629119,,0.49543475034431916,0.521586623414486,-0.16426565315239675,0.7447782070435041,0.49013361836453123,-0.09436821161797558,,-0.8617455827394364,0.6174946403232934,,-0.8308055663034819,-0.6719834747791912,0.6172824027087467,0.495105183611113,,1.1070700106385676,-0.5899769406736741,-0.6454481662213916,0.06021362105500387,-0.9530950584015409,-0.720911454279046,-0.8762378199986934,0.17625314168793496,-0.30693237330304907,-0.5585603750583319,3.600506251928671,-0.3656474707041053,-0.4604250806345299,0.612354537890753,,-0.281933247373298,-0.49414556098616186,-0.6562384175301287,-0.7877380857353269,-0.2159374028164369,-0.6194949064548488,-1.1193917494198073,2.2637481269897357,-0.8055001800619798,,,1.1675477427226468,-0.8186817327206511,,0.07393228192265075,-1.2137679009969742,0.18169239001012163,0.43792517412143345,-0.9418816117433665,-0.16491038257139942,-0.8650031892280757,-0.12090613397770515
2010-05-31,1.7035810199536332,-0.06880428809915563,0.17557211475015097,0.1441470018179516,0.21163695615550046,-1.5318634292929854,0.27419897015784095,,-0.6946510801676293,-0.4585599131436929,-0.28287439734814535,,0.32048449619919317,-1.1631452325569096,0.7521104498452371,2.2536765076379606,0.6765545937422399,-0.0019533037745345493,1.055112830959042,1.3037825849634073,,0.7603849941955361,0.7980778976832335,0.06570932200258225,0.4708701007419877,0.25567165529294256,0.38517410750568126,,-0.7317017320488659,0.4296413570361993,,-0.8136100880948466,-0.729811531607984,0.24327657392381757,0.5092546541733723,,0.45702328306986534,-0.4692725146350632,-1.119005782060881,0.6071488009741188,-0.7929621607952733,-0.7713970649087278,-1.0083567844949732,0.258600621739001,-0.28079347936514537,-0.8498351380347158,4.020101193698136,0.40282590668394125,-0.45355427306586266,0.3752282701713686,,-0.15739275113112913,-0.21341798898351008,-0.6348981990626087,-0.9878181849674246,-0.45893219831209003,-0.7507335570129291,-0.9451034177730591,1.7951474431618615,-0.6737978712269179,,,0.4622220611370321,-0.8670942939285836,,-0.14663447827294912,-0.9048887353985727,0.27053091075331404,0.1300714559671654,-0.8217988472961291,-0.440123630608046,-0.9258985146218477,0.08485364023414044
2010-06-30,1.7465968215880507,0.0073514316316375,0.08781279964243519,0.10993057388000459,0.19194204055552508,-1.53838809664532,0.3757857810445419,,-0.8809559669933024,-0.32359600517760106,-0.15872286500303417,,0.2388389800725057,-1.121933785977882,0.696042978575742,1.5472430001236688,0.8046218909036312,-0.04481119592125922,0.8964066548380143,1.208774226474904,,1.1865760612703695,1.015648302718714,-0.059480445740062275,1.1465347811366489,0.22660477609519972,0.16623981240630595,,-1.1712812854019024,0.2830913958889962,,-0.6491853857674529,-0.7936602579238856,0.4662819559450105,0.3891827158725959,,0.40889303807753324,-0.29390674499771763,-1.3569498002779936,0.4215861169900172,-0.7206721453628339,-0.7487892051990025,-0.9717427031638807,0.47497448938669656,-0.38122587514428696,-0.8999947849624251,4.0101652182672165,0.23524161985166847,-0.43348167715829267,0.29916886384836705,,0.005980820732712381,-0.3417524835414305,-0.5870569258547687,-0.8144796012641462,-0.7283306435790321,-0.7733606264314666,-1.0666965047509758,1.4594388478586953,-0.7869200292641431,,,0.42994099416517606,-0.8956861713601617,,0.29392032260479145,-0.9537763443446413,0.3953754076442777,0.23356010124331625,-0.17052283724982237,-0.1829291581753305,-0.9800429173006016,0.40107995021885434
2010-07-31,1.89287550146173,-0.1901643783851749,0.09629574779525749,0.3394366584274452,0.13452140447876754,-1.5309889113161734,0.30533975386319717,,-0.9161552952357456,-0.8860482953017171,-0.3833825079435986,,0.3266275109865519,-1.0134747055254691,0.6603968224685418,1.336302160485074,0.8153961326992134,0.18544894559656935,0.7238835324294334,1.2559396629643538,,1.038711632939362,1.0857511097563515,0.23838180600486672,1.0097844033462977,0.6107510618879415,0.1543429595948622,,-1.0430384463007734,0.1244595031469822,,-0.6838218210954071,-0.8161716659932411,0.4586954813272285,0.5459708317854858,,0.4506248283972465,-0.5653108481632487,-1.0439074234504349,-0.010182964943654553,-0.5760612037416333,-0.7852808159100125,-1.0663159135350686,0.3954519008504802,-0.5548518537291092,-0.9120216987986479,4.102574690508699,-0.007119868539164701,-0.44348314140350903,0.09637333495935788,,-0.14383221177534453,-0.5018117356121811,-0.49610019012888296,-0.7600597595211684,-0.7375510507566428,-0.6331733990783622,-0.9814121224137432,1.7163166017696103,-0.8409055481335082,,,0.4087146101712945,-0.8449598113397082,,0.5252101375108514,-0.7748121625023963,0.7215925245790697,0.7450207602429547,-0.26488333042508944,-0.21253091380755776,-0.8442878975448442,0.10072652756235713
2010-08-31,2.823082068930787,0.07364753991995773,-0.05198981800401463,0.10688756753927627,0.27335935846494974,-1.6870308353304628,0.714315144483344,,-1.0782131649877837,-0.7442127441573088,-0.20261905992353654,,0.38001518285670144,-0.952946424348147,0.1260904408886863,1.8954075579253467,0.7559883904514285,0.3969031052574959,0.629212087229454,0.8057706899734972,,1.333440709789766,0.5958922704479153,0.23295791574805083,0.9334691855425827,0.5210711854373934,0.7103143587936792,,-1.4022945466728167,0.43161496914841624,,-0.8306247054981278,-0.9018971570562698,0.37594300608728404,0.25333111833778327,,0.7958593460024923,-0.4380578613859722,-1.511889939134849,-0.061228964329909534,-0.5153385117806255,-0.9896895389143097,-0.9973552603474393,0.28853271497505345,-0.4679983155599211,-0.9342665490647268,2.185742586466571,0.21465490165617734,-0.5867086504832965,0.17456312267008314,,-0.2419082615620486,-0.7310622620999924,0.010209327384410943,-1.1535419973330872,-1.0046362521524155,-0.38750363344671757,-0.7857377074174197,1.8262988796093695,-0.6489338894212127,,,0.5040823830850644,-0.6454601837792701,,0.7233718934400838,-0.5052281245980915,1.6194089397846312,0.5721496298370708,-0.4632050115670647,-0.18796863788435203,-1.159093758559589,0.11439308605006461
2010-09-30,2.3835493807344608,0.15349225842210754,0.040075448932639056,-0.2551260684764238,0.04642954587620204,-1.7576964955113705,1.165252806021853,,-1.30408828142869,-0.823650730230932,-0.4168665394345148,,0.8114930793057697,-0.9199050140892724,0.31446556386798374,1.5700928097518674,0.294154865068341,0.5245857357706931,0.9022789775450974,0.35035206022590426,,0.7045388636922874,0.4758334137860167,0.3428499512144048,1.008326782243244,1.2010096886378019,0.8283924334097329,,-1.2314779653981978,0.4502449192390114,,-0.7258272171947665,-0.7767067848225188,0.25625188486724276,0.38607735835865203,,1.0624034998573164,-0.6028996112615569,-1.2182757669240922,0.20891030461257173,-0.4628519737165017,-0.9939194863866094,-1.00248589536307,0.7142259040133174,-0.6200335654707262,-1.0233930408090424,2.070618875748882,-0.11088601662559995,-0.765924009867825,0.019843602438595464,,-0.17891287953514418,-0.20091423077226134,0.2745875381116772,-1.181111523838713,-0.964353752005896,-0.15556613265642427,-1.1076447107172815,1.9450000489209007,-0.800557386073127,,,0.8733010527384708,-0.5843950195131196,,0.6555979821512617,-0.5246764093970965,1.2609309824903623,0.7218201693391755,-0.7132046555676743,-0.2683253892882288,-1.2109324994429544,0.17135072218214661
2010-10-31,2.4063324225711358,-0.05121787549284476,-0.04739459859292837,-0.41075197249965223,-0.08551384148538614,-1.531522865598617,0.860586133422226,,-1.2013464780336618,-0.8883887789631199,-0.47853984170642005,,0.4663835856702821,-0.8409118586383981,-0.08586493613278141,2.410864973418226,0.4191746064812268,0.16959206122364792,0.7602623364766794,0.8939120205138468,,1.0246875746063833,0.3122431462572808,0.1122198058863353,0.8596029853034525,1.5521867703454424,1.3868834833812351,,-1.2966623751159339,0.26650302454607183,,-0.7488864915997271,-0.6662959493170363,0.2640977711532334,0.3755514756812655,,1.077145140614092,-0.6188315469293698,-1.4296787143676615,0.5046888866327821,-0.505712173658282,-0.8743815074143366,-0.7843217430655772,0.5230517520903899,-0.6154233476473508,-0.8067360662486082,1.819247952938135,-0.41940552327039166,-0.4949991056274888,0.2132705373337355,,-0.0881347203218267,0.018624848560702453,0.20633884347705134,-1.0154800891892812,-1.0601502985826707,-0.44022149603057326,-0.9081663415975917,1.4255765477334215,-0.8182632521564124,,,1.0862775835639442,-0.45693398132788565,,0.8103306100496628,-0.7112182755632103,1.5704211205704872,0.33216516309121813,-0.5648853660865416,-0.33392539512290803,-1.2335551943047787,0.4120234149033807
2010-11-30,1.8917795986743264,-0.25926755729703954,-0.16312392331121542,-0.5020983032043335,-0.14681857277783103,-1.5670670277810435,0.38919289560131787,,-1.1811485669538815,-0.8867440637557158,-0.4849484494804027,,0.29250941500720445,-0.3716475039368504,-0.18635757001824196,1.3590329886187902,0.6701652418291184,0.8571254681336885,0.6510217288114997,1.0281439985059193,,1.0934925014274315,0.06084948597800415,0.5705232590807191,0.2584450816293869,1.0959337356406977,2.4555000149432624,,-1.1179829657705822,-0.28365850747130994,,-1.1141334464449109,-0.7447607519183869,0.40710038011852495,0.3678352815495344,,2.8002888332708142,-0.6437790233685401,-1.3729771145649956,0.7843967396694704,-0.7132649998395308,-0.8683251243806877,-0.2832793181428379,0.7401466038704239,-0.5042623113800399,-0.8012275399601605,1.20385522213887,-0.32849260183541557,0.05741765415199615,0.20049242163228176,,-0.23243980271017722,-0.07200399620813717,0.21143535842757277,-1.021903858979635,-1.099115790441156,-0.38681361064303965,-0.8670830691684849,0.8160048859230309,-0.755757339721522,,,0.9638789182318414,-0.5998408395892957,,0.6529921543624632,-0.6908628267957377,1.6720181566196324,0.15874990068762673,-0.3424166529548306,-0.3949507383552252,-1.1467613717236127,0.38911213370608744
2010-12-31,2.1381204651725154,0.19444146375828456,-0.2607633829765148,-0.4170692211819511,-0.2622290418323303,-1.3375399860248802,0.737115592549106,,-0.9360240627276112,-0.8550513963242051,-0.5960137732115964,,-0.09399861111301985,-0.5675205388405968,-0.2853375132642242,1.0808985568951963,0.7706900161908183,0.9026080399374372,-0.02785569860140218,0.8808635321557136,,1.7702696249825636,0.24761836071977225,0.2640721055631546,0.24280462154478885,0.982462524241846,2.437476860779616,,-0.9617005256646118,-0.46986110894698224,,-1.037731600092,-0.7235439982349888,0.402284263952261,-0.12239980897894737,,1.8144298470571276,-0.9960158542768042,-1.1814953015146716,0.5585782856856675,-0.6492905994239375,-0.784818700672047,0.13738312787559076,0.743280432832477,-0.21987549666185438,-0.5891468250804166,1.5211190218337343,1.6046229474103255,-1.3359360376418059e-05,0.15590248705218746,,-0.3214850991891759,-0.1857849905251954,0.17892653968311992,-0.9864946730574926,-1.0178925353347383,-0.5186890685496793,-0.8022667374953798,0.5337294922613587,-0.7927297016610985,,,0.760836252306282,-0.5753425068277143,,0.5590526575452733,-0.5366525926812199,2.332810507236182,0.2139698554565673,0.17235436468322324,-0.8431219329208448,-1.070089620667479,-1.783796418054266e-05
2011-01-31,2.297979055379875,-0.16760487838055882,-0.4497208561238095,-0.5140859865846604,-0.9558246556831228,-0.7962960871260482,1.0980200347380462,,-1.1114077862603509,-1.080895511956396,-0.7622981624259223,,-0.09967900813289826,-0.6556007179022588,0.12320455565912185,0.7773633300331265,0.8734941393082138,0.8072809032406116,-0.5269050906290687,0.989869256309829,,1.3653928163585973,0.04881214281780576,0.22062882949734777,0.1803673413616646,1.6065657006188625,1.1897493461779944,,-1.006083941661674,-0.6678772813838941,,-0.8490191453901125,-0.7733385062216316,0.331107568982765,-0.3357132918802592,,0.8475375905182986,-0.7216025743490326,-0.5325908339500318,0.5923942287558979,-0.6370241362411098,-0.523738142966322,1.3417363318460809,0.08321517020456483,-0.18541285976572802,-0.2971304693704167,2.151990027793876,1.27150118306902,0.8787965721100461,-0.12315369713406181,,-0.570862251764708,-0.6275661918464612,1.1673715956627395,-1.1260251062580866,-0.9932898814249101,-0.4321565376342242,-0.9852294764079518,0.45847560907890506,-0.8278887839280097,,,1.009332581074413,-0.5762235209990342,,0.5147189658923068,-0.5508961406480889,2.5991494644022852,0.5829921329628874,0.2402957335941314,-0.6826691402072074,-1.1306978934790506,-0.10343245729873526
2011-02-28,1.805221971853084,0.11755408943582867,-0.2729861614170149,-0.5804086289205714,-0.9787854076697647,-0.8083091995148154,1.1116335381205178,,-1.0020689713880304,-1.0774499178042907,-0.4979307831224213,,-0.4380544041259742,-0.6333201946209058,-0.05792184313641333,0.7706744205682221,0.8605458160820845,0.7536392625182645,-0.7362342379204878,0.780535682445406,,2.7342550659903244,-0.04913969234585704,-0.09001458142313663,-0.09375626844394004,1.0722326906318496,1.526514646165061,,-0.6476963937645919,-0.7667359987285703,,-0.951392104965952,-0.6010014959728492,0.6427069042361642,-0.20118926162088896,,0.7096039179898892,-0.7406912491176119,-0.6168947273327209,0.417922410020073,-0.757747383552913,-0.48355174891905844,2.2448538172042936,0.4313296963084521,-0.14941024447630707,-0.3069289468310274,2.0267432118893396,1.4450901764686426,0.2392566712459072,0.011870551432748675,,-0.5483428763529352,-0.4735944939523713,0.4491241025020205,-0.9823319469847578,-0.8761651337009893,-0.806804286624627,-0.9201161989020121,0.0602696482417388,-0.8930168760383274,,,0.693364399541362,-0.5092905691388998,,0.588094435236008,-0.3199000976233825,2.6433437074015687,0.5289416219259159,0.16135947404976295,-0.515932082540367,-0.8918674165403028,-0.1526104465979081
2011-03-31,1.4757458996001365,0.080068368848367,-0.5947961358863184,-0.4257656723960362,-0.5158304008723199,-1.1175048836412151,0.7939887130388366,,-0.8858184455517591,-1.1047431596868922,-0.7288408704406102,,-0.04831656068106419,-0.7396563319476227,-0.33633628526057313,0.8782307101299481,1.2019375114185802,0.741661849227459,-0.5977136229016934,0.48276438822589207,,2.02413015837882,-0.4368366424530798,0.31483472675338514,0.14160959376714785,1.162912019800874,1.2969178294290513,,-0.7386823398648978,-0.622039223320916,,-0.8319771994426309,-0.5872502139908109,0.5458352996280471,-0.47199469202376987,,0.5227052220534978,-0.8703536534681092,-0.49946705573355665,0.49973675229208564,-0.9068098473140954,-0.5831323054869264,2.37254231055941,0.3021340225717156,-0.008264630536282675,-0.06738074639116291,1.2980706853158768,1.968005033498933,0.6689806567314459,-0.1540877436347248,,-0.4234826618214481,-0.3747373334619586,1.1702780123312218,-0.8619477658814728,-0.9778455393966541,-0.4725231913215106,-0.9044084710577854,-0.2775604593812801,-0.9113051979903223,,,0.7837737201715417,-0.3240987652599993,,0.49392095257256013,-0.2669965476974424,3.238540425368155,0.5637761301578351,0.2762540302530185,-0.715080781357099,-0.7212833698050392,-0.439186802609356
2011-04-30,2.164068546513838,-0.1448515391291494,-0.6042127128471022,-0.5236770438396174,-0.5897587962356388,-1.1945376447998446,0.8491234590853963,,-0.829087692694672,-1.194472876759596,-0.734392076210991,,0.028695846459379983,-0.5967644807887248,0.005233091092601617,0.7504732198937936,1.6102863698298604,0.5756278192281996,-0.7727572425593732,0.22380568728046546,,2.265665299252595,0.5654161026983225,0.4769026386320172,0.08664013709896176,1.3097557833996332,1.0007905200359872,,-0.7642487367274553,-0.4982074353834941,,-0.7063060369508151,-0.4308755875862211,0.4748413611191067,-0.3638673179684665,,0.4036844937056951,-0.2805490083250807,-0.619368555854495,1.0151439289179178,-1.0280969349124274,-0.6564954907983662,2.023974457534474,0.5588040232170071,0.3251049174319834,-0.2844221088070758,-0.10694776573711588,1.8569849871201218,0.729773583048054,-0.3055126065497894,,-0.2595508226155274,-0.4122285990927076,1.1650222854242387,-0.9790135313982845,-0.952298550580773,-0.6926389875588124,-1.0996834670225055,-0.29282549703320226,-0.8359023696460175,,,0.5358315290058185,-0.45015955652851164,,0.5316466104990366,-0.4498810393083957,2.979695621880535,0.8730490879301199,0.36338547038386493,-0.7010207283789353,-0.7405437036660162,-0.4979994306803223
2011-05-31,1.2155731380895793,-0.11293645682129864,-0.698538435684857,-0.41956156290518065,-0.35726154730496146,-1.247073191900505,1.2901729447295318,-0.9587454239164838,-0.7652109223134739,-1.1351410206016133,-0.43005106557332157,,-0.3555257504802479,-0.7207674558897779,-0.08179791105652935,0.7473107507115264,1.4771629927019747,0.26489895250829504,-0.7490316214293494,0.19390895993584759,,1.1511564117709798,1.2096369647154208,0.3754751635993232,-0.02855629370126415,1.4541288703452797,0.11744842571373132,,-0.917461627648992,-0.5238202845924658,,-0.7951803320874883,-0.2250450347360382,0.49591332532800786,-0.47160266924458866,,0.21986211202262734,-0.3579926528478336,-1.1112208946655806,0.813693610221796,-0.8935999279346424,-0.5112289596848808,2.9426262630492053,0.1756139140245902,0.5687682280501266,-0.08854096643565741,-0.6853752937735351,1.1833367468815275,1.8681181826537845,-0.23411895081943845,,-0.48410091613419337,-0.628219153176958,2.092324834980822,-1.03097878688176,-0.5422099930035434,0.03297998667211335,-0.8996592906417886,-0.2422002674559905,-0.7183665229448771,,,0.32674114683450095,-0.542578089398594,,0.8213469236412835,-0.4016984887844999,3.2607946130077448,0.4418948242818062,0.3602023621230401,-0.6131961174163599,-0.3635342183322936,-0.7717766761849391
2011-06-30,1.314307036033105,-0.1905701940971682,-0.56593866534224,-0.343354906765246,-0.2511940432842183,-1.2766242207167402,2.127300803741738,-0.9371834733493352,-0.6536985691005336,-1.0080153078024787,-0.5345332524239532,-0.9254876142759267,-0.13015333957692748,-0.6683189860015517,0.00016181041958360432,0.9396936035463487,1.1844156186315113,0.22041673662691721,-0.7542066109428089,0.2346335451803709,,0.8581876086819231,0.9770284030089507,0.6892575115511912,-0.29006610794508686,1.318887346482608,-0.06026847200957591,,-1.0593148150841492,-0.5137978962603862,,-0.8221498467480417,-0.08042326996920826,0.3423225098242702,-0.3335244120898936,,0.19671344300380256,-0.3090292957387454,-1.0342768742491375,0.506729567361592,-0.8373154666084661,-0.5449883315848725,3.2800847612267137,0.09984336826151027,0.44134571174701737,0.15710969765265387,-0.7729980205224612,1.2968222157661606,1.9236161803974965,-0.26179433638025457,,-0.49240191195032523,-0.6065057022979881,1.4497506700449403,-1.3432471454737591,-0.36526583041749316,-0.05718052113952503,-0.8009708083941284,-0.2239229417645401,-0.6764022095500597,,,0.22369013525455336,-0.41615946306711615,,0.7981262109041191,-0.1781914989430223,3.353717935563747,0.24609019589758008,0.045729247204175434,-0.6393887177126265,-0.35704988001215476,-0.7052391992413909
2011-07-31,1.8446069331054218,-0.086953522980137,-0.5876193176089939,-0.3705032342918775,-0.32151552859217225,-1.2036254741482688,1.9452768564701646,-0.8891249547301481,-0.4882177133245046,-0.7781497264956958,-0.31076711118889006,-0.7511707152709467,-0.3925714168611376,-0.5967770317830718,-0.16239443001720022,0.8775357629452164,1.1750340930896797,0.1897016274335965,-0.7716665141642931,0.4555907537242982,,0.8468295443811442,1.3483415253764528,0.6877899803217138,-0.3478932869019237,1.0644462118586615,-0.08171973301350263,,-1.0447992977605292,-0.3813640353653515,,-0.8345757418740287,-0.11660769613560387,0.16921273104876922,-0.3584858423072951,,-0.10083274337933709,-0.3269912844364536,-1.3354326404485972,0.7105070746740231,-0.8543350756259219,-0.3384458985053539,3.1458711805434696,0.0774715051040221,0.45838680207411237,0.39909848105277507,-0.7373252569858424,1.2571219067632495,2.5215453215600827,-0.08538095652439165,,-0.5347962866489401,-0.6729653717504734,1.6094362099360766,-1.409211501134568,-0.21739537896523894,-0.07406463891823897,-0.7951804541425425,-0.5196689912410343,-0.5938123204269152,,,0.07585318340747878,-0.6288795174528198,,0.31790827592190624,-0.4266546812360627,3.0602709050412424,0.2192698490896927,0.00877194079570591,-0.7013703040257153,-0.49857917004345503,-0.6798239792673089
2011-08-31,1.9993365979144988,-0.14313994908822764,-0.5023012493546659,-0.23019737334450446,0.019321575526183677,-1.3707555354280605,1.4173161596711792,-0.8975203547362233,-0.5735449159267101,-0.9522244336614729,-0.4518424063017981,-0.5088851260955569,-0.3636734483265493,-0.9220430924609989,-0.34077673396806213,0.5440307025943983,0.9438882842354019,0.40476810220564036,-0.8394255609273275,0.9904631505264303,,0.7570884461230429,1.0559416255210696,0.7352177561748818,-0.38599343658222807,1.0268772774462571,-0.11687071606822409,,-1.1720045411673052,-0.27934563531087164,,-0.8653836116886267,-0.22168277836984976,0.1662331846373971,-0.3276619872228966,,-0.20141779254438708,-0.17753847045884055,-1.300638028162,0.8366070628715448,-0.5952936701580602,-0.35012076051036917,3.201391361574897,0.1587362655536657,0.4782665933830076,0.34895727847941427,-0.9877234178979791,1.877356981151495,2.648087082709264,0.12256548183964802,,-0.32893664497455133,-0.8333245751926643,1.361715205660083,-1.3872615877514127,-0.2932672181690357,-0.06724687791507303,-0.8088003703812828,-0.8384131950527671,-0.444732720757653,,,-0.13718936259173264,-0.7387044319850675,,0.0003681426344343383,-0.03696131177740861,2.9297798325079,0.009452657112051788,0.4743373625300943,-0.6464718109389644,-0.4967660011429652,-0.6804660440986516
2011-09-30,1.729706893382413,-0.045520914505905494,-0.33780326234329433,-0.1319783386304716,-0.6355170051461393,-1.3003951878623343,1.6299743573651682,-0.8704520530607791,-0.47400641490700784,-0.8565410268215023,-0.48045173598213037,-0.501858510095734,-0.7348524584598731,-0.8845878421650857,-0.009562971182646589,0.4673262498989521,1.2074653858756457,0.5886804581241597,-0.8067005412001533,0.6610108081643166,,1.0612871992701225,0.8291835305704716,1.1402522995293427,-0.4388056036413549,0.18467696254533636,-0.12225849199880104,,-1.2845215314242209,-0.31657638488579226,,-0.855122443112718,-0.48091665013570195,0.4421888344511518,-0.1468719133277111,,-0.2562971875489775,0.2191268456100664,-1.3571418325632967,0.2252380917450148,-0.665045151167817,-0.294945378848536,3.1270275171089326,0.3304480954008616,0.45112593015246355,0.16045958481888828,-0.9725887635457234,2.2664878434843865,2.3832600767712684,0.10586353129872758,,-0.30287443361638927,-0.8023442428289236,1.523314512454333,-1.3573651536374631,-0.2875607143947699,-0.18707780095821172,-0.6456157173642769,-0.785194043867785,-0.4638995933897601,,,0.06545008734233929,-1.014691619734106,,0.0747387009207888,-0.11721686686620056,2.889866572701254,0.26463642021085326,0.5072783176708026,-0.34245664670949244,-0.5119569079540046,-0.38072290017088994
2011-10-31,1.8375106780946606,0.02518714009593515,-0.5657451385957493,-0.13011598372714453,-0.6821259778029155,-1.2121155961583947,1.6062723527394986,-0.7222345606121904,-0.4525493791739555,-0.8993964627425456,-0.09072225798333261,-0.48165563156350355,-0.6529198354018464,-0.9366068462284717,-0.039906693152260454,0.39339784686878465,1.3070609522650067,0.765085333660576,-0.9107898441828869,0.6522842733347497,,1.200023648963413,1.5300134337884883,1.0790236931555566,-0.35115476549512137,0.21101990934380355,-0.43019150745186946,,-1.2415971666610242,-0.2549165777414113,,-0.6293067587596046,-0.1337494538823848,0.583544687781026,-0.4975628507857905,,-0.2512383706679549,-0.2996325578160203,-1.3537401410828076,-0.07413372186035765,-0.7702911747562313,-0.3340920234022021,3.085751997949159,0.1115318591122218,0.8519309585200566,0.1281979351863734,-0.9365951868297672,2.5552210058726677,1.6514871210745978,0.14404808935206379,,-0.4226989403563056,-0.8693020855522096,1.3658133286760252,-1.3101852318411875,-0.6017505387268309,0.4600499077228673,-0.5719394534895373,-0.90795524557277,-0.04343341578157453,,,0.20989656450116045,-0.826760765928269,-0.6889755001510128,0.0936947791172747,-0.1286965648213581,2.573320469840833,0.5485857388073628,0.5814856383138626,-0.8027149594682795,-0.5163640583580618,-0.8660399728193912
2011-11-30,2.566857667399659,0.47767086170986894,-0.402479001156348,0.34676611884219155,-1.1412238332382894,-0.9981819795976582,1.7334080871341242,-0.7503471845567007,-0.4225922126471465,-0.8818596896062826,0.2309120512911315,-0.3610622848041043,-0.6525735202036566,-1.0647840420279555,-0.18467908598206173,0.6916906256328046,1.0767737734778258,0.7635578664781206,-1.110118993101554,0.5929037922190274,,1.2220754206147952,0.9505428689262675,0.44879190480460845,-0.03818649376089107,0.4483254379260694,-0.7868877863655153,,-1.4900054805477696,-0.2577299166620221,,-0.3514562134259569,-0.24655284305382374,1.0800191542820574,-0.33444089343730327,,-0.4969983726241764,-0.1524849738100501,-1.5499426336649584,-0.014815242367390848,-0.7510521261348894,-0.31216625870521714,3.0355324816658866,0.17238320043096939,0.30661423972003665,0.1864180938521956,-0.9845916216748775,2.50030055115068,0.9002167587404436,-0.03834134847029295,,-0.35739495793743403,-1.0393637798738786,1.302108131765431,-1.2175368793524004,-0.6274026724132539,0.3945828089350484,-0.3303677188314979,-0.921483960487294,0.07162606388563866,,,0.24431869619820076,-1.0996881260542863,-0.6491744423386185,0.274911842715909,0.06403456194057086,2.2978014686349084,0.6918325727837674,0.6949467168626439,-0.854872351802455,-0.6951430879883749,-0.9113489692245206
2011-12-31,2.980917534500417,0.5689526335929762,-0.48542794167062076,0.21556583403454194,-1.253294514940002,-0.7304366147056595,1.412226883989161,-0.6995452548133936,-0.3139030392781132,-0.9303554985725698,0.3573039430679118,-0.3676122328989734,-0.6095227660036132,-0.8889216305781142,-0.06289719658079344,0.9098990581912101,1.0664720900536795,0.33163428367236636,-1.0144421035691211,0.7111259091585193,,0.8838402466941989,0.8897078637620853,0.870430985658285,-0.04851986778614501,0.23313114103075644,-0.9131188885526648,0.029635869648453925,-1.384545261110975,-0.4127739643886505,-0.030166474653294886,-0.3494696445814856,-0.04976128635154061,1.495347329639554,-0.23495421339412018,,-0.44321086691057915,-0.23280746097832397,-1.4988618714919326,-0.14628772217721175,-0.8220875067850422,-0.3747627242983917,3.4916119556072154,-0.055619831779710374,0.16907484965174202,0.1740648384229284,-1.1565282362954488,1.9820539315152956,0.7290000084527322,-0.09894697827986787,,-0.2978200724842163,-1.017104613667178,0.9310854301833585,-1.1851770678532767,-0.9008064970114514,0.5902802764195465,-0.2630730831369232,-1.0389541730479546,-0.14370032185201986,,,0.056177061545642906,-1.0285304731273386,-0.5798552318438078,0.03853563902046286,0.18436861377505404,2.4490957856989124,0.7230867842447908,0.48107959831344765,-0.8640600965393069,-0.5658147177702257,-0.9645641991752298
2012-01-31,2.576282716681741,0.8769721832002196,-0.28265925347577636,0.29837090340493827,-1.1618444235312493,-1.0248316375143218,1.2677003234437048,-0.8302795540014507,-0.3724458348547165,-1.0019745866714713,0.2071100656576677,-0.6863411266460739,-0.3276898285283468,-0.9730952392080306,0.37094260967550324,1.10352801054397,0.837814045056229,0.4060877473236904,-1.0579687293821016,0.6629140303360265,,0.8211827479128448,0.9402903849909423,1.028857988908322,0.11755999982831161,-0.19770841369628722,-0.48634398339416274,-0.14979149511669296,-1.4550217092530566,-0.645453462643329,-0.6550624261119301,-0.33379637930007305,0.25151994285415236,1.44757280790125,-0.17802832948872846,,-0.5408515233303268,0.07321601077079812,-1.6837168535408884,-0.15883683482029953,-0.7747328091547795,-0.35566726398002324,2.5239685720072536,0.568716463939647,0.3552052152148808,0.1450818179239907,-1.4355435254135702,2.45841204619447,0.6626891911063204,-0.22301355190996458,,0.11225060205298572,-0.8970662785049595,1.4937988041863344,-1.255651135982467,-0.9015368026573457,0.3466152746968725,-0.3367296813266717,-1.12690261931373,-0.047803440834489175,,,0.43708785399609457,-1.1043520782946918,-0.8463279416622802,0.4204700467845595,0.19762480214757414,2.549595278938547,0.48084027815288605,0.27003061664904165,-0.7632191848816856,-0.48827079364287757,-0.7878727866024952
2012-02-29,2.2580673534033133,0.7512010737501551,-0.39339620588839935,0.42005228469075556,-1.2702183452087445,-0.770904924984529,1.4015774420239797,-0.949247929807404,-0.061127764819967366,-0.7191049423183311,-0.2994600952935222,-0.6470844021191478,-0.04109655383695336,-1.084316333351774,0.5041974999297274,1.2166122147978624,0.8320983893028561,0.1297396325233242,-1.0525208038458493,0.9635875277903764,-0.7210625589316403,0.4401434438745734,1.6365917412484503,0.691653970990589,0.010648330926442191,0.049128601072613576,-0.4112941439407955,-0.302445199305701,-1.509250435169563,-0.536770730191765,-0.6412990715601644,-0.2856919000655235,0.25082945668620793,1.3560991441063277,-0.3303704888084324,,-0.6697325266960125,0.05450663950697061,-1.699764554542575,0.615820488986755,-0.7338684607322774,-0.33577909996692235,2.2482658271871507,0.48352592829442664,0.36924521546315847,0.2551442296475888,-1.3706649223725322,2.0190967974249596,1.0874319667876768,-0.24398161083226602,,0.36875226599656474,-1.0013653114120757,1.532335773438472,-1.4259210795413138,-0.7339459491065132,0.9071904924148889,-0.28230626469014847,-1.002386719780709,-0.050867141565553664,,,0.3094263441292232,-1.0527853419427085,-0.8368556532249278,0.1360187939621902,-0.31543055892892397,2.508918124445179,0.566311572166193,0.2080490322861651,-0.8408338459963804,-0.4729070570045036,-0.9979559409080054
2012-03-31,2.564413264170754,0.5333186411230412,-0.42677988805484807,0.7137760416558692,-1.6502568333437282,-0.6216414376804053,1.4517293631621793,-0.7798487274368968,0.46460374590752146,-0.6869252185350687,-0.2540643156540571,-0.5859298720810573,-0.06090852329037257,-0.8631222768197113,0.5178811935181381,1.6437523184947085,0.4709417133340433,0.3011906535923885,-1.0335143935996731,1.4660021328853952,-0.9477304140239701,0.40920430880650427,1.6309186754862537,0.6476525949472209,-0.02051510164069223,-0.3858187686954062,0.2196081224390203,-0.3683066678879665,-1.2109454539943947,-0.44416834253816845,-0.7703255764563695,0.0581385759283378,-0.3839036618870078,1.3921001618329916,-0.11421682324678552,,-0.7689985341624073,0.28220274446912996,-1.480023140135597,0.4468559874503986,-0.5428360558314403,-0.26932915114078043,2.790792432216857,0.3771253463036241,0.36914796726824256,0.3288379263437332,-1.4547139120428114,1.4150378124610803,0.8729184514237118,-0.22049597348052272,,0.2704537259859471,-1.0375534945834148,0.8802660176209083,-1.6389397296494268,-0.667148898773292,0.6939271712313844,-0.4483651212130451,-1.0892547100675525,-0.031937800013394996,,,0.21685640748321855,-1.253061032942797,-0.9258849493252889,0.2803196515255649,-0.34802270099849897,1.8107673621300604,0.5975839990261458,0.24006398492011125,-0.574697619547457,-0.666278208703019,-0.7987381860678536
2012-04-30,2.52777077837314,0.3574917015335225,-0.4942275728465638,0.3453764519125322,-1.3485872891382056,-0.44147681759394575,0.5463416277695098,-0.6928633505884357,0.46894654732962343,-0.8352333738271148,-0.2785298399927492,-0.3510143552843154,0.13612222029289434,-0.8745681850568258,0.23267712500752544,1.2226506112061053,0.0630790373592377,0.6946296758763321,-0.8031627585489557,1.5501759419625523,-0.49900997949272013,4.07514473715585,1.447071762257085,0.6100410469422496,-0.21624913609141322,-0.8504877264396284,0.06195972169055684,-0.47551797393112,-0.9244266268014032,-0.340738932789239,-0.6713719805888921,-0.13209541003374586,-0.3950029137788304,1.0586408241948695,-0.4499823003716786,,-0.5917576612059433,0.013570669934214286,-1.3504688207107467,-0.0967470309128944,-0.6654866807507107,-0.2919877232261991,3.2161279621137084,-0.1706738779666624,0.3342037761248011,0.32596740090696186,-0.8455756605192587,1.0162803847103563,0.9675469212911257,-0.44062990707680244,,-0.07805768186103541,-1.008768433829755,0.17897107461363354,-1.3450628847527117,-0.7383669949635447,0.7130464048240164,-0.33509946965247245,-0.7784154819089073,0.07033956961241097,,,0.4385931410096764,-0.9144307690678501,-0.7752829780935064,0.2208633016004543,0.3930556159745538,0.9308012893412674,-0.1246638034082277,-0.0652393621198104,-0.6325425713728433,-0.5514243070569553,-0.9084960047517516
2012-05-31,1.982144945006913,0.1262244218337683,-0.6420932716529645,0.3211899037946551,-1.4802001848357094,-0.005408448019306575,0.3698872457835428,-0.5871305412240492,0.5299026040743717,-0.8278340093838323,-0.5012060060481734,-0.12952363074892798,0.25752802277366793,-0.9634104346812314,0.5464594037081837,1.0748589037549243,-0.22410256222183353,0.6405703799081356,-0.72078073012223,2.05211181438847,-0.35252936273823443,4.111708599733246,0.8827638682495821,0.8382051198364562,0.25371691923965806,-1.2282123238073748,0.3610659400246864,-0.33159822522671145,-1.0534201960193934,-0.4881064550845028,-0.6768104011432654,-0.3615776363724078,-0.4029637196745272,1.3827298297279915,-0.3279405731334617,,-0.3644981327782092,0.16350629449911497,-1.2868897261626135,0.6270612241622762,-0.6387038625025502,-0.43841259950344164,3.149748167339661,-0.20813830646137907,-0.19345262702631,0.19411770426371155,-0.6861461600729626,1.0299542043391008,0.05063214967040169,-0.5537056639983563,,0.38701962977094134,-0.8186476760302347,-0.40961036583416743,-1.0943718729131342,-0.6792521003747017,0.7334682389896909,-0.4089585578620818,-0.7805541666121124,0.00923348562530265,,,0.07413946110224573,-1.0767182716614718,-0.556157743147619,0.16356760918877283,0.15724762166521666,0.42963238773080425,0.08403082207448294,1.323977838685585,-0.5492323557203049,-0.7516044640283532,-0.8639246826507261
2012-06-30,1.983392494225937,0.10786785521763245,-0.6212123246016918,0.06418902818159211,-1.6041727715084426,0.08215596761067843,-0.027745575896458274,-0.8225289326719646,0.3186722733524493,-0.8927759408630167,-0.6931301671102469,-0.27091426243954536,0.17983394293126906,-1.0722382402746629,0.8800778633348978,1.431621868476219,-0.33302959725250003,0.6234322498728849,-0.8132008925293964,1.650603731015799,-0.5155084650574168,3.511458723160941,0.7299478900078041,0.9285959316917006,0.08138647595588518,-1.2310424842262493,1.33485771604256,-0.8065838296598147,-0.8672508352043483,-0.6010668038517458,-0.8377666945420577,0.02734500699879689,-0.9969068377198104,1.2495056390479868,-0.1683986540226862,,-0.5107514761273121,0.568776481557581,-1.5007872692172932,0.39749887762601216,-0.229810512432086,-0.37764053734775455,2.487953064616691,0.2692515405065019,-0.3889961751710141,0.61461469783101,-0.5621433678673599,0.7534550484017138,0.06450788021860618,-0.5880735570301349,,0.23265761227905846,-0.7808053310505746,-0.14321322572148867,-0.9301270128163873,-0.6907891616698663,0.8534168254668709,-0.36599479057602247,-0.497704203306293,0.4958677016842209,,,0.5848640860090977,-1.383150078091996,-0.6845113911078163,0.37110444025383077,0.09250927915008958,0.5757987320813823,0.2466464320334272,1.596243229974871,-0.14502472990654042,-0.8906816790644289,-0.5779987468308574
2012-07-31,1.4338419152374473,0.13683728958797073,-0.6867459866565221,0.20143283715956528,-1.8130999188332495,-0.19699054362309615,-0.08210502128906157,-0.686741532683928,-0.09343784248993842,-0.9579996996224418,-0.9194537742110308,-0.3476011770651523,1.090487622478638,-0.8261853919275022,0.7695081252316645,1.9859609852195987,-0.31672301610078907,0.6419688281433173,-0.2987255218330424,1.5665705284867428,-0.535888229734947,1.9279455885640524,0.3778991204964512,0.7368155222242574,-0.16905577877107694,-1.2640369675352112,1.746000319548823,-0.8554931661234508,-0.9537979867377342,-0.8909765657445193,-0.7865012674140828,0.3375708114458293,-1.1998053052904056,1.5532071283505706,-0.4104365364131421,,0.15179751561217,0.930892400880701,-1.547649873621839,0.05461994872887776,0.038741633330555296,-0.56235501349118,1.9157949830454228,0.19229157780432748,-0.507759808483193,0.881561401520296,-0.5691066805690503,0.5783376252349544,0.316932918258315,-0.842333879273552,,0.34615375589876785,-0.6142343079236964,-0.6432799398959604,-0.1737765166906154,-0.9753638015405314,0.7984950846235361,-0.17435459756359095,-0.15871591740288982,0.45651792748981895,,,0.9175350324957072,-1.180874060793803,-0.6450965830258412,0.862514809219948,0.012174623229811478,0.9799225049226102,0.1427029367641068,2.0334355964746877,-0.22266844119025628,-1.177338403656118,-0.7253612657932865
2012-08-31,1.2201344104554128,0.13304600244777504,-0.6398042799950565,0.026381898674044696,-1.8670069402698914,0.3626669637687646,0.04089476650780895,-0.17868092694122018,0.10799364091051006,-0.2554309040090615,-0.4612716933490436,-0.6750540948726386,0.1850939204754172,-0.965952495929509,1.4629309136529007,2.3596432566447945,-0.25604814718642005,0.10243133137827831,-0.8269513567167418,0.7569777086431695,-0.8278767555707677,1.3809067855492323,0.4479096543854099,1.232352492423434,-0.15397870477847986,-0.9861099712855953,1.7841615901798067,-1.0216939197755641,-0.6858132059257278,-1.1111017563175811,-0.7118800861687545,0.09363064499597168,-1.1496423741975514,1.4718538516894883,-0.10502745726180465,-0.8360813801141385,-0.45746615541414415,0.87264300264909,-1.6452211599378668,0.006449486885980262,-0.03927629353782019,-0.03219244008787778,1.7792135876123965,0.208673330183004,-0.5717105760367999,0.9117511363071832,-0.4125422521032788,0.2185781939834401,0.764590120691542,-1.102261216632436,,-0.03657769221354647,-0.3609339791658663,-0.5897031957054357,-0.14588485624460348,-0.8817353723067487,0.37533176909710486,-0.03904275568492032,0.17272513461815514,0.0852750326069289,,,1.165587514381454,-0.9237197794017533,-0.7528891932313377,1.0839276468910626,-0.47708794361859275,1.2323250143589153,0.3495598897639756,1.9869860772682004,-0.05237920276945177,-1.2419043983973488,-0.3377168571652417
2012-09-30,1.385264316222693,0.3847597039096226,-0.7779079514081166,0.05607436988603398,-1.8719172410001064,0.2503361163132532,0.1661922214825895,-0.3332662657398076,-0.19617689472423858,-0.3167829538729734,-0.11799446392042119,-0.7336780819237527,0.9997290376021781,-0.9748743330956099,0.9864360560680494,2.3917592838061297,-0.6993419059489874,0.11963665996933481,-1.11443618444013,1.2223239203349348,-0.7672387619052267,0.8419698757806809,0.4488280645740899,1.2623138196690737,-0.27117535068456095,-0.4119603605169158,1.5720131574955383,-0.6099058677802147,-0.970203588011729,-1.0834528253342588,-0.775598784203656,-0.33850702733437366,-0.6717796652777215,1.6615912448723553,-0.3897082569872772,-0.6232521145732913,-0.5941503295541218,-0.13173412408160995,-1.7083501898426525,0.46262051642153085,0.09634324656436714,-0.11492018275598835,1.852847539868852,-0.028517752587290314,-0.4743723555946611,1.3333882158936332,-0.38710437906320533,0.8088095712259753,1.0344750408743508,-1.0566018635961731,,0.08568929173863862,-0.2977274422628209,-0.9528687207795834,-0.16386913926631502,-0.9771128864982886,0.2716900761437676,0.02859397112016652,0.3213865355711184,-0.017489474078490858,,,1.1926719418328242,-0.6344226485894359,-0.3571992713973507,0.9375040720990203,-0.3854955120934631,1.2899170049289055,0.12190431362153477,1.7278560963339562,-0.4983898043403919,-1.4332797288983659,-0.5199135519006388
2012-10-31,1.6266571018535676,0.1473792444726051,0.07378965975415433,0.3804057714689962,-1.682877879087928,-0.11605414229478568,0.05793079917333236,-0.9213337128584693,-0.07483843516707417,-0.32650617533344833,-0.29597023640457976,-0.8225834426021053,0.43393599981076997,-0.9853346604651051,1.9053981897029677,2.3179946797295967,-0.5162712981707779,-0.3965775621877196,-0.9802649289027223,1.3008820704855446,-0.8428702881492336,0.48740233746154077,-0.12577952054548822,1.1750779154089652,-0.23787043987398174,-0.5000755953630615,1.9199118539533262,-0.9123696261895848,-0.8798323998830705,-1.0707633336249494,-0.7698555062037558,-0.5018230217262459,-1.0910130499462427,1.2532306439931016,0.28703475998489775,-1.1269090903783268,-0.7707406856940461,0.5906450216333761,-1.6372462164645503,0.7968760029809147,0.5224765444198758,0.04047196814897503,1.3274624681914104,0.7078846669656629,-0.7872694505657777,1.5878257553070358,-0.6303245187884299,0.429923886398917,0.9407656926211581,-1.04776643997051,,0.8005870893880873,-0.29480099455819253,-0.7122511005339333,0.2119862058277023,-0.9051712576552541,-0.2901418144153139,-0.2731867555353414,0.6001727509657333,-0.3585019596186859,,,1.203174438362599,-0.9393027170053848,-0.49027949963832357,0.712516125892769,-0.4936824531987234,1.1880231599197724,0.08343203889086476,1.5940045349012186,0.09567544672359017,-1.4499292215115878,0.03260540701938633
2012-11-30,1.0149053094514047,-0.28494489596086,-0.22826967005932172,-0.06025434862706298,-1.4720449915862872,-0.41263907714087433,0.05109043068159601,-0.8472057572894548,-0.15525718134813932,0.1894038640136246,0.5961842232091309,-0.943838066258935,0.08119615201406244,-1.0924699616290272,1.4289463379122755,1.9985227808552881,-0.34027225449198334,-0.7759915627790248,-0.9874609560880033,1.02486894691237,-0.8159633550913991,0.5050360013767863,-0.05073344410170835,1.3822975603763021,-0.4951196409696402,-0.8086666917876394,2.470091669172206,-0.9344793159073437,-0.26354012090896883,-1.143062160148193,-0.6244853888690531,-0.6321410559986393,-0.8776496799601188,0.7614872858898913,0.056027455487096964,-1.2209719693375125,-0.6005391633755326,0.8181090071705057,-1.1589903265376487,0.6047940698999474,0.28441921877857856,-0.05497187856768272,1.1038329251880084,0.39631802548046463,-0.5763953682988291,0.9394303861603177,-0.6183115086896251,0.35766906634950446,1.1659867999505265,-0.726184034548846,,0.5707700631065223,-0.4007829010239693,-0.7311760450336319,0.32990664946576076,-0.8409864982370511,-0.3129156565344954,-0.5630678888029815,1.835994164820212,-0.4053722308146393,,,1.5220105342180876,-0.5536139333906286,-0.26755141873057975,0.29318354467004365,-0.7525245563825455,1.5979408478079642,0.31665422990492853,1.8758452625962698,0.2723283106788422,-1.3944008807233783,0.15467188405026844
2012-12-31,0.45424417075421086,-0.667457768576421,-0.2640941710849567,0.3519956132104618,-1.308797156637796,-0.5756069004558009,-0.0690769973698432,-0.5587482295117526,0.23811434641681667,0.10750651852169242,0.6730060498568194,-1.130858823351583,-0.250407128445857,-0.5398615864805087,1.1209382490485402,2.2628001828368065,-0.35636649812594223,-0.7317920823699146,-0.8492722722285857,0.7374651202001486,-0.7104872216308962,0.3674955363771144,-0.17800571182924171,0.8375680145514239,-0.44980907334286463,-0.8903602420962611,2.829913172312867,-0.992081079181769,-0.4128930595699696,-0.9977126031304083,-0.5631453691881,-0.4709104744732922,-0.8428934196692701,0.8106075759358272,0.04372543030162931,-1.0899426383886246,-0.6353593555549057,0.5211842603277533,-1.2411258169624655,1.287573348890752,0.34438710638612047,-0.1403267713342366,0.11506339594719615,0.6127790415040398,-0.5261345610763959,0.65372646260437,-0.33087234735086585,-0.09733314021063803,0.9762333044321071,-0.12794424658183592,,0.4021929060213013,-0.5382228807103201,-0.4545757357180583,0.43441011651905714,-0.5253199742954969,-0.5513531320692091,-0.5510678082257353,2.2960086360808405,-0.23357813250751244,,,0.8320153986715031,-0.5319468363766814,-0.31803361081106335,0.6574262545467134,-0.7967500911670806,2.087701502474039,0.2007959904530202,1.6521466511060618,0.24787661798588118,-1.3553407235626753,0.3335582558876447
2013-01-31,0.5089742016300569,-0.6735855212238323,-0.38453983725477864,0.8428651790839428,-1.4236946250028728,-0.44632796271014524,-0.14382590750942323,-0.7042117992663572,0.47351941115650364,0.5606883127300518,0.6169787702106285,-1.1303586848069584,0.0802754432425469,-0.5253371576907264,0.5901221463595171,1.8651790684954601,-0.20824270959190944,-0.714943455465672,-0.9770516371993382,0.5788449747828361,-0.8770083262880296,0.23241239803582878,-0.1435527291640868,1.5437174556750943,-0.21597527073197165,-0.8344396881799269,2.7477230085904214,-0.943627864377449,-0.036544215762839526,-0.9637491531301966,-0.6422058669918916,-0.6393344773994505,-0.9858455967657748,0.4352769073946179,-0.23217545479343768,-1.008375489023288,-0.18813780219822984,0.20231418318045988,-1.505052662256619,1.4763934099713991,0.4082216636546185,-0.06572477178546153,0.3291033887404473,0.22749963365277714,-0.6662101552447336,1.6620117247013289,-0.6154615135735281,0.9365031753648263,0.6582494093029858,0.2597714249447313,,0.22097057618525423,-0.7199044415708085,-0.6645641413984321,0.5329706412834179,-0.7601468896162248,0.14641216164866594,-0.7373469826932852,2.3252626469877278,-0.4324326761778224,,,0.49722867997481096,-0.14885769729740642,-0.4362820486951434,0.3238809743759355,-0.7613193777053939,1.3045025894184272,-0.07097650578587697,1.886774682536324,0.4016560042214306,-1.538449974569247,-0.03593081738713077
2013-02-28,1.0854492554649908,-0.6132501183510577,-0.4547836439229983,0.16722628575169854,-1.348396938141639,-0.5039146954105792,-0.2322356630717112,-0.7161608347959225,0.18594026253311116,0.11522067057492877,0.9207735096479117,-1.159492079207187,0.31995507447182314,-0.48687438351485496,0.4399699318750507,2.7736875066164375,-0.28495238686554936,-0.7747589400456967,-1.1849197225113,0.33820843088138863,-0.8368607243309143,0.13019568072841936,0.675199242999093,1.4643976809190182,-0.12686440648235195,-0.965932361313788,2.284174809719588,-0.8094196557498533,-0.2768837765387157,-0.5782296819178886,-0.7691147500277061,-0.47404575613094313,-1.1601615005287014,0.5757855496751304,-0.32230459604461553,-1.084706173806782,0.21028477058596468,0.2509429852544067,-1.502662943296191,0.9772521836838511,0.16210931173230442,-0.4037130767144545,-0.3647749671266729,0.25152454944214786,-0.6921903214931923,1.2990961446886788,-0.6153553209215248,0.8753261227703736,0.9021080725310899,0.17140599090559608,,-0.08151386209172905,-0.743666837554843,-0.7308483876415705,0.48487235491542907,-0.8582682295692267,-0.03363969072670713,-0.43936730608409863,2.3698830474985555,-0.2254349662008188,,,0.7042257491918993,-0.38242070975702197,-0.46747789440202947,0.3767931790149836,-0.6102829426674418,1.973094870812533,-0.01657304898700049,2.447972462141872,0.5821428357476851,-1.499340580454215,-0.05957323837719643
2013-03-31,1.0675841824470775,-0.3880815440138538,-0.28974037657951646,0.06576209784740626,-1.1864117044921623,-0.33617231901493727,-0.12951959056124732,-0.9218139356756981,-0.026804940014121814,0.09559061128206489,0.9780350594131151,-1.2227404923516676,0.3239000960076223,-0.5745358365811166,0.689937876765459,2.1464968228880585,-0.10850069864272105,-0.8049185159465941,-1.2187125711334434,0.08098896393277759,-0.8402709656999916,0.09411751215618491,0.24217059305912766,2.0209761106526636,-0.16967997843020569,-0.7612073142199218,2.468389812323608,-0.8002362572606427,-0.6421023756640831,-0.4841000939980443,-0.8302204070782044,-0.6570805145703382,-1.0027828844617825,1.1220315841054078,-0.1976165238842616,-1.0731677018379593,-0.29262415421156984,0.25847657474826113,-1.5660256285955683,0.3979750681932372,0.1421157273936276,-0.4214514590208691,-0.8934540667701097,0.3971443446124428,-0.7118946024885985,1.1244688801633194,-0.5921667065452879,0.7433930698581306,1.480005347586705,-0.028337887047953262,,0.05501086653621834,-0.6776979187775615,-0.605013321059976,0.7195556974309181,-0.9335969615667296,0.24333909690796465,-0.4370257609581806,2.091503316633374,-0.33360331105071916,,,0.9905478073060839,-0.4219380976954876,-0.48522110665176654,0.37691400613792686,-0.5176699001570828,1.986682393213781,0.0015978394469895463,2.80231894725957,0.35823756120898154,-1.3499106967480266,0.00820360328602788
2013-04-30,0.6752219635393002,-0.3609580566582449,-0.24772428490265766,0.08840563760778866,-1.2354270072626798,-0.26664109589292895,0.09302312083808813,-0.820991050396531,-0.28795579034689156,0.10128269660845665,0.962959705975442,-1.2505007986244905,0.0071823296534519,-0.32500535774670664,0.9428609036996695,1.8222824708505303,0.10234551660866728,-0.9837751772255061,-0.9495985396126814,0.038313171052037076,-0.8770819684779995,-0.8631421810482091,-0.172118549426048,1.3421370650628714,-0.07254691752406192,-0.5980350501744082,2.5897523677767027,-0.7386829472176976,-0.3025225104134968,-0.5171075386890648,-0.747209625616924,-0.648810266476905,-0.9536809734284978,0.8043022491683015,-0.03526743931040141,-0.8711468633939614,-0.4811099592357109,0.2927080567180357,-1.368295289235496,0.7381299095084146,0.2195770587838482,-0.27813495387325415,-1.0233275233754748,0.6020137417607447,-0.9366161537482377,1.728369093088866,-0.6125324568602986,0.6363687041029283,1.928971458555402,-0.005486853438812615,,0.1802707948193586,-0.7033796254590662,-0.5403531379137128,0.5780366801308656,-0.8679247770585639,0.15025574344011483,-0.6227056475426724,1.741710550128322,-0.6501294860406469,,,0.821333561322084,-0.6440749574277375,-0.25534024501710306,0.3659992159872748,-0.3581981133832531,2.306676681176692,0.03887184494700609,2.931329679760717,0.7096187887103589,-0.9668663173688239,0.0813091631646509
2013-05-31,1.0953591893014596,-0.5912357463999883,-0.36329544701158833,0.5257437765552726,-1.2141861250370458,-0.13069705245717617,0.8320211917904573,-1.0288540649437279,-0.057204058967705466,0.5912255039750953,0.7180739469310632,-1.2853072436946116,0.12513171546412963,-0.16845197015894367,0.7879572494714541,1.4055949633102172,0.40570381696471397,-1.0240518416502409,-1.08809675585267,-0.23215667207087867,-0.8475835111357719,-0.8538897346558694,-0.08329987022382551,1.7528883472407706,0.4301662614751781,-0.8938932867481945,2.451420589075055,-0.6970466396413243,-0.5910429935623986,-0.5966577048072115,-0.6857702641224445,-0.33544601633825033,-0.7811632644658302,1.158095394874525,-0.13973989892328897,-0.6832794092590223,-0.7468134804829035,0.294612620175141,-1.3863726549529178,0.38549495108878556,0.18146792586332963,-0.149464066858088,-1.3953214254776758,0.5265503901449496,-0.9387271504525435,0.7456080158946014,-0.6175178186266724,0.2987522071524094,2.812714516622487,-0.07690627042863737,,0.23298116164310706,-0.6696862289743151,-0.3541699639677065,0.044929783078266186,-0.8174715007148556,-0.10005690729465859,-0.5604943801590162,2.347798203200233,-0.532744519011163,-0.46980774942225645,,1.48592022832958,-0.406116618882343,-0.36019817505785423,0.27459669327338465,-0.5724259079965585,1.6107133650199796,-0.03945179649218996,1.9938757658694186,0.3811075745866596,-0.8498794634977834,0.1166507468793314
2013-06-30,1.251900920360743,-0.16924793261896331,-0.5050954987495249,0.6955591540271803,-1.4377097540669015,0.39211889002501105,1.2924408929868783,-0.89365782628928,0.31071019172471337,0.2824123547147317,0.4874092099766901,-1.2241114396633554,-0.20045755957774825,-0.14498690198564465,0.6136690774056149,1.0075129414685147,0.14361354849396538,-1.2548007950938251,-1.1477491572254275,-0.017352586454628314,-0.5506806631367053,-0.42339598377715076,-0.31126232451805635,1.9516308898868326,0.888272187636903,-1.0361487836569225,1.6384699247841819,-0.5559835003460772,-0.5649609912406847,-0.608359839041946,-0.5484835308732346,-0.3954288647605188,-0.6375965979246325,1.3720579289010773,-0.3667869331888229,-0.4191523886841941,-0.6562711054580262,-0.2342138205073028,-1.464446159152016,0.36212191840268765,-0.3493608492895951,-0.15993965621553807,-1.4520671526174775,0.1718843486316093,-0.9285889612672662,0.459354332528166,-0.8331584269613423,1.3087746079540123,2.5248557902515834,-0.008569387592306838,,0.08401246257667475,-0.8914757491988782,-0.610445229907325,0.4783630157350733,-1.0602141681177668,0.059807553417176966,-0.38631633333962334,2.3784735360548575,-0.5156225394424274,-0.29468275095457663,,0.9946332464613018,-0.44587679621807735,-0.34471862107817375,0.034452899870690085,-0.27573987863937083,2.6515841579287778,0.045975225974979966,2.286562457648869,-0.2136334038807099,-0.6474553299007707,-0.5248421820739396
2013-07-31,1.6671881005267817,-0.2903954923206916,-0.586021043308585,0.5379100868846182,-1.4313287983357617,0.4332378188335574,1.79742064115562,-0.9951006965050067,0.43810244221854616,0.29901254921312387,1.0404697275869268,-1.2610817482386307,-0.7197387797687369,-0.21855772738118062,0.8052294181018866,1.0585840918695106,0.1535384534375863,-1.253587641706815,-1.1521786020338964,0.21088423351723182,-0.621893681759064,-0.10887534646196367,0.1270552207057511,1.9711056702931757,0.463236522751168,-1.0937726101180343,2.1686571248851814,-0.3893339882749498,-0.5278974296143837,-0.38769281896437874,-0.5774432111445241,-0.08726582913445528,-0.5884972588094434,1.562950266629881,-0.5494750626615458,-0.35587881797653814,-0.47712004231749,-0.5901688782338149,-1.4289254068357207,0.24213874035071298,-0.662591560483313,-0.08744573549043036,-1.5249113186495318,-0.02686327734835774,-0.8529009275175187,0.3049920932487174,-0.7361383854259994,1.439729511938056,2.024910809393418,-0.033102142714237136,,-0.02948779685615564,-0.7582379468807094,-0.22952464228509498,0.3261669183642979,-1.1825595697069102,0.38160101660800333,-0.36894625026711286,2.4593830779103665,-0.694413603820652,0.18175742969857603,,1.2484216234679528,-0.6200156965247253,-0.31320536762669393,-0.06990418813914152,-0.32613010469683706,1.906762579949834,-0.30198830192647996,1.8607399270876626,-0.4873085958597183,-0.7423350946117168,-0.5369008612159716
2013-08-31,1.7070255147479791,-0.3153127619266632,-0.5682306079514418,0.7213425994214024,-1.5133379326154672,0.5107815235947133,1.7664545967717251,-0.8610294217637093,0.27956554610325957,-0.1498411168833018,0.4323067196773605,-1.166212997155477,-0.15518527420566738,0.3019618739264489,0.3069871712579983,0.680830237106869,0.20568365863477706,-1.455439892077962,-1.4567320601035234,0.17585139285718676,-0.340526456621062,0.03325897894616828,-0.13838359569762276,1.8349977151658097,0.5683363611329535,-1.7897066717840266,1.0251683744551943,0.007019850188648782,-0.4799021113434679,0.2027847935477138,-0.49517473657080197,0.15586335099654916,0.27245821631291944,1.9321881079749843,-0.5368486651241524,-0.3641225639576759,-0.5825432552948481,-0.6360827473839835,-1.5362481981037501,0.11285632373030696,-0.5819785531412489,-0.435285521898169,-1.7128681849518457,0.2783141449597234,-0.8680276028765606,0.202832528567425,-1.006612196327198,2.1381578517656505,1.792978831249471,0.5272573210129977,,0.13155570411684595,-0.773163909946094,-0.0523423972768063,0.7320390819359286,-1.3653027595574398,0.678708613420078,-0.21597759339148462,2.0889947345455884,-1.2924248612395242,0.44527395548834847,,0.9653870403560134,-0.7018167731339663,-0.10162009739759552,0.05031367339964801,-0.31002176511799945,1.8632962268635633,-0.10525625508247093,1.4185900408670893,-0.380515142647815,-1.1380270775313877,-0.45588225625050066
2013-09-30,1.5583955762020465,-0.7597773546874663,-0.6155620760398975,0.27702220630178426,-1.426864565470148,1.0011663332859932,2.4189383809279845,-1.0128405138539625,0.6494386711355429,-0.19014446801702034,0.7645719144838601,-1.2782911954206355,0.057062223466716,0.13935107636784821,0.38896943946173407,0.9246399109374872,0.38064353853599786,-1.3571076898004613,-1.4281482881397187,0.06822610713781214,-0.5086836681173433,0.013674703538046876,0.30490162685990535,1.3765725609588826,1.1863104989638857,-1.540113054981469,1.1087119251805049,-0.4262560598101813,-0.5070585627570191,0.2038007888714992,-0.5578183432876102,0.6763104287329447,0.19976940555394318,1.507668706331345,-0.46229123367615543,-0.6083627437274247,-0.3330260824007458,-0.3873237350129016,-1.436581365659389,0.35263922880623827,-0.6194055509380971,-0.38435635764825626,-1.4432021233074706,0.3003973462405092,-1.0679143936928044,0.1574904922172664,-1.167361458729027,1.020945068507914,1.583063790705448,0.04968229246702854,,0.07668446045452294,-0.70761847699711,-0.18527199382271542,0.37038558229304624,-1.1993369629300028,1.3309922621226788,-0.2768616268097279,2.3475225813142333,-1.339424245107957,0.03588769558313324,,0.9630823579259169,-0.8303452256854404,-0.41739508865083846,-0.18347111211123507,-0.3156927510077511,1.5795152413991511,-0.21749631964403437,2.2311905622403136,-0.20946355672247163,-0.8818884607793177,-0.5134905825502117
2013-10-31,1.1421535985840503,-0.6165591767726405,-0.8153631642664314,0.38815621991065047,-1.501802437485139,0.8883420549036002,2.1180982080533304,-1.0358601132355105,0.5455887565859193,-0.1275803589737208,0.8636517039353937,-1.2402724781168617,0.27277844872723,0.12668832107797337,0.25008608690886336,1.0410539100587684,0.18001132184804614,-1.2878607291551731,-1.5284430231481165,-0.17082197604391358,-0.8150669177167916,0.27999190046748623,0.23058996010076566,1.7057141617188423,0.9530008751552622,-1.4818779889304678,1.2269147671883855,-0.3865620773028475,-0.6450166590848049,0.0728612395281214,-0.6677628812678267,0.363878898934228,0.49869560262190793,1.366555547440484,-0.7059454988469429,-0.04874037125223393,0.0420911288042557,-0.3746132979908171,-1.4214144182169455,0.22412537360796167,-0.7411527877271312,-0.3313915985367913,-1.1032217134687514,0.11332429076765806,-0.5743313390428402,0.2727548053372235,-1.163302874441331,0.9099967436338072,1.7051650662718068,0.4875273863111726,,-0.4015345098307202,-0.8584731988943045,-0.17813738875660073,-0.04022090591107362,-1.1784222109802462,1.2957003338608222,-0.22552209794573122,2.1589127873551126,-1.310370770059193,0.2342114214031614,,0.9850310639994211,-0.6591714933224333,-0.28594716325371894,-0.039264902853377706,-0.44292616935591783,1.9797295655703078,-0.2177283553637696,2.2734410305437134,-0.2919398623915316,-0.7225993798334738,-0.6226504129702726
2013-11-30,1.1691912756156047,-0.8286906918377127,-0.8714963057250027,0.6036401278773288,-1.451882007113292,1.0399405532395756,2.1850591885655835,-0.9571643425659466,1.0207360163074382,-0.31544403337958266,1.026393350046572,-1.2359290172121613,0.5553329880772154,0.3849691507407452,0.7066604514391295,0.8168381800835687,-0.07170445833247814,-1.2647504660599291,-1.5172716156036938,0.221094950980412,-0.8670597269377245,0.23028672834585295,0.05653614400258435,1.767562189449184,1.0077517597732069,-1.289280277320324,0.4139323636231443,-0.17958281491701106,-0.9072607327528143,0.014832996911674204,-0.7686387521391649,1.0200255220067278,0.493790035858501,1.02211539872401,-0.7841284027054702,0.30084756396637413,-0.1547649138496642,-0.5640234477430991,-1.5640552287409117,0.14609936508330784,-0.7599258068323548,-0.31528951676736505,-1.1675277400476025,0.10646506999366996,-0.4707759578977338,0.681981215486171,-1.0559762505322157,0.897059978636321,1.6944726740781175,0.27603260482338177,,-0.3969978271215873,-0.83504855836468,-0.368850209764805,0.008826988375879452,-1.1337970617104942,1.5214479451834295,-0.16543901823274546,1.5709367252399609,-1.2890912059245547,0.2353653690494997,,0.8504610975713622,-0.5879532934391241,-0.2534561802807315,0.14566701975284443,-0.47940001920977665,1.6444508598271435,-0.2404177464955678,2.3457580325861325,-0.41369462693829306,-0.9849204882640227,-0.7996064509822652
2013-12-31,0.693429016984483,-0.3223083686344604,-0.7597434630611597,0.9031336165345218,-1.3138943096900162,1.1410466010574232,2.274916219182625,-0.8912921352466311,-0.12382781563067462,-0.32966076076593814,1.1951858082896283,-0.9608780288412345,1.2751060193702364,0.33624209582269554,0.6043984918845784,0.7989392130246056,0.0931355610814052,-1.2387758508464886,-1.7391482319816967,0.39954929634257036,-0.4640909942405625,-0.05128848086500644,-0.42161789761181123,1.5829655985194964,0.8046494462084729,-1.4558383045219612,-0.13183192244734304,0.2145461730554664,-0.9446134297074381,-0.07861670457265282,-0.7091012066710576,0.8599338924554315,0.6959005902740126,0.6469298525517112,-0.6978496559040026,0.0010533608192391164,-0.9026407869897807,-0.8275255853375877,-1.5722175272945045,0.46357288929367363,-0.7151229501427431,0.06911625659570916,-1.2156556371351817,0.10069801032855855,-0.9044091788978723,0.20530942733382768,-1.0709372268103479,1.4985911755700698,1.269211240289505,-0.025281510475818805,,-0.22559824724185443,-0.46890294432203083,-0.10021891395591895,0.644459926422622,-1.4552467596360659,2.1213550985257887,-0.049742773080838354,1.0393326325910286,-0.8337648766993281,0.7487057841275366,,1.49370250549076,-0.9275108835173358,-0.43717244903594904,0.09797791365743558,-0.37248292388260196,1.3020514812325,-0.11034094397675977,2.255384255767463,-0.58642469579451,-1.0058793621465274,-0.8728414935700437
2014-01-31,0.45380598184177035,-0.1700795866618128,-0.9557007034490141,0.8127496192803247,-1.5304824208843846,1.9188149545766688,2.2152091360240576,-0.857084669177609,0.036966768835833046,-0.45568518998685625,0.7567514633988913,-0.8622623313180995,1.0046457897622776,0.6818226225001945,0.5528006336005159,0.6920780329544213,-0.0011849356108284464,-1.2169746803518602,-1.605943622075012,0.2504683986436727,-0.5315383635789721,0.29275762207060907,-0.16530535972082908,1.1738983303833956,0.8922187419280153,-1.2880861128786356,-0.07332704315065014,0.5604504432223117,-0.981444810189061,0.2066392308044265,-0.457962845942942,1.4879116948888134,1.1725064818237187,0.46313656319597785,-0.8474442267045326,0.1490224199782406,-0.3569551329899603,-0.8469012274601904,-1.5337374680502327,0.0736237403209923,-0.9254404840782857,-0.12586608590297926,-1.2125657316278153,-0.11917953652614872,-0.5782604243368266,-0.15680210339354078,-1.0318419057516275,1.1505720805664692,0.988718388604558,-0.1755755914389458,,-0.48429607889679305,-0.3526235186987427,-0.19947911960603742,0.7404312202436101,-1.6358104899298511,2.537280628673455,0.22472535963523835,1.4750814720951084,-0.7842816514638604,0.5485329277163515,,0.7053283781788039,-1.0876646773041643,-0.1893731993782687,0.09860401618120802,-0.4260919763077893,1.0656240532310897,-0.2554316397413185,2.265021952222417,-0.774192998421547,-1.0389618087734924,-1.054914249010974
2014-02-28,0.8172333465969315,-0.1845498275811866,-1.0465825460061562,0.7951445275391277,-1.6470733142796412,1.7349401940261782,2.4134310863588815,-0.9105845381729767,-0.15013481296613068,-0.2912667178849933,0.7199246617345674,-0.9185885448660509,0.9135321090777909,0.9569046913341855,0.8381357136352876,0.4499431974146059,0.12642123678592657,-1.3068673088522218,-1.6964078526529995,0.4743791668451406,-0.4017102650588096,0.6866717434396127,-0.12267602134259031,0.7349359670066955,0.9818622769325427,-0.6295227709460736,-0.08034820573117697,0.7910549013308535,-1.1057597611610974,-0.00894267434225049,-0.3753249550982715,1.6975776541510654,0.8813024686737817,0.3186666913778065,-0.8547149059218428,0.12079622856988513,-0.41015923351345573,-1.0396167796784166,-1.6496139270185473,-0.22075825773694438,-0.9797096845445729,-0.0039055630222459285,-0.6520633108357516,0.0317992129538042,-0.6072261267376137,0.4589548671214169,-1.160566738836657,0.9072838717990981,1.136236254004509,-0.2993842139891367,,-0.34894508975741645,-0.146645828665464,-0.5169655300473786,1.6184577896896377,-1.775734599226452,2.2215090640016504,0.21062151169123342,1.1565957861618918,-0.9447513999248506,0.22064121276344778,,0.6496545036102828,-1.2128948853628747,-0.16996528558652588,0.10420605949533004,-0.2962882154757208,1.100940482950362,-0.21071520958872972,1.376718659013802,-1.0572983082708138,-0.8165733537666717,-1.035213719514794
2014-03-31,0.4422584802234093,-0.3228349586959011,-0.6939116550381191,1.0503723516980745,-1.8168561181903409,1.635226453481406,1.576805172300932,-1.788185520200686,-0.18318173475232888,-0.41974355614778386,0.7251188687904881,-1.0601192582811898,0.44039438641618334,0.7356098773616091,0.5472998406506193,0.548806396986899,0.1294088050493011,-1.39662887779161,-1.7662938514951472,1.0626950828897217,-0.6802103536243534,0.7215502232297776,-0.11603322983078196,1.1202600376484557,1.080961075808149,-0.6306391290167932,0.11543116005275797,0.4994831383366661,-1.268320326157169,-0.19672256713392228,-0.25925602620436755,1.3797892449569327,1.5389030110780095,0.31350140948260985,-0.5056395494362576,0.15013469909189703,-0.028567168817193945,-0.6703257515258549,-1.672992143880266,0.07617022970381976,-0.7339417416765921,0.11258542587062759,-0.43531037395849226,0.1535564498031002,-0.783236963122049,0.7214430038816676,-0.8033099285676076,0.8460334225176472,0.9172267834081286,-0.2511070608901421,,-0.38459366893878744,-0.09938656402496533,-0.6040626938806422,0.26848246127992026,-1.7600647455559277,2.558205801144376,0.27798191419120444,1.055196292622243,-0.9444419087742012,-0.010601683913945281,,0.8647745223353496,-1.299922899069128,-0.5330558933753304,0.19397126201971895,-0.49267170871665594,1.1657901147518168,0.13542895600891172,1.9687118535593489,-0.6313267813188761,-0.7037539679278454,-0.6623943211386912
2014-04-30,0.5992596913082153,-0.40224354961472214,-0.6679884442863858,1.1948119116573608,-1.2958624396700986,1.5988557888939559,1.9374289079112152,-1.562791611872977,-0.18941579516940527,-0.2503358896922912,0.9324184339061876,-1.8396383040496285,-0.042974505526671467,0.40651507753293953,0.5568863292139509,0.5788731664609711,0.314175969468249,-0.8778541065764472,-1.7605455890621893,0.6773464811646382,-0.9309595484024404,1.2585274462003655,0.46466198251639423,0.6372162162949891,1.149316537247829,-0.9111756652443214,0.24216386639487847,0.43699673730495264,-1.4198821049272168,-0.20016726903983192,-0.4556821144717405,1.0718502632394975,1.4929632815370917,0.40121315797752277,-0.5707278975832665,0.4477171462103215,0.18350448591574456,-0.6930012762690417,-1.7950700560081152,0.002746469333674205,-0.7699432771561656,-0.025876837098877288,-0.2914133152313254,0.01464896975084552,0.27614171002841464,0.7762935151036491,-0.8169002551794116,0.5969091606991206,0.33723676917821666,0.05592513244302014,0.6317654462243608,-0.41793272081109034,-0.33866960052090916,-0.38534449143391314,0.13988434961516616,-1.6081890667577776,2.024950636888517,0.2737835273465851,0.8180737494154032,-0.7726374321658813,-0.1840967662041599,,0.9666247665056433,-1.0832484631391137,-0.5566319242367689,-0.0020544373797618176,-0.6333700551518228,1.0583127171367477,0.20897547762912147,1.47120267475031,-0.7135480108105308,-0.8241550493492414,-0.5635659825219808
2014-05-31,0.2414176405632556,-0.2627197372954563,-0.36232555012914647,1.0224485643124805,-1.7749792223821161,1.8109715738624586,1.1390117389248848,-1.4213636166806913,-0.295935699627675,-0.5859688603512903,1.5435580843759085,-1.8746780963743217,0.041491996645811186,-0.025395687272762157,0.39954709110765424,0.4969234959853104,0.26502305536598514,-0.5348447064184741,-1.8844022576356687,0.35150457965290705,-1.2815453381619066,0.9804847370975883,0.2831755097590926,0.7375017334595158,0.9808208760349589,-0.16580177011672198,0.3001708507049851,0.427098354975216,-0.9445453548002678,-0.22982682776667973,-0.6469100694269547,0.9276879002607085,1.838722113877981,0.6595708085979436,-0.36753257985196197,-0.16649220784070448,0.24708217302398894,-0.4207273258690203,-1.8587565878882621,0.3703314401746069,-0.2984812982975759,-0.2552182083690511,-0.11903618724460616,0.269681704322979,0.21757153848630292,1.6008049670744207,-0.7444575229726941,0.5895768920460952,0.11516995744138099,0.11947420381803069,,-0.21351653964388018,-0.5926190548718158,-0.22388216271337577,0.30214563420297635,-1.7579664317449109,1.9817981813120829,0.3831233987266635,0.55202326120124,-0.9114171276476085,-0.6931444128509293,,0.5708479186558464,-1.3956436519399178,-0.8473209691194089,-0.04726536994985077,-0.703143165085945,1.422782428767166,0.3689300656487407,1.8371279697824938,-0.28497892803520225,0.1019405984721277,-0.3494804593041552
2014-06-30,-0.10229898955406555,-0.596684824717892,-0.5037374193490488,0.8155772753754618,-1.5756888463991952,1.1984815333026533,0.9958218055880067,-1.4072292868300862,-0.7020423584816813,-0.2704859298084561,1.8353025430169636,-1.6392197984264723,0.549043294353969,0.0747634875334762,0.22499361892943795,0.49422947745937934,0.25459523354080804,-0.27127408264641784,-1.7403783590004391,0.4221069369762531,-1.2262081714762771,0.7595872370352746,0.22507144728865028,0.18793839594770767,0.7447856767745484,0.7697412740208918,0.1954500709662491,0.5056645066980314,-1.0477701393018068,-0.3034173106890149,-0.6000805361932913,0.6966388546917005,2.5179150853336965,0.23997479062730842,-0.42324254958650487,0.07893099458934445,0.6383482810819192,-0.341865057395776,-1.6723330917400747,0.33701461082181805,-0.28855540901133314,-0.2150906637588636,0.00767096506808824,0.30239370341934174,-0.08858897694064338,2.43786432295489,-0.6085259124676742,0.046847798533991375,0.25468605830737606,-0.05188048706531487,,-0.24637481751393667,0.19682318291884326,-0.029353499282810492,-0.11258158925447757,-1.6997579229152686,1.672047835821809,0.19198206571772958,-0.12663458628136345,-1.2471738474625906,-0.4844577247614378,,0.628226954526846,-1.3431410468210865,-0.6414648333211967,0.008937656747886989,-0.8997212481709077,1.109129987601772,0.06762839820955886,1.815879212367018,-0.1631790042781242,0.3794076292931785,-0.30417334027978615
2014-07-31,-0.18174325815677347,-0.6167464600241226,-0.1927497569046418,0.77158267346711,-1.4836672637022692,0.6266984511626175,0.547383681180123,-1.2805366841429795,-0.7980385990323239,-0.46514349110141306,1.0339468836438983,-1.0451712469772079,0.9160312576350644,-0.0623780516173701,0.23069161003665326,0.18803172218762187,0.10562390723223326,-0.20708073880288017,-1.7704210171732007,0.258398808725606,-1.246444432603269,0.9104544703539821,-0.03157808280410835,0.13927931324322892,1.1557247702256088,0.8364429804184561,-0.14591321913259644,0.08261774986573958,-1.0941723038074884,-0.5199716933328453,-0.6023259318851376,0.12153221842800295,3.224342082652221,0.4394977401868286,-0.11801901153370074,-0.20680327216659825,0.08831563973447844,-0.20307528342259304,-1.5029446226062473,0.5245058983514572,-0.062024421259221266,-0.05329246573366975,-0.2448180411099851,0.5924252725358653,0.4145897316255799,2.974617216783041,-0.931582041510733,0.17264220929610927,0.09659781212550714,0.3600316163008696,-0.9036594714703682,-0.25964788828988666,-0.10219781784020658,0.1284718476710342,-0.40576818528449704,-1.4850209916552044,1.3465156807996963,0.20813028732050567,-0.38960574064235004,-1.2366123068098671,-0.8680806292488432,-0.5863658758764079,0.3177339423646102,-1.2328083633557438,-0.629178354639203,0.27184971272594993,-0.7055350268924432,1.4819673540704397,0.3693424491996797,1.2071750407995596,-0.014426939812285686,1.8922050334447928,-0.14984808343348824
2014-08-31,-0.20172834882228236,-0.24892101370367523,-0.36635093773267435,0.8097319836475116,-1.5263637223405842,0.44571460276843144,0.27026080642877565,-1.384584896707835,-0.9324497413539211,-0.35408328504328485,1.1608488647568722,-0.8655032075061819,0.6549921854684169,-0.1419715335399135,0.21621766507055712,0.4362751556248648,0.2684874492973159,-0.41758995021549783,-0.6037748519222875,0.34658812068719347,-1.1319249289924738,0.8208706631466373,-0.04195988651128894,-0.03103596564550595,1.3688588236886319,1.8047708765269412,0.4307793562958848,-0.03288378951660351,-1.2157328491490975,-0.8637475411970378,-0.6642629420530088,-0.057412618192655855,2.4785400427747883,0.2713754468589571,-0.3615222583837409,-0.20796592802575256,0.19133525608633356,-0.2972809313384124,-1.560588887016372,0.501368216360524,-0.41153813960204927,-0.07582554179946754,0.47322442593430153,0.3459616443503129,-0.28526069099619267,2.734572226339042,-0.7666231454489436,0.0976495801961047,0.1846434206787145,0.17691216367878385,-0.9587939516822265,-0.27001126563886513,-0.10857825766099682,-0.2571670271950467,-0.33724058637435306,-1.5143434887018583,1.3643097305017304,-0.30077064581326696,0.08182310403021575,-0.6430469137068298,-1.0981966918170079,-0.6035723521240557,0.47008452560762876,-1.333246217519468,-0.16711805775816793,0.1988064537849531,-0.8051724360280268,1.3076417696064595,0.10434347484501628,1.1897209276976601,-0.174857547345599,2.7651014587797045,-0.35080744939675973
2014-09-30,-0.29903432583372475,-0.1861549749073978,-0.48362987841618554,1.4302240512999485,-1.380099068950954,0.24097934271749794,-0.02600137493782224,-1.3291626586629608,-1.156902844152471,-0.32147212780281675,1.160641941322316,-1.0258885673083815,0.19235432690747664,-0.055671155395958696,0.08095439343074186,0.23888667107819586,0.24782316064573065,0.05898175019221174,-0.16622025688570158,0.24231232099324065,-0.9433666021182346,1.444512989343734,-0.1575688937797842,0.011128403093861278,0.9918325063838144,1.113421426940806,0.565004225949415,0.3688566479254277,-1.3068336212056926,-0.5781542316985718,-0.669579257063576,-0.16865704923413183,2.4697719386490875,0.07700529304195618,-0.3700029295402801,-0.1458234643342823,-0.12424095948572977,-0.6141170585388558,-1.492684701596003,0.7263259319293167,-0.5290768736665314,-0.15421004205610273,-0.2545229243279009,0.26792635296304296,-0.04067146701269695,2.8540335168307225,-0.5224222074684178,0.4013422007547508,0.08223996197082295,0.4234206512610894,-0.8361198881586336,-0.2437906710318786,-0.2603695642508362,-0.023158070338540518,-0.15715998273398335,-1.341852670108965,1.2526779383879882,-0.3144478740760205,-0.10653241642140619,-0.5670005172875978,-0.9622749764684485,-0.6568312267125782,0.36761369527866145,-1.2067015081419368,-0.49766688105879786,0.5176063385532106,-0.7289475014230806,1.1918990808879697,-0.0858098090960147,0.7109199075059024,-0.5937308087744555,3.7323992685330043,-0.37853235230760424
2014-10-31,-0.40970736743482633,-0.46457209028994656,-0.39604219985566635,0.9340784949108702,-1.267115040500492,0.03938486908340787,0.0647921720579499,-1.1772457922533481,-1.1523174050208262,-0.6443654199911508,0.6817602781199446,-1.0922358509291523,0.19739970588986835,-0.16135755640226787,0.22453370838823675,0.29134133753288105,0.09133212854455168,0.18033045148048488,-0.16170972011648851,0.3315328063887016,-0.9471822219624972,1.699609366508525,0.07274582016340753,-0.1899754130782762,1.2401074531562173,1.1797282490394667,0.5184393091387515,0.8985396611030597,-1.3199944336964087,-0.37371593452886814,-0.6847390817655616,-0.14960124154329796,2.4359572397123697,0.17986831539393588,-0.21654248473086593,-0.693059048508375,-0.18805568013221174,-0.5748812698079182,-1.3723445576567757,0.4488021317325788,-0.35656948552590106,-0.31539248241630197,-0.5214523967093232,0.3174512664406488,-0.29975345166249484,3.252041472469532,-0.30392061330880565,0.5208176637800079,0.23601770697547314,0.20837217136790678,-0.969963633078404,-0.12935509966606112,-0.3246250187155396,0.3264428522505897,-0.057512251096397564,-1.2650647054561799,1.031446121026929,-0.21627108049614596,0.1338160128200638,-0.41188944257704324,-1.0493104746261277,-0.8175926318303326,0.39383551010007856,-1.1776200570791053,-0.6882887920091817,0.2489302958926943,-0.6101488650454168,0.6816654596963003,-0.12478435862516955,0.644450282058041,-0.35057511483392867,4.15427762157002,-0.2329981698304102
2014-11-30,-0.793724570122478,-0.5979892964184848,-0.08647803771105901,0.755160329153759,-1.1170906183227034,-0.2275608706570141,-0.09457641926704159,-0.9415265254397656,-1.405243638999339,-0.43240329183373477,0.32667904617140375,-1.159732985751283,-0.17354828417346774,-0.2744532232467607,0.08784926364101556,0.580815231483602,0.2417073741998346,0.5121510155716937,-0.9595228199515369,-0.11927894122099077,-1.0977735909055484,2.133440392018464,0.10312684938243878,-0.5002830924982613,0.8964622401806149,1.1554565603503864,1.6924894165012097,1.3179794835698686,-1.2466233738278818,-0.523198055688382,-0.39493774958621625,-0.3054174447268499,2.182321252583166,0.3975457235270572,0.14494808162523895,-0.9379177436193851,0.539070139973137,-0.5375393382235322,-0.8870773176380637,1.0958540365356464,-0.09522191638878393,-0.33147573068390196,-0.8663561239284999,0.6183525145851564,-0.36121662268605875,2.058149473885682,-0.1474739529001114,1.0136560394461436,0.05921190881918199,0.42759928765652894,-1.2178751461964776,-0.1218121558404066,-0.5337531952359394,0.4877763925060791,-0.42836689035457043,-1.6354576297280283,0.8928810024541057,-0.0752037936471518,1.0657083331146815,-0.3231158190941792,-1.2947583847275328,-1.0285034419872334,0.7746251788600584,-1.3879090087265455,-0.39732862794228274,0.1628210389885365,-0.40303089835501116,0.4776781056277477,-0.21200720269948056,0.39688257995165044,-0.2528342215344451,3.2894332095826764,0.039766490539651804
2014-12-31,-0.7024298714190502,-1.0871998862919778,-0.2826757549093955,0.7088171668858615,-1.2042491346697226,-0.49567452211495616,-0.24813816366916114,-1.035324559763683,-0.9440844992787276,-0.48080248646377144,-0.013871135483820496,-1.0381869941183626,-0.1611168358247304,-0.5001719037441313,0.2240147806332575,0.6632642805617194,0.008946195723934378,0.46673742199802404,-0.667095026252504,-0.21806042918141555,-1.4697215000384274,1.9080315009179591,0.28192142869014175,-0.4670495702437254,0.8176276658017917,1.423395798392818,1.7292288789294012,1.4696518382420098,-1.027892198023567,-0.5218358884538036,-0.28235118494092193,-0.6200713678634946,1.61761804698861,0.676367841124064,-0.10004527554163661,-0.8040094325778657,0.834050498481803,-0.750392646607106,-0.4959366141385814,0.5761135911206233,0.20082170532952384,-0.3729436657556616,-0.7096042489630188,0.39659240724414085,0.04812632467100144,1.7731894649771702,-0.13804549643299305,1.4135998191474919,1.5547661993944453,0.4396127028918193,-1.062716485614396,-0.3886877459444278,-0.5023328313388685,0.3039423908757639,-0.8385446154137444,-1.4158404555106114,0.514300282753544,-0.11016732871619113,1.1483259432343325,-0.7262814061332593,-1.1889052230001989,-0.8490874809072168,0.46527148256902234,-1.1033608457639674,-0.29887737569459555,0.04981904275712295,-0.3627210795554917,0.6754918426202721,0.04142964540206812,0.6798426086096387,-0.32463328825078813,3.159046761921055,-0.25882910428044675
2015-01-31,0.45952240124431526,-1.3583961807712512,-0.1825248960325014,0.8562281548477231,-1.2256746351974468,-0.8104657075887063,0.4938553994742907,-0.5846069302010551,-1.209655841619829,-0.6205019113050734,-0.4018883318882113,-1.1906307715601407,-0.16051638489366102,-0.7528387551891101,0.1991644887691601,0.43685701838897556,0.050919326123700925,0.4651996065436293,-0.7444943750700146,-0.349133956541536,-1.5417068314610771,1.8869922877467653,-0.1771104686902429,-0.6580810710553912,0.7902435814062603,1.7561712064145998,2.154801643052596,0.9758915765781091,-1.2129111474665981,0.2554752375160993,-0.06104459896353646,-1.0499068895380412,1.0089297800946344,0.7509602030115146,0.2305149612190425,-0.7402325501754591,0.5830783243581195,-0.45253071564579894,-0.6858605153328556,0.6125473192871643,0.36030459347550325,0.439961355712752,-0.9267143012215732,0.4197885449909647,0.6811071190011267,1.384521356835836,-0.19022475465907046,0.9791837719947932,1.849356353901292,0.12860847565991995,-0.9469426800328294,-0.35936458956310674,-0.5554393052217805,0.3343587374604019,-0.8989146142781221,-1.317509456893514,-0.08002215405392318,-0.38416436808545257,0.572748500807908,-0.8652311524574092,-1.2772897723152166,-0.19926964511238718,0.5980027899908176,-1.2996881895266394,0.008198551439086118,-0.08504338246076187,-0.4796713778522989,0.8102868874257768,-0.16359994487825352,0.6414897784536295,0.1427755794441153,3.004323280111395,-0.12256503798213848
2015-02-28,-0.05133057587887505,-1.4147597703979662,-0.31597235759872466,0.983666991215505,-1.283214978899993,-1.0317900609153305,0.529190765752273,-0.6854362511277211,-1.2890815672602864,-0.48154927615666787,-0.3843172515704444,-0.8093597508077869,-0.034482587100384904,-0.6923625971073145,0.11705965498454779,0.560576300819709,-0.08384818565595478,0.5105091211866407,-0.9258870565460844,-0.4965299401279067,-1.6966450179321413,1.576414831293585,-0.24605915342728119,-0.49362233397220356,0.7350922041606633,0.9774533148415233,1.828474533152797,1.4756532607657373,-1.2290805103462854,0.026290005185014665,-0.06642171682190587,-0.931859320575798,1.206938142245777,0.9216961394903883,-0.1592155547327621,-0.39702871738093387,1.239073628426422,-0.44798998252860517,-0.7227123627182781,0.629081486517735,0.03237427017074355,0.5214603556756573,-1.2035032942820385,0.1201568783670987,0.6765232443676872,0.7332978980668129,-0.10552843483946729,1.0252256986129487,1.7986353679375624,0.30947033558720805,-1.0434505947625317,-0.5177405061650342,0.4735533338826928,0.5688350759598134,-0.9555897806080178,-1.2229113752599656,0.4787135109762276,-0.5484462982656718,0.560096507020787,-0.8291338407714558,-1.2582462144122972,-0.25158744051313015,0.7522500203884906,-1.2424709534643688,-0.10439362334187294,-0.08559799317105253,-0.4539879396694962,0.7720389875372167,-0.09531184047519459,0.9792764571558672,0.07538827849660569,3.440311179186047,-0.3463207718385621
2015-03-31,-0.0461169759774131,-1.152391574638919,-0.4557373547699978,1.188429057960467,-1.2968021521252349,-0.9025026727398099,0.9778144060834605,-0.83103002836699,-1.2524263781717289,-0.3833283349922139,-0.43270558639642354,-1.0293566221688273,0.03230356753094327,-0.6103475158772157,0.26673706779098727,0.7528115698821405,-0.08686261952497816,0.6097847454529605,-0.8366643537607923,-0.5483259486900419,-1.6353209898908467,1.5035194254696527,-0.07338237980918862,-0.8672287699438755,0.8364539574008858,1.4031549344168803,2.0609504635163605,1.7382272092298356,-1.3220594342253271,-0.1452749549314885,-0.14535418812786963,-0.6750644629629388,0.9728718343691182,0.85643218154824,-0.2788978082752509,-0.4507251169973091,1.204798478428412,-0.8930175978930146,-0.9251253475782962,0.7272290768937635,-0.15061153070337907,0.499163603163647,-1.3757797048477691,0.2782267268796142,0.8112733889856347,0.46681510734129933,-0.36871075096022554,1.3033771881426928,2.0185202185178195,0.16810292125610424,-1.0069943486986168,-0.4546120685452571,0.13111775287489993,0.2478671243894346,-0.8747403553199632,-1.2438498355690535,0.758451010850931,-0.3240885595921868,0.6675354155046506,-1.0923549321153188,-1.1320523770612427,-0.09518154061807442,0.6893875861215287,-1.279783231634317,0.24028185162784205,0.166807843202964,-0.40754608050960367,0.9189962958045085,0.48261956035560954,0.7365695009873374,-0.6172111765007374,2.725383580604943,-0.7424489910738414
2015-04-30,-0.1451277259185823,-1.1268323137983074,-0.6287925719596308,1.0004209050206259,-1.4512429401719118,-0.7719975896261757,1.6160507417210297,-1.1945408323494233,-1.1871838453019505,-0.49252073006638286,-0.5189420673788512,-1.0898082211047866,0.5333610380153712,-0.5343966250711024,0.017387321397052166,1.1457052435588164,0.025322308159922962,0.2308405158669655,-0.6410351765598572,-0.41129608197230855,-1.5796187893329678,0.9146668805455218,-0.3889470458926936,-0.7822930555212992,0.9623260570155585,1.719895922167259,1.642460089633072,1.5418208240916131,-1.4461347328014524,0.15752463867742839,-0.21124229163507227,-0.3798556780441451,1.3850394507979136,0.6996881260362224,-0.4833451002481754,-0.6828033815800874,1.7873484002473023,-0.9287857754901646,-0.6461763342597421,0.6937408955975719,-0.17037039472104548,0.496669151781674,-1.207100839516696,0.44940717346495473,0.6983513308551584,0.47044034172269,-0.4419138783000197,0.19154251132801775,2.1106163378073286,0.1472106106403986,-0.9499309710490128,-0.4628182366015158,0.47895192337324216,0.23475399885277756,-0.7389133846392082,-1.295354653674257,1.1584712321580026,-0.321847594033613,0.5898863193891865,-1.124441917300324,-1.2071981790008357,-0.0882432980240598,0.7604150222566756,-1.2630764991960508,-0.026948327794568724,0.08616222069109608,-0.2743361629475659,0.8133391739362152,0.5374586065382865,0.8635828449924323,-0.5420998255852363,2.525883356751921,-0.8492284466202225
2015-05-31,0.20301175781226216,-0.7253382243214541,-0.5973616016931937,0.8444797837389968,-1.1608794847987607,-0.9940177522910879,1.7600729313895245,-0.9168679244000895,-1.2470663962747353,-0.5235718816239012,-0.7974227862009637,-1.2111565841926384,0.563828732209075,-0.27713542473333,0.10752111148061264,1.2415271622542796,0.13716845981985396,0.2546957209458292,-0.8691125163886289,-0.2402974368444869,-1.540811288368197,0.5407627787836726,-0.5032102951689083,-0.835356499561924,0.7222622550580432,1.909675752838601,2.63117500533241,2.1840576522530912,-1.5325924534745923,0.6636040917997705,-0.11434951042130018,-0.3016585515171169,1.3408547692790944,0.8202349478529712,-0.5424586801675743,-0.45771094178353505,1.821377223493583,-1.0358069674625543,-0.7008246974513255,0.7973771573271718,-0.5537714929034612,0.7445304677635685,-1.3932397714152116,0.1319820466984508,0.13504480026240454,-0.11693160328586905,-0.3282143425181342,0.48926171628186255,1.4956651562781687,0.1409143616651172,-0.8364857838950966,-0.4732641583898215,0.2019088803186227,0.3687195496800615,-0.5810403512001496,-1.4135450309652802,1.1198043970140146,-0.39715984794125403,0.6355882115160326,-1.2156471133006572,-1.1658905123297048,0.016899757515569064,1.2832874041914877,-1.2394935104051303,0.045775974233193004,0.22946547252400792,-0.10251694242420867,0.4871566471149953,0.617867857619675,0.3509749100363576,-0.7051051773283228,1.52272016862188,-0.9139415355617073
2015-06-30,0.7159582882784327,-0.6759312628427782,-0.5106924741324632,0.8863909566857706,-1.4779701477442226,-1.1234779733985445,1.6456067638013612,-0.7527516860761405,-1.2323906616210072,-0.9012399929895252,-0.9157940141495878,-1.411083265768956,0.759561487839064,-0.23523532629784022,0.22475299663103016,1.2383171813651799,0.23487674059956817,0.13997198493051385,-0.9065297037471692,-0.3147484000229103,-1.70357262226436,0.8380883576373024,-0.46559708402657474,-0.722905360527095,0.5670072200938125,1.572483570237839,2.5069271126564074,2.5139214216762507,-1.396569289872421,0.48638109090982656,-0.30183899260172914,-0.2734246494188705,1.0226298677161665,0.9780948284394237,-0.4387909747068126,-0.6986724039770148,1.5702188279075942,-1.1260189965950869,-0.8228594121923303,0.6697084499450094,-0.42253428708891644,0.8810689053138808,-1.3375316208475962,0.3432324260280315,0.18584684568328186,-0.3102298541085789,-0.3741144324547536,0.8356207137768676,1.2655071132993403,0.6009435291049336,-0.8201796525699955,-0.32013542637054837,0.03414651443917095,0.4604044440062894,-0.8041477016348644,-1.1567738455700207,1.2510602442627168,-0.11965639533783207,0.7383624216030359,-1.0092865009321619,-1.117755178621492,-0.06112812446987835,1.3394345193985386,-1.1815651517101644,-0.32069532665817335,0.1126740886468949,0.02695686622925103,0.08460611777098308,0.8145664058505755,0.37401325094626947,-0.7940026560539731,1.5184327339806398,-0.879943438288864
2015-07-31,0.29889684736763195,-0.8294602958813074,-0.6222876432644208,0.8029363217570393,-1.1740829737966054,-0.9212906731029489,1.7166499840817013,-0.5346389973480183,-1.134766157101144,-0.8341558967970153,-0.24873648519674493,-1.5327995946927497,0.4632065413732912,-0.0614980287371203,0.24214034035739654,1.6353712573566006,0.46100519116169003,0.08647039187328068,-0.8907046337054391,-0.3214937004784382,-1.5961140451188194,0.5059947353259372,-0.4691114667182921,-0.9226900317609238,0.6344790834725632,2.1740689455402107,2.700057990476867,2.947303018567168,-1.3977345119206506,0.3896721747539911,-0.4237656508512357,-0.16758234225607105,0.6020370263769506,0.47727800383803987,-0.45381498058835934,-0.5613205078359115,2.1160973667259872,-1.0340728123914826,-0.7121437803500577,0.821124725557143,-0.48474082440191263,0.5545473651323788,-1.3631127041609876,0.27380329081338667,-0.08027512243427962,-0.5694099582748829,-0.2253844843609845,0.5494163092244563,1.3587175638826554,0.5675145513174372,-0.5156234565773603,-0.4096153464536433,0.1616233798764996,0.2185675714332041,-0.7439531913224354,-1.1564587553812564,0.8535029205124466,0.010863032539945167,0.9176636866205097,-1.020474377026811,-0.9869589295824897,-0.10676786750738906,1.2996613957001952,-1.1472311518054166,-0.4230869588306893,0.1367425388343247,-0.01894675841363079,0.24419795200213917,1.0229836854618823,-0.15141499367651828,-0.7475492053342901,0.6344693365597185,-0.8837952304359379
2015-08-31,0.43592421750680915,-0.835456744362413,-0.6714741898605723,0.6339163607642643,-1.156183897849876,-1.1525885817977926,1.7020024163803968,-0.40467122610406403,-1.2473779562346208,-0.8041354162371723,-0.42316849952439617,-0.9621244948020012,0.6506802623795843,0.22853511956543557,0.3344915502266599,1.750542271188681,0.5567709986925738,0.2704588633953965,-1.4581645243941364,0.14874413494954558,-1.6810239371789848,0.964534774244015,-0.37732917789905507,-1.0351586990840935,0.6144391860384184,1.5535879474506333,1.6443615069563546,2.3991693507855545,-1.4441745684507719,0.45916033393243844,-0.3358442298093328,0.0821765750488436,0.8217170050056827,0.36444101337967605,-0.545269107699495,-0.46806185931648936,1.5119998471541578,-1.129045498940936,-0.8326948576710016,1.0633205570253614,-0.529540324889598,0.5954105333922999,-1.6535289826474837,0.2644076638436389,-0.0463986687659322,-0.8761878625673948,-0.6449016355532,0.6178033178359427,1.2218993824608813,0.6523031036225907,-0.8085630298492583,-0.5060479668601844,0.09564647978259759,0.24774182897396652,-1.0592010645278254,-1.0647434539870755,1.7365355386195054,0.0291780747167497,0.622251110871994,-1.1718178511547193,-0.7881564556989515,-0.011319083375973538,1.699381573573546,-1.129512056742532,-0.49750846598419474,-0.035788761547252336,-0.14129203680616614,0.4394765579263868,1.727844638199059,0.7506322623790971,-0.8338610295469859,0.7771818262433472,-0.9063519867901543
2015-09-30,0.9042413785354204,-0.8153338768395252,-0.5895172962608352,0.4414085173195937,-1.1132365388539511,-1.2244655410189522,1.6539375555428353,-0.3700947542887075,-1.0756435467786751,-0.8315922853156458,-0.5159736664988224,-0.8876357123184831,1.0659102175397634,0.34644278509070997,0.7106674600769212,1.5523220789478192,0.3958592012883197,0.3006073168617034,-1.4346494139717638,0.4436472093821604,-1.5623892065724605,0.6476023079617721,-0.3314911043757445,-1.153603383909263,0.5957380489558566,1.8407554186282973,0.30207022697806624,2.325218784639723,-1.3476921118658856,0.31385318022721265,-0.14160671356958157,0.10734138462062952,0.4773642531332405,0.8502229980219653,-0.6732076311533939,-0.5240206396042537,1.7980159658279227,-1.2637273960726816,-0.6740541500115447,0.7805669504803868,-0.5493638347569321,0.563280760417225,-1.6003200249953382,0.4475277230783484,0.14845588017115852,-0.955179357650025,-0.5673759966994144,0.5510879168945103,1.3603066101806334,0.6933133097377606,-0.8742205325561442,-0.4374574652881637,0.2362508808644417,0.24778916486745575,-1.029633274077475,-1.0195564975801907,1.6462152127522747,-0.21664977027800897,0.5978772874715403,-1.0090264572490186,-0.6432187845323083,0.09145261361279217,1.6490334774647044,-1.1030135728963286,-0.28327912476369693,-0.4519664264098467,-0.2202283889379085,0.583268675665492,1.8218559458723373,1.0923133426670748,-0.6739720499272457,-0.37476270107599735,-1.0446628128238582
2015-10-31,0.6565720848100043,-0.6255817912111622,-0.4436051337200573,0.2127558459615476,-1.267234687831404,-1.0815991335314856,1.876832450302336,-0.7730745026793154,-1.1395719969280995,-0.6999527543304613,-0.1641022130454184,-1.1196492129357023,0.7188211201287311,0.33259803558551176,0.7044547398063211,1.2683575465566201,0.8074716172085836,0.05065010156889066,-1.5267560919873369,0.6742245419969826,-1.5505998794955762,0.2490592906809267,-0.44852563896928016,-1.0837769457083803,0.5789963139308298,1.978443103372791,0.4210095610709428,2.4770850815757,-0.8835100986154105,-0.005070121351040115,0.16215699028852712,0.09136325066562903,0.6564043260270114,0.9303428656892075,-0.6226809938602653,-0.5297405103857041,1.7126370094383832,-1.2106718531642733,-0.629066537796174,0.6859019955225383,-0.5819148977778797,0.7354334724315535,-1.7024865023321833,0.6882713946846072,0.2493449262176563,-1.0075081502752365,-0.8550671830335794,0.5275936796092481,0.9492977362713654,0.8150014689410334,-0.962850455959904,-0.4568687688336715,0.27068259363552527,0.5150447622582073,-0.8726927249717311,-1.1474244520035577,1.2574755152410513,-0.07399649516485493,0.5874811566448029,-1.1995652877942014,-0.8288761717944825,0.19669523784827614,1.6826315702556316,-1.1266973232643134,-0.08150262709040457,-0.2523658834862734,-0.19703834762424946,0.3507506789007872,1.7823196544730864,0.9201494041525192,-0.6663110383548564,0.11778273505550457,-1.074157451500938
2015-11-30,0.6330997930888844,-0.8696722484831954,-0.7083177277493673,0.4427068189620927,-1.2488194477978531,-1.2549290314334856,1.7720850093405203,-0.804132865734388,-1.0902837890785277,-0.7125043591503867,0.10564497527094022,-0.9095095773922649,1.213411326666504,0.5553226893714085,0.6778455899093156,2.0252559479090055,0.6759197310413234,0.11413110455801877,-1.065426886084409,0.4496562539918704,-1.4319778347294956,0.12597980330865796,-0.528663296980163,-0.8257340918541498,0.7751841828374884,1.6022749700693628,0.43146887018371116,2.590755287789282,-1.4599636502547333,0.2808998290096727,-0.008507719507607045,-0.1877769362200092,0.37459960274756726,0.6491078275671953,-0.7401538532655277,-0.5841361222839629,1.3008056098212812,-1.1340567888352084,-1.292623391868006,0.9439083397766808,-0.7447109753247061,0.9557529272298814,-1.0983508433041516,0.20410658920759198,0.43265088151346753,-0.9305476858851475,-0.6498780181915105,0.37103912335765465,1.3508422723623903,0.8906465423941846,-0.8990691388564448,-0.7809954926149452,0.50492422321228,0.05182869063948523,-0.6748143507607934,-1.067128923273578,0.8639575043617318,-0.24241395173672536,-0.17405213167273742,-1.152562913035469,-0.6111520600665346,0.9732290846965758,1.42170536129738,-1.101833772972911,0.15312428978524376,-0.24480658420039256,-0.391054710620398,0.6598028892893559,1.3698844697463493,0.7319689143479879,-0.750164794282491,0.856505226051876,-1.1613065872125476
2015-12-31,0.5854285974326723,-0.7842231784128386,-0.6749689317780444,0.13536635734587485,-1.0708644248715142,-1.068879515530087,1.8920956833825897,-0.7537249116599437,-1.232321543260649,-0.7807124384080675,-0.031662703672517035,-0.6729395750524856,1.4119501864609736,0.6904645271889598,0.18789295877615267,2.071823358213763,0.5822310391651819,0.041703425756458384,-0.6510704037430207,0.30714010945285114,-1.321866067043247,0.13445630461710448,-0.487027652826295,-0.8485176608922325,0.658959509292201,1.9017959931121504,0.36416955578655497,2.9252522385040005,-1.0582314164208482,0.6191680730430834,-0.10871623796231089,-0.14934233774266742,-0.3067319083107409,0.29524486597574784,-0.6953351160787997,-0.4722670000484709,0.7651692827414514,-1.0392571697256507,-1.0275545779557178,1.239705371439698,-0.8634440704508853,1.581589933697068,-1.2012273700804406,-0.028302843875700787,0.7356508758710437,-1.110650913983462,-0.7103004365620328,0.4374344116127646,1.1092445505482178,1.1245373148990039,-0.875358728647015,-0.5910508536425518,0.4142863445725069,0.4455611726217203,-0.24029422233600373,-0.9587166542419744,0.34350516116605473,-0.5515040726605138,-0.28136115980964466,-1.0855881733606052,-0.6489843239332086,1.1645919948582808,1.4665804830497942,-1.1449779224139367,-0.09622779477909038,-0.1263325879068765,-0.6270083288721096,0.40331115771742676,1.1471515178696539,0.36744220324933846,-0.7293035779051885,0.6171599117771428,-1.061215664340096
2016-01-31,-0.10800405552642986,-0.7120182605258741,-0.43964396878808076,-0.020287762034879628,-1.104715100150939,-1.1784999113847596,1.3088826857038176,-1.0751728585849114,-0.6113636544557799,-0.4352890500017874,0.30429941142477834,-0.5699580317336702,0.924675267164748,0.9146959111377878,0.597493899402628,2.6537353318825105,0.5588828615195218,0.10886502775515572,-0.5075476848921734,0.30680889584159393,-1.1559216398156926,-0.3274059485731293,-0.1475270818943079,-1.1559244114357312,0.3031180481294422,1.6109223243570638,0.06955683303756681,2.861252091408765,-1.1188398303174723,0.7171946347876016,-0.31296914956469896,-0.05283743830601934,-0.21771767641326312,0.545092694716111,-0.6566930135431832,-0.829570229677291,0.5633385208012086,-1.2268281471137832,-1.1252092982652726,1.3633266958093853,-0.9065108134800498,0.9224438672980948,-1.0979818387462812,0.2913431812852037,0.5015531582691687,-1.1134330308701506,-0.9538911487502113,0.16032517567231147,1.28252855539769,1.999342886563424,-0.8718228275725821,-0.4545421357807052,0.34825325571100785,0.15532374812598482,-0.5444932531292601,-0.8556800664201073,0.32707400314491525,-0.26690024462180856,-0.27727687160656556,-1.1675010524026324,-0.6312526190168191,0.48734229144362884,1.9100094783052837,-1.0847756454702384,0.057209313448512794,-0.20803528824066658,-0.6194630589953345,0.5374390553394066,1.7835648192228184,0.6277350440608881,-0.962016027376402,0.7300476660041331,-0.7281565086932136
2016-02-29,0.2819683189931877,-0.9355650815244883,-0.30114755705801033,0.2062910540902465,-1.1618897561981718,-1.0092284698572134,0.8056737639540811,-0.948737458921867,-1.001493903347167,-0.34290866449834306,-0.12474698348325303,-0.9016414207847113,0.7703075446196316,0.8036539389894984,1.619061009136331,2.293380519586989,0.8163440510474346,0.29623371576713475,-0.9495150220065713,0.7157718870215197,-0.9563050931894524,-0.20185939102822356,0.054718291537902156,-1.246271280702435,0.5807796657973585,1.3958777477505553,0.22964042559184503,2.557799136720641,-1.2022242751722916,0.9452998228902253,-0.3913353912459919,0.11013317085920536,0.14964244715180633,0.7696180397962491,-0.5850184051251401,-0.9776073322203989,0.10511123111838108,-1.3238959239711467,-1.1751747810341546,1.727786557166535,-0.9222393732675337,0.993614556349925,-0.8406161773925391,0.74992568835411,0.3804341561198148,-1.1287069867159985,-1.1808010246566298,0.09457243501731921,1.0370648126325699,1.8956960638381717,-0.8669353952728787,-0.3847558035777803,-0.15165956133839084,0.6338576577126447,-0.7386552080690163,-1.0873168630226853,0.004076575155746086,-0.06082038411174702,-0.3603764437131608,-0.9355819045549172,-0.6708725562545872,0.448639192532703,1.666356610729987,-1.2364855531395214,-0.022686694892246288,0.07911875006155283,-0.4955188188319339,0.7849560135912432,1.7420767211926713,0.26536669415118674,-0.6743391608595708,0.1508684461623666,-0.6667826121485978
2016-03-31,-0.1643996740844278,-0.6254366737275429,-0.2749407185575072,0.09721459920724969,-1.0106743454419915,-0.9809205872719975,0.7121660718163381,-0.818967646238714,-0.9483904216618975,-0.4680418846314744,0.14604442049614813,-0.8937083414458755,0.7193922810483158,0.8356158994834749,1.1338666635784949,1.8591968409860296,1.1277952272671747,0.1688969782112535,-0.8189541534298257,0.8144276307525646,-0.7619040365848054,-0.23511784778411532,-0.5081828340804279,-0.768392446386723,0.6027735864981686,0.751430204731449,0.07244443677681317,2.7547449426183412,-1.2674022143746502,1.0158108908847312,-0.33121704693584875,-0.2581633819343085,0.6999685538429021,0.6073293548694046,-0.5568670009788861,-0.9267906645316272,0.12937133622009683,-1.3735002434731682,-1.1126164796776674,2.3860204481574008,-1.023244217045147,0.971577424927253,-0.796089328633009,0.6961140109277747,0.4430014784592147,-0.5031943615268932,-0.9604697994630574,-0.6208340809054542,1.1358096208672745,2.417456634587654,-0.9942377320498955,-0.32567833182428246,-0.10470299002192246,0.8645155949323535,-0.7315889820944219,-1.3055899953434786,-0.508259502053933,-0.262985615737438,-0.5456749749000295,-0.11693164641230702,-1.4445968528533695,-0.3129554307959949,1.889045491845727,-1.3243692572225847,0.5055315307840305,-0.27618262248923164,-0.2340454124949348,0.5430685008033167,1.0396743375261648,0.46225286613333255,-0.2630716772208713,0.6689294311795239,-0.5121958360982332
2016-04-30,-0.2780941658863779,-0.7142420900756073,-0.03403951517892301,-0.01979709900904859,-0.3345149970943006,-1.0691255473306935,0.20789843181197706,-0.6146235013343804,-0.6925977043270313,-0.6461820362218931,0.0868090523738729,-0.6055586031311159,0.49003894105618634,0.7412325223285116,1.0469213948361895,1.8915508983162967,1.3350593971655365,0.6039633833819305,-1.1386781952889495,0.6137565076316311,-0.5743701544851982,0.05185936521390405,-0.3313732152987128,-0.9253970200560533,0.485035934793424,0.28458036198684244,0.2983115865809036,2.5666197537449627,-1.1667514471135236,1.0220033342169017,-0.2771187472300092,-0.5839041696161681,0.8122238326080247,0.6776335834320372,-0.3476538023346042,-0.7319107376194525,-0.5333596975139617,-1.3839513904976573,-1.337065465465213,1.9123757779195274,-0.9897979489129837,0.998209523732297,-0.9673559775950453,0.631818270784206,0.9090060770083728,-0.6502331874886311,-0.7592509290613539,-0.25398544785243393,1.066147517228384,2.2489292296541663,-1.190909776643476,-0.2874319330917445,-0.07706624675311502,0.9769618829293528,-0.9855523807753458,-1.3101028237961359,-0.8895400781565868,-0.31055606825750404,-1.10338947197002,0.1347954466990998,-1.5084476783363168,-0.5198801051826183,1.5609278000108007,-1.1984145823210857,1.0970557291659049,-0.12690739158890574,-0.4149045395457658,0.6447935324860267,0.8761540505493561,0.5446124533620672,-0.30801200110781524,1.8913768134642763,-0.5166145159272119
2016-05-31,-0.41750918433929185,-1.1565919233265813,-0.1761727650415377,-0.005899151398643011,-0.6599317704341048,-0.6219747483263874,-0.19499783136639431,-0.9695167946073009,-0.49049551361533317,-0.7134709608682501,0.4403804514740877,-0.41561300431960074,0.12079624730312394,0.6325670077623583,1.4070470893856513,1.9534614693314631,1.154667996864754,-0.34975405443977897,-0.7970859408606167,0.4975233361033306,-0.43971100783303346,-0.055492915074174566,0.3706845757283685,-1.0930559021442154,0.5964335478614307,-0.2155426657668511,-0.36304625932176093,1.877732695516838,-1.2838349329032583,0.7878817851915954,-0.32828400601410046,-0.6593102450091837,0.6405777161427026,0.34869372557282324,-0.5934694760726056,-0.17491551626774204,-0.49746120113051107,-1.5926605609229108,-1.1430809358375036,2.0162784501733406,-0.9022332822993712,1.2060213463112728,-0.5539468040340086,0.43159094816689625,1.4743268358421886,-0.5156190542389161,-0.9983387475773536,-0.16786328074409732,0.8839249778380178,2.4331897591877016,-1.0287919310865705,-0.47258853179745003,0.49984692999296637,0.6658247943894722,-1.236976664057127,-0.9051253292920117,-0.8309831277921925,-0.4835462517839568,-1.1829282524445206,1.5287667841485504,-1.295784166348553,-0.3167724877753968,1.4196203002553152,-0.8668443307567578,1.6535139585221152,-0.42640597229755545,-0.4716586505468087,0.8915950896894533,0.4830076655217864,0.7219325595271803,-0.3998435021677563,1.7166886213468926,-0.3894470308696005
2016-06-30,-0.8473681351033718,-0.8952611933552096,0.06607342092446604,0.0803947713620385,-0.6189352958913656,-0.6153762213155188,-0.47333624217175974,-0.9517442963683833,-0.6386530866523704,-0.6262750243155686,0.47908641856885165,-0.19519358404612475,0.2028702569350036,0.7525061476636702,1.1945390539865326,1.6074933067199275,1.2360080601493022,-0.4601242918433821,-0.9214280661604423,0.47640121204121677,-0.599754185676871,-0.2641645470011088,0.45240038359968454,-1.0489105824987361,0.5093256614722288,-0.5536154193479065,-0.28443065482578006,0.7483264267416245,-1.377048700768538,1.4499061644958728,0.12402081254306625,-0.4215088544586957,0.5802745299556741,-0.15504557556425622,-0.4793202068261057,-0.19783348075633606,-0.180985880436759,-1.4827129630694966,-0.999379481245609,2.242763410590175,-0.756005666104752,1.09857692682157,-0.44077804859762215,0.3936465434085356,1.7432886518898179,-0.6078341693515239,-0.9218339568843475,-0.3783601522218105,0.9604815035471587,2.147719612562406,-1.043767916098023,-0.31634481340054066,0.531408349903548,0.712829168593378,-1.099883917097051,-0.8948704339648973,-1.3528787703531384,-0.559857347441496,-1.2770910310950094,1.5978369101689756,-1.3924643949506588,-0.12471439406872036,1.728875715138955,-0.9449221018206581,1.618600633653882,-0.2479034540581933,-0.38825678655047596,1.2302559908453323,0.3017977590143988,0.66436579921948,-0.15926335811096037,1.625453468105801,-0.3620903887529987
2016-07-31,-0.6381880693774103,-0.582416337149787,-0.13501177552235466,-0.02349850640008081,-0.822229426877831,-0.44796188376158497,-0.4471447196433653,-1.1463638882559664,-0.6235247849452581,-0.8136859454008623,-0.07611407568748516,0.15686499439137586,0.22897944930454703,0.5915280343101983,1.434486480874967,1.29515090992583,1.0498227271735772,-0.5396033159624203,-0.7684096301147735,0.3868695227907607,-0.5060622942729733,-0.10869145098171222,0.5053229701838963,-0.7015033839719602,0.33843564461147624,-0.6897195714547281,-0.38402931355745157,0.2207922763930826,-0.29456978887479457,1.3456457336048429,-0.06267309389876306,-0.3920315480817915,1.0756412998525868,0.18214452051073052,-0.5514197612644351,-0.5031359458779302,-0.39928915532918324,-1.57504432884514,-0.3631872984617993,2.2240395268484554,-0.6394264305050718,1.0194058050988113,-0.31253326802299175,0.24711308668094936,2.3412975296144016,-0.3901480927156227,-0.9062291806074547,-0.2876665705246643,1.1215648552600064,2.463906187432101,-1.044762135157219,-0.4100774058817676,0.6600162040424447,0.7846213037379218,-1.1902208494737387,-0.8204894322366947,-1.4992492362278709,-0.6462880669943143,-1.4906501023183083,1.651787164457813,-1.5012989987962453,0.05116340020024523,1.560406004458813,-1.0145415225342496,1.1383042309533475,-0.34572522430484093,-0.35059575265947956,0.9432070309224696,0.16180425194378517,0.7001345592556696,-0.19739528473467083,1.5265103355534249,-0.764159192721484
2016-08-31,-0.6826209861194086,-1.0456188122928272,-0.14129398874291582,-0.027093067873113715,-0.8580960343926386,-0.4758737034122415,-0.14649429718070386,-1.0004677591919409,-0.6695942588814525,-0.8642436365464482,0.44944373984427793,0.3766432243955632,0.15082760344911617,0.2921009359104604,1.5002394449285605,1.1634852005316707,0.8276319076493264,-0.8041496668203514,1.084409025091382,-0.2659120406982915,-0.7927451191093324,-0.4801369779322833,1.1850932940656247,-0.7630364463912511,0.27181204884679927,-1.0521405524374388,-0.3059063870518917,-0.3619525052874374,1.073841259582014,1.5585523029770407,0.13125655298785252,-0.5808886120170245,0.8478702628077782,0.1059654068031228,-0.44804777435614385,-0.7998797465712635,-0.47035792338407645,-1.3685035367576222,1.234475736177547,0.9346739903517856,-0.5260782343440931,0.8361007682839211,0.04071591308643117,0.18985173766059144,2.302202154919278,-0.17366459231591716,-0.5757247058662879,-0.1956111986786988,1.2857830058432898,2.520200431346962,-0.9425333925573851,-0.3894473744190762,0.28163779992430277,0.8250135294720649,-1.3356654585337804,-1.0764892462704652,-1.4701169869585693,-0.797276017297391,-1.535351537449584,1.57758845034487,-1.564158557175495,-0.10329333371031589,0.923842005926521,-0.928377929098292,0.8007188693100696,-0.22434570588570296,-0.3929746948246698,0.9188443839440592,-0.41301141595801033,0.39525928868939314,-0.32896139054280127,1.9975994619911825,-0.7055441318082226
2016-09-30,-0.85603776908575,-1.0731413770975802,-0.03152830438622584,-0.23600971855665173,-0.8503420431820654,-0.461261440658827,-0.3191656437428442,-0.7416224639340178,-0.41443430318098634,-0.9882342739639417,0.7239962033399714,0.990961323781693,-0.03569320949563669,0.22268985607366532,1.303982975256652,1.1851863883916396,0.717358762804182,-0.929962816029985,1.5098111156064165,-0.41730097834440333,-1.0741060008618804,-0.5976899982505146,1.1271743119489137,-0.7676445287059347,0.17750453886346038,-0.8383053844475108,-0.00703930074090508,0.2686360983449939,0.5237597528784462,2.2702549428298147,0.29127778324078457,-0.5988769143499703,0.5707115802707374,-0.11158050927077658,-0.23702312565068726,-0.655373513509155,-0.7435470415652371,-1.200308887809241,0.7185544092770089,1.2477298702867157,-0.530814762422398,0.8929400927645587,0.21888839455497,0.12415064406022709,2.1731080115530697,-0.5070198581339022,-0.4959341064484253,-0.2510226649592558,0.9838464483509253,2.4265163050497573,-0.9266289085358534,-0.3711396922555726,0.5142868326522015,0.4583382185486415,-1.3865844428462095,-1.2194455843186909,-1.3847355432287136,-0.7888553230487264,-1.579528392594213,1.7197628586732971,-1.57039385847811,-0.18088579505626134,0.9348947248993803,-0.8747421471155791,1.249989980265747,-0.17918492961845334,-0.5495629772120424,0.5575049269263133,-0.48676737717649443,0.3649900688967736,-0.13519309062727516,1.733904631653152,-0.598043051147207
2016-10-31,-0.8883321994842888,-1.0570842433579521,-0.026332125242744166,-0.119848996298073,-0.7735002082657393,-0.4956523952756869,-0.19591727218878752,-0.4274477746722114,-0.08075023225843926,-0.9755661591750174,0.8761795453065125,1.1214260402884835,-0.040002453541133236,0.3090015664871383,1.0800542916934817,1.247201148521134,0.6559105792220186,-0.8598272240415636,0.9755938335268224,-0.5227183978945437,-1.1252824498161134,-0.43712804929681004,0.8466965814759386,-1.0032321780758515,0.24094014425235366,-1.1394197175369414,-0.14986879506226478,0.15380986042560255,0.2127637206365478,2.4360459551744906,0.3252285345192399,-0.3731923603478058,0.5219035729088783,-0.20443665208377146,-0.08560490220401383,-0.6007388292904351,-0.6155760342035349,-1.232247319097406,0.5645973082810174,1.5297236429713092,-0.3819427066754939,0.6983035798436216,0.9947316884351748,-0.00588207725697553,1.9912556035268794,-0.6069286131370374,-0.5298689952538768,-0.3489147549173776,1.0638618894086094,2.082066515707511,-0.9100076156993392,-0.37794425980963087,1.027333364237274,0.3568983804350668,-1.5334070289416297,-1.11924833253962,-1.4155624365319663,-0.8286472901379903,-1.574476977933711,1.949692374759154,-1.713246273795882,-0.1616250903395041,1.2008737948455133,-0.8607793503822072,1.245178623129764,-0.16661562659264878,-0.5755376292969893,0.6097844884904831,-0.12771637671841987,-0.09866660323231934,-0.2334866651842415,1.3034998999812744,-0.62034485540331
2016-11-30,-1.0408925816018435,-0.7351985172435965,-0.009274896229883154,-0.09089611178249962,-1.0224607080045118,0.41000244890507437,0.08916030317063967,-0.1440018262670271,0.5302959921342804,-0.8625439979972822,0.8011387848570137,0.8001949389350025,-0.18847606908700526,0.8375954706287527,1.1337778556375848,1.7886850702409125,0.8660800598900005,-1.224584302909986,2.2847668189056836,-0.31084307496974756,-1.4201208239119327,-0.6300008811352437,0.7511616199244933,-0.9690887879222172,0.2286539913543117,-1.0361643117314423,-0.6320807371786039,-0.3691847338524693,0.42169870340260207,1.9572983005751252,0.18482824970241465,-0.07299979633075142,1.4082321172047099,-0.17043729733098723,-0.32442633227474593,-1.0531458857770697,-0.9776821004569298,-1.123157912198415,0.19401230551266677,1.6084422711722086,-0.1921498188717224,0.4991295980671613,0.27289036158596525,0.2016676860194824,1.6979979614231044,-0.9381342045652787,-0.4658421610123832,-0.16058813317440543,2.0313791971435533,1.3130905199551042,-0.6875725421141134,-0.1563429669107839,1.2034483584552715,0.8664930301325404,-1.4027260147590206,-0.990818748770975,-1.090142169242108,-0.837728624818689,-1.5009129491574482,0.929175159365088,-1.8896652934193043,-0.48511038879280505,0.8922104402254769,-0.8996920574978188,0.38747658374175775,-0.2565387160382122,-0.38113217194144056,0.2639330554211665,0.4948806008732179,-0.24931226898716777,-0.25598820375991904,0.7143666729179275,-0.8161054074525089
2016-12-31,-0.9386452753713488,-0.8712584858409761,-0.04546263830976626,0.11251296031051945,-1.016597596522853,0.1662921010670783,-0.07114635554892133,-0.07413128776628027,0.5362315833330241,-0.8931322711487713,0.9369911360235115,0.14148433764586968,-0.24802079828634718,0.617095297726748,1.2902933671334793,2.123517151244801,1.0614243807090815,-0.9991161063707615,3.0158936915144876,-0.3791074810530247,-1.3804941575616119,-0.7673218890536136,0.6183104549738423,-1.042344835383032,0.2771685101196177,-0.7522954395167081,-0.6613065037882374,-0.3022178890926323,0.19363919467405843,1.7868939835239463,0.1778278845947467,0.3227686329072016,1.9397627310388768,-0.08272472441519137,-0.3256071770819116,-1.2648140291398628,-0.8865131886173585,-1.0069901246485429,0.09126360284586922,1.481648113608218,-0.0950215913362628,0.2346929118890243,0.2305941751008271,0.5087178564249805,1.3146604727367104,-0.6157145143927268,-0.5229950049587272,-0.7275124041143264,1.8255284771383091,0.9272284914385359,-0.6962042439621854,-0.24020135193685385,0.7421169981865209,1.02144962447934,-1.4132203976459006,-0.9321967077129117,-0.8477713925831365,-0.6045124622063535,-1.4601094035877167,0.9516775521602575,-1.8000312550937707,-0.6807451776200963,1.1952350606151267,-0.7600534403912894,0.35509943878364303,-0.057378131383919596,-0.575862405106224,0.17259280599834664,0.374739291320941,-0.5879737906525918,-0.24221437691046793,0.7676642500888781,-0.644050215243205
2017-01-31,-1.0097227070879435,-0.48187867185276057,-0.17984235431973367,-0.05831112890987347,-1.0874822654262128,0.5109203571536572,0.1488629353894634,-0.1950669372122261,0.11364665641023339,-1.1249703719806277,1.216347651312232,0.03212777657892627,-0.09537425321181435,0.8257705067298129,1.0144098792083711,1.843727101010687,0.9268012895817767,-0.9644988902826356,3.84283041977916,-0.28131537109015275,-1.3363784847004412,-0.6696977758348343,0.8015119595686625,-0.6247603140776905,0.5167714052288955,-0.7632064966070479,-0.8184979309782475,-0.4765963653704927,0.40277785503347513,1.2351082646852356,-0.009787364684137705,0.3034008519443862,2.0503731017642375,0.007925015061474089,-0.34765066137909434,-1.0787758960231923,-0.7782765121516609,-0.6418900167184781,0.3273808375622471,1.1150895106849708,0.1372720385790172,-0.0398344786063786,0.34653616368549306,0.41947384033173063,1.2091680161142315,-0.6187372366364812,-0.46761025863734074,-0.9362088520537829,1.2409478297931253,0.879211688052224,-0.7044352211718165,-0.2542400497968236,0.9351023223542189,0.9934490892592583,-1.4432588827104889,-1.1261537232937922,-0.7260594660180275,-0.45036940435689515,-1.3713591604228688,1.4302083227947109,-1.694144617236022,-0.9686261980419393,0.8934798114353936,-0.7437512737934251,-0.006365184805618122,-0.20842442483896473,-0.5900181771495002,-0.03008870460837042,0.5210561996809512,-0.5502838875829484,-0.04975063749865594,0.4629425910110325,-0.7009306786198521
2017-02-28,-1.0057541626540467,-0.5523546758216002,-0.08820680494564176,-0.10707545020134257,-1.038005236433962,0.41014609304308197,0.1913906225728415,-0.33692640772053195,0.36189010796069243,-1.1119807846589735,1.3887365986747298,0.27018947286389106,-0.18379372098573152,1.1311883506219491,0.21221904173720862,2.306136812812411,0.9372681682924869,-1.0639114222143724,4.218491630755301,-0.4730476167486985,-1.3702642176210325,-0.8193816551208652,0.8582072189195533,-0.8605410605279717,0.20787714002922172,-0.675645156910858,-0.7314454245403316,-0.41258053994949795,-0.1657766973601936,1.2054719124533324,0.06024106990053287,0.07333354495286139,1.732048515642829,0.05408627960081776,-0.19057451980929524,-0.8415367191319828,-0.6673607604189178,-0.5505078671371549,-0.20581983999377046,0.984284115382126,0.4069118595205038,-0.09673970423506506,0.5704062600169516,0.15309642497285073,1.2966954593433502,-0.6249656987183901,-0.1471220465816607,-0.8715566786919391,1.2812053026431585,0.9012248538714532,-0.7648304897678091,-0.23206658158799665,0.6762752114342494,0.5703697312601159,-1.3404451574115268,-0.9820162007864683,-0.7542692660824161,-0.34933820952955624,-1.327443913370656,1.3334610778771476,-1.6590538761364808,-0.9586206128077513,1.0217273903766757,-0.37000474314993564,0.3266123795854964,-0.23599649996903674,-0.5712796343769202,-0.19863860879437728,0.6046576624533346,-0.42077436165766635,0.08493713827817444,0.17381062284339366,-0.6469450461302989
2017-03-31,-0.9617440763252515,-0.7327294382239438,-0.15530822136749398,-0.34658352848774,-0.8975545806991105,0.34744039986317915,0.14954676247416976,-0.15815802009705415,0.740207288623293,-1.00263707111128,1.6684405112973355,2.016398579238084,-0.1580121502462639,0.9877177929510668,0.4857409640242795,2.5944158945513354,1.0397838044304224,-1.059217414336604,3.944446112596013,-0.35503298034355674,-1.2821202145582415,-0.8284594511512847,0.490543841427009,-0.9523236237549966,0.0002639764492543689,-0.7461851945458837,-0.9505513714140815,-0.5754640131289259,-0.24199234064413244,1.4240501163975912,-0.29289123236484244,0.3244445252848474,1.1236386822391269,-0.10638392468777312,-0.2010475219083203,-0.655169465510147,-0.895631424609197,-0.7203996962260516,-0.2963770690298202,0.9722482721574095,0.4763292110235578,-0.22539495565673331,0.1868594861895835,0.1353398696907673,1.508450436925678,-0.9756106664652033,0.05205060099268355,-0.9805226969263386,0.4316549278746985,1.2689542204265787,-0.7175689471993046,-0.33508377360438446,0.5177911367318551,0.6372895688085392,-1.258382286814363,-0.7550501115485331,-0.6939643442572899,-0.354907135316191,-1.2363482718037309,1.3107188385719237,-1.4763018755969621,-0.7633977060379332,0.7247053769023939,0.055779307863888954,-0.09910261166002696,-0.36287123778835834,-0.5925943078727832,-0.08797076728381095,0.7036757253948478,-0.53371014870712,-0.026048626322328197,0.4239980134713721,-0.6961197492393896
2017-04-30,-1.0570694443423223,-0.8293099919286537,-0.058818701010602985,-0.5554228574614435,-1.1664786449730262,-0.02510373927308736,0.23176920151635394,-0.45134709638407317,0.7949939235713993,-1.0067730877773813,1.966384402139091,1.9004078085317473,-0.14305591895845735,0.8637217004592923,0.5407354106589698,2.779293201395487,1.2802196037624156,-1.104428437532115,3.7113115234786473,-0.4039325240567731,-1.439171883338846,-0.8155801945599109,0.5562183243901427,-0.9977169310638454,-0.2977186306943629,-0.7541160007497338,-0.9568737831801998,-0.6566202028382327,-0.1710609018379039,1.647828411400751,-0.4327484921371094,0.16557439396822848,1.4167261310471233,0.10341944222551949,-0.08555446085514594,-0.8718610468133302,-0.790592105116149,-0.4801016786206468,0.02249988440343893,0.9447464413148938,0.5712832284730709,-0.34017891623923324,0.13266218502842714,0.24244430224544686,1.2289517646580628,-0.8041364663842568,0.07571061031384417,-1.0220986262905807,0.5861947908140552,1.1471532191789968,-0.6534282226073717,-0.30808501887935075,0.5142411124304265,0.5667348638080091,-1.2862343561898244,-0.6355022770697359,-0.7214197339828493,-0.4105404174858331,-0.9842861567781653,1.1475998981295534,-1.4129738845774298,-0.6844014363984798,0.9056973855403948,-0.04087330689484732,-0.01839551950967849,-0.31507519336358164,-0.5146366822599872,-0.2874785028677142,0.6945117927723202,-0.48707833847154874,0.16090465307966817,0.08972655390191872,-0.5113863528838775
2017-05-31,-0.8666601165058828,-0.706230112410663,-0.18023254264060484,-0.7588388347657662,-0.9390902571132268,-0.05393302211475737,0.4384190768238586,0.10432495399585182,0.6501312286914428,-1.0628007823044963,1.6151773884548868,1.8307153211733858,-0.28228358935668035,0.7362459498054008,0.2864011088107825,2.8701402408441954,1.4858955866909542,-0.9383645729400768,3.932125002827713,-0.32621846814850963,-1.4236718939594903,-0.686522395885248,0.019781646396649005,-0.9450248332797001,-0.5162920151141684,-0.39642594636920964,-0.9994505267017457,-0.5690283389245354,-0.16536288276440825,2.3677160225575387,-0.4533155609838897,-0.007476250486709619,1.0357743028300275,0.022722692457017798,-0.1267206795536798,-0.3162157586135109,-0.9095696639860343,-0.1266948494353314,-0.044099458062450136,1.177110533344386,0.43784517749580715,-0.4877657365553612,0.11928684039410294,-0.0038070889204628354,1.32030994476724,-0.5643236751795858,0.3932693213764694,-1.1396591712229598,0.3653082432231065,1.206237633769421,-0.8131739057642564,-0.3609291350344595,0.5160778480251671,0.6608412610919798,-1.272590706556301,-0.6954598517003373,-0.4201459505760505,-0.5192985756997814,-0.6006851652212891,0.6645021064446763,-1.3370400820587065,-0.6071146143238247,0.5316650649559237,-0.16122188309779184,-0.40409204688068484,-0.28409414712354936,-0.5870777647517854,-0.35098662895057986,0.7635935727766587,-0.5849888740983613,0.2574520979821654,-0.2096476613295096,-0.6044441505403938
2017-06-30,-0.7152809701328599,-0.7181088150754337,-0.2336755737591961,-0.9062294102819226,-0.7067005998164086,0.40866140610611573,1.1167716400329863,0.30870360465194563,0.6672157890750854,-1.0005213874850853,1.1565982257530552,1.614703580491117,-0.31031507265634317,0.9474422754762704,0.4720647328387408,2.810512570306808,1.2458308216147862,-0.8926179716030352,4.151362277444287,-0.23227789780082667,-1.3524806750942664,-0.8203292086608702,-0.2688320546234894,-0.8070571986719728,-0.49958964399357475,-0.3253132153309518,-1.0093762755672084,-0.6144901556059587,-0.13454253562115118,2.119353706112825,-0.7133658229449886,-0.16370568093567417,1.3708727429893315,0.33237130114440283,-0.1717373628437993,-0.6570325004705945,-1.0066199670798546,-0.012474128845055079,-0.17255288570110444,1.0722862134427218,0.5324420017817918,-0.5248892332902276,-0.14799426683279443,-0.07772589418129147,0.8242997097652854,-0.15308642653553126,0.42461064885301286,-0.9178593320312572,-0.2588770927592705,1.5379355038287237,-0.7235586258479771,-0.42768966906957595,0.6003938918304421,0.45221211167226133,-1.282394654526504,-0.7672761049854876,0.043851365743933106,-0.6238965335644655,-0.28666400818793963,0.173323558887267,-0.8733580707328451,-0.6793207571230337,0.28451282406872014,-0.3102946953774563,-0.4315537255252325,-0.1925660574250029,-0.7679438481100963,-0.5769185708807743,0.9861579342627859,-0.4610745804382772,0.19578218377297135,-0.3221310572344226,-0.597972406686584
2017-07-31,-0.538831763935112,-1.0949796638950422,-0.1363265135631772,-0.9527508118792547,-0.6215139553914977,0.020714169929247232,1.0171295692114384,0.4576502392042215,0.485888349946132,-0.7952797022096335,1.0672635864870874,1.0479392723004917,0.08993103812841075,0.7597291695509177,0.12698129927717294,3.0508946633215595,1.1265977965731864,-0.8031080864928147,4.189757734217025,-0.26003860795826184,-1.312473267004039,-0.9958904516678518,-0.30637899586522754,-0.9296607704594082,-0.7058837825380047,-0.45477906430451387,-1.1131255678637217,-0.6964944585726077,-0.45692445745681753,1.9379968253585935,-0.6127900945822113,-0.2872719013819374,1.3810024917770833,0.18817065681134518,-0.08720410681428707,-0.1654373724168847,-0.9987695269766608,0.42743285257937247,-0.22280205377389004,0.6842574630029082,0.3526630461206869,-0.6681938641573987,0.36655209011938794,-0.21716194950007214,0.4741260229009689,0.0515435661347914,0.5339008804202049,-0.9780277009187028,-0.11703479888411654,1.3448738847644643,0.11281426609178731,-0.5860841264067692,0.10457352269714036,0.46449290862169135,-1.1240617638948784,-0.6760168188517542,0.4862045638320122,-0.4983314176776165,-0.03307741605477568,0.8322495938014488,-1.072621472867357,-0.8864615103412877,0.3051149092536463,-0.08683395652364047,-0.3172421312356094,-0.13892022205978952,-0.543780763388014,-0.6748238278485643,1.033159435001669,-0.719176002323002,0.322311287711103,-0.37888155420336833,-0.5784708810076197
2017-08-31,-0.8093794657562062,-0.7938457539428034,-0.1983923827523959,-1.0434821383862607,-0.8032441620947993,0.007193693964858794,0.299344124394103,-0.11718703816097549,0.9938392702530691,-0.6460408398717971,0.32055919429233964,1.2734816462561067,0.07553747468714547,0.6923154551603425,-0.21830471337166987,3.068816143506389,0.78354037438073,-0.9998961397504335,4.930063493280803,0.1666187749589719,-1.3192277714462508,-0.8522484395858326,0.36804783779428296,-0.9210498998821544,-0.7573224450018989,0.27316808579144786,-1.091293794437215,-1.2094620115148103,-0.516508901521717,1.2097842162724575,-0.810896699765278,-0.34523776619346386,1.3015599766744659,0.30945739729876753,-0.1014602429055107,0.12476876483516028,-0.9679465983339836,0.08907943387170086,0.16099237337392985,0.5175326302158779,0.16497328505596787,-0.6807347527181073,-0.09615217107782119,0.05234856955170329,-0.0011208012205502335,0.45855355943396264,0.19736838025003337,-1.1913919386241756,-0.4367788644883134,0.8288621560287551,0.5261186136383588,-0.5934931415092514,0.16585601169915715,0.26882348157026464,-0.7177759275137444,-0.4494110037554086,0.272805185296821,-0.3267512299959481,0.2679529255122216,1.251201646500998,-1.1083638390047266,-0.9451920165855401,0.366583496739017,0.3489267351494717,-0.12459764091913747,-0.21448681484623686,-0.4978353760401745,-0.6026440440103206,1.2894937884457671,-0.7557093156195233,0.3365956898981657,-0.10057826606485538,-0.39671953736432003
2017-09-30,-0.9189687232438213,-0.67325421838414,-0.3224528315834032,-0.8984263630441879,-0.9720048423857498,0.11856508411772482,0.41200905833353996,-0.2658356535035048,1.030614067930933,-0.5803745705313796,0.2697448773627738,1.319657165303459,0.36158881211005967,0.8740581500182169,-0.20612361969522872,3.317549119888013,0.939311927531744,-1.076278189963542,4.162536082496536,0.3072809736976452,-1.2200691119847744,-0.7826607093754433,0.16362029939540929,-0.9431595875783573,-0.6373868080820486,0.34636136642986165,-1.1401680630229711,-1.340259863671512,-0.37175890989320537,1.0419226255817984,-0.9350841335407166,-0.2387670173230613,1.4608782566199712,0.412220143852718,-0.2673193160276601,0.2615640648410799,-0.967938182273011,-0.3315836722608508,0.6688209458594901,1.009820448754539,0.08205462081425001,-0.6427562923716096,-0.33980322598335533,-0.060645605888386814,-0.046379286718228295,0.6944534487368048,-0.009157844265106243,-1.379679714990182,-0.596369660182015,0.9077061767642542,0.4310262573992231,-0.6031401759282847,-0.2707098814001159,0.31495946428698146,-0.6799943354819528,-0.46940488226038757,-0.19696384254846433,-0.12069937994002414,0.1547281598638139,1.0673680039209772,-1.1055611216486227,-1.1157899842996466,0.49569384324955645,0.4841853439826404,0.535797943193525,-0.26099117040149555,-0.42282068560163255,-0.576871959610506,1.8183778000136825,-0.803024423112994,0.03229228777365417,-0.15956997547784033,-0.5465589846454549
2017-10-31,-0.8279537142037413,-0.615773225042632,-0.29137496617894537,-0.8214096951337452,-0.9217158321856298,-0.04845327495286179,0.3868860371744825,-0.4021194101388019,0.9212452755094002,-0.776254015444403,0.17981974679235507,1.4013730333203207,0.06782521658998186,0.46924248356002574,-0.4885381094366272,3.665867502941796,0.7278694325447328,-0.9137229583257298,5.023647903058961,0.16785344433500815,-1.01512724909078,-0.6889131027284758,0.1856706265371413,-0.7797502720606101,-0.6506159369051192,0.29045506693054957,-1.030867442561726,-0.964737548379545,-0.30853564145390866,0.8572771611847754,-0.9177704147122754,-0.17477537844448449,1.4081119204721644,0.6836895126117165,-0.24947211692105525,0.21092708270640234,-0.9166541227992558,-0.6342721929576624,0.5348225367663902,0.5350540878298693,-0.036363317994459986,-0.6810841031952645,-0.4389028232847592,-0.12354598765739926,-0.12706183810504054,0.5469224139230214,-0.11116704651240222,-1.1814401008638016,-0.4359451506717299,0.9502218089721066,0.5524875992133716,-0.5226704609594581,-0.19530775505257983,0.26979790442508655,-0.588741782882075,-0.4883183426186822,-0.2029825552013878,-0.019366673255582986,0.3264837316365386,0.9194620577583895,-0.8256279955785697,-0.7618968181948725,0.14618882893125795,0.4448404465665874,0.2393823115134928,-0.41976449205494776,-0.5938211454098545,-0.6367858810370759,1.4525086733380594,-0.6053384713660636,-0.11227028377590337,0.4375505438424085,-0.45627474525647055
2017-11-30,-0.9887281734117114,-0.3518572012629566,-0.3693069379498888,-0.9296773166901264,-1.0039402158563586,0.006880024984621142,0.23153791232145954,-0.26899673372588434,0.5653239049552194,-0.9188382922785575,0.26611575603830867,1.5474953691607036,0.45467138478231395,0.5144162340962026,-0.5161212559631912,3.4890898027713875,0.598774452624366,-1.0235866603237203,3.9932516260778863,0.18145120138072068,-1.1069684534524653,-0.7030107047086862,0.1126610620272703,-0.8562091097678425,-0.675690482119487,0.44773994190351096,-1.0899103259902,-0.6566024093950547,-0.42620843625752886,0.7894030400398295,-0.9707504456568856,-0.09565165165049246,1.3131481540663428,1.0806963493276263,-0.2012243346686527,1.1637536865441946,-1.2122355230252644,-0.9360955931457314,0.2018947072469405,0.48732216102913384,-0.24853358346380497,-0.6754081682651857,-0.6738743069880341,-0.05305338243472964,-0.23699573105178473,0.6964949889952039,-0.20868548295119366,-1.3490808216358348,-0.6030824622903773,1.2773313255474046,0.4947609207728705,-0.4697589333819989,-0.3911342703772791,0.2009631446369796,-0.7161453293491367,-0.3352108528066568,-0.003697124612383989,0.47915667842296855,1.375691783646721,1.9774686807728459,-0.8465888517654407,-0.7358410866084514,0.3929982590160409,0.07950129751004811,0.5451172999745848,-0.277420252916437,-0.7632871621346754,-0.5723697604646227,1.0804180769296012,-0.6826745311120981,-0.12002324433035555,-0.35390385587105044,-0.4271497754910961
2017-12-31,-1.0069069259851862,-0.4555949804820567,-0.40063903899335884,-1.0891347705199272,-0.9831635972933015,-0.13097132946528803,0.09683831972779872,-0.12665314917355852,0.5938711052164326,-0.4922973783231344,0.06533898693683332,2.2534610392712526,0.5535710282056713,0.47184090095658576,-0.575239187446534,2.359236251447081,0.470992573355941,-0.9941531676471181,3.1349259299015273,0.12481631405852353,-1.1032175336400956,-0.7678617101007549,0.24881426068348841,-1.0799160504378542,-0.9068755749387919,0.18962373777332892,-1.1384446919645776,-1.0394429401144283,-0.5046033181521888,0.5665814221347741,-0.9186686748850382,-0.2736605222732494,1.424856988869458,0.9821838508643119,-0.20018553713137394,2.029846530305922,-1.1515050541892315,-0.8023821254521896,0.6600983458683807,0.3413135598225234,-0.24614547457205857,-0.7794202063285541,-0.49599734084844055,-0.09704696624856946,-0.10558664633104259,1.6884622839754424,-0.06712913444128744,-1.3121578545699724,-0.5333491563109601,1.612375702654274,0.8059929020245791,-0.5126484420670593,-0.3613647799752589,0.1206295303479926,-0.2760752789475529,-0.512656137964923,0.031222698159626736,0.24034548707044365,1.983649302393083,2.3001675984011505,-0.7912121836075592,-0.8147454980155554,0.13359470257703568,0.03917898972276783,0.3237511828783821,-0.4605042986469675,-0.6534785984642539,-0.7210324799881052,0.7099401146050366,-0.6526854993518996,0.014044719026811129,-0.40055965399368193,-0.6362534699535246
2018-01-31,-1.060559200754182,-0.32234466066232276,-0.24161866849545793,-1.118362532182923,-0.8134488151578265,0.24372653033548053,0.39359974017741917,0.4514456315443985,0.4751643331945123,-0.46417086005005076,-0.0744506066923465,2.309675382033705,0.09755745150482167,0.9528664313368808,-0.9830968197585546,2.456148320679817,0.34552316991247073,-1.1762725275544184,2.2892734724698696,-0.11856144750030694,-1.1357254279772957,-0.7073134418402091,0.7585972827639051,-1.1831179381238481,-1.0422751262715195,0.003314610840784993,-1.0973228617302904,-0.7773706662499249,-0.7045407486888173,0.74157003745708,-1.1382397775147846,-0.5474821277878731,1.1907784684985498,0.7688049066007403,0.07401241367208025,2.1550063363265854,-1.2078411772646689,-1.149173302784,0.06937431982521089,1.3976549187378522,-0.027021981294116936,-0.7074902314124916,-0.6816667338336682,-0.271669779691383,-0.06930971106070716,1.871512830440359,-0.2796585201245073,-1.2667392695253632,-0.6359638504980011,1.4908109890230137,0.9022912328553324,-0.5711165562893997,-0.2575860902737065,0.20785089057395387,-0.23200047684125863,-0.5756150329696266,-0.14377805850935452,0.06777044642396891,2.134700616287611,1.802838475676654,-0.7253933644709887,-0.5003485874583993,-0.08185989361102336,0.029014382890962177,0.2463819972762097,-0.21126058135058337,-0.8017195659223162,-0.7452194948308054,0.31622785319234253,-0.35655063101831896,0.17507675168517925,0.4107921418763366,-0.6241052200864555
2018-02-28,-1.0475228634171625,-0.34179033088114974,-0.2658867152631199,-1.1332916942552844,-0.8534667193271354,0.4881675987085696,0.5566900492933521,0.39678329295670517,0.36484349407748157,-0.370303263218667,-0.16977390154168265,2.158318352234714,0.22236080926942242,1.2207734790613745,-0.8359165704995233,1.852903896380274,0.283076544144858,-1.1493541338215891,1.6952779327957466,0.005712864953663712,-1.2035368910693904,-0.7922980848491814,0.46372015127186594,-0.9228914798890614,-1.004669886317087,-0.08128822315173531,-1.098228531904862,-0.9008964409661588,-0.5907590001338581,0.30155783568319383,-1.045335306725857,-0.5048022332182003,1.749632355352872,0.8971536734473567,-0.034104303512145294,1.7507779065670512,-1.1034733976067672,-1.1280987078047726,0.07137476439689718,1.866342507013345,-0.173499356117216,-0.7300967405562726,-0.7539098738338577,-0.21449236756171744,-0.267300122890253,2.0137488088854782,-0.4858686421643256,-1.3068318466813906,-0.66905996276298,1.4793753183436769,1.0553908958635487,-0.6395462843152991,-0.32512172211541285,0.15479873010910777,-0.5041256705796208,-0.5353807446771841,0.1096600330231205,0.015945333842737035,2.5513158073751376,2.2275734837097065,-0.8301283068621751,-0.5723458485674553,-0.2023943173452383,-0.024050888707418724,-0.05058181009091911,-0.060978268804144975,-0.6439109771702733,-0.6862709237301673,0.36536979507349826,-0.39647405133324737,0.08288221495703219,0.7245749505953368,-0.47604547314616563
2018-03-31,-0.8848916543411071,-0.22444857358807374,-0.39618700121597183,-0.9866366880263706,-0.8720179612013419,0.6913949650884197,0.8371031439758858,0.15250699700417167,0.2076727115989348,-0.39758627999806245,-0.41185055814217253,0.778786276551624,0.3705173119850071,1.3941090186838314,-0.8955762746978182,1.6373467932897323,0.606302096367732,-1.1860633038270747,1.2502059834674493,-0.1673488166334754,-1.0623564646667127,-0.8051211111642581,0.3398658131312501,-0.9645473559775954,-0.8722932736301172,0.10038260200177511,-1.100865597594819,-0.705904352262547,1.2150473241834734,0.35841920537464467,-1.0548882202956906,-0.5381795256230563,1.4273067931077166,0.9522409161758315,-0.2085578669758329,0.9598457640941508,-1.1973806570790801,-1.1728654803004637,0.8922786840936793,0.9651249965502136,-0.35022721754049724,-0.7077899852671152,-0.8550941904878638,-0.46046054692784305,-0.14963175056810743,2.9797304597614933,-0.6017262847099595,-1.2666942137960564,-0.5658658401230973,1.3157557488260188,1.2577090991851239,-0.6523580239069638,-0.28759680640034535,0.3746429089150781,-0.29721687108565226,-0.5682233972930136,0.37272900477242105,0.033261544243987924,3.0376083498206645,1.7586837407365947,-0.967886631072878,-0.5191577553889563,-0.3358022867979533,-0.11124556869303011,-0.09747558395455408,-0.16234473058685217,-0.5983540615928207,-0.6928289901954111,0.49394414812251214,-0.43272150267651355,-0.2342415412461531,0.8601347197831444,-0.6001463233392841
2018-04-30,-0.612068445886558,0.1474609250650149,-0.5535870524960697,-0.8863240199184876,-0.921102679997211,1.5328855483562842,0.49771839200210033,0.30336841621002114,-0.034533177819350974,-0.014646275257578343,-0.28356755839417863,0.47218222198458387,0.8475338426509269,2.0100107061547914,-0.7338953827543422,0.9780274720005911,0.48206899939211684,-1.1619829683245106,1.5465309264961573,-0.002950718675593378,-0.7577379229780659,-0.6867210148887803,0.614920297836304,-0.7681500641854808,-0.7819530994374668,0.62121607876782,-1.1298108931986608,-0.40404911621177464,0.48319702460860103,0.3125338229648865,-0.9563712492646899,-0.5180097542636241,1.4671971200653162,0.8960585022635732,-0.39200055773878284,1.242431358949167,-1.2387171807375157,-1.191038135474524,1.1645609009973932,0.47172080536782074,-0.44954006853225603,-0.6207167804475798,-0.8955976490858482,-0.7019631539712965,-0.19193590639193633,3.1925697323851336,-0.5254794548165933,-1.2778095940230962,-1.1111791349904547,1.1425778178353134,0.6223274451199461,-0.6090781568240744,-0.27396993456390184,0.17960148270936047,-0.36116598937279043,-0.5031618792724227,0.4304715206822196,0.07383748202714106,2.6991418116722907,1.8274700587043684,-1.120098832583053,-1.100883557366147,-0.3768664534175774,-0.22247167554711036,-0.04973633463651769,-0.2239757716231486,-0.550386098469067,-0.8834624842944389,0.5906853238630305,-0.347417125209354,-0.28345837554802533,0.5746407369708245,-0.7153750952131617
2018-05-31,-0.6549138664431065,0.21846777849893767,-0.3935164074529692,-0.7030924187637875,-1.020422918164905,1.2494153464733466,0.24106101219007445,0.27509457534106657,-0.36110429568334157,-0.11436122831967158,-0.2263261208000566,0.1996760292043009,1.2552502061198256,2.2834187132932136,-0.6890056108943375,0.8044657681398326,0.19705015933726622,-1.3267043252631334,0.6806126398787327,0.20914001695434473,-0.9531183956507466,-0.6864783274259039,0.14356021936905666,-0.46481011839478326,-0.7164043536976834,1.0256088918174378,-0.7511880887056527,-0.17653305855985355,0.5086335771360676,-0.04237403443895695,-0.8581112361803707,-0.22217063400390524,2.6359682044453128,1.7637326566641442,-0.18911466390340664,-0.26501893454251174,-1.2299121233798513,-1.1007064666511313,1.2216163947236807,-0.33503866952111566,-0.24732562576262565,-0.672634543933212,-0.9125424505712779,-0.31523627365274465,-0.19828517911275625,3.508905377285116,-0.6826426127168005,-1.270048370659741,-1.0192523510831173,-0.06824501007507135,0.5164478167434107,-0.41146480125356444,0.289348836417947,0.04112524146257689,-0.4616791225653245,-0.5202006367090491,0.5243565637527581,-0.01685661169770073,2.5345120815989293,1.8564323984243383,-1.2172042214558718,-1.140742745469795,-0.13963685827655467,-0.35116454775288936,0.279193593609265,-0.35234846314429186,-0.3772147089624846,-0.7281068013036661,0.8775289428138484,-0.5903445037899597,-0.29943809297151014,0.5379177440047597,-0.4054999559383987
2018-06-30,-0.7832172152264267,0.057943826099027686,-0.5647954784428459,-0.6361076913462936,-0.976777894939356,1.0841295119919048,0.06622535414213856,0.3825107947174259,-0.23319207400399475,-0.06655628703007041,-0.3304942971958455,0.6411114939528252,1.7244570987373788,2.1512850283664364,-0.9518291795020559,0.7746648076323583,0.020062420832696527,-1.2489519017596145,0.5175383251969117,0.16087940884383048,-1.1038884544190388,-0.6755474959602349,0.34902657959834116,-0.6462018642663425,-0.8224293419872807,1.3506414650632408,-0.8487987313050381,0.13186029503976218,0.7449104718139975,-0.07783427382515469,-0.8713028572807355,-0.06299879652542298,2.042097990393846,1.5505647030125087,-0.3431627156939814,-0.17452098340400835,-1.1121378329084062,-1.209405091819703,1.538680526641852,-0.11306402701070116,-0.40735559714936953,-0.7436435281755382,-0.6765084217554916,-0.2582237849617471,-0.2402477841806803,3.278795172969043,-0.598360617315668,-1.1749178048060125,-0.9535924528174445,-0.04103633250474827,0.32514074478805394,-0.5381823220650156,0.2665597031243458,0.36028335501081477,-0.45331259973094606,-0.4779476063830027,0.5814750679056438,0.16048118322596275,1.4515923202536842,3.0775767972487946,-0.8659482475547223,-0.9365716708721509,-0.15753464900121744,-0.42227917228156286,0.30112597699531024,-0.5331472165696404,-0.7694921416510734,-0.9704787285727555,0.9571695567409372,-0.5563284047878921,-0.5765974161198206,0.6791776878276726,-0.5230466830576925
2018-07-31,-0.8782211679108844,-0.15468626050494488,-0.621739834523725,-0.7356273824196458,-1.0534855115121942,0.8704631040161543,0.1267080840107501,0.392643824940057,0.04960190326981282,-0.2486504254206997,-0.038835876165914406,0.8856117301082905,0.33489018948913013,1.9618344372905263,-1.175024727070588,1.1840205996481257,-0.1537235602577634,-1.1983245046763835,0.9469090357689786,0.30190232648909043,-0.8929373820125369,-0.16365242916966982,0.3685413190555996,-0.8615642305138849,-0.8790586445243289,1.3796656860258671,-0.8811268952193927,1.0140816761255893,0.684764167878123,0.07624055915899466,-1.0883165961767765,0.08995648410588232,2.0710285785384617,1.2311354838870654,-0.7151925874761618,-0.39143142072806625,-1.0261078634529122,-1.248063691512676,1.2104087971799198,-0.19711522632236939,-0.6165097293388762,-0.6423015881104436,-0.7345202996300091,-0.2707413893124812,0.41590399092514874,2.92011903164842,-0.703194580329825,-1.2344243022617192,-0.9672935507284411,-0.041720546012631435,0.5397235749330057,-0.5166634032260474,0.3251865128678493,0.8320120784419056,-0.474713224945941,-0.6917971605580171,1.3940765370008024,0.25448994308304596,2.3530593919072817,2.7771433131320746,-0.6281096237929799,-0.8544153413879191,-0.30457589252822326,-0.3589998597620617,-0.18891433133983332,-0.7651505769337444,-0.8746153446564893,-0.8703032015142814,0.7774153916370236,-0.48675493875288184,-0.9183630167365692,0.7393879235344665,-0.7619575566665084
2018-08-31,-0.698249162215631,0.014389418645657119,-0.8263359591106134,-0.3315347986862732,-0.8668273070948743,0.49558754282532513,0.2091221483684002,0.5500460124206974,-0.06801956307950685,-0.19426386239458088,0.44326283380387793,0.18269626637884484,0.7490280478886704,1.8194276613715146,-0.8031657208347329,0.8109028776875604,0.38491223624837767,-1.0606499025705824,-0.10790583768060857,0.32621847994700365,-0.8583989097219327,-0.4317169039336647,-0.38824740588225026,-0.6319943765188899,-0.6408699204737985,1.625188161235619,-0.8071374579113135,2.4315884944507316,1.2803002569980886,0.3211401564239228,-0.7051869426663091,0.4152448424253752,2.1286096964055368,1.6089110291431896,-0.8286058484150425,-0.7235927544274937,-0.9963753537630229,-1.11418760753224,0.29706445926080494,-0.5571656633069192,-0.8487035179042127,-0.5402326079588751,-0.7710803680428624,-0.027064109927031753,0.915615480804478,2.375584894970505,-1.0741765208971166,-0.6716494049139677,-0.7641871807360263,0.689828591395653,-0.08101603727867264,-0.6472382726617374,-0.14281269150586803,1.6176365289410493,-0.7353519857796941,-0.8929929036058385,1.86099297431111,-0.15520887268102884,1.760978917837652,2.3307071109780146,-0.5206579395776355,-0.8287556873205485,-0.18682402940742096,-0.5766196946204751,-0.6001149618171308,-0.8189380679869849,-1.088940056933209,-0.8546664989186518,1.0056986891719364,-0.6016725367850689,-0.9748571135247184,0.36776154440916375,-0.9742530357437028
2018-09-30,-0.6797174052288361,-0.11325861882178054,-0.5683904658310915,-0.6895129826951942,-1.050494433675008,0.7814708166468535,-0.17611486451447356,0.6058571213859838,-0.20832646921088804,0.14750106887193248,0.43017313397592394,-0.1261631963935086,0.16096924515750022,1.6727696489116353,-0.8214950837617694,0.8724700969693799,0.36272640851650545,-1.0924752665875046,0.6880666637591644,0.5101339281901487,-0.7563105361388233,-0.2835746062013091,-0.15276461037842404,-0.3963719802417536,-0.9299093643935331,1.7856522816981582,-0.9999139206235658,2.809064428347762,0.7065386523084096,0.17804031382078406,-0.8212608487928781,0.29746358815682333,1.7062519104574063,1.3581979113786498,-0.4087163408546847,-0.6377187455312494,-1.039420312776539,-1.0099656407320956,-0.16742371969068273,-0.6349084310423853,-0.7309810912403142,-0.7199229853803845,-0.8133595705560626,0.25682482699535525,1.1225320093941085,2.0174328545687352,-0.8509397959727645,-0.6069670238382504,-0.5225375277369873,0.4634293370251553,0.24247928356263052,-0.6306781339368959,0.046130821708465636,1.3048423460495613,-0.7178157823230045,-1.0255051694680872,1.763222208653929,-0.05474112159976197,2.454818657179412,2.3816773311774893,-0.4293494272077357,-0.7607250910580039,-0.47501644529030246,-0.5680641413418177,-0.934672714695791,-0.6447761732703106,-1.1694996180586135,-0.8682831159330727,1.1696060726519775,-0.4606998781064597,-0.8632799509443858,0.1847024338824662,-0.8690227993253203
2018-10-31,-0.7831128751747216,-0.10361428650648632,-0.45382413056176507,-0.6189702184955617,-0.8132626768731841,1.0604258353860543,-0.2217504265037966,0.5948101152882681,-0.522528444068785,0.25324197467240234,0.930639178711114,-0.5326594994164963,0.26200387921919405,2.3276013379646177,-0.24325105972381109,0.6637095972482007,0.5712408246991693,-1.1250448303643172,0.0746560643870737,0.7830733196269302,-0.31104453213775335,-0.272819158362981,-0.12478092216272707,-0.5158272850201661,-0.9845379162277264,2.4885211722964673,-0.8764329356823854,2.8087048921819227,1.0970074362616131,-0.11600951150137981,-0.6804574780795395,0.24208678340408638,1.1133070342886016,1.2017781043125562,-0.3925099573352288,-0.5902298282504861,-0.8714646541428706,-0.8435242031943094,-0.48122189571672147,-0.650146642706595,-0.6948120130621501,-0.4961228526697471,-0.8646866912219456,0.29502194333658466,2.1490646148242947,1.244954601013146,-0.7874882009758091,-0.014153474515263593,-0.6069896185299114,0.5741034830022431,-0.34087335201940727,-0.5054721090063893,0.02535710047237214,0.8485891737749113,-0.8177276732410638,-0.9412188409514698,1.0116936582793792,0.12013312336432044,1.3313828812831352,2.6758988757287083,-0.8160291592864447,-0.8858993072285092,-0.20770289480383458,-0.7407592512934447,-0.9017417013324757,-0.7125915213786271,-1.1120811061747906,-1.0542086908284523,1.3651219341557561,-0.48913865107045346,-0.8117081672120666,-0.26730054925256874,-0.9163977449185048
2018-11-30,-0.708402995536187,-0.07767790911308825,-0.11758724737293348,-0.9629110038874906,-0.6182529332662564,1.1881848699836541,-0.5438139992621777,-0.18467478136336812,-0.37291027270846244,0.28228587327730875,0.9028393721620968,-0.4809679677190669,0.09924395553391863,2.15855339063436,-0.3477521758568097,0.7205580125495187,0.4869026432368892,-1.2703801779371775,-0.04469645119563992,1.060368420550597,-0.13030563297260084,-0.23397937123622173,-0.03454862041678732,-0.49210589535682403,-1.2085410598555704,2.3802888973168583,-1.1203292600987003,2.883395184564952,1.5622885377258138,-0.15437959030232526,-0.8436763468046535,0.170773153202525,0.476177860421727,0.813933716915786,-0.0391897437135976,-0.35858722936585447,-0.880091825541497,-0.5021628198437539,0.3558157231672631,-0.8597942797067114,-0.6600224843904715,-0.2947602182764587,-0.9106393381263247,0.14649742914416722,2.031232774059281,0.6421522147216518,-0.7729778187579619,-0.04346695520547117,-0.3527792321773677,0.5995189973978884,0.2695644690146702,-0.3473792721225267,-0.12263877414354901,1.0937643006771347,-0.2611299192541143,-1.3929407210956861,0.8862128662475558,0.21671857446979367,1.8296330813728299,2.364003249444012,-0.8756402538583724,-0.9677179668069964,-0.6309431319109546,-0.47778278500714116,-1.0760196956189887,-0.7323835011477925,-0.9113846507611595,-1.3052074971594534,1.260182441258185,-0.4176187569460127,-0.6124546644950751,-0.16664924391233996,-0.9608335374424674
2018-12-31,-0.7627542705632667,0.10687089862849111,-0.2709977925362715,-0.6018392516296242,-0.6573834741666825,1.348991017990941,-0.5855813849813698,-0.469485957994416,-0.35740870729350327,-0.07179122427678304,0.872631105711211,-0.5864778464027067,0.07988994222882027,1.9572997956910472,-0.18699271705911472,0.6326725718149674,0.4751900125506976,-1.3007177299094934,-0.12669013548791047,1.2661575530288083,-0.1264768728023302,-0.0576168719590907,-0.11099266150172925,-0.09067935523268078,-0.9646654239845223,3.3498118998350543,-1.101442218450271,2.983247793615785,1.1289038507243137,-0.23667573243167989,-0.9092636054875546,0.23713122532872571,0.32916422836429715,0.7661538689849801,-0.03814528029948605,-0.5815215898136291,-0.7622198607713448,-0.5292532845172249,0.018588825007650567,-0.5822468164531397,-0.37527060183874894,0.047991689939663046,-0.9683189228095386,0.047221375247657564,1.7172228699559402,-0.11476570073430829,-0.7792623225723647,-0.2856896836735154,-0.22879083844304118,0.42305875588313846,-0.029915331317570366,-0.40600451544645866,-0.0942633445611099,1.7154158946050877,-0.5885608620225119,-0.8740289315974001,0.9634178445359777,0.38379411959919274,1.3626640085677717,2.3429717898064024,-1.0097554210892583,-0.8931268510200053,-0.7371328128739216,-0.5896881446312195,-0.9954192186676597,-0.5272400777196037,-0.7894467649349944,-1.1620091694615857,1.2102890034556102,-0.4055586056268717,-0.5932771304878814,-0.3861203174782118,-0.8637863060886236
2019-01-31,-0.8400504180447423,-0.11535960717788266,-0.13393092169988594,-0.6974577573745749,-0.8314701272953486,0.9577124624751479,-0.6325422995187489,-0.6073581402015059,0.007525812443722548,-0.21436048832489543,0.6248123759576252,-0.48760719278592896,-0.07264040536084869,1.422995735063244,0.16246986463221383,0.49815267589089446,0.41915434031789295,-1.2613779756474914,-0.3001519174619996,1.2298368997717641,-0.3544223144816279,-0.28941032471842604,-0.30938693032937875,-0.19175574114347502,-1.0668484374034388,3.0958214755550375,-1.1936726393783617,2.679642237036077,1.2725856518791085,-0.3455240651714857,-0.9832626172266004,0.33323069892844825,0.5907620893129977,1.0803002649084275,-0.05788221420089486,-0.3953388135262853,-0.8793425937698357,-0.5055120443767913,-0.02307152327448281,-0.70804483924825,-0.17797283265283179,-0.3022779144939561,-0.9374085435879146,0.41705263422831,0.9178289369861757,0.13035823972669916,-0.6836228106115548,-0.7804227427193324,0.12742384812519053,0.5556061042037038,0.5046484589757887,-0.09549625016818819,-0.004163073374292433,2.061270856628562,-0.6342510358645224,-1.088970437491497,1.3890169369804357,0.7069078443832545,0.8396750388054758,2.7969086825366314,-1.1273151659589802,-1.0963365635278306,-0.4504329843162547,-0.5983221027606458,-0.8592222588345075,-0.706760705813074,-0.42663815495498125,-1.24719944285975,1.7778851285155488,-0.24428735356175585,-0.45455543628290107,-0.4369637681977677,-0.7491833670926507
2019-02-28,-0.8662360953906817,-0.40931299678893046,-0.3012558349182316,-0.8213430029992415,-0.8584125020018044,1.3089160631468844,-0.5611625037827134,-0.6416054264662692,0.2331235091478118,0.990851085780859,0.8307671518728593,-0.5462223310803401,-0.21788442185493434,1.086822993089278,0.443705041198675,0.2602094714498239,0.10858219690757509,-1.1923341637165958,-0.2596324029523539,0.8577831012604178,-0.09943692806032717,0.029356503022909822,-0.30578335420661173,-0.27407250088627266,-1.3444998875282055,3.052528249696866,-1.075376765367399,2.2490392205590837,1.224180926419778,-0.2701384320201992,-1.1559185612946763,0.24770577974193497,0.6010953055150844,0.5889633826214149,-0.18502026258209836,-0.18938104057678778,-0.9853017630474527,-0.5353329641999177,0.11445962747259113,-0.49656750253039483,-0.1709505089634996,-0.3927950677887628,-1.0400893262085373,0.5863245354351406,1.7630902132019528,0.015596896282697172,-0.894452820420827,-0.8185989162511879,0.36331288662766686,0.22960486980269537,0.29675996468350146,-0.20087755919321545,0.5026057022848361,1.9545966696047627,-0.5754400438385597,-1.0720065824339864,1.1361785635360484,0.5357474338061758,0.21955732699055605,2.5859476197475275,-1.1791757499637634,-1.1192320960836362,-0.4792495188833311,-0.6582637912615708,-0.7107702562745111,-0.8500060056771295,-0.37691773238781634,-1.4190578680819586,1.7042227889683144,-0.15019392983875268,-0.341444183834216,0.5738826701656972,-0.6537641484037193
2019-03-31,-0.8501771535958195,-0.5043714913245256,-0.2391508554520884,-0.6968267586348089,-0.9636949339771764,2.057237173867165,-0.5062180830200046,-0.8697081046307842,0.13799542136077383,0.5533850372645499,0.8676415384754003,-0.6914935040312251,-0.04628120080532743,1.0683502759825836,0.023182249647033866,-0.028358083833279958,0.40018649573521264,-1.282747016019209,-0.3708898568622505,0.7493284024261287,0.07314812282698233,0.2797907997488325,0.23708556711603498,-0.2647211827592194,-1.2829510289850816,3.327985912315279,-1.1213204267130454,2.446764664412862,0.6127384177549356,-0.4324305228477342,-0.8611946658611441,0.3291192784928137,0.8531114646661693,0.2688899256613954,-0.0765469930282674,0.0619675470713706,-0.9625356444895619,-0.6349532185415958,-0.4615316231365519,-0.5320215901029861,0.012307555191831604,-0.4271948755053233,-0.9742963275945314,0.4415615294691649,1.8451211581892615,-0.20074319815564826,-0.9279420598488252,-0.6487740779006658,0.27334186795249593,-0.16436877092721136,0.256015288032517,-0.36774694385086865,0.7213171261409586,1.2468530610612316,-0.7023371609302004,-0.8014482185381477,0.9185751331001112,0.24744464223002688,0.1337810843679201,2.353077157131477,-1.1549485838887357,-1.106186476967157,-0.5133780151713919,-0.7203321665422946,-0.03460249562839436,-0.7846180238764253,-0.6744506015667865,-1.3625047794203278,1.6963620884056094,-0.26846771227279365,-0.3304584927827022,1.737947697997444,-0.3866907640754518
2019-04-30,-0.914582046305634,-0.36316348197811477,-0.29402595511128377,-0.7609861623264583,-0.9280334088801465,1.2936631629495925,-0.4214207890876392,-0.9071226230937538,0.41044123362465257,0.06734424520572628,0.7263770603653033,-0.42278735445922344,-0.2576734782926256,0.8800579412361266,0.05016019187803991,-0.05896685805870179,0.1614768431812811,-1.1342106134990513,-0.10055869219714544,0.8059529683025115,0.03398828907470674,-0.15655138147123557,-0.05824214020653089,-0.25978506004265345,-1.2530602773221664,3.526048049874163,-0.9934443125583515,2.368027012573134,0.7808986280229334,-0.3819822251207438,-0.9054777268297346,0.7245548098765248,0.5941125481920816,0.5990110346627194,-0.10534588803109593,-0.13163195526636393,-0.9517355374895785,-0.8126223339071803,-0.6004488680002739,-0.6057252904037098,-0.13389645044298984,-0.3646230426550533,-0.8000275867019789,0.5114548804018818,2.172664419508958,-0.47515545791096264,-0.911548440963773,-0.6646768906863847,0.810601157247028,-0.24491880983048558,0.7443474138179077,-0.3586659528837691,0.7471272485232977,1.3299644042144365,-0.7218315533885717,-0.774157199871184,1.009171215425748,0.2158904852135852,0.37968708249654437,3.095472174268388,-1.2515494201248007,-0.8287176416980756,-0.4354237531760827,-0.6838163521835803,-0.1812830214970606,-0.7892800094568101,-0.7507571977531861,-1.3557050369490327,1.308432330403535,-0.04651045757601288,-0.6191059497955691,1.2358931509552271,-0.4115852960112733
2019-05-31,-1.0615030965112553,-0.29269975389136377,-0.2814655076853618,-0.712134642734011,-0.8637996113142588,1.6406911350403386,-0.17329720015705294,-0.9367749429462019,0.9503060244093221,-0.3861308383570768,1.10829831365631,-0.40821769599333974,-0.40400964978090453,0.871835525036213,0.05598218627722086,-0.277907633346458,0.19186787885985487,-0.854315532354395,0.7319060151459189,0.6418934169604941,-0.10167609353066084,-0.3604079461744088,0.31882665747261685,-0.5797502533918136,-1.3179808192216582,3.2662916384285348,-1.2146735140981844,2.092118642108028,0.940569659932534,-0.4256407026714085,-1.2338812131087666,0.7057541221566346,0.18981973337873403,0.5519572576838648,-0.1341036659003006,-0.12707143804962967,-0.90146570970312,-0.9013464019064953,-0.7977257301040245,-0.24550606903278374,-0.19509374295909873,-0.3160801843388579,-0.832022964158691,0.4731306269995362,2.255920365658689,-0.6232218756760596,-0.8796103744102138,-0.6563677570862971,0.6090604114090402,0.4198506910817498,1.3402074672402662,-0.2746076318323525,1.1122331776163885,1.0272078572053012,-0.7370926452316315,-0.44672655486932084,1.0075779038477213,0.20687250431245927,0.01249587856643138,2.7019762664423737,-1.376223680343709,-0.928243654842951,-0.5424806840341702,-0.59947638024423,-0.46920481024018756,-0.8220469511309894,-0.48589100515544387,-1.411421358740999,1.47442643284062,0.22329122912963173,-0.6979291827798045,0.6565884994279897,-0.4917304182848748
2019-06-30,-0.984731321292631,-0.3112940604770848,-0.05814913909924196,-0.878876558958053,-1.0300517432085434,1.3580049263102063,-0.15528345759907272,-1.0576676127543665,1.0442200702574944,-0.49162201767194946,1.229577257204427,-0.5252639116184661,-0.6789729415457901,0.7100925720619226,0.2916319031372617,-0.4696902512643534,0.07579181383303779,-0.7352860987412239,0.5359668938369535,0.49888970468577226,-0.2140676204352797,-0.3781680055476024,0.18452085587457584,-0.4723678037052823,-1.3242570743840443,3.352815814960591,-0.7908016579760175,2.243412956372853,0.856212751794257,-0.5502688088320037,-1.3194685962614792,0.5160780216247736,0.30263596369550266,0.7853388135619821,0.11722996504955122,-0.38755895027461124,-1.0524084031703593,-0.8718260111721683,-0.9195982371330741,-0.2970193819227433,0.12797327727314262,-0.2728371760732934,-1.0466229841197354,0.5010009890471508,2.069635925397503,-0.5618632873756426,-0.9737862577750979,-0.8179337995164735,0.7548661618182797,0.3482484608909203,2.3577404945229703,-0.13455964692842012,1.0321562762816474,0.6783354796816041,-0.7659500193315583,0.27412448992106214,0.9484327416564744,0.263437097564896,0.11725832080550473,2.186133155946307,-1.3405182351715095,-1.1308326238179738,-0.38789909461974054,-0.7041991953845598,-0.6713358418350938,-0.7173575429377168,-0.28964023041230325,-1.2613624435073039,0.6839776970856237,0.00662027901264518,-0.49486966393826026,1.2362805038000069,-0.16237392717677704
2019-07-31,-1.0672546963368041,-0.04606572414499016,0.2434829445223494,-0.8665175076453397,-1.1427421104535413,1.6764968046299593,-0.23877582863538385,-1.222329728110451,1.0499440234277284,-0.4484921232722929,1.1547570691933862,-0.689349005812793,-0.6205280446213751,0.6399938481191819,0.22202230676423562,-0.6790782574209323,0.5583054757131536,-0.7335352431850586,0.7585385294574735,0.9733154680653228,-0.07348264214816723,-0.6889971654334082,0.20780129193990998,-0.11109090366411749,-1.3493652031439292,2.947782150551742,-1.0549268172783408,1.2923806166678575,1.2882594959544864,-0.714179243130381,-1.3013890624051072,0.8285645001416106,-0.09543731310084094,0.7143403562200418,0.5938467973251217,-0.40080590670250354,-0.5714660825596972,-0.8478774172552841,-0.9979294576753465,0.20455144237870138,0.3378561769465985,-0.5191992812680379,-1.2685080108380866,0.7815495941404996,1.7861187586595846,-0.8444826576684972,-0.6162151986001381,-0.9064539348091373,1.2079652423331575,0.151283060812541,2.2995071995146152,0.2638212941509525,0.7993798583202345,0.15660231918411385,-0.9340929512310215,0.7772099674076086,0.2863445179665685,0.19027698005261687,-0.3697698414558273,1.5518791142238026,-1.631412804696664,-1.184818935303187,-0.42158200327776396,-0.7537365340557884,-0.7263281512110578,-0.4965168882147019,-0.09805867764777097,-1.244346734675189,1.4797462648713473,-0.15988367555802116,0.18485333436332796,0.1472206596853651,0.38102430094178064
2019-08-31,-0.7444925034845076,0.37729952650506815,0.18514565006674344,-1.1083283534591193,-1.0606221868110632,1.9513955103737641,-0.4227623664677559,-0.9069253966272356,1.7287958407433806,-0.5230736978837545,0.5580427033309387,-0.5715171404310899,-0.7066111156394503,0.37898110841221955,-0.042517270141727376,-0.6722150998194393,0.0815418824911641,0.4622240493406195,0.7204315987472418,0.6930306598519342,0.3063174407338674,-0.672564297190139,0.3641041023676167,-0.06505919753657792,-1.271707284148763,3.2945095496366306,-0.7622749405905659,0.9109083928774712,0.8079034445675428,-0.5505579249157874,-1.2685746934957014,0.35791220213394953,-0.5335906835419169,0.2548185418031554,0.3669252149831112,-0.006661274628396877,0.09984716448162441,-0.8113308274951889,-0.9203808442484166,0.04435739255947936,0.17340214186908173,-0.6292690714703324,-1.03782841409813,0.206304355125648,0.9833056222637229,-0.862423376548601,0.07283971255570842,-0.891194276259695,1.1365980735557166,-0.5206865493333659,3.658773340675923,0.042626690185993216,1.1309529072216624,-0.44961223525671384,-0.8074506750690901,0.9930259942273247,-0.0873870711475636,0.296380820686717,-0.5338346929689497,0.6733889505272855,-1.4606069006004996,-1.0498639845245876,-0.6726775680204506,-0.14445813426086004,-0.5620147765150313,-0.317793528375244,0.1735400670202877,-1.0995163954949176,0.6303469318681182,-0.07485860586378602,0.034073045487827455,0.6116038957467109,0.06158882933916362
2019-09-30,-0.9853567028991115,-0.27611775261886906,0.2493819330698627,-0.9258512360166058,-0.8611940623857394,1.7522337022366654,-0.18152917115316494,-1.1356420434201828,2.577826057342688,-0.5247780899452757,0.42622426708478467,-0.476162449713076,-0.6935922803566352,0.4584964915735024,-0.013755782072495355,-0.7468580922352417,0.4249932702185959,0.3961565863888783,-0.12137536562985389,0.5574972254276023,0.1101736962994332,-0.689871519577012,0.5155731032236385,-0.5005671566873736,-1.2150135221262903,3.1142560673712363,0.13832704577236768,0.4015998216629429,1.4211770696331318,-0.2963796327471381,-1.2503192007382686,0.11756791222750296,-0.54483078034225,0.1302203309231318,0.24077765523127911,0.09110490171956304,1.0160534843289886,-0.8404458372567676,-0.8453335927005544,-0.007104139508320947,0.24974199934314506,-0.6255342425267102,-0.28942751079882173,0.1368666451244941,1.0236982176286893,-0.887126489284686,-0.02854063733052466,-1.0150661406989554,0.8260155955782754,-0.5905016317039646,3.192462536415519,0.03961345421469981,1.0052276058834044,-0.43286159116490636,-0.7654129434958051,1.8779572799497777,-0.21425631571873383,0.017525227325022687,-0.6592751140117862,0.1631622008363321,-1.4827929966826054,-0.9652529843107941,-0.5007344235538217,-0.14068176320171105,-0.616403322220103,-0.3836228998794873,0.29726759222365284,-0.98479361753431,0.7927873112379485,-0.15818005277623,0.03585449656359521,0.21048642216858776,-0.1357641192047547
2019-10-31,-0.8772984538851987,-0.5426411611830325,-0.24975557048993066,-0.822530081030684,-0.8320526852372992,1.3411631115555074,0.041332276774932605,-1.054367139053961,2.3402939020009312,-0.689372653197966,0.6909448355417039,-0.1822800199642119,-0.46960314002098064,0.2376194306622739,-0.4265574254328336,-0.8977988961125553,0.10524141052589497,1.5513298745783197,-0.013970612808918705,0.35330643194852923,-0.15021562830319002,-0.7277389481417538,0.326344361716252,-0.5305924082764937,-0.8968900645184155,2.7450199890218987,0.39131263396861865,0.453649960833373,1.7912716012000984,-0.22616207260687254,-1.3743071607467017,0.231254928976315,-0.506259801090006,0.45158487435959377,-0.0383637113485677,0.2857093061758245,0.8683274216650225,-1.2183397358511583,-0.5516248787121072,-0.22402511081530171,0.05046284767304397,-0.6908169434801681,0.433841838828499,0.14783412842838245,0.4216837322393775,-0.7700740146854592,-0.016865814925186712,-1.1760819883287559,1.081599992657624,-0.6935695222533899,3.550187812585695,-0.37318455096823855,1.611740696977625,-0.4462633135074006,-0.6907003818364664,1.2813175877020204,0.34789564056840594,-0.035298268594617904,-0.5838458792677088,-0.26254056113297414,-1.336765891963021,-0.9035134992749214,-0.24853487467126792,0.05320895278619744,-0.7321798186402179,-0.3471951003642801,0.40691322693375787,-0.6421949697985091,0.19329718650788646,-0.253969902288367,-0.38946963575461835,0.44270564618659974,-0.1325833510164963
2019-11-30,-0.39165586757501564,-0.6842029006016165,-0.4785469035594302,-0.4944508666150855,-0.3943754741817675,1.3561797180128605,0.3444941177606818,-0.4573269905655631,2.091993868654259,-0.7623130541887108,0.6070051196792693,0.7445958657733807,-0.5962642212234478,0.11421048237312972,-0.47478785432974213,-1.1773523570254496,0.17389908926272174,1.3832185590209223,0.1137762605566607,-0.1277409176685972,0.06760890214698269,-0.30894348102552616,0.22955535999151386,-0.6622179601304378,-1.1652988066279888,2.435173580199612,0.7166606603907129,0.005885466448504264,1.4433467804754125,-0.17884581303352862,-1.4428728715038712,-0.052232562846878376,-0.09649620936497195,0.18656291267986674,-0.3416456055927979,-0.038106170725104097,1.4069428409283897,-1.5464430751361766,0.7884061532952269,0.4217064206019112,-0.23141911333367993,-0.7249608927477704,1.603545999609245,0.024928861006690502,0.21476840533036445,-0.5489315277089193,-0.2415567180961497,-0.974704775502146,0.6254319120815941,-0.980815650531436,3.3749135842268463,-0.638061108089916,1.0630873763544024,-0.4608088732622098,-0.9591899995987505,1.9442865885353628,0.1317002076392631,-0.2660511204280846,-0.6385949300776446,-0.23548203318236421,-1.485635183323768,-0.9998421567826604,-0.2575228991299327,0.21843775612872676,-0.3600292218642072,-0.45460830727461143,0.19968526059483635,-0.8778095935026327,-0.0982312097791696,-0.1837881781414181,-0.5229692878960984,0.46883391861120455,-0.48770928459527885
2019-12-31,-0.6486445793650769,-0.7112008821780751,-0.5205015363722515,-0.42524859306703294,-0.035946428862760636,0.99091220197326,0.4083261314471943,-0.4830922378898551,2.112139851273731,-0.3321939992071735,0.6912042135035288,0.46832083849841033,-0.5178310000178808,-0.22048612720259336,-0.640246823336784,-1.0350870999359811,-0.06771793162923893,1.742834671673655,0.2134015281365903,-0.4010500091838273,0.02650037672648111,-0.09309362749390465,0.32352724099569186,-0.6528035527910142,-1.116493975413077,1.473467033827423,0.4115977932494208,-0.012622005077932114,1.0043307735076927,-0.24224647779437483,-1.3668075530242,-0.0765632864487542,-0.0798369665740089,0.14085979078982064,-0.3361314608995428,0.47567073656249653,1.8231569707158537,-1.4524799426645252,-0.5545209601132665,-0.08188660541864703,-0.5159774277069675,0.10580077646329765,3.819817707146295,-0.23772345307955778,0.10105703427854426,-0.38666516126702294,-0.2648843933692618,-0.64276019258515,0.22317106590785976,-0.9596146069621893,3.5546971540821906,-0.671422879335722,0.8128973543378895,-0.6714320963568853,-0.8255454494770753,1.7457597168134233,-0.04674387128345289,-0.5184804021959921,-0.6741809118649172,-0.4921695087023405,-0.7313174549724164,-0.7061183301897204,-0.1574296727314678,0.27197582399704107,-0.16383885835855483,-0.3059719511116304,0.023670058876416124,-0.6574779202688941,-0.3261471500279966,-0.32290081277261434,-0.5856024414550794,0.5908846177347407,-0.5868428544822601
2020-01-31,-0.6942406510571808,-0.7214328010513507,-0.724002610732457,-0.46681181928640797,0.16304472549961452,1.342600672375008,0.18710067763778776,-0.5282848670035506,1.7620936808211987,-0.210691641262949,1.1374680347298753,0.28262669400189755,-0.4413289558738022,-0.006556727134386495,-0.8681567602853546,-0.9578654286772095,-0.13687962480751512,1.8833124980767715,0.17242998223892808,-0.40911339025214655,-0.08347132016274958,-0.22729141519271906,0.43969431566195294,-0.3780937872551546,-1.1449536775486047,1.2102446309432526,1.0201027619587797,0.02349447310313121,1.1882114838717954,-0.08773522077144566,-1.3005773860461551,0.022554658905973086,-0.2736129990818861,0.05800950146847688,-0.3619328392534578,0.03769023417506886,2.242366482186044,-1.392897515490591,-0.6026701092822612,0.6129913035842768,-0.5008674840734509,0.3231241675164455,3.5598840480888216,-0.6177292566342033,0.344884918039413,-0.510607145412895,-0.4153738311524362,-0.8482423768679666,-0.011123893838994047,-1.0389457863276301,1.6001147535189242,-0.9051531077333673,1.1324874215739313,-0.761645183441847,-0.8453753261983667,2.677208363474157,-0.4835030036371225,-0.6848916111378646,-0.883500176746104,-0.7357235643146841,1.343432480779317,-0.7197469450866995,-0.5557994285796571,0.8756958181868889,-0.2854441521770289,-0.12784646104571654,-0.21618739720778266,-0.6762949676332175,-0.8549894447443405,-0.6098694812445552,-0.39622501549064065,0.49945980755436886,-0.43864200173618906
2020-02-29,-0.6750700173951687,-0.43628216378132206,-0.6875638925778413,-0.39798121762922994,0.02003234269304499,0.8987222744744914,0.2627046692902467,-0.42942652475302556,1.195134876847086,-0.597369772720718,1.4731563563602883,0.06611572853557252,-0.11145369690436546,0.1585846677128284,-0.7585904181950459,-0.17445442537938077,-0.17328395154639223,0.6550917550753564,0.15168069026785552,-0.1391410090827436,-0.3426396465915298,-0.1963649157065322,-0.045890255484067485,-0.14742825849650262,-0.7095574662378705,0.47348197030112515,0.35804645061419554,0.072712557295237,0.6570930540656019,-0.043029185162572016,-0.9987130514247516,0.054227379021812905,-0.2756120385020135,0.37877692833357346,-0.4834804564786563,-0.4427488810845588,4.727304507446024,-1.0640521987432872,-0.435924543785322,-0.03794222244270164,-0.6084991455415285,0.13777726769628115,4.682581664657127,-0.5006721379948449,0.3366934690804967,-0.3370675913361744,-0.24852034351785493,-0.7531250533465889,-0.05424876107656098,-0.7397195113675917,0.8101348674724362,-0.7185667248205695,0.6647718227790383,-0.6374556070480423,-0.7706648100364198,1.7429656424080369,-0.6842306423255468,-0.36030397988489854,-0.6814158431826886,-0.7604459105380877,0.3841786808745027,-0.54427741057365,-0.2270149847360142,0.878740865699805,-0.33261166291525834,-0.29988726804736937,-0.03121136383307322,-0.1992784179704564,-0.6455521699492384,-0.5179380466869656,-0.5192319354272714,0.37279466366493036,-0.6375656204047023
2020-03-31,-0.7559236821567276,-0.4923005311807317,-0.6024681859804795,-0.4209214440424615,-0.17574396068069356,0.5572853560224186,0.13766688035594316,-0.07863151449404995,0.6901565435904908,-0.4914642435913966,2.0090804938605724,0.6607887391506594,-0.19368091083021552,0.5489321606585761,-0.7576935390533877,-0.06445088429841826,-0.2699371044476975,0.7353386523616671,0.4000170363192741,0.48313182683022604,0.16783910626726653,-0.18617583471385468,-0.3266352185451589,-0.19404922387681348,-0.8652400660707846,0.011812921503360893,0.06830906324594269,-0.8265552170998467,0.7077523435772232,1.038882823201825,-0.9582852601756506,0.29541201335520617,-0.1167109435072567,-0.07171884016584198,-0.38141167840763907,-0.5152445013072684,4.603683140366172,-0.8881966886391129,-0.33844977278241983,-0.15638071490566116,-0.5838039722700675,0.018234674675950604,4.590961628745935,-0.5449114138062219,-0.13721879056677724,-0.5114285864752673,0.24226133278585035,-0.8906482373375959,-0.1886584411072963,-0.6050561649232743,-0.010629854462727613,-0.47777894718769115,1.4873385576161497,-0.4729960208733396,-0.698107044788619,1.0306248877543422,-0.519268521118733,-0.12070182432062905,-0.7210529359865021,-0.6814328022757635,0.9616376317784009,-0.6843399066514544,-0.40646713577651455,0.05815525800585652,-0.6531780065802294,-0.24797465412258862,0.23436575841313598,-0.45545616544732526,-0.7455673507077483,-0.16066933753759532,-0.3985935704724988,-0.0727855041737345,-0.6226736805186867
2020-04-30,-0.7632885748547316,-0.8224851032006096,-0.8815545918548474,-0.4544008336380169,0.13622374283357827,0.9500518734257323,0.006779041172568303,-0.14956699323354508,0.43641139757662345,-0.5753215609430932,2.1922325044957724,0.750633454155893,-0.11425095814012286,0.38510586701481525,-0.8566389067536468,-0.1388102198857773,-0.21832356420076438,1.4135203250273594,1.3022112637308718,0.2699437932118165,0.5316159822303731,0.12327856448415925,-0.17406704319596628,-0.4819257443179362,-0.9214865145327288,0.6497171536256152,0.8100445740626152,-0.8039261289260878,0.8122844893199871,0.620021043855505,-1.1924589162633543,-0.10712357219531102,-0.35781743464100113,0.06369529162751908,-0.7148274384010198,-0.3090318900571404,4.02072318619985,-1.1685723162383068,0.01797740568220103,-0.02435359249064911,-0.8596000114573108,0.06637365057706099,3.6890511055028767,-0.6654811478735709,-0.21313133506356566,-0.6096250211406803,0.5227184765139542,-0.579209165557876,-0.2405943899980973,-0.7013640194825006,0.5847928416000798,-0.6348364535724786,1.1162505310759936,-0.5847502488574435,-0.8950460622574015,1.1260740638776905,-0.7716145402554133,-0.26127841273852775,-0.8883411622478372,-0.8481528070207204,1.276442521894053,-0.6242961143725556,-0.20865886928455385,0.3906328880752322,-0.6163222933763635,-0.4290653456217908,0.10780896222047631,0.03748606949528753,-0.8545190965148548,-0.2157836890856884,-0.7181590973827208,0.05058311033999016,-0.810623993778946
2020-05-31,-0.6949784192558978,-0.787243002679141,-0.8575432001940788,-0.5708937833998109,0.17134333149953435,0.5985604619288453,-0.1662466736506392,0.09868106281855651,0.32869920380340956,-0.3862930703839872,1.9820376712179744,0.5283224389194978,-0.2523490129558741,0.3331076637609548,-0.8076337780162978,-0.03943253831181975,-0.2552119226995145,1.099491688828741,0.48484018744500634,0.34416647076758894,0.4638404312982585,0.33954771827707736,-0.18927444185277148,-0.29109618592577907,-0.7785916603781643,0.1813408289297141,0.5469474392178503,-0.661494362558632,0.5313711657617354,0.7016232623590085,-0.7930329981620586,-0.23020956073433932,-0.4253970117653154,-0.18567870380671841,-0.7649429404362967,-0.24530224995684502,4.7567028782716925,-0.9254504009385258,0.5052195040939781,-0.02395025957426529,-0.7961605615781611,0.05411178390976166,4.455970437506324,-0.591366101294336,-0.34104659691715944,-0.42571273294664036,0.4613578740000236,-0.4712347946254487,-0.18366427305135444,-0.7378471297991442,0.40768022678419324,-0.6068327842873861,0.7329472411033366,-0.5097848546485771,-0.6299458032021563,0.6888857683795396,-0.6041692833869445,-0.3531622852972713,-0.5824890449093519,-0.8073537512601334,1.0424198691514892,-0.4886658107622815,-0.2939206914771929,0.2647433321251362,-0.4531914766516908,-0.33092291877387964,-0.13573080866290144,-0.03210065378011983,-0.8758345877924266,-0.3112902294086643,-0.6409650496638242,0.0874594785502857,-0.6557810188956953
2020-06-30,-0.7073468792391017,-0.7647083285774312,-0.9766644895472057,0.12461377731267197,0.8258915300980905,0.6065373854731456,-0.1882679263317804,0.21676982250828847,0.260319627107525,-0.26182431582248267,2.0520541091778868,0.7400703010962112,-0.18247370881407088,0.30933524618372205,-0.7435470709882437,-0.09347134035418331,-0.2484558126613236,0.4837285456602222,0.15897942198150053,0.2969251847525304,1.272651662137831,0.4087634114619446,-0.17443418104544708,-0.4188277299685674,-0.686554658498576,-0.3134302913447592,1.093045836650083,-0.9405913093286201,0.4869537290906949,0.6739056862489954,-0.5089976241794675,-0.23621056359213868,-0.5412262617821822,-0.1777730266344542,-0.8797422241410494,0.03022061337042955,4.793652777153934,-0.9144435796050864,-0.13616062054586056,-0.16882225343615848,-0.865392392767379,0.13089666162502392,4.200911808130123,-0.6335455692018593,-0.34582411538292807,-0.21452444363178108,0.6320130895874979,-0.5389683059941153,-0.21457033921595522,-0.6654438443246672,-0.08117173709993471,-0.6815323982146104,0.632917793258135,-0.5064250074363824,-0.46470419990637124,0.9043308603996383,-0.8595849348582207,-0.25881114543787603,-0.7645719985648722,-0.7668073117237482,0.3125731615714423,-0.33744638667578364,-0.3046192765941661,0.34844028095746415,-0.15403173823825034,-0.2822163119845397,-0.19547108157584728,0.1787981429313969,-0.9548079256225959,-0.4445109516318819,-0.6666189643602716,0.07977020705872051,-0.7894960961029225
2020-07-31,-0.40951616401462126,-0.7273693169162878,-1.0280161031655437,0.02436872815642578,0.9495598640929394,0.5912012943947106,-0.19053042400679665,0.13948510170394973,0.07379034014812519,-0.3419322270239027,1.5627694751719767,0.9711446484421594,-0.017939231052131542,0.23310876659022173,-0.4310134243442332,-0.0035487508545308686,-0.234808819201734,0.292312789499065,0.046528465867839354,0.18583129330412734,0.5495955814226082,0.0768755991899431,0.09125773419324512,-0.39721668801754384,-0.42027895113415414,-0.38634796906193036,1.2258666953884658,-0.824918311588696,0.27761314925923636,0.5726036291032983,-0.3391873048962853,-0.22223201089940345,-0.6140701138153603,0.05863734332725399,-0.987190513360225,0.14677139747860604,4.627089575970644,-0.9710888541659226,0.1197771442539839,0.048707710716050984,-0.9361862742876302,0.17121345744379204,4.8711313660956606,-0.7405187143220354,-0.435797586800018,-0.34525774996167435,0.683650149941447,-0.42783749294413526,-0.08247373269674042,-0.7084570441963162,-0.3979162093936387,-0.7741605173715937,0.3959223271006543,-0.40446449316575916,-0.39572682566442907,0.6766088707827307,-0.918401709586334,-0.44415753591389134,-0.8588594919535212,-0.8116988516779905,0.23249605677194507,-0.22815138080901082,-0.3229837626160158,0.40340637904843313,0.35263905045787264,-0.5190898530411355,-0.38801937512775564,0.7580093730280423,-0.9622455086001348,-0.288974893091146,-0.8590664775426747,0.2720784965213179,-0.8844011965838889
2020-08-31,-0.219647194918172,-0.6997113384451074,-0.9498605199204,0.03491295568774267,1.1556477167264338,0.4953268365452997,-0.21300712002369765,0.04124453296801403,-0.12171311601853162,-0.3369873759169343,1.4046040957118098,1.2729699409359063,-0.074448295012558,0.3093569297973135,-0.45128789201768416,-0.04751318450285273,-0.3011769857401762,-0.14475171865624517,-0.004189709544148604,0.15785131797158986,0.4517653673229769,0.2264200649154253,-0.03305264851857009,-0.3569928214333062,-0.30637387546464717,-0.3977844205091472,0.8296497060390546,-0.8348036615107857,0.3005526664815684,0.44196103455930774,-0.5318170699480695,-0.13587300416231612,-0.27306986814591067,0.15388980951188153,-0.8824862858484089,0.27655525308059314,4.143225559556377,-0.9060303968193878,0.46523360304613687,0.12158038251288326,-0.7674321720936109,-0.02778517054583594,5.615040161708837,-0.6963700965427455,-0.4504238761115517,-0.18943051927149596,0.32138564204581166,-0.5309243854533516,-0.3346924346760875,-0.5569852334083601,-0.48419423450558874,-0.7115525108308095,0.28637855816799135,-0.19421367777289494,-0.34835774775190076,0.6651452883165117,-0.8708665579944145,-0.39695231160262995,-0.7378059086460124,-0.7156386410586555,0.0984682770255323,-0.16585328293351395,-0.3606352360007051,0.20851277721438805,0.08457885629913381,-0.4627147573885919,-0.3592327263582511,0.523943791269499,-0.8844025436808036,-0.37411571913319175,-0.8177543722154379,0.3543818692513119,-0.7796703756158325
2020-09-30,-0.07376798191451851,-0.7155232742850879,-1.182713198849935,0.23736645585075586,1.5244497947738944,0.5632575141584721,-0.27235225953109177,0.45465016994500246,0.04803777030964903,-0.488096699052719,1.8494990906551034,1.1688953391865722,-0.15595935315476428,0.3422995584195571,-0.39233989881442216,0.19994268139606225,-0.5226137245139287,0.09943086626063027,0.1155981746062132,0.09499452462666151,0.3917521945008793,0.3229152242977838,0.26757399931935005,-0.39476510732466163,0.006784449675197274,-0.5183807709311642,0.6920653621160616,-1.0836558963543885,0.45138948394336,0.7295254544446235,-0.7654834674281252,-0.06583240507931025,-0.30599759159558015,0.17389266177830914,-1.1018115893880849,0.03125149640387842,4.153993411419322,-1.1373677746997275,0.9759147385539167,0.7485244977644319,-0.9220947166973136,-0.04240072168149642,4.302416394298196,-0.9491486371871369,-0.5576559998451406,-0.1441722139898126,0.3904126439884014,-0.5696328084684323,-0.4774234056606039,-0.6466754939686244,-0.6364424497561649,-0.8563396552077973,0.3800168295925477,0.0650966412388814,-0.30472326795342414,1.4557321868393431,-1.1009764818400019,-0.4542090531942704,-0.9843201330690204,-0.8797846304812176,0.40847585183985524,-0.04602286521044651,-0.388799550000844,0.37127371597035375,0.08054164839906891,-0.6434230513265701,-0.4588299097826784,0.5802422520210478,-1.145294735884789,-0.5386020414529261,-1.0458701889048139,0.2298531288133107,-0.9385632029256535
2020-10-31,-0.2654314193100405,-0.6981427810868052,-1.1302522282262204,0.0014472428349460958,1.4299969373163814,0.23624665485378482,-0.1150840991054778,0.3547051314560419,0.09925826627147202,-0.31377769552999435,1.371725135207456,1.1808684312005144,-0.11506145017343575,0.1910660429595306,-0.22122642732527772,-0.09967162941181482,-0.5904419533366577,-0.20556223606360705,0.11512815436058656,-0.0018734841211062727,0.10016042728476475,0.712738675165012,-0.045261377363313274,-0.3364069097239443,-0.37007524996458846,-0.6222412429106352,0.719267716315394,-1.1006296635018995,0.29541957101521904,0.4666915125065273,-0.6800805126603813,-0.07089974912373301,-0.30536049598775755,0.44007616674536915,-1.0740681298621884,-0.08264623887013137,3.9806053078040473,-1.0639753090207194,0.6164239564300941,0.5993683021953262,-0.8991803222873314,0.10194974601005027,4.343951941628244,-0.9395006540789784,-0.6111115769180469,-0.3225994282993358,0.1213002353863117,-0.04739011685816118,-0.048111909040355165,-0.6353435960177187,-0.8510519729054237,-0.7801724159045622,0.27312771233955074,-0.3034005105457685,-0.06009708891362777,2.2540082300489965,-1.1643750915890638,-0.5143170440731218,-1.0624586093835158,-0.9195410397852978,0.7729776961386825,0.11614025583031634,-0.366670169971815,0.5491742418854245,-0.06287997284938313,1.2101704106789335,-0.6148116353398537,0.6726716743407116,-1.123490957205805,-0.6693395226862296,-1.0112023830868389,0.06084346221230329,-0.8722929380020398
2020-11-30,-0.4180541316831959,-0.8086987442733161,-1.1062234307355088,0.03701085004813054,0.827467974238349,0.06948115095015121,0.1545893491714305,0.17946217223430933,-0.1174242642959408,-0.45246961889658965,1.0603782757971687,0.4135092711455573,-0.3825473364939896,0.07978178782948907,-0.41320987246556184,-0.16028088194910878,-0.5852582081464403,-0.06069179052738795,0.08935194638408361,-0.09318271504242366,0.12500249185911452,0.8951147881661279,0.07235720103815169,-0.1393101783674427,-0.21206368964212602,-0.40511596236659914,1.8028082841794717,-0.7451499977234219,0.017691802316436498,0.38155086462177834,-0.5405016660555066,-0.324792824649382,-0.3166093257486875,0.2909702505801895,-0.9813428162068575,0.023965114717541206,4.294975290423171,-1.0833026003619661,0.029912837965389176,0.05542720259035888,-0.7854736607181079,-0.01010894711985589,2.995110769614342,-0.8698619410690773,-0.3779285360810778,0.3383772961436722,0.1433064243755461,-0.3876406015884992,0.15676011172369883,-0.5053609226704212,-0.6092001260800366,-0.748393717726528,1.0071209199484858,-0.43029776981959394,-0.3878244247375325,3.414180484033924,-1.0459802662767796,-0.6840157907542399,-1.0515516900270043,-1.0363234140480981,1.8353320865388596,0.012825809821115742,-0.4345172221887411,0.5247344584587821,-0.3120736456545335,0.5061617408476243,-0.5970690198902125,1.1661272138373266,-1.1011548678726106,-0.7862011076495515,-1.0484116245623307,0.21441505909249614,-0.6596419285259852
2020-12-31,0.5874027906102599,-0.9022048944398093,-1.1401184203395935,-0.029152479717838308,0.4411452753751106,0.32560554001636755,0.5825527774823005,0.13998650461408585,0.19607338312625508,-0.559719532217164,0.9127839277656389,0.11794119744993505,-0.4522898451654514,0.008910098585106819,-0.3905963197610599,-0.3044204609582233,-0.5226169426517878,-0.3513001818527681,1.3322936259651188,-0.11127358698452253,-0.34947205608223897,0.6598982430426432,1.235365643342028,-0.1084067904671671,-0.022936685845371795,0.933374118029864,1.7997165535279576,-0.5258871800118015,0.3580101907179992,0.2536318928248441,-0.6994450418115091,-0.475320509610139,0.018293152140070042,0.3366932684612422,-0.9832057397312871,0.010287775503944826,4.856288237130402,-1.1969271914985655,0.008180529666359891,0.35305484908771767,-0.8790714278184828,-0.11026137738843465,-0.23676850802232088,-0.8115425404209693,-0.48311043450977176,0.4673079488553446,-0.07002216517721864,-0.48572670706875576,0.9408870225545582,-0.3915307767730901,-0.4859375146499487,-0.6617881249350802,0.9218724549313143,-0.4535017141860891,-0.5464993710532475,3.063135604743227,-1.1067434437849668,-0.7252084410165897,-1.1076708819755234,-1.073137134032821,1.2688836965681696,0.492338142155976,-0.3618936211373944,0.17752403345280643,-0.4561450650329586,-0.34054844468987405,-0.6316220572255888,1.7027241840639356,-1.1037289017938303,-0.9291958246725619,-1.2051988486838472,0.0143255045968051,-0.7343409811917182
2021-01-31,-0.19133674510612486,-0.843033132581954,-1.2504308545884841,0.14234126279803677,0.23217296357415146,0.14192567822252347,0.5494127863048374,0.7903862695808387,0.4003980753547164,-0.509920328253706,1.3613426950688925,0.026771669672739414,-0.17361843055329404,0.13793867539453475,-0.25697666791965207,-0.5332667512679975,-0.16025486448121967,0.2091062402447894,1.2793686530578596,-0.26751888383745337,-0.43207242401699236,1.1860730099206567,1.4007179792629703,-0.05490750956807775,0.4122669800177184,0.45112647402052525,1.8240050338229645,-0.9677049247868691,0.7997189636131254,0.2392350327140775,-0.5758345214485361,-0.48184024775575796,-0.15383182826170988,0.5692915952607824,-1.168307354261848,-0.38314904052176113,4.1326857743144885,-1.3287770161455812,0.2767216817889824,0.0023531543719241405,-1.1261703012583308,-0.3179411697413679,-0.19206967617071224,-0.8708130302112473,0.06606461310493308,0.7303433185469993,-0.06439868298939813,-0.19378466248932677,1.4476763694936983,-0.45883338758921466,-0.5279861778731058,-0.838022068074871,0.405673504144707,-0.5413355176025081,-0.6641210780042961,3.2811507781606597,-1.0950053183211923,-0.7708101225059282,-1.1617007693370232,-0.9453451884539855,0.76198571939041,0.7903005398783811,-0.21995923796025643,0.10789492638811571,-0.5880201583365182,-0.43691600581533485,-0.8219932837466388,1.414458555992377,-1.1482223343709133,-0.9689998555523914,-1.3205604756306129,0.4067250188095971,-0.9718439648998196
2021-02-28,-0.21023548484861393,-0.9460992546038852,-1.2943825148355383,0.23569714435905245,-0.011436277413713843,0.09788921408259814,0.736225759143999,1.085268858124813,0.6403398656783875,-0.29639349613806043,1.1456476885345332,0.6844829916990582,-0.3465232680138661,-0.022606429203025795,-0.18392434841860306,-0.7968986890205109,-0.4159562454713283,0.15491860124509377,1.4420545434098426,-0.4925465784934989,-0.4991199219738982,1.963482174919575,1.3278170462436385,-0.186060754007357,0.3606032794650656,0.7389708803946367,1.747722495484076,-0.7606226895280076,0.28770946111733114,-0.030105289839783077,-0.6453034019955857,-0.671932842644776,-0.10319146815072144,1.0602800120954734,-1.1924375459462981,-0.3691455645253017,3.413448843261313,-1.358470520381926,0.17724581654373067,0.552351230564302,-1.1738164631878072,-0.4650294101710298,-0.5892437501793457,-0.7803263736504812,0.3216500392601352,0.6382734625198605,-0.31010379411607597,0.2451192212903352,1.1378446866932248,-0.3552491466289864,0.050319259593490276,-0.8250151614532419,0.11901233727176526,-0.5351761427584247,-0.7624783398723654,2.8165869398663848,-0.7937025298789174,-0.8438602358204893,-1.0334883808075117,-1.056097216026414,1.0203649899293958,1.0391195844094465,-0.3841192407823854,-0.1323678601993343,-0.7224166356946988,-0.5258473536481555,-0.929611719090191,2.134543264205291,-1.1633177257393101,-1.1082384963529603,-1.360800531582519,0.31404832381846687,-1.0053389221293656
2021-03-31,-0.16552365666852806,-0.8919194801435807,-1.2754679914532363,0.28399388526432157,-0.13844377884759174,-0.10216349226943486,0.631419908411944,0.9346036422263476,0.447581787166209,-0.6014947847132635,0.5279535004485217,1.8208732866100865,-0.2721524189670148,-0.46776094376650773,0.05295742250711846,-0.84752451388561,-0.4476802751211781,-0.12207206518221272,0.9561543915784801,-0.4764320284108998,-0.4780423438665828,1.328298711448362,1.0369583897774604,-0.19501689624786248,0.29775200960233805,2.4661340262806726,1.2604592418956058,-0.04970723867329378,0.1792168727618027,-0.5050811951711415,-0.7749821916569641,-0.45778851072673227,0.15841516594733127,1.4569941795118329,-1.2607321957395135,0.031243114449843755,2.632132639434739,-1.3013384870703182,-0.36086718396111345,1.2728504305495365,-1.140215058497676,-0.5399247887910984,-0.8251053958219023,-0.7535929421418295,0.406110609585718,0.8243239244372205,-0.5852537923020931,0.35836057492296947,1.1513758772342566,-0.1762969274699502,-0.18118086996283142,-0.9701643656923282,-0.2922581694812562,-0.46219644628915013,-0.7725070028385875,2.1947687147525072,-0.950072687398558,-0.8218651424742734,-0.9028590765050595,-0.9900594067821454,0.2734363384952445,2.1971285351923813,-0.15530622287850732,-0.10783622449724814,-0.6497039666975872,-0.7136041287114995,-0.941782072084205,2.043736679630128,-1.0511698392352395,-0.9619517692331517,-1.3050240340450923,1.2530628425353592,-1.0361747002844837
2021-04-30,-0.01944798096486608,-0.7123911875095704,-1.3263987011064866,0.4022043898637719,-0.5257527404273599,-0.21343790565243592,1.2029259714427927,1.2936166184566993,0.6157451936845124,-0.7656067106788048,0.7872193868007944,0.3859984357715814,-0.303211486163669,-0.409829430044068,0.2706045319873791,-0.8691683427758866,-0.4495152416666346,-0.12341530579180718,1.295855632484553,-0.5508028529071762,-0.6085644866444876,1.3297301327858604,0.8211216463892649,0.36708810998866964,0.736762278630046,1.4948854626634547,1.1988936814921176,0.13310493929934059,0.1531630284486706,-0.3187219259906029,-0.7878993198692136,-0.24877510611369844,1.1223158819839851,1.3339039519442497,-1.2368560655379899,0.047255648226596295,2.40809246821025,-1.399252557113879,-0.6503703269410002,1.4918571939321519,-1.1394769860493437,-0.6319398020471247,-0.986674159145115,-0.802345613396969,0.3511051683752599,1.2294943461915877,-0.5570208701846453,1.0234259799469896,1.3441945522353462,0.33372379341260333,-0.25855687715803805,-1.0444977731637717,-0.20099428937802,-0.3497276910806741,-0.8735499841827656,2.2139347875453845,-0.8973392071639369,-0.808542152788016,-1.0138950779399294,-0.9473016840616687,-0.1973555548895395,1.8474893466332802,-0.37328448089922134,-0.5479579710794199,-0.48684284004795175,-0.7807381155369301,-1.0178206911652548,2.191105183569838,-1.1756455340413456,-0.9806230717347666,-1.3916746072213033,0.6634846500150218,-1.1070796841566701
2021-05-31,-0.26963138740232373,-0.5535002995145877,-1.2254040713068581,0.6289365037090838,-0.5689365956952153,-0.05922715056886881,1.1969708832909127,1.5229088975304428,0.6694334500924374,-0.7927497873537137,0.343526021951531,-0.026393701520879678,-0.21951688875686962,-0.40638204610095224,0.15984379546614383,-0.9207528383656721,-0.3937094760087363,-0.04430295565693564,1.1263839966108393,-0.58878378438579,-0.8517266285723066,0.799355638767412,1.2881058837897694,0.3476170887382828,1.03803314991276,2.6584796031257545,1.2022580779485086,0.30557196144886084,0.12718352990772785,-0.479341015765344,-0.7390997135995403,0.004742022830412813,1.2561621248043597,1.4093643529634956,-1.0604840414631185,-0.42754612188147484,2.286606152938414,-1.357908939815342,-0.9561360324521568,1.259127550604828,-1.0590924466246314,-0.6440333030741522,-1.0325307470920202,-0.783303604480099,0.4168682384654522,1.4521001173704347,-0.6745517150752818,0.8245679189817381,0.8547040931249041,0.20988433578199053,-0.03993377245988613,-0.9074182773010798,-0.4527101229674756,-0.21996553971922164,-0.9201131628475615,2.1425163512581853,-0.7672954095725403,-0.6671159576596181,-0.9717368951390829,-1.0174995761822792,-0.05579462374504697,1.3975827604030997,-0.3860816497322814,-0.3729723633443308,-0.6215515004579975,-0.7081235877013753,-0.8743934241178222,1.720638885078618,-0.9902243687017974,-0.9282781273858259,-1.3951270408606227,0.8819185384786102,-1.1000112329462919
2021-06-30,0.30957833203082835,-0.5243831018763534,-1.1813841553631845,-0.13778287891522362,-0.8513628874994845,0.06980302488936103,1.3590053329187244,1.4728407222474829,0.4933237852097418,-0.8903520358537329,0.5269692182665942,-0.3479942263577106,-0.1474749220291163,-0.44062741707135317,0.15226082845610303,-0.8596757598576619,-0.35511628579388443,-0.49885752619867196,1.6151358658701749,-0.5039240470422794,-1.004202668031307,0.7150624366658803,0.8872497383681972,0.6688198872469192,0.8794230259271628,1.9470312603214575,1.1362211789950198,0.9404327562402842,0.2983241811909236,-0.40898758097209564,-0.8911784459945988,0.49471074838226564,1.5355224413342388,1.7472594824463046,-0.9378505696582541,-0.5845636274630935,1.8660518998023143,-1.3356925973011997,-0.9451386512912278,1.3620087328965984,-1.0319298641132923,-0.541084167547369,-0.909954740311636,-0.7227926259741759,0.3691423762480749,1.003952924817351,-0.7282516443970095,0.36710567553589957,0.9329492983890181,-0.09542106100875676,-0.0426004802881369,-0.8234424289362718,-0.4920713597873737,-0.06855578464213771,-1.024480518235217,2.5511607806977077,-0.5631346964435157,-0.5845562364804597,-0.8422028829595773,-1.088607694558681,0.05015686254959413,1.5704955927551285,-0.19315668789505533,-0.5571457570638463,-0.9517784370472203,-0.7250018039370083,-0.8770998576114589,1.5945211299269109,-0.9520304598509456,-0.9027588537355731,-1.4422227244878099,1.1340042882273007,-1.0436936569706012
2021-07-31,-0.09996188591103394,-0.5724535623729986,-1.107956070290494,-0.281952551807791,-0.5740952766960874,-0.0664770540000048,1.5149590387878964,1.7381115502412925,0.7762930970493779,-0.9010855158426463,0.3378118047878156,-0.4879127360422646,-0.22466898642614722,-0.3817103690882481,0.18609343972282644,-0.8691612321400077,-0.2659850473784747,-0.6197109984701831,2.186778457856353,-0.563694431996943,-1.0168208771250842,1.2713920874480877,0.8912168852238779,0.8207510773571021,0.9874693962148479,1.3103314947849742,1.089625144299029,0.3427137100684507,-0.047164353718200394,-0.5065271149231937,-1.0415738125379959,0.30108344478134885,2.0354370040937826,1.3588467442792431,-0.7695104336899834,-0.6817637097602719,1.4226387986242643,-1.3665384979226458,-0.6343706513831677,1.0418430019591622,-0.8896779911258493,-0.641982811101763,-0.8602016449699919,-0.42776131666375355,0.8582100738746804,1.6608557912021127,-0.7788797939949899,0.1391796505603124,0.8059473782488161,0.16317732365682455,-0.029544018607565954,-0.6599055556601336,-0.4865739578356013,-0.21122456023267983,-1.111161909944247,2.601557870351313,-0.5806626720590526,-0.6017677056154224,-0.8492921749170826,-1.1101050218923123,0.31417835340456657,1.2592328671220538,0.01956913329043687,-0.6532567631159528,-0.7595841369919576,-0.7094363309117605,-0.8397972979173257,0.9524372805333784,-0.9429275079234422,-1.0634268600107113,-1.4064717675313156,1.0999594418772791,-0.792964373154732
2021-08-31,-0.08039674003332307,-0.7363238711438719,-1.0043416151325957,-0.22300494507784216,-0.3828160677461556,-0.3476086628194572,2.1931211390980043,2.1900650896227036,0.5061134318439322,-1.0371403049101666,0.20399583670297655,-0.7241506707934734,-0.2424347186430271,-0.6266480943250717,0.052713456078495056,-0.9177387853752053,-0.22695508684684382,-0.3828856400687034,2.111509507359135,-0.3961124987237856,-1.0073634366027602,0.8215391259408362,0.9567123845611398,0.7977019980500233,1.0849494293888815,1.159998941722291,1.4502142137694096,0.20766135259074647,-0.26852625071951347,-0.47322665812521825,-0.9954025118247206,0.6934193725446378,1.2358763675275597,1.097730922808086,-0.5738176803438682,-0.831832170350719,1.2985105375933066,-1.4046389789828835,-0.842731438716488,1.140617552909725,-0.89879798857055,-0.6929938036887572,-1.0046345831045533,-0.22456318447388193,0.8005470119470496,1.3513325108441385,-0.7837025528182839,0.8133954090066301,1.4438877447680993,0.2578805474138091,-0.1545407290355989,-0.5110415000146129,-0.4111224327883821,-0.001251439451299036,-1.2189875995874817,2.204717935122538,-0.5717752091427304,-0.5873984347649034,-1.014974248843526,-1.19537319601201,0.029700052684205357,1.0642112028617812,0.8147743291310933,-0.6562681119552771,-0.38243452552894014,-0.7174725197259534,-0.6803143799906597,1.0291602945276903,-0.9225611472323645,-1.2010425629783343,-1.4434772159296478,0.677242081989979,-0.6884755874654493
2021-09-30,-0.19709957785663468,-0.7460721719746236,-1.1035075406292163,-0.533801791988722,-0.5484166414904502,-0.3795161962119384,2.4064435170210037,1.7116313615427765,0.29150841443034436,-0.7101394076357743,0.4601096414554249,-0.8831844708207904,-0.16147752025853404,-0.6948941623630229,0.07798882335601151,-1.0249276110576455,-0.02096400216789517,-0.10862989949375923,2.199979191720609,-0.5889230364158027,-0.846209073589688,0.8085614637883153,0.30647439054504727,0.7908524549597654,1.1573117195744222,0.7999485291092648,2.2017181918800386,0.7149976564862268,-0.3045955208597727,-0.6430759295929975,-0.9001911511181285,0.5346068639440402,0.8261649946911944,1.0699383772377384,-0.6239590986410901,-0.6307589537924199,1.020242421679536,-1.45281877149627,-0.006775958596743269,0.7392128934778806,-1.038073889525489,-0.2816356587725095,-1.1521689980235181,-0.08580695566541056,1.1655897177753614,0.6312586317597506,-0.9319966368103201,1.022827036878308,1.4848942844103408,0.517154846887446,0.2757133151667188,-0.5965865928282154,-0.5640972830688903,-0.31229628349542693,-1.3195909731248212,1.8218517335922972,-0.1270185428822764,-0.6666344803657182,-0.6730174084391729,-1.2160368487351774,-0.3454960192353525,0.661198066044294,1.73189358992155,-0.7156423802571954,-0.7838459056806967,-0.7995707393910445,-0.5618649445453286,0.8502963071648646,-0.5090800056990662,-1.101311115923058,-1.4897318722015906,0.8915214917108558,-0.7904479054892287
2021-10-31,-0.18709350791257331,-0.7214132598069104,-0.9332322924614228,-0.26284196495011125,-0.3781388845894334,-0.4453416865565203,2.581382152432878,1.796733990328075,0.31143614198919767,-0.7271204330997636,0.38843215550473964,-0.8659027586122894,-0.35642521614162476,-0.821363159972328,-0.09479875132064967,-0.8370185616279631,0.4063340020519034,-0.16536405552664302,1.6770691242470226,-0.7481200809514368,-0.8757730027939749,0.5742600133274693,0.39846863988263065,0.5432609876709078,1.6481934010277004,0.8076663533957558,2.1495758172009287,1.3165827496028435,-0.36260748942969134,-0.6450137277554477,-0.7619826564641492,0.4617793910353547,1.1980291735835296,0.9058920075340674,-0.5103752850431498,-0.3830235731272894,1.9664689633275616,-1.3768327574372792,-0.2189337897015098,0.7066187808928929,-0.9217431947195115,-0.6943315364062498,-1.3124849642897727,-0.08142147560130844,1.3187642334849994,1.0557846636296864,-0.7375759665342683,-0.08040373043224863,0.9092344626255886,0.3359004545540681,0.35887504397716485,-0.39130097877798103,-0.5979320219905877,-0.12619900845487816,-1.3743113216441827,0.8807478193969304,-0.10237698944214685,-0.6940108205963618,-0.45762080824518225,-1.0474734335968408,-0.4879532608499044,0.3822537243206064,1.8375575390357197,-0.8439368147935951,-0.5673389202575907,-1.2523366585173137,-0.5118157326302845,0.5416908466967245,-0.04769983432812244,-0.984379771789929,-1.3958472024843578,0.5463638106656477,-0.6161451017578181
2021-11-30,-0.41302023184292963,-0.6748495167924828,-1.0433598095382806,-0.28855866526552004,-0.7285091471193115,-0.5556945251286075,2.350154829974388,1.9265668690488993,0.4659661918419099,-0.8105027887849292,0.19974972998876023,-0.8129102216326606,0.11333919758969101,-0.9490663051731725,0.36778920716782126,-0.4133631508945723,0.5847589056531884,0.2974289260838257,1.5554204724770182,-0.6768749238418561,-0.9694552608412731,0.7684816671282038,0.2846742247364177,0.0687231881552672,1.1565674311659742,0.2383264013932832,2.0484673765192394,0.6197035408122505,-0.24199724194586758,-0.5890772039885439,-0.8674894778656785,1.4378918954159894,1.1052828100381888,1.6473566095248073,-0.6116002467108947,-0.07453051226471732,1.4670163249250512,-1.405678199097079,-0.619470989013571,0.7491970374526723,-0.9586046146189,-0.2810818040058867,-1.3550340222251163,-0.03537686825084618,1.4383797077344813,0.5011906430802144,-0.6209804272931617,0.16845060343292872,0.9675257326232426,0.3694906882363537,-0.07781370065054957,-0.38847913403795453,-0.45420561024719813,0.6605065245554026,-1.301669254866467,0.03721225070164389,-0.6143097666051193,-0.40337522872142195,-0.5265147380211334,-0.8306366439623042,-0.6936893128245769,0.6238327300184715,2.8081445665499483,-0.9716570892947953,-0.7809451182957527,-1.1484967721099428,-0.23259206952727132,0.44704835415800975,-0.24820814643385672,-1.1694757854235636,-1.4778004135685388,0.5697106730393512,-0.7274003724965896
2021-12-31,-0.2736774372967395,-0.24007197195248645,-0.8651457565685878,-0.3207440943223929,-0.7354222577102701,0.17699364630417636,2.642850567951173,2.339332999041958,0.5481495660212199,-0.9717219189273022,-0.0403575251736452,-0.7069678447743638,0.1296969380939441,-0.7990623223741172,0.6786566152059216,-0.4436538205376595,0.45772012972451104,2.4345013053734585,1.7387633273568652,-0.915295375415275,-1.0230284595482375,0.6395653630593441,-0.2542612647408414,0.02371773963745602,0.7594614795101775,-0.42790843282224245,1.5189988201108335,0.570565694582742,-0.6672312259768731,-0.38762272601196107,-0.8222527424525098,1.3271405338998559,1.6008519809971566,1.335509067631731,-0.6955081822084012,-0.08885010122415518,0.717346928587511,-1.3978564745628894,-0.9482794298726285,0.2520705569308812,-0.7262348777316529,0.021351535037319857,-1.2354691070435955,-0.1441394317697329,0.9869188629451289,0.6261038357406998,-0.7894728997612763,1.075978435882196,0.07028067854146232,0.26089422680898156,-0.3712561278312892,-0.40558825737169396,-0.46531151174925517,0.8450929860952893,-1.3764831130306536,0.1644198390401183,-0.13706581440680263,-0.4375264340862218,-0.16469610861133166,-0.6717622204927954,-0.9123173948745584,0.24164515342758527,2.1454411254809025,-0.8583964636714505,-0.6924361828854995,-0.9719724970213242,-0.3019846525215965,0.6869001937660939,-0.28816230381730823,-1.3396479819782066,-1.4084244069718146,0.2440027264403299,-0.5376557071253851
2022-01-31,-0.4306853152600968,-0.5057349305716671,-0.649208668938211,-0.6684169891018131,-1.1026968181765562,-0.7371429867451205,2.1409159400744415,2.4243954230950813,1.7361078969894805,-1.1331326950000689,-0.0023656177260434185,-1.0509887817453778,0.45078513297342615,-1.1314564508639946,0.5870359131292398,-0.43181885493826705,0.17098378878286918,0.4620431591437541,1.1139133081151986,-0.7366769846432704,-0.8945970571347313,0.014025068880396556,-0.6373391964749405,0.486722539107387,0.5859614672853465,0.10484033693706693,1.3816848248601727,1.601991087730497,-0.7986783290923651,-0.16535857678691826,-0.8071845332384888,1.2277635998454721,1.3048070022034068,1.0213796459629232,-0.5664565192732077,-0.1265819346685374,0.718226752743359,-1.3571757727929352,-0.8842627583867672,1.096050325791654,-0.3547321824628824,1.3998679148160085,-1.3778950373442507,0.16134150808235348,0.5531931290871003,1.1578256617281562,-0.791826913618006,0.9312530728310123,-0.09811334643203666,0.4179659125295343,0.2018513770085037,-0.06070375933403372,-0.48257241268047807,0.7882635679469121,-1.4571262719521139,-0.22326487075227416,0.02458626333689401,-0.5291996011934781,0.9824775312195272,-0.39892485642860603,-0.825421960190756,-0.26852850155948443,1.9665882273707704,-0.9744674363802039,-0.37095757386199485,-0.9987690485089445,-0.3561684675041957,0.43640717251557026,-0.030580185558583235,-1.4582958722674786,-1.3984771808697953,-0.28499451557717853,-0.09227478608735873
2022-02-28,-0.45901115785251106,-0.6756056509270508,-0.6791507334178087,-0.5993527988582391,-0.955435332686731,-1.0371684209437575,2.411453039352352,2.4717248908397043,1.4134678241611243,-1.164105569930202,-0.24383250644430668,-1.1353192172434075,0.21991668506078804,-1.191643614106567,0.8844018085755095,-0.17827175895362748,0.6136851543323081,0.5810743667643294,0.99911405423486,-0.4070200890955296,-0.9408008561430731,-0.186479677150023,-0.5929581027386768,0.45249509509411884,0.5254652734390315,-0.2339184262163069,1.336441315362756,1.2974703219269146,-0.8311005567537024,-0.39086064039069957,-0.9138117403522407,0.5488103441440861,1.8264274036820698,1.0338338405416407,-0.49448508313393696,0.06060059130478516,0.438236003935047,-1.3064501340277355,-0.8580436781159426,0.6916393653935702,-0.21723657780608574,2.30222551776004,-1.3289900731604125,0.11707886089322654,0.2386125981399389,1.1292449546804706,-0.7698014278060352,0.9079018325869417,0.22760341546646498,0.13523443328164056,-0.33391262386198056,0.1461688010006229,-0.6001347556907931,0.5154919973707554,-1.3094876932188846,1.00769903356971,-0.25426036366903676,-0.12952666837330531,0.49248776126047017,-0.7658919844818297,-1.011269322015304,-0.5409367967650553,1.9906590724925057,-0.45835402323079116,0.21684194557014724,-1.0243534842259834,-0.4047480495209258,0.16746394971396328,0.4395981074627663,-1.3623822513544688,-1.3163235890259546,-0.3460847488643848,-0.19204948084135448
2022-03-31,-0.6737870837307169,-0.6195430562880735,-0.5642462572667523,-0.6553508443214288,-0.8969980348697005,-1.0444159708892895,2.3634743142073797,1.8937848972838114,1.8570501220951543,-0.9863204644379477,0.12889374811249438,-1.2261211282654887,-0.14728671394042492,-0.7215762332133032,0.6359352666714635,-0.19142984788817685,0.3864927037543108,0.44006786213100935,0.4634725798167386,-0.4718972392849,-0.8306031833153448,-0.15351822788960087,-0.5227049279388097,0.23284059424620368,0.39940535917969266,-0.5257986063612927,1.8017129739283115,0.3308870935155482,-0.6129806670944475,-0.03557541268841297,-0.713433099003337,0.7052848228035694,1.444255142532812,0.7444352122602477,-0.24474071158505756,-0.3613308914297554,0.12477459361259134,-1.1951620914213839,-0.8141018532881422,-0.007962424393101386,-0.00560048885767451,3.37034178724313,-1.24425107747299,0.46239471288648337,0.08243965134446911,1.3142222175026352,-0.47825864725977363,1.3341813532905262,-0.0020251820114103713,0.02500269463169472,-0.14444481746362148,0.33500806695447993,-0.521040112564364,0.6132648909098828,-1.2774121110636478,0.9040864626071163,0.11152260227117367,-0.24176635408699082,0.8296351212537101,-0.674022128448663,-0.900284796730066,-0.8612197547128659,1.3824843344763549,-0.44430453719804985,0.26597254535878107,-0.9021305780986024,-0.17297217794901373,0.1676754051474894,0.4729525016589604,-1.4464726133957748,-1.2358135079313846,-0.6372866395306571,0.006499458393334411
2022-04-30,-0.9670689023449967,-0.6867233976532575,-0.3632625440053375,-0.5274957687475782,-0.9669475860372232,-1.131260676599986,2.157697361211055,2.1193792188021727,1.958809955749113,-1.2275164316371605,-0.16132442407371578,-1.2289079536375722,-0.3351293828463208,-0.6767441767205952,0.6466769572928984,-0.36418937002732077,0.8396559755506686,0.21408006880930158,0.09678482932831044,-0.5999738179369386,-0.7555285817813446,0.011027593532467819,-0.6073300623905176,-0.011786699510781718,0.0066737881326531055,-0.22212893569774567,2.070900158501048,0.10137431086582632,-0.64481855725565,-0.11826116418536485,-0.514949587240304,0.4162009272010192,0.8708897120339607,0.5488671188408495,-0.09386022936567456,-0.41285873259166966,0.04130604680692873,-1.1232599507523002,-0.9169169131042202,-0.0888496755865926,0.16810717122617924,3.4406628167486186,-1.0899999766342239,0.33571387156120885,0.7096386455955128,0.9147690993652627,-0.6901680375452638,1.3176356593073109,-0.24101683283428824,-0.21342619495660548,0.1592193504778692,0.6302152526517244,-0.6775711572524107,0.8286812796607868,-1.1434719084237566,1.1151170387187181,-0.06181677374855703,-0.43969072553642413,1.4856451651385782,-0.9927660682869475,-0.6699989108002851,-0.558615734762039,1.2289055882055147,0.022157014441699454,0.41931020342419123,-0.5479388758345518,-0.1329020091288953,-0.04085792575085076,0.4962911790369617,-1.4421051354784247,-1.0372554528066815,-0.5969931830581054,0.33801856639908917
2022-05-31,-0.9126415420477609,-0.7025168378457926,-0.5840367906661098,-0.5719774552693404,-1.0027705322180114,-1.1853115578955125,2.7271864494174896,2.4583224980057206,1.8968442738649618,-1.0757589970184653,-0.15320749937754202,-1.181792345381728,-0.3763731027577597,-0.7180495089451204,0.975687653525075,-0.4071316642749524,0.8594770513475579,0.40057889597338797,0.3018052468605734,-0.651061334512238,-0.7403502285248738,0.1555401216348818,-0.6193842960436905,-0.01046140494783608,-0.010647080903213075,-0.49601980884342106,1.7730513047839764,0.2560262669618026,-0.394454628314877,-0.2242382640754246,-0.4634891964341558,0.11678342139104102,0.661141560671768,0.45112119309329446,-0.3023385258753112,-0.5342696068475605,-0.20851110711401888,-1.0099420339181364,-0.8507333588207554,-0.17303217643767557,0.06741750758890565,3.6585407628848863,-1.0329328404736302,0.2186527958516194,0.6138436435472002,0.46524504932950855,-0.701124868295907,1.2556089498951806,-0.16285266276295474,-0.14169230870691268,0.05786669976870173,0.4763894121620674,-0.3678676437173407,1.0371378740216497,-0.9558379739652051,1.0369402129698087,-0.12035323430663929,-0.6188524865655748,1.7226992885857189,-0.902723165275749,-0.8912221724087478,-0.11616721459387887,0.8635805716214451,-0.06697386026312822,0.5656727775953336,-0.2644034689475158,-0.3680266438125806,-0.005759279374600856,0.5837753040446148,-1.337081780451191,-1.0613359146194083,-0.6156704184130167,0.03572336324022271
2022-06-30,-0.9216402662089452,-0.7015940921039945,-0.6351012196159347,-0.363567794808551,-0.9216771388218826,-1.2235525793329465,2.5282218553120797,2.9611817057423053,2.3332052106554046,-1.0615939378980854,-0.3094823721422147,-1.0408114785672729,-0.34179782294248257,-0.6115575083377243,0.7359989040179654,-0.4947139474180398,0.968203010158267,0.5342032618932444,0.499671890406059,-0.5993812611952661,-0.6828292720733663,0.29532170396297136,-0.07404904119483818,-0.015326730638146364,-0.0360788375136517,0.5173758330686484,1.9417952587182477,-0.398002557869201,-0.5472983187526951,-0.09754736814655517,-0.5425553502419722,0.4037257041616565,0.07716345662436278,0.05900453065426365,-0.4119188346977107,-0.5500600349243772,-0.24550984844331053,-1.2035344850598715,-0.767229298875429,-0.29204715757843325,-0.17838202822283428,3.5518425735548806,-1.2052600567059375,-0.054339556127268776,0.7728609648767132,0.023047440967243198,-0.48325383978026265,0.7827923769870093,-0.11722969290263398,-0.23733540845677653,0.638390074791708,0.1396830652285211,-0.07401301516891166,1.0303160650100112,-1.1281520081271272,1.4930020837752653,0.07234320611239867,-0.7154309465153077,1.3296296609492384,-0.7002350726755666,-0.7514290640436821,0.33861643371851685,0.13593958563348152,0.36934475601175976,0.7310884550659317,-0.4082450408802102,-0.4996036350907212,-0.17609302814317368,0.496658205730284,-1.3562861359294853,-1.1961656628055135,-0.759984553081967,-0.11839236623002192
2022-07-31,-0.8638375664657667,-0.3010466245787333,-0.6095345268774254,-0.21979312253679084,-0.9002174335648929,-1.275725966338963,1.90560022396078,3.303605123152905,2.3352000671377913,-1.0042947238277018,-0.3801994596765195,-0.9914940683798127,-0.5360434568564186,-0.6063964283231097,0.0973555394646372,-0.6764703858624382,0.5678849562692645,0.7267787319016669,-0.054475611638745446,-0.5059131020922046,-0.0880522583363591,0.02830452202760312,0.04599191461245166,-0.02047028874366199,-0.01838470198744292,0.08558926807046108,1.8219983099174277,-0.3125581804921903,-0.430121488633365,0.5259034099789858,-0.3611837084329571,0.3825430161957488,-0.14491576443666052,0.13530402672705297,-0.47462825316721874,-0.4974972534666294,0.07572800505602642,-1.1932023089553006,-0.9845122913924038,-0.3411667001983463,-0.001435910384402792,4.240238669758287,-1.2275295701682594,-0.30028189357553703,0.27246704926857246,-0.36493214979830046,-0.361431978803162,0.7444033175448945,-0.0820997808619156,-0.4005443252357058,0.3553867248078643,0.002524462818467507,0.04485653636476738,0.7825695179752341,-0.5044147011996805,0.924172459219239,0.23839148789749134,-0.6815330658137355,1.3326734551757706,-0.5044370809011527,-0.6964695722869491,1.512840533488735,0.3148783553616444,0.24098160974863425,0.15069136853575119,0.008199595634584625,-0.5638940906503812,-0.16750767581994908,0.3291866965148807,-1.3516277807378696,-1.133327093128161,-0.8444333403634616,-0.1797665798566461
2022-08-31,-0.8452945561039917,-0.4067458484467623,-0.519316355771198,-0.22576032635253548,-1.0740734030835841,-1.2412277492016563,0.8858268763745719,2.0839592784746763,2.9351476945078683,-0.4007114457212908,-0.15516869365201577,-0.9755878998183483,-0.6447341843972985,-0.5684917956034536,-0.08371779953543136,-0.7689625214139026,0.6880809502330922,0.7553282045144869,-0.8111418360609338,-0.6301040268362964,-0.4582780238526042,-0.32122952103258007,-0.3559719912254696,-0.19468097673948748,0.3061487323189527,-0.023752364108646656,1.7632487028159873,-0.5531961092248473,-0.1416180203608927,0.003207257521775208,-0.2031204160743009,-0.18409979174465063,-0.3685370621330585,-0.031039855518142596,-0.04118568552941347,-0.7376157459419491,0.31849287219255945,-0.7966755406961001,-1.1416070956403361,-0.5080852997337806,0.5472189166746173,3.6500319547706344,-1.380006465173474,-0.327036832468023,0.306000986032268,-0.5040151745223449,0.04018808597619163,0.255521992702524,-0.530823325242783,0.1942921208558465,0.5176544671377514,0.0857822210884358,-0.048815736400802105,0.5187790751843554,1.002339612755666,-0.25512055238137193,0.04024216579352405,-0.6940032093281978,2.2874505203717583,-0.6123869120819986,-0.6410327212434278,2.5540743298812796,0.1120640135975378,1.142824572036413,-0.1831753533854898,1.294817134687015,-0.7463709629560459,-0.4692217306539355,0.5912657265707865,-1.413298554421441,-0.6108576894066686,-0.8403685171354546,0.24271846027528335
2022-09-30,-0.9759904756661026,-0.4365118800728284,-0.4865212313205113,-0.15380518182536917,-0.5745161794813558,-1.284877589257734,0.9359925742662465,3.3472602631176396,3.4804732008587447,-0.976092189661783,0.03302502176665816,-0.6010606380763012,-0.6528692325842884,-0.4364547364421938,-0.19807790164316513,-0.5087298900645918,2.8776470738583786,0.8582058733779931,-0.7667809126541679,-0.4371009591842054,-0.5041207933269132,-0.36707096344484674,-0.0019326673979160644,-0.5444834942701273,0.4669251820361678,0.9153717093285821,1.316531887013036,-0.830725127884425,-0.35146682768928517,0.2734660313688302,-0.2365201956862894,-0.3482344185692321,-0.2650966440675048,-0.05509415531617856,-0.3461213073275535,-0.7049805951378955,0.5889574590691137,-1.040106944006421,-1.0929806143357539,-0.4626195365323502,0.546985912383592,-0.1637821674660242,-1.1359124055261995,-0.3122904069025378,0.22054312323555164,-0.352720112286195,0.7732623780580631,-0.18784738521928251,-0.1757686827116948,-0.21894196014919493,0.8035927985425645,0.21405886597235732,0.41051289706276,0.7106748033272751,-0.7012266946787122,-0.25600188714745203,-0.020917600109274948,-0.7600624442006114,1.987124835938414,-0.5476092299658323,-0.15218232536081608,2.193730796949489,0.003727096097336791,1.611076277344647,-0.13393214091508202,-0.5296201014668886,-0.701345670035323,-0.1531620529160384,-0.09087587268468894,-1.3068192702983596,-0.6152743360562642,-0.29253722043904806,0.3816428035533226
2022-10-31,-0.22409683969904076,-0.45898756914276834,-0.4055239665708339,0.3012467054698121,-0.4923131040690253,-1.0533277645781134,0.7267057418902054,2.5775240986470793,2.8114616834246635,-0.9420116728195836,0.012571780562181311,-0.8582912399767693,-0.8440126654966276,-0.5546382170465537,-0.27927884012244975,-0.715079350243688,2.7193878367053714,1.3785209095977997,-0.9106845120523809,-0.4778536378194057,-0.5584683932677156,-0.24016161073579537,-0.24869017574800467,-0.40808922788095686,0.6003788844591765,0.5043018023397038,1.2980298610991945,-0.9243043897249629,-0.318601929282335,0.5124284884914698,-0.4204042408333737,-0.5417719493779386,-0.690915285973254,-0.32246361859928957,-0.37678407826483423,-0.6707845250465867,0.10089688454273843,-1.0549630654289137,-0.7836194352337185,0.053934703770019965,0.49854938471598764,0.024771506305804287,-1.013523127868886,-0.29759582592573514,-0.042224332718563684,-0.7867141338082742,0.5738154211247983,0.4380529437458037,-0.702863607980627,-0.4330284446370311,1.0847484411720185,0.2741979741518678,-0.13453070704581432,0.8631865242572289,-0.8653314999856386,-0.1319790513395678,0.05632774035104185,-0.672131942239103,2.5333494428359495,-0.7323835152666749,0.36841432273884217,1.7719194099344138,-0.34280713914216765,2.9141135988935307,0.278502766387893,-0.532784917234316,-0.788931588785161,0.13627421161579853,-0.07937865669539063,-1.2420729912789108,-0.5914363145232131,-0.3514482730252355,0.4347687221960388
2022-11-30,-0.08714056196551832,-0.31556176517979806,-0.5325676144005989,0.7700408954864382,0.19739687030865677,-0.844955928570905,0.6562620541831314,2.362748425154275,3.0354599103815803,-0.6510163782462797,-0.40048916414511204,-1.0098437775055487,-0.8209277741877599,-0.07956931850060886,-0.5631920748797394,-0.4858598142450445,3.1525229054443704,1.096374990892972,-1.3160996845586157,-0.9779890119197063,-0.9329681891845877,-0.5189542448220639,0.10340322210350625,-0.708120302519033,0.5705028113001901,0.650587862921777,1.372369948648595,-1.0598940226661044,0.0015894734217564155,0.8723088414673263,0.14121876383794787,-0.5350772472246232,-0.4646900325290181,-0.4927801117330265,-0.6376398266579222,-0.7655112083256783,0.42493837502494597,-1.152065657331283,-0.4119595640249458,0.2643229813179027,0.16555815742005714,-0.1453351696096471,-0.5312433244931234,-0.33384222374880124,-0.08040606220068866,-0.8448895999227866,0.1759382043268765,-0.1326977892155912,-0.03986542846992018,-0.35240038701540066,1.1336372359279139,0.2919295312454273,-0.17520311035161806,0.4364626845107764,-0.8074685898939163,-1.4478963913096834,-0.0900759082374712,-0.7046139631290049,2.459091955335636,-0.7288111976492706,1.0281550051850301,0.7895092949065783,-0.15446960356860917,1.6764431231431405,1.3367947585658677,-0.45705501726728487,-0.7335488336433158,0.3452926852586387,0.025154350384369983,-1.226607042031551,-0.7525022163761692,-0.3292052957347538,0.6174389596876323
2022-12-31,0.8941110800679848,-0.5939097679029047,-0.580223097219383,0.39780093533401867,-0.20043639309309122,-1.2540410464495393,0.33029429691418505,1.4612217661331797,2.2824356501459433,-0.8742768509122282,-0.7135829975675004,-1.3581972451312732,-0.8441992959335298,-0.3677632582576449,-0.4274614695387253,-0.054249970795031195,3.081122026007898,0.23785180343092996,-1.5679594695250783,-1.074173711892541,-0.6328865703504667,-0.5825518235830912,0.09635479235668956,-0.7523081949859178,0.6183242991826604,0.7426928780470735,2.1021501234430358,-1.2309444374334706,0.5768298856677606,1.0458759263669457,0.7055892806172971,-0.12089763607281422,-0.9622678664470083,-0.3315821526102418,-0.5947526750012144,-0.4250038739787648,1.024126563725459,-0.7844488712695841,0.05496907729927176,0.3132922974972448,0.44453581414687204,-0.35744818031904296,-1.0779374799702157,-0.13042035078005434,0.2257811374531056,-0.7337379132116038,0.3035042731240127,-0.6316805838198369,0.14010262606239005,-0.3382804143166187,1.688978264987141,0.21208368441002193,0.43087134041845404,0.3613562237988362,-0.6740876529538867,-1.5610957305594604,-0.38855246414152267,-0.7091688141442826,2.5379243736758044,-0.7844377941977434,0.6320086178099671,0.18423849737494796,0.0395438430593397,1.6419848331450189,1.061777582507996,-0.4596098470669768,-0.10840092284698348,0.7213139748604275,0.028981142638874045,-1.0078700247967052,-0.5660344529028325,-0.04480402930083144,0.1688098651707679
2023-01-31,1.9763169216848244,-0.8174856998949651,-0.5945430054044508,0.5904760668172043,-0.24017125325104743,-1.0728317953715443,0.3428233359557453,0.6385969167252181,1.524126923092864,-0.8595946115478343,-1.0335665577532351,-1.2969594473102262,-1.1077309697321673,0.18203975185031515,-0.15888051495170816,0.17667241846326265,3.143596215425511,0.14502734555631458,-1.51572856428413,-1.0440727864844583,-0.6728173355768503,-0.713251717738426,0.004413910840837066,-0.8581552157344665,0.34091883317331956,-0.14463238438491022,1.7216351706116262,-0.950138732726861,0.4329399403008489,0.5069892830179645,0.833571312703964,-0.0464642179207447,-0.806761205786514,0.009180155623009105,-0.7707773901386505,-0.6215400399755651,1.8207427469699962,-0.9783738930627287,0.2621816540068981,-0.13341587934252286,0.3315158942334892,-0.10855261472834364,-1.0757054740889511,-0.02613626747318948,-0.12460933658361838,-0.80559359416782,0.6634097619750615,-1.0594111905738393,0.5106804909370487,-0.548004628467286,2.285493540210045,0.15197302055539064,0.8889257303476151,0.6412831079797328,-0.5796644519552758,-1.556439817023073,-0.3667847058501969,-0.514403836061999,2.599873362269652,-1.1334971719616338,0.06791519093107821,0.2771222641535786,0.316035627575261,0.8905019053767007,0.7433572236709025,-0.11370217948237656,-0.13340739818279015,0.8381017690395431,0.980041595171489,-0.8869949200490069,-0.6941297491514842,0.13946421978979018,-0.3255235651259656
2023-02-28,2.1715126852443567,-0.5515261713787629,-0.4698181957586531,1.1229093919428261,-0.4362287313226723,-1.2562344925521076,0.5652970947037402,0.3799651887999489,1.7070838845219203,-0.7860231155123374,-0.9613371431988781,-1.2368799256609424,-1.1173951760205154,0.14175178565206992,-0.06053822794979054,-0.1387522768576206,2.4860876032819,0.03709763373684827,-1.60592901502669,-0.9229761465528983,-0.8080508589922988,-0.21322102658502534,0.569557388697907,-0.7806436887458614,1.8064684152294876,-0.13120718834959297,1.5530035284431314,-0.84048452158036,0.6531352085684494,0.8723483481081535,1.1101653361905488,0.365786537124128,-0.6136430286626523,-0.014934149279404176,-0.8475408132202873,-0.6531973864336869,0.7226649084717961,-0.6987035189883254,0.37333957704549725,-0.2762932960611856,0.3150502752633307,-0.7054027937862911,-0.3948023833984953,-0.12261903550337334,0.01008160273308146,-0.02801467938820575,0.7523474770308161,-1.2329305095954353,0.031993280275771266,-0.4713707443904772,2.1807389606457863,0.281509588842471,0.8419395441340541,1.2047868531402188,-0.7821437281675495,-1.739410088187353,-0.6488913370039749,-0.8125063819880515,2.485793086578657,-1.0594334841448474,-0.10103895054725613,0.18383357863285227,0.3629822032101899,0.6221418411381631,0.17976651449780542,-0.2245159690432503,-0.5405040929223185,0.5109882748154574,0.5074858998870673,-1.2490864118265559,-0.581230965983617,-0.33072021352794534,-0.0316587107016655
2023-03-31,1.168825505269487,0.16333193249001215,0.2334138684099874,0.7815813501877532,-0.09908229328230769,-1.2707454228405435,0.04326720160394737,-0.1317984360895253,0.9933299663132824,-0.4387516973339909,-0.8156525085638759,-0.40678111390751687,-0.6337749126960385,0.5054957872744302,0.0450509946984021,-0.2231732211918085,1.7278405172993798,-0.31900411033716775,-1.8180395498206035,-0.31734616511341196,-0.6201464882704756,-0.31452138676082564,1.3702296216613012,-0.15401747677169986,0.7730382373628302,0.03182741835429084,0.5703216102926006,-1.1671725374443855,0.34985319457587977,0.6430485594400641,-0.015254367117272266,-0.8838599841793885,-0.7884299389317335,0.7417190168852354,0.10007377238012567,-0.7442098266175079,0.09152897534064991,-0.4009616336135736,-0.41191178790907673,0.18545906402991602,1.0082280280618436,-0.7573705758931472,-0.01814253885874917,0.06679616431123536,0.0956638502508578,-0.4608238438954467,1.3295083836273793,-0.8389297092314676,0.27692546499292725,-0.9921226192486337,1.7073427983326315,0.18593160838432907,0.10152361603328769,0.7229384131677408,-0.17795999670145446,-1.2420806227942367,-0.6185741646143532,-0.8019095662017799,1.3316148881452867,-0.9995371401236524,0.22365316798948323,-0.05876305912080021,1.119607579212044,-0.07933909058588798,0.13487283073368467,0.21858230424080616,-0.5570353711376594,0.6777316862065574,0.7111669565091723,-0.8749358025929939,-0.32619548296797285,-0.7841688883687058,0.5149745826231261
2023-04-30,1.8855892134509407,0.1853376531610031,0.09192979831452869,1.0979247038372069,0.19555082060412976,-1.0633183958256656,-0.017125164807445553,-0.10331984677336141,0.6867192413113616,-0.34745927570964924,-0.8073122697521267,-0.2931414224179908,-0.5319110212172922,0.59158594839488,-0.32848307351160083,-0.41087643328928136,1.4223807342265609,-0.3203670771570891,-1.6743228682795648,-0.023980584287460596,-0.562508905306945,-0.4026510606065638,1.79996909106182,0.2997910518124379,0.6973626304597469,0.05563248101322822,0.7339984159434273,-1.0265807547121293,0.18143506944377352,0.940267643682736,-0.008786733685599953,-0.8896682315286488,-0.7317000976625592,0.6107397096071767,0.227317211683897,-0.8687707652697849,0.2321213419841133,-0.4086791247038175,-0.4329968737957175,0.11795865436821953,0.6005457505867203,-0.7566748192253694,-0.3032633271292904,0.15539548966276925,-0.37560427943957553,-0.7588796663629996,1.5696035976290137,-0.9621439253359012,0.2075323756427837,-0.9497379633281038,1.3686079746746,0.19897231053157574,0.15781153512302365,0.25895381821728547,-0.37080140859899047,-1.1457706506467034,-0.5679643099690064,-0.5221486759537173,1.331313575485021,-0.8838980608886859,0.19947976462220754,-0.17240249905378746,1.2385410960642764,-0.23904271557510587,0.03585500063088319,0.05126594441150334,-0.484106884893562,1.0867589731524394,0.38627103346016933,-0.7870410300921885,-0.3925473579975858,-0.8830133411087757,0.44081120731115647
2023-05-31,1.5813563991083361,-0.07057556144336818,0.029278505513104458,1.3075576667880586,0.17951333434863398,-0.947828141659867,-0.27092006789047596,0.12333614465397905,0.7894365884226824,-0.5036691406148546,-0.8868580833764479,-0.46479217907690373,-0.35994565739468415,0.48552743284693417,-0.47704602494939274,-0.3662252089553012,0.9987399284394292,-0.4848508068851293,-1.5506968461681845,-0.28821258485470513,-0.5983088763471899,-0.46603728582118487,2.1916412429407988,0.09166598812505904,1.1335525448822734,0.19898592539163962,0.9215631425858515,-0.9833626223029286,-0.1435074252412344,0.5288769665597383,0.1959572385144086,-1.0633533674071605,-0.7556223261363582,0.5838110042222873,0.08588747328693448,-0.9430885592210502,0.738778879002259,-0.15165347096694065,-0.6319523428393555,0.11530202589720373,0.47917832503472635,-0.6831036566987332,-0.2020521048928569,0.1052375832595975,-0.41386446001536015,-0.5144783727270674,1.3100856867840127,-0.8031470871842968,0.057089171372619096,-0.8652904201857863,1.1223154874953973,0.05011987918176934,0.1233020412877619,0.24190978948652753,-0.348324732852961,-1.075750648760761,-0.4909512750175478,-0.4734718425245402,1.194490789576661,-0.749503922617498,0.3619269650522191,0.05932138825494307,1.3414083205554186,-0.3752054612593886,0.38096240111726726,-0.08667859425484244,-0.5346471105997583,1.3244033763487497,0.17504121865968308,-0.566943784822739,-0.2422581909945586,-0.7790922265885288,0.5266840798029653
2023-06-30,2.3256186941141936,-0.10711340900097084,0.2084094075983411,1.0288717972595616,-0.09529141100862512,-0.7738373387109001,-0.30110048447735915,-0.35269970702793085,0.5034251094171023,-0.4094764874522354,-0.8331290938575056,-0.26657069977135434,-0.42358315054955703,-0.17737560075137537,-0.1943261541619642,-0.3938763620900827,1.2074694696122183,-0.45151040571433254,-1.5915133464337838,-0.1946084494070723,-0.5108646101746219,-0.271640720415253,2.4670561261190995,-0.004573386670971825,1.0591695845087403,0.13107269091468293,0.7476188890307418,-0.2482652730144672,-0.08978842832637063,0.7317328312860294,-0.08789164338321571,-1.3455651647418856,-0.666534812155436,0.8615877551257909,0.13533314472478897,-0.800534666520053,0.21045988353186096,-0.3214880160821697,-0.9721838095670574,-0.1874819981444954,0.6295214251409549,-0.5521181946150105,0.03234920708805061,0.35844568624565054,-0.3894728737493006,-0.2753519528820277,1.1063838482898,-0.6784364292574702,0.030974037536103657,-0.8979937479192197,1.0987677049606004,0.10609735260547803,-0.13062970621036255,0.016870018697755174,-0.26072594569893975,-1.0237409851568087,-0.5425360281842312,-0.4618775858963695,1.3667882948570624,-0.5912216565787682,0.318425585979625,-0.23474152199186193,1.3236400641908173,-0.5279018075689083,0.1707693873025431,-0.1474539955203918,-0.2875314271996026,1.1324456969733367,0.16846203365900886,-0.6530437792952968,-0.2639040055255929,-0.5119026568864053,0.6623713721671939
2023-07-31,2.5781785076116828,-0.0820265541345846,0.4228124028489001,0.7670749469862979,-0.04969863821764178,-0.6433570128693894,-0.3307734285372097,-0.43681582951876075,0.6015057051658219,-0.4640117223436923,-0.7317867564053389,-0.03206175609420113,-0.043151730588693524,0.16186330844490343,-0.19070853687723135,-0.16726477500609352,1.3348972083342276,-0.41534258817474834,-1.5950402380890574,-0.17090307801613386,-0.6870089607805817,-0.2533728501057326,2.195105973192606,-0.09431410040441099,1.259185699138442,0.31463954757906176,0.9728237285747541,-0.7379294586179673,0.007608857517922826,0.19164964261050904,-0.2508253041485519,-1.4652474419729793,-0.7084049998990014,0.7565229915070859,0.3421834640574711,-0.8075365693678865,-0.1884231473317182,-0.321663926725358,-0.9545251464212239,-0.26702599308487773,0.22255528292465201,-0.33123090900996527,0.27348039889354325,0.4759134856362188,-0.4353102281810752,-0.34283710314414034,1.2210481084171187,-0.7794226338921213,0.2938685851288534,-0.8793150245645105,1.3309788655462262,0.12095833454990215,-0.27604271988532453,-0.03657545815490358,-0.5043112555382696,-1.0022642394845138,-0.6349123877743247,-0.21517449664510022,1.0950351644357867,-0.6678565390415193,0.2978010685881082,-0.5266849588247274,0.9683793042359657,-0.550702073041583,0.34227866239622395,-0.09919151984505274,-0.5211071293869741,1.9815039003064874,0.28171474958836934,-0.6724085499868525,-0.2466871582904078,-0.6899362203361552,0.3620239843431445
2023-08-31,4.0101399425242015,0.01787564345863054,0.1392052286162235,0.5491621973478966,-0.2557751479882696,-0.6093965736811013,-0.262915021748487,-0.30330700219238427,0.5132883538708022,-0.35490835240903273,-0.5826298005325643,-0.25192727087946365,0.33586563095670363,0.5064015304909649,-0.2027091492739329,-0.34684067629988147,0.49014703576352125,-0.2606386567647474,-1.0435033896082222,-0.05787015176853072,-0.2628357137178736,-0.189904324496382,3.580250849055959,0.06709078504539898,0.5984776997373742,0.14878682497410636,0.7042530955420875,-0.9416133592453125,-0.28981385869540444,0.15084851861149703,-0.4011968045857881,-1.37590807350198,-0.46744107922467015,0.3129856743727864,0.15875739975101416,-0.4044792944890838,-0.4687027744381329,-0.4464308284602616,-0.7329994831239628,-0.3789171116298209,0.30016214367721866,-0.057879898582967146,0.025535025699424063,0.12497563328577098,-0.4302209754646447,-0.3908571301954272,0.6120987225972898,-0.394540811880386,0.34183731824626973,-0.7141900221251911,0.5991235551000984,-0.07536795267477234,-0.10101928742958086,-0.19700074137963972,-0.23255356253964776,-0.5332072984688341,-0.5737303450839306,-0.266031382807452,0.318869627974162,-0.4885299808290828,0.15730741693272618,-0.1339718861201451,0.2558364768196132,-0.17605566394502492,0.14324355953518886,-0.08840502104849915,-0.31290073198821683,1.477373364472731,0.37396115383582945,-0.23354300349703094,-0.27953988313635736,-0.5698199653805209,0.1792036113279347
2023-09-30,3.2587803033359455,-0.08693760441833664,0.25881494812690886,1.074335336797454,-0.3749088973487064,-0.11434081798130108,-0.2135192515025472,-0.49575891559943636,0.3558100547388736,-0.44111102258193025,-0.6531946806282756,-0.2964962113353815,0.5121501447078358,1.200052882695709,-0.2965774186743621,-0.4493054008024149,0.7608798609202183,-0.2139103053582727,-1.3268897970605023,-0.10900164940135727,-0.2286377942458448,-0.08131896510231752,3.020339076825165,0.03163530691501337,1.2238996299682245,0.05577710100498628,0.5901952943702878,-1.0516911414677295,-0.42113553529199277,0.23006905077275228,-0.6094376127182336,-1.4912619862049274,-0.6592154536918099,0.18490069269218035,0.20267976405109897,-0.07405079457708921,-0.5685507358223553,-0.4758463337896983,-0.8996444748417837,-0.3503869243187674,0.6107292711506696,0.38285428529399934,-0.30412103754433384,0.11094398760779323,-0.45423979854379193,-0.36602887610544715,0.5939309659437277,-0.3911283004422387,0.2483787798934377,-0.9467074765103575,0.4267950181203845,-0.19526298227760447,-0.0723835027077416,-0.2727922967572272,0.27181218063850904,-0.7732129027884944,-0.7050618099433421,-0.43053665930795926,0.2994011535845002,-0.5626657625911438,-0.05093504918341518,-0.15888410397721675,0.2966511749179399,-0.14075872900046155,0.5326919504574306,0.1420731942166531,-0.5722088922143348,1.3968338434862098,0.8417008883579412,0.17985279573434143,-0.3932929124336531,-0.951138068502375,0.28252889853625385
2023-10-31,2.7843961814929497,-0.011259977659644226,0.20310105276058904,1.0288936492251717,-0.47090423596345515,-0.38708789382756986,-0.26559238804577756,-0.5423472989785582,0.21787907208442409,-0.3287913987153235,-0.7595584475873348,0.016614674246791885,0.6840408935461335,1.7608116881677611,-0.37666585971839217,-0.23646466131192362,0.543567692038711,-0.4775139263488932,-1.1165685673019605,0.0348865314145826,-0.1400049273504283,-0.12053609165773788,3.3267529612544418,0.06558580788257568,1.0538310218338278,0.3734469412810675,0.5978282674533295,-0.860262133788131,-0.246222279012007,-0.04079006308032812,-0.6869770793507023,-1.469820077911546,-0.6678138019168891,0.31368883711520984,0.17919684433205113,-0.27708615180216345,-0.5035814006789411,-0.5209962230459672,-1.022953313193417,-0.4003632805500397,0.39463298813278486,0.39042590683799283,-0.4019759106077842,0.15972517310669979,-0.5035094964310062,-0.37123422511425824,0.6166770038468365,-0.42904041956556005,0.7411771506836043,-0.7877636984244766,0.29157849571771743,-0.22157204505242933,-0.17060830195100835,-0.34216678082603125,0.6010585235862079,-0.7733597535465501,-0.6661499690593713,-0.441241862951534,0.20944799852162632,-0.6945869300408787,0.24966033025177717,-0.2373121807948257,0.19172711016225308,-0.2776623863340891,0.6072972638086112,0.013549826784246877,-0.6356575339141333,1.030858384177228,0.7584103559320279,-0.08497464187233539,-0.12189975626345007,-0.8615222825508669,0.30292609034767903
2023-11-30,2.826700781362186,0.08974811768950436,0.46025889173532,0.6312565276715192,-0.6416570488302917,-0.7053797345055777,-0.3944851896942267,-0.6518618166743646,0.1327324889303821,-0.5237352972726985,-0.8526716585437193,0.18802648061022242,0.36931295808556125,1.886887831413767,-0.4306228123341257,-0.055211074658216314,0.4190555096588056,-0.3730700300832941,-1.0628232451011992,0.34247914233186677,-0.32057131482929646,-0.012197738658474476,2.818204792948216,0.2811506386837865,0.9733659397377312,0.15966029691336944,0.563057784000893,-0.5467181037475168,-0.3848864937633898,0.045647537429292936,-0.7332267561206437,-1.4093044185112686,-0.7607644576990225,0.3962620117137881,0.4667314858334337,-0.05140302311917122,-0.32468233786331224,-0.6387740561861135,-1.0698050143597473,-0.27843142085301437,0.5041005151051072,0.29127471893474854,-0.6569788953439442,0.20055186255307955,-0.6159513021782097,-0.4496109980346964,0.8581819669315895,-0.3934673981575419,0.7755016912155313,-0.7869777848048668,0.2719643603566495,-0.08694633992649528,-0.14712340410852892,-0.3556811834713379,0.7029116009962213,-0.835326534369375,-0.656040674909912,-0.2724876301372151,0.5181144474537415,-0.7165526179112042,0.2856693653591075,-0.17733203667268457,0.059434178147659056,-0.49162501054858665,0.4929342283355076,0.03743279321640565,-0.5171018871234503,0.8949792923069875,0.9616933274243191,0.15325393619345834,-0.3757874431003072,-1.0362501914439446,0.45980659604325513
2023-12-31,1.099850451479631,0.7983912307890771,0.8452071620964627,0.8749076081527236,-0.710559086409629,-0.6308238824264635,0.007622112196665386,-0.7491096022291239,0.12275036374351961,-0.4221451820769625,-0.8274357469451055,0.8710659760876378,0.4095637650687973,2.076124351750537,-0.4250019185190996,-0.12342296854994753,0.5692502002879117,-0.4974562078005127,-1.3427873570417137,0.59720332704289,-0.3648513381480233,-0.08492785699702973,2.3498081601927776,1.1366529086570663,0.7776709284785785,0.18674310651086928,0.7552475336734439,-0.012102286713302712,-0.57471349980944,-0.005266123274019915,-0.7685076765593697,-1.4115628591966285,-0.6194067538416752,0.290053946258045,0.8428173910513703,-0.6746194502166427,-1.2899258359459163,-0.6875524863732223,-1.3884785469644105,-0.5733199229605437,0.8322585584872274,-0.06120489182379618,-0.4848907874213133,0.3498830765430041,-0.6438402403539963,-0.4114477923827184,0.9244722499313623,-0.332496011197697,0.8739351282332983,-0.9335140247406112,0.2195884133281984,0.06038866386465114,0.12201678256234,-0.3438207206244285,-0.10628650619226698,-0.8854972177889382,-0.5980423425023679,-0.13003478805774493,0.44346103962770617,-0.859335482350309,0.16849013151426095,-0.2541991316733,-0.02942405428791879,-0.5545194846051016,0.5666351304785664,0.05964465002954812,-0.4660782589047229,1.07632008841167,1.0150672343674303,0.21966346533525538,-0.3900923553606659,-1.2921524677663294,0.7449121366815026
2024-01-31,-1.8941142832990945,0.7255446774209157,0.8023565430846638,1.1344454885785724,-0.6696365407932183,-0.4039065095351054,-0.34478273901937184,-0.6401181878937068,0.2366365544002483,-0.42265882485158673,-0.8137470814396746,0.9525225605085004,0.4726634971936341,1.9496459827072266,-0.5032318535988263,-0.1481003155628501,0.4502309916564682,-0.8403355418185697,-1.1737174110215884,0.9320521950428611,-0.33502638923647043,0.05423010208844289,2.255465222769654,0.8814607284558389,0.8826200073862351,0.3952916338162463,0.6817054422112903,-0.5822657632276095,-0.46199052718542055,-0.0173169807751253,-0.3970410519506663,-1.465395105403616,-0.7478147997105484,0.35056642593390064,0.8968830423551075,-0.5632557400628236,-1.5365285908768285,-0.6976986208378265,-1.4073340863954946,-0.349326699343149,0.8284526729198849,-0.1380781539315714,-0.5317685978239541,0.3653519549744319,-0.6860545344327,-0.42655040979646325,1.1285270075974099,0.24518761743552597,0.8688570359760587,-0.815126528481512,0.19255667682328942,0.22365028445751597,-0.18393594833371962,-0.445710195245106,-0.06963444222371552,-0.9236448986554868,-0.41948769416271386,-0.0032821354341482437,0.508729075315058,-0.8285993453614382,0.5857984522982254,-0.2226476777857334,0.0006235466366446563,-0.23091370914763903,0.6948184575901875,0.23474966943987094,-0.13174002103896576,1.144593059227089,0.6631069181968201,0.3119021463763364,-0.3640469471188337,-1.108657815766195,0.8735685325300595
2024-02-29,-1.8170673098323997,0.7055261935423655,0.6912699456914089,0.4299606878096578,-0.6124364060352632,-0.5906635720250876,-0.35933923681626434,-0.7326472686213079,0.41910943439223963,-0.5656101606887327,-0.8422974144929758,1.3564462325726585,0.5971169560679782,1.5802534529693022,-0.4171059143441197,0.0606735790561114,0.42510355681701606,-0.891026220237168,-0.8337481782089344,0.6578292597857733,-0.2976369265386749,0.510775941531579,2.0160531314061103,1.142184638667905,0.4385012898587111,0.9289753172424265,0.38333357180408,-0.49157515188725576,-0.6080049914255301,0.0032916387056020763,-0.41066424439097243,-1.611219969386958,-0.8747155106745984,0.4110284157824114,0.6920193005124106,-0.6721454140232743,-1.3524067051088697,-0.7279651099361807,-1.4672322210372386,0.2459582266889641,0.7704590183894313,-0.2963256678766295,-0.6894722939517359,0.2551420203863085,-0.6548016549462432,-0.7414057449951394,1.3974186046578163,0.2734842407989146,0.7727605521447927,-0.8088498666471521,0.2636052492175848,0.15344962004855758,-0.3904594230850975,-0.6163660670979538,-0.21890694452856704,-0.8854692280477197,-0.05733035505370618,-0.1376590164651939,0.340585785113224,-0.7665821069047012,1.0654366206797554,0.6139449393590937,-0.06368769924222999,-0.362437978525832,0.558887575513177,0.10679849321876708,-0.2581856894670711,1.1242970030466062,0.6276462071774622,0.6627291661759817,-0.5075842730025092,-0.6880531467766386,0.7061870713146282
2024-03-31,-1.1178990956147574,0.5733499645404452,0.9422015172528383,0.37863232839198874,1.3671382875289004,-0.01717354002540014,-0.4742689803686958,-0.7105000260888674,0.15311146491812766,-0.41652317406254685,-1.0548719592536715,1.2991362683648942,0.5459248552358839,1.627073965596334,-0.48993565367548725,0.09198950129883227,0.3916500938738287,-1.7226269721711194,-0.2792106469319968,0.3172922103754117,-0.6471279655036994,0.5378385811457976,1.5688681742638406,0.812939767421017,0.2593064884420577,1.6058049944656554,0.9494170224992415,-0.8147770822771263,-0.6783732153689784,-0.14977752834243285,-0.5892356383640265,-1.15409527163081,-0.9675445935778517,0.5796397353654944,0.782919053712779,-1.1451995135124946,-1.6623746506573172,-0.8012328460354378,-1.5431528042799136,-0.12595873215083142,0.6072341576962902,-0.6318123488744207,-0.8637138209440942,0.6253239814851226,-0.9607498217519634,-0.80452236318227,0.562869090650001,0.0029456900619692916,0.4606209690908959,-0.6464509236607185,0.16302529698656076,0.19134608293664496,-0.6833209687673112,-0.7168967047928875,-0.46389392820403774,-0.9098295502878093,0.017294253884088645,-0.03648722613404158,0.6493752090635447,-1.120941595868316,0.3968823468689938,0.9394706288324713,-0.04869860824721411,-0.23569042651353206,0.7999573001794618,0.14390626845105117,-0.20704583837868945,1.5924423698947052,0.750038266713754,0.7169104063490398,-0.43678766045392137,-0.3623281678125463,1.017867591395944
2024-04-30,-1.1548555576632298,0.6700267921226731,1.2483664822448328,0.015338951569225597,1.9362620619352622,0.09025353857737589,-0.32842917338696476,-0.6975125367913935,-0.26082304211583535,-0.3033983361316326,-0.8488109417872354,1.237529363301387,0.893858940795406,1.951590693608956,-0.3209252702395739,0.09720905425402125,0.7988483421691297,-1.79787187921878,-0.16936275280188848,0.13275041227738565,-0.8049437429267968,0.4278516439462128,1.126312293408533,0.8558933683074559,0.1207717844710117,1.4056646709678913,0.5290855996585004,-1.0269272246961694,-0.6407421591215723,-0.3531642729725556,-0.8511302939192308,-1.145332276312828,-1.005076994411158,0.39070361915016677,0.8287395364429175,-1.1001137485134622,-1.7454265388847952,-0.6579074436354944,-1.7248128825166167,-0.26623484288329763,0.8683486092509669,-0.6340635881569701,-0.8441743232368387,0.677705136620574,-0.8497999870794322,-0.6674924885975435,0.33951819968509483,0.16146889782222068,0.5135829515516924,-0.6867840821220159,0.3987578232944825,0.1271560686135132,-0.7434442663662695,-0.6759730418310996,-0.2981708225099205,-0.8661016709114828,0.11674233907533846,0.03712123380298352,0.44829163246742143,-0.838565714313205,0.14261644790668626,0.7508537324990319,-0.14934964944303097,-0.33968599946762923,0.669584946207189,0.20125784042902084,0.12343506039536709,0.9954571241951806,0.9114260992170438,0.6305740695119303,-0.08617443084903784,-0.47173064093102535,1.179557772518791
2024-05-31,-1.1252819318328695,0.8438922389207228,1.4009360453365134,-0.21666640879374968,1.0741510028018215,0.051895125927739844,-0.30296857591722015,-0.5228249953807231,-0.29949557671600613,0.008718249358455443,-0.876092039815885,0.7813982919544343,2.1042164967067385,2.2879269056917275,-0.25458487261968415,-0.0712210472151625,0.5344060519977845,-1.7410511570619474,0.51007706673816,0.6172926140892325,-0.8887224074256523,0.18707632288670706,0.07395638386896743,0.8614894921383182,-0.15892032566254696,1.5251422627102924,0.4670299427914448,-1.163786838864435,-0.682305276967093,-0.3108592608529248,-1.057873143716243,-0.9848754730247399,-0.8464204001507196,0.26622789172759737,1.4458802384077853,-1.0332381252039378,-1.7211975976460776,-0.6064463171983978,-1.5237691046730129,-0.38947593310438994,1.118070092875457,-0.5744045375461703,-0.9489432898301842,0.6323054158027651,-0.9431741931102577,-0.5824692180262128,0.4383806121762704,-0.011268444913851337,0.7740044507813321,-0.7078523250777029,0.21176114428177711,0.22529864755547807,-0.8585083730182594,-0.6944519257418831,-0.2504802847859021,-0.6966045738137487,0.10942399156872523,0.4093860601649041,0.14135762821226708,-0.844356271619009,-0.13378116586655522,0.011041506797036419,-0.032566554177017544,-0.24207273419576908,0.47595928715308733,0.35381373545130423,0.3515860606121338,0.9066032614601757,0.5126265536432136,0.8394573913285851,0.04246502094308083,-0.5191165127685322,0.9323051279393442
2024-06-30,-1.0181435042167353,1.1959310419806704,0.9436397963167957,-0.21676474541716806,1.0545918419047595,0.09365682998937387,-0.1810429129441072,-0.44179877211979035,-0.42418721331660764,-0.1428441063269778,-0.8463323532581353,0.22148703750984855,2.553579903320805,2.287134671705524,-0.3485317772493224,-0.1193382940947097,0.22030830799411452,-1.6292879810756442,1.0195762951264111,0.6872560156696436,-0.8493862981533623,0.0006239480751496079,-0.25628714072022196,0.8658508860441316,-0.19418540273167512,1.6101306279807595,0.15242984500500373,-0.8905013650772355,-0.4016993311126529,-0.3823531797092386,-0.8178910178819429,-1.0386666088505228,-0.6695923675981317,0.2293171332251422,1.2442424074551042,-0.8733654261790499,-1.5877703926719289,-0.4530074038680457,-1.5250926563259348,-0.4027863104078744,0.7822895450811946,-0.5362968765966882,-0.8916891172237579,0.3096902410783331,-0.8731213732581478,-0.4856461575364437,0.5023999610379157,0.31409075827370264,0.7442114388671301,-0.5481245829808779,0.2990236758252641,0.09732500272661199,-0.8833504327783175,-0.5977951449985061,-0.34971909994030675,-0.5214791749169094,-0.021123743445134346,0.3558575245804109,0.04736983918975045,-0.8471652075551958,-0.30097388489157434,-0.13257892424707593,0.11148572203047402,-0.15550476296734517,0.6354090535434045,0.41381459619649497,0.2668825119628429,0.6384926317422113,0.2572345231530819,1.3233554597510042,0.040523932254462276,-0.6029461880225515,0.7868174241479763
2024-07-31,-1.0722407559757496,1.4759608312969672,0.8805669387822468,-0.1251288002595077,0.5790384074093913,-0.20001831657148839,-0.23939607826264545,-0.542319708216203,-0.515382848535437,0.13823982783185468,-0.9545569905221323,0.17927478937338912,2.2454589682716417,2.0468900282711857,-0.3979174027181943,-0.01901033174102451,0.1440616102522227,-1.695392319288524,1.0843573011761762,1.1771496101007983,-0.7317702569731939,-0.03619724043401376,-0.32520755359139686,1.081162839642375,-0.11670505584684787,1.0281564076849865,-0.05280563119303719,-0.7972261433246871,-0.426433843713146,-0.2570153377442364,-0.5021359136785928,-0.860307507289364,-0.5832818759686449,0.04670690695585927,1.5772897027238606,-0.9856277923513331,-1.5971156967065923,-0.522941712630188,-1.3026506597107819,-0.3288539291094856,0.8704266424249606,-0.6916722508271176,-1.0365798437912965,0.23603948403780714,-0.827046503899601,-0.5189870259427086,0.49536266562348263,0.22626873701610556,0.5382952169273558,-0.4206893091977299,0.2556936901331143,0.20564071214205337,-0.5959560655480044,-0.7025511331668737,-0.42616617842133975,-0.18004219425999501,0.1250884047418122,0.4501418408481892,-0.02109502003092959,-0.6897388032437208,-0.31896246956433816,-0.0520231180552556,-0.16579712099313315,-0.17807642864096723,0.6126907842270662,0.5849231137626401,0.6161749092874043,0.17261427415180225,0.25842397596566646,1.6302358850760148,-0.038609028272733166,-0.7066114577714131,0.7160448935412722
2024-08-31,-1.4166920498372686,1.1640061072617927,1.0904196231964376,0.07193095524664506,1.1295901678981954,-0.27774899972244405,-0.1455846106851094,-0.48296052253354194,-0.5505691971953023,0.23016275304399259,-0.8254708331918041,0.017274276065852925,1.7875228574048423,1.0336121379720549,-0.4476640529778708,0.12751381174262133,0.1233973359363533,-1.6123236330665354,1.5309357662776086,1.0300507401129357,-0.787861398214318,-0.110878502146157,-0.6346820157475199,-1.3164167987638022,0.17313121403544732,1.1619706127278124,0.058235946855680176,-0.31459957523419185,-0.3424296633665777,-0.27636026977388584,-0.16910451478172195,-0.48727363738981777,-0.5812063585168583,0.2698860073754756,1.5583343562186136,-0.9000667164279843,-1.490172839516311,-0.38608726138758354,-1.548540550090051,-0.28986836276281946,0.6236050698180201,-0.615993064011532,-0.9606914512976192,0.19038506584699405,-0.8693703245275032,-0.6946918002021498,0.48356583533924546,0.5874006802482468,0.12319760167173285,-0.3366733582549458,0.5108381048603797,0.2233353439155323,-0.6082713105528379,-0.6234839207363301,-0.35170892322925856,0.3541016727481343,0.37435504013458754,0.5734304102023923,0.2605776485042611,-0.5971958885545743,-0.2885956907248186,-0.2278530837424149,-0.13513413359944446,-0.4777701041327841,0.8386792722942427,0.5973440857146421,0.6907139219661025,0.15704700943981117,0.405616667059155,1.1634392765309634,0.036203156404444756,-0.6538329323654628,1.0850427463193377
2024-09-30,-1.4822823145499435,0.8759346356124791,1.1310259784530654,-0.06873222336097118,0.9209865280859345,-0.4322856031336503,-0.21295068345215534,-0.4359210332996277,-0.5316462661025745,0.33380802000107507,-0.87657706234275,0.2941646077767003,1.8482814268741166,0.8490261336614544,-0.4166910797246143,0.1645530396016227,-0.004057883203782017,-1.8076288516456414,1.489886251314294,0.7515053130539844,-1.03515963263289,-0.1652716060493219,-0.2734487538306053,-1.3744312424406173,-0.019135226702869795,1.079501676856509,0.04607576364331904,-0.4796663636696382,-0.3155239741961283,-0.34401765045829097,0.01834241971534013,-0.6329491438119904,-0.4009929258185257,0.23966829632220316,1.81176736926022,-0.7741752187825608,-1.2465962003362516,-0.30923481957585375,-1.4173397292614807,-0.406401020408093,0.6480351052772813,-0.5371573059122516,-0.8421678143951743,0.23167109277343834,-0.9349433938800366,-0.518647768182614,0.3116491134595084,0.8365551100954457,0.037146434331806255,-0.2877919489945221,0.7030812754248484,0.5094344292191237,-0.28734118842404843,-0.6263725532765358,-0.49173255985890435,0.5854973494257472,0.3611657735609089,0.5961722366465134,0.19091588644352608,-0.6738812799764891,-0.3206827392525095,-0.06384407345990004,-0.32889286463202794,-0.5177976079520825,0.7703977841943882,0.5686356806979598,0.9309353137449816,0.14091238231763772,0.27124062379359504,0.608315215012974,0.45361038468011994,-0.6008973837826175,0.9528479142659383
2024-10-31,-1.4926913075853343,0.9363000041128043,0.7825204194979358,0.02982509191244251,1.076122846885234,-0.1947169740113924,-0.2499840782578965,-0.537758407457117,-0.5297925268494085,0.06668630904884143,-0.7473027280510116,0.38304064237399543,1.4275464250415244,1.0645384131712747,-0.4574108622953279,0.2796920063498533,0.15328564719363097,-1.717512899517196,1.7046456949016202,0.6881595821699511,-1.0724862884405826,-0.2278850805222482,-0.25241054303184324,-1.3990573968948095,0.10536342827432654,1.005094321811245,0.06621860929345312,-0.4411319553346731,-0.5825194824499286,-0.47308561083097234,-0.15043811169135063,-0.3988219188143835,-0.443118258652036,0.43868888436817405,1.5643187029266918,-0.90444503441593,-1.186167075873466,-0.40414034901210394,-1.3453209268343675,-0.5014896352123138,0.4468118739479726,-0.5041830769530111,-0.7542686861769536,0.11227605402404556,-0.8988591305053831,-0.5221347989413485,0.21208376393181377,0.950908732317219,-0.08315400499617527,-0.5609630029482482,0.8168077485294437,0.29049721966504516,-0.18468030261196766,-0.6574582172219972,-0.5391883004080997,0.760114286630799,0.3472885488045292,0.47391735006943836,0.23576811297694097,0.543494080720138,-0.391059789806798,0.000135514561095805,-0.3911009183583112,-0.41424375740759556,0.6698217416588256,0.8889814727101528,1.0921421902394406,0.3451127567256327,0.25631773522494705,0.641436563347079,0.17944655313928312,-0.72065593690199,0.4947916292074198
2024-11-30,-1.5853049686130776,0.749986608618232,0.9673948903061299,0.06289399594429385,0.8610769508257866,-0.05006099455530626,-0.03912824678111905,-0.5174293673499023,-0.4731334889174146,0.31211010064093536,-0.8120125801458165,-0.07993967952831203,1.615579388265349,0.9994404407462811,-0.3988841336825179,0.2930332293738187,0.3548491924758562,-1.744691228898615,1.2588631144312135,0.43890360991994753,-1.0452988952571385,-0.0783096532773523,-0.41468125664191474,-1.4829722140069517,0.29672247651870587,1.39002828707761,-0.03823823832068535,-0.4900596288655327,-0.5420683035744458,-0.3396302075194928,0.17053650820672925,-0.42058554518240193,-0.46561723103249253,0.25523189352041137,1.4879177352650501,-1.0783071142293994,-1.0402058861882812,-0.3059018519243531,-1.454436005186483,-0.5399059379740767,0.6160411563341429,-0.3541600304276743,-0.8409708742068758,0.3093023897583102,-0.9916244187977654,-0.4551473333035585,0.4010048576546354,1.0007893306019024,-0.029321834868876087,-0.7194251156746816,0.4806890420376836,0.21608366334010567,0.1018016518304024,-0.7251467823680643,-0.48371960807209075,0.9963543233384409,0.6282730708759151,0.3009615077347726,0.0834808180261256,0.4959319570591173,-0.3096118415969852,-0.22514743218021982,-0.41588839869391103,-0.4033476388829764,1.0011647073998982,0.7790166543388861,0.5819719011688944,0.450416094512502,0.08567325628067934,0.0826647430913301,0.4284768172849136,-0.6408413367255554,0.6975029277256033
2024-12-31,-1.6669824563982716,0.3164192091027209,0.9051433865391713,0.15587729857943983,1.3767063504033075,0.18101262976060228,0.3084563741148337,-0.363612259394883,-0.5853425853241901,0.31791337787462154,-0.6593655202381667,0.05763682226194072,1.7517538597298397,1.2011434251113413,-0.4703697598451466,0.3318577135428319,0.21760031641863684,-1.774256549178464,1.1463576576467216,0.6115980585524217,-1.0671606667948474,-0.2549494462434678,-0.5380009469615488,-1.5653474235521898,0.6318943157628011,0.9293091505938569,-0.3230077354750551,-0.5030687930342519,-0.461520158483397,-0.38799984562467715,0.30769420339495673,-0.6467168923635744,-0.6549547964685052,0.17334083213676352,1.3519343396091092,-0.9205864568415365,-0.20186803908548243,-0.3515550088619045,-1.090100396941211,-0.28266159785204337,0.3890692903491468,-0.38276214930044317,-0.879099608769585,-0.06497055170252572,-1.0432593149358893,-0.550352984142537,0.6321504163291213,0.7626487743970954,-0.07478566967012354,-0.7387902263642335,0.3657629876791293,0.23031233850655636,-0.11639211353572243,-0.7464627748456574,-0.30941290973598257,0.8470126448547286,0.5373771534844697,0.3138561174514326,-0.0018841615007003324,0.18447708137906585,0.17926771304129008,-0.1734867512380886,-0.38834672469303344,-0.06362740027724864,1.1622492169775527,0.6218812226692989,0.28374409744065066,0.24165962904088903,-0.060727726850587915,0.10912693624822913,0.3906848029159635,-0.3782613624028078,0.6236959736640317
2025-01-31,-1.1899178251612523,0.021362460459126903,0.8921371018744999,0.4070118614317841,1.4586141826721366,0.2237219150810414,0.2263997623793098,-0.30297880743265854,-0.688922385660121,0.599748491638065,-0.7464571422447868,-0.18270907233330036,1.567111853138172,1.198115677907524,-0.5912109462906819,0.8364307433833462,-0.01775357786850272,-1.5464678234797558,1.0392285479885155,0.572739169178507,-1.087023902496036,-0.3725752911687541,-0.6429375805840213,-1.276411627731437,0.9477323465663129,0.9300997118193851,-0.3282378750813492,-0.13617941909471465,-0.6208986315539082,-0.4526803316219329,0.33786697968314783,-0.6056455373448137,-0.6964486025549324,0.132360821281519,1.391538552033417,-1.133898707380195,-0.11030336060956551,0.17570517116185383,-1.1438937813769352,-0.3390185023542609,0.48389321182423467,-0.3074874638437357,-0.8542797288337876,-0.16726639662693904,-1.0340960966918262,-0.5135393998059582,0.6887585131770674,0.5472293224308933,-0.3772549206864755,-0.7761349280173602,0.5580289453961655,0.24984859977540436,-0.3099700539459077,-0.8106249300751759,-0.5391758176646242,0.665781864557434,0.39359923288422305,0.607845721236781,0.18323645654413404,-0.12203581623427823,-0.4595149180918252,-0.2580179862408867,-0.25882999875885393,-0.05161954979529751,0.8778902574698766,0.7792417382532425,0.4812748996808237,0.06027968613670037,-0.03655485594452366,0.149485609658704,0.8485575040061759,-0.6983086194235782,0.6034606282527026
2025-02-28,-1.2502338832723834,0.24603797637752342,1.1307462556203924,0.18658946215460565,1.114834435992495,-0.006899770003664013,0.5666083527008151,-0.4281008568039444,-0.815719293013613,0.6450965808778548,-0.7024612361847294,-0.0920215096989244,1.617133886151711,1.3456086507514442,-0.5400237505953233,0.9831845491475899,-0.07344827931165568,-1.581237530612336,0.5873664794794133,0.5163098780363377,-1.032308878720519,-0.4982558168104666,-0.7133868802662845,-1.2898049165032126,0.5731934512485054,0.8775280755746986,-0.3039293203162725,0.1907632958184069,-0.534061852323633,-0.41498035004241307,0.2692331570472537,-0.43168860975322915,-0.5847213181616898,0.09867834370199202,1.6405105844872403,-1.0844003099881334,-0.1909938743912011,0.17988374215638442,-0.9278526467262229,-0.26275232971394774,0.7591262614296463,-0.3597480819878711,-0.7899747767318257,-0.23920538267173092,-1.0587255076797746,-0.3306656746018608,0.5802054064524949,0.6258854328630876,-0.3375156333535232,-0.7817692884386311,0.6546757478435261,0.2658205867068666,-0.24630386414385536,-0.7838591494815177,-0.4409387695712761,0.7357926189715736,0.09136636802311807,0.6299179701370705,0.2580499379574285,0.23544285317663347,-0.6487320219685235,-0.5448806650827167,-0.36441763909907554,-0.19138623633363416,0.7410230392172179,0.7016392542083838,0.5639335611704639,0.11146975875013594,-0.1053833407389674,0.029307771277571323,0.88558025393585,-0.845822009050559,0.6179867441307665
2025-03-31,-1.7104785425430116,0.07727244178954154,0.2561650011662267,0.17366402129858519,-0.5597658049576368,0.08998634887410033,0.24067139889056083,-0.385756716385558,-0.4042929136914263,0.37533922133537273,-0.8083550089564658,-0.11018214195403792,1.375881549924988,0.9390542698146376,-0.4574769665959741,1.8979497791004063,0.18295079861837063,-1.2353689386992674,0.4800916588457352,0.3175317556344057,-1.876482396688845,-0.4124912277080337,-0.8097469657982924,-1.3227958854335755,1.011765254931412,1.805557782682322,-0.155498135400443,-0.07227463596050837,0.10573027104600272,-0.3434586296617937,0.3013530909876625,0.45012056608306905,-0.3547283519025877,0.14716813591810005,1.1625315598983879,-0.9991450674996861,0.14223159682839476,0.48718778942278224,-0.9910480197909247,-0.42002794372699104,0.16993878676840565,-0.3147073991399784,-1.0898679736069978,-0.5108059623006573,-1.2049697385913043,-0.15317849030281358,0.321561717534502,0.372184262888158,-0.28273543187470773,-0.856919346190617,0.723981156572557,-0.17458744264524909,0.1429682436166656,-0.5926548178327511,-0.02157152473360245,0.9941290859999788,-0.08531111438774819,0.5003404533170911,0.048575369807314056,2.1441656407475267,-1.4127281528309632,-0.9111704431429747,-0.6480117653366616,0.4701745728606234,0.8838287769371795,0.3835451686303143,0.6015202976282086,0.2007308308722984,-0.04357430626450715,0.2846803761620388,0.6739721114146511,-1.3003654667841678,-0.09912526055080541
2025-04-30,-1.6481175178677558,0.06897368810733161,0.1422535393782241,0.04860186423180411,-0.8372344217051375,-0.0028672014200171597,-0.013163574806145658,-0.4513369650236947,-0.2580142945621064,0.5089566655475954,-0.8166220809394865,0.219426107836142,1.0610461839605028,0.7747871534084392,-0.6250988622171082,2.409820485675725,-0.19029302601945292,-0.7699635186414164,0.45524436055636264,0.4504731195618012,-1.6946237303756602,-0.2556619005212496,-0.6263196960040169,-1.26650287105017,0.9759189679880078,1.5918686639156623,-0.23561331168425168,-0.22667919403428544,0.19522067542547705,-0.17805063434605423,0.304335944450171,0.6651672737079617,-0.172982063128921,0.04037508042546456,0.8289858038160534,-1.0375091948899926,0.6160627779380254,0.4166809035640573,-0.439617666613338,-0.3442797961171169,-0.09847921651853031,-0.3611399240798568,-0.8829158353155377,-0.6007097290185224,-1.1311049929430128,-0.490283151620083,0.41555153350681096,0.3832066634884012,-0.712264490354828,-0.7629450794100787,0.3839600692368248,-0.24731007220548126,0.31050555897393617,-0.624516387003438,0.2495205044184777,1.1086021355105464,-0.14233866542410775,0.42394067706026173,0.0147554463199156,2.3016082408546246,-1.4012895823531386,-0.9266910181761809,-0.2560879294033255,0.35693102323821635,1.0722492148320253,0.37840163911196817,0.7160688168240104,-0.024262148689140242,-0.12949758384024593,0.18292945067594316,0.2920547786898533,-1.3500160500661231,-0.12576488822351903
2025-05-31,-1.6713768226765553,-0.18141601086546266,0.2237287364245115,0.2902836315739465,-0.3633074050446176,-0.03639388991369144,0.01805970279729765,-0.4879065533280207,-0.4470390781131747,0.6815067621898434,-0.7906807728431863,0.2910177369819386,0.5745466080480313,0.6836657865334098,-0.7339266308706568,2.114491612338748,-0.12184854049738107,-0.4524582743092512,-0.14331147550610326,0.4593314341683419,-1.715850036866382,-0.465960115761191,-0.645051904100752,-1.3835919481585435,1.2061788493259682,0.6147433170420838,-0.23149613790449275,0.46974260880116203,0.15960000985378478,0.02049469339897121,0.9767974440175491,0.502970902295379,-0.14230102785027438,-0.08290020506672788,0.7423167100810963,-1.024907921100776,0.33203853568336017,0.3404057709710309,0.03384623359015187,-0.32352875091496375,-0.0764730190849362,-0.3686333845107701,-0.8141296808275958,-0.5526005984706152,-1.0871655865541139,-0.6351967376051286,0.434529605919916,0.7421316421071156,-0.7156461038713295,-0.7070001880333894,0.6871484015173698,-0.14203919206129206,0.6251261973777885,-0.6361059072274664,-0.013966877170289466,1.2721667268177284,-0.21126656583505463,0.4442430884345856,0.04745819717948531,1.8100076934281089,-1.6120906751175206,-0.5491825274141848,-0.4828725814312823,0.179808577559046,1.1331456433376759,0.43359618067019406,0.8024440324337536,-0.17313403308859454,-0.03549101120109661,0.09903202003874337,0.44531286458591934,-1.5853623052840715,0.12421749824017415
2025-06-30,-1.5069135821166473,-0.2896661438544827,0.6886961626465032,-0.11736452859227858,-0.39800471510599594,-0.08394868770824704,-0.17178069317758968,-0.517078185034145,-0.44379367797831887,1.0222667851405083,-0.7326662587894309,0.301512833806797,0.239559750853025,0.6240616197535989,-0.587162062691423,1.9246284862698142,-0.24073877332436427,-0.6378445279722692,-0.4416088036326035,0.25488888252247055,-1.6373012310057433,-0.5352941094938238,-0.7297247805646715,-1.2992183643566346,0.8650477761692071,0.115546095423675,-0.2638635657623358,0.3100782525061765,-0.01862170630467819,-0.22255867718892758,1.3687804953755305,0.442819532118812,-0.12470221826890587,-0.041494236395087564,1.0604629910003902,-1.185722159383911,0.11852033111495323,0.6155979628683,0.2508307786020639,-0.39674468719891876,0.18287191311414713,-0.1686985917028242,-0.7617256082560034,-0.52778694011798,-1.1250050391938535,-0.6402776276607821,0.21994809587092792,0.5258421261651078,-0.7913416159054096,-0.7595683854698025,0.486584529492486,0.009622150609740051,1.2252470190521423,-0.5931552838589853,0.7349838792969279,1.543546487997871,-0.14566377569692507,0.3008829291524919,-0.042810149323405114,1.3082644542041846,-1.4354872731289199,-0.44465664591421533,-0.46741358212410444,0.48409512433627466,1.0644674222176351,0.4796480095393999,0.6465376376340717,-0.18585086989861402,0.07623993022162823,-0.03013273916268458,0.5977072549097653,-1.5239056147648424,0.35909660974682045
2025-07-31,-1.7096120690755456,-0.51364147816257,0.5160352864507038,-0.17622259771098228,-0.24653442869370285,0.20811434823663744,-0.226777813633947,-0.3609544110344619,-0.39602609540436057,1.0564945486784632,-0.5218783250242363,0.54374790621578,0.304863602323842,0.6334476107307112,-0.7164440527061309,2.039301953389196,0.08308440795579553,0.07019809996707753,-0.27258456180065904,0.12141928389401294,-1.7987610775090466,-0.5911833489722105,-0.6933488705162527,-1.455595961249598,0.8657480318686628,0.1387457208216086,-0.28187314411782194,0.4845032024598247,-0.1411299009698736,-0.19183092370352595,1.3412350384103413,0.3137785221610229,-0.29271151441985654,-0.0059204888221325025,0.9472084852894234,-0.9137715382704186,0.03353967238310411,0.9791095972883304,0.2812462135935492,-0.3416633844895922,0.2642466771835091,-0.2096548556858206,-0.7373584914461248,-0.4351918245960105,-1.2439522059121635,-0.5406325747266143,0.17458619494692953,0.8614515294215601,-0.3188815849748945,-1.0493575184871644,0.2974925172289423,-0.06364744427714328,1.1603672268009142,-0.7015988655214611,0.40133374160102847,1.18182318459752,-0.42107858897376504,0.029362632353727228,-0.12587701804136298,1.073346053588498,-1.529868813585159,-0.3958264471380794,-0.28133150018627806,0.43210319930240254,1.2129482449964544,0.4811337953652664,0.2438808309049287,-0.23446533330164893,0.3375292799626082,-0.1556226077873827,0.7616396641296652,-1.6042806914325858,0.4126208298834345
2025-08-31,-1.7723966635504704,-0.3877760569454776,0.42459338275536707,-0.4803398852750223,-0.6601096057165412,0.03916136799981487,-0.05515819754268257,-0.5115532697051501,-0.6173848571778291,0.7868842460365251,-0.7944635900934175,1.5444397573057551,0.239433336632708,0.4105382690563333,-0.6289900086837902,2.103022070304032,0.10369876451707982,-0.0412666670157527,-0.5595254278469601,0.0674641151285847,-1.8805251834674337,-0.5947240149423672,0.04616186165383447,-1.2523692934642199,0.41778162297258564,-0.003785357206238203,-0.400374728518614,0.8132236663076359,0.1802296052509184,0.2952559006566263,1.2781301204579316,0.2438828538377501,-0.09357013564274749,0.1980456369689276,0.8845815990092352,-1.057151130647535,0.21165778071085747,0.7743075670942057,0.5563003869939812,-0.22908264388469912,0.24099193450578318,-0.12028703488568195,-0.535699544684661,-0.42582990043458224,-1.0885520453800581,-0.3029290819374536,-0.09459353705407249,0.5179421328847094,-0.188150636852488,-0.9184168417651052,0.08027157259656938,-0.17257857358073309,0.5495275265928039,-0.6504629123323472,1.1316397279286712,1.244115730229392,-0.46553016929699936,-0.044208794724703106,-0.008463606887776101,0.9153430811847512,-1.255636219620613,-0.28387193489488705,-0.17412911622906085,0.580565796871328,0.9753654300683938,0.5273231990682399,0.1695126311979419,-0.2718762560425748,0.1792168020253577,-0.17175162263302418,0.6720316113294796,-1.626084153665093,0.14992629869614363
2025-09-30,-1.6071144994516684,-0.5398673810048167,0.27881296244541326,-0.309804758060633,-0.5793199247219689,-0.03667301474169812,0.15328093402098278,-0.45716929727147326,-0.583932951164994,0.7485060396920473,-0.15434139413457287,0.237023470311401,0.3594089911146542,0.3955922457810056,-0.6340105267239661,2.49278185971175,0.43284379301606063,-0.11455682703795901,-0.6593953077713689,0.34082304702526767,-1.6798226917010708,-0.47363580590886856,-0.5077674487053586,-1.1788377392201908,0.5024186702846274,-0.060403340608169695,-0.3689722221323371,1.0660769040944937,0.10352264651381882,1.3093108884840312,1.2207197113914445,0.35844220497749835,-0.08725475870872804,0.10764601645608468,0.8142821100770999,-1.1566841262904315,0.034386810080821714,0.7650835745700916,0.5913463660255452,-0.030511306378617153,0.15953096390553173,-0.25245628294105293,-0.3262397971959761,-0.4247449883221367,-1.082231313270282,-0.40626528674914564,-0.09159078440488111,0.08971631899490093,-0.23597328856154456,-0.9460336835141918,-0.1414110434667473,-0.3340694918434352,0.20744519920661192,-0.6586343846306382,0.7179233722869472,1.0204008957996997,-0.45381922805275277,0.18978380807171172,0.05029128443892884,0.3670978119339249,-1.3015145253801996,-0.5586651372685076,0.1676093390165442,0.7828025804881802,1.1877329790555695,0.4243412554950571,0.057182081626306516,-0.2664158610897771,0.6338559033017328,-0.17009752419745344,0.28165911028645435,-1.6687148899234117,0.3608542055867432
2025-10-31,-1.6884918007008027,-0.4813591708802887,0.29024461701541,-0.42748408161123996,-0.684077060598394,0.12241002289754886,0.4413256496039467,0.3231482650107924,-0.5998101880115195,0.7999534219897091,-0.4591686007335862,-0.14580355207507806,0.7543248035234243,0.42529840299924543,-0.7977656021465722,2.206748977509145,0.5242827226898994,-0.06413454465856655,-0.6818365496678211,0.2812091113711459,-1.592030587385638,-0.24948086661225588,-0.3168606059356738,-1.0506342829654942,0.4169965248644676,-0.052886769711155635,-0.35018039719836497,0.5733735671452317,0.15763510315430945,1.6865126677395084,1.3603535400333162,0.45605572146892165,-0.1925931474856643,-0.017904473780011254,0.7165093839778731,-0.9951085203026881,0.22438669035280098,0.8600542941186028,-0.13898670574559782,0.03646294100050297,-0.01948318580949049,-0.22274850039013144,-0.5244146771031083,-0.41090803110066315,-1.262768520284805,-0.4760730008895383,-0.04215341343962496,0.3905064070649679,-0.5515685067916362,-0.9269685990516457,-0.2392578933266864,-0.4157230438745591,0.10392367453500694,-0.6556183526523761,1.1760422148333962,1.1555027217267306,-0.26719612174712565,0.2512965670299011,-0.15385867889765034,-0.05641296609821611,-1.380236310305153,-0.6500012213779081,0.26312874222120863,0.8099799168791049,1.1812680539879121,0.2221137973402957,0.029062257267541802,-0.4034887288363559,0.7468881815557544,-0.08227770201563236,0.1852887641658026,-1.7184365171542246,0.46220766969226623
2025-11-30,-1.4497827928205296,-0.27217458550005236,0.3711128954215409,-0.44085704396110803,-0.3169601761189708,0.04486013747348172,-0.07521533192283414,0.41723788002581336,-0.3076167190092408,0.6446181832654881,-0.735342120166318,0.17147352108525538,0.5458516757058476,0.36736996371446273,-0.8215427158930891,2.0651048956807267,0.6211909855690494,-0.6407030185543812,-0.7268639425007617,0.3609028626642754,-1.6445694932724262,-0.4521760264415773,-0.3296965644162414,-0.9344354616061983,0.28184060376196335,-0.04884231754444473,-0.25044554158504867,0.3285420903593886,0.20429901778473686,1.5964759849784835,1.3118314327250475,0.4606846431545871,-0.401924429345717,-0.004275612922790689,0.769816409882446,-0.9922043636359138,0.25234271881384995,1.8547822469115767,-0.28810643538797,-0.2272664414714837,0.10941876325158402,-0.3049052310638245,-0.4035438574743781,-0.48972218728062916,-1.3134395454313181,-0.6289748419433628,0.22894264780984352,0.2810106987127208,-0.5569193046795328,-0.7892410212001294,-0.17826465380242695,-0.35786951988471805,-0.2422560983856552,-0.5375723923582936,1.1725890032264354,0.8998018632730546,-0.26765439300959554,0.11087286456249101,-0.21720815446078784,-0.44206682211706844,-1.4958665596996752,-0.22331090825298885,0.033261075852596605,1.1301562258590057,0.8529917090771366,0.27200507527027534,0.3697160295690911,-0.48347372541568745,0.796333518648237,0.16395845140817428,0.5799004908129524,-1.708018125497179,0.4997936676183509
2025-12-31,-1.4013746952739976,-0.28185514468765627,0.44859513610067897,-0.05080899884749901,-0.5103203114021005,-0.0536695093136058,-0.39179563131594153,1.1730854281668706,-0.13041877747651795,0.5238729200186283,-0.592859417654479,0.05325535838360801,0.5177253845890947,0.30618732730586706,-0.8978499648016564,2.3607063678597138,0.41607943370831674,-0.7605688392368153,-0.725539540969762,0.2239934577066217,-1.6465158446798345,-0.2862168449765451,0.2773176358760147,-0.9380176219550611,0.14400794866890224,-0.07398909460810288,-0.11153265615212289,0.43271276331368197,0.1137535941458022,1.0868291853895342,1.0307800005644925,0.5124540505903216,-0.3778064100102254,0.0814830427672536,0.765906488394045,-0.9505176591885219,0.3203292631210308,1.9019323541799387,-0.6359753711899169,-0.19261857517343764,0.15972383785452915,-0.08752023049228407,-0.2465298293843005,-0.41469559760893815,-1.3553833905455246,-0.6296175395337934,0.07829225991245388,0.3071975232305134,-0.4763118618330393,-0.8888855655627765,-0.28190547342653993,-0.3857487441009443,0.24599295385876896,-0.5325835116002933,0.9627405828114437,0.8322608808493066,-0.15842005411969295,0.053429459793244184,-0.26412616416997287,-0.29163858062724424,-1.8047338299304696,-0.32888066673571753,0.12571907655878212,0.8921685733020486,0.7318747795592837,0.17375654525770728,0.469647729674687,-0.46311532532296246,0.626654539431152,0.029763377573089455,0.6957898751104898,-1.7975839167399674,0.4812768822543715
2026-01-31,-1.3899856117569893,-0.03848528489097858,0.7613196883556373,-0.1403025013811815,-0.9089120433593796,0.01050104163891153,-0.34363638678759,0.6382001336523682,-0.23853520817988863,0.41586690440414265,-0.6615697264347202,-0.20096803923960163,0.7211693597868625,0.3650292938285787,-0.813993107444098,2.346655470021277,0.5863433539560257,-0.7304241716785237,-0.7816302296858633,0.3089011593461396,-1.4258534318711136,-0.3681745597832284,0.35641902467624365,-0.8046968694036399,-0.0778188904367219,-0.0244242407960662,0.02113150194701008,-0.17214839797389203,0.40058336475943274,1.8686166630629155,1.0240172025064762,0.6301336890261755,-0.24268535963857107,0.20670544357895682,0.5971155474182026,-0.7927397341684166,0.8253401715934363,1.4457233828593483,-0.690834379747437,-0.26785479024399644,0.14405415692089746,-0.1463102900146875,-0.3641129486004345,-0.26399511394379616,-1.3127198465255794,-0.6216252200740351,0.11081036485631143,-0.08374908690410866,-0.8952632056234613,-0.8491143222275838,-0.4779709804606057,-0.1534097566230955,-0.13778824399239487,-0.3916552813388993,1.1797614124151008,0.8120457214070171,-0.20359860724949513,0.08231524733093437,-0.38882917764478236,-0.28882100538266364,-1.537843028142055,-0.31299840979531013,0.3232214499257041,0.6685149542544515,0.6537563554743068,0.038927000948720876,0.26974512229780356,-0.3988668156781998,0.9594436310214398,0.16473264445072455,0.5404507274739435,-1.7663854265043535,0.3800203138963527
2026-02-28,-1.278037578614085,-0.17163336396768764,0.562128517929674,0.12401520365052485,-0.7586657785939178,-0.08507614562271108,-0.4368748368056172,0.531805187034717,-0.2848665284365693,0.4091353521782177,-0.6915614026048166,-0.5204936221846517,0.32946811192420167,0.08187349165808475,-0.9122275647096667,2.376707972023387,0.7036387222957599,-0.11096281103687522,-1.087733494420442,0.3315248875348983,-1.7970145056508684,-0.4143177647800688,0.4053333069177363,-0.802802406376972,0.015370589117583489,-0.21338493230718636,-0.0394374467479815,-0.2842153343076833,0.20730044218632532,1.595161074829464,0.7289405133819059,0.6119714537357837,-0.005720332491662455,0.17248508099766674,0.45751997506431696,-0.53125395526603,0.9096728320782699,1.701407487062521,-0.6187303019288842,-0.40595239972153596,0.11484952797243947,-0.26661041130546204,-0.18807557310567907,0.012610359072825525,-1.108732958719865,-0.2763739950826137,0.1541459780082629,-0.13050297438800196,-0.7340661695132971,-0.7486872772538792,-0.511813583826126,-0.17490152392800454,-0.0293095469639051,-0.2924599575272231,2.0117361294135847,0.2876832566492652,0.0825991678130227,0.13197189187289643,-0.3814234891366713,-0.5350619800700545,-1.7501633905255636,-0.42339389797383015,0.3690492480099423,0.7412022871073262,0.727042966238442,-0.10514826845550257,0.3674183185433476,-0.7169984319006023,0.6718854113822694,-0.022558139418695698,0.8033434455891305,-1.6745185920846297,0.4923687079323611
2026-03-31,-1.1653429585330048,-0.22768837362984856,0.338306117862018,0.2102855851059801,-0.735202559780862,-0.03958640561123136,-0.12426364297282999,1.2811039999999745,-0.6775123762645147,0.4386367613199438,-0.546434462330212,-0.4334854440027925,0.7197022798176169,0.4468457156014287,-1.0045614041405866,2.2067873989415903,0.8240839905229504,0.25701756044363594,-1.1564493409827474,0.7443271459815577,-1.870071954391781,-0.5368053384506007,0.08733243826920889,-0.7475042165969112,-0.012025495830343791,-0.33109724753409653,-0.34210363608389055,-0.5998024490384901,0.22140926659957777,1.7297137406313978,0.580975297795276,0.3326754256889335,-0.10865474748190719,-0.0007845749893923741,0.17890313556798726,-0.7436514298819505,0.9735012413682909,0.9015695633789533,-0.055200521165899186,0.014863897005597093,-0.06406755625203533,-0.2176573753184712,-0.2949343842288927,0.17174839620482837,-0.8980047763110467,-0.25354144658261635,0.3107786123392421,-0.18832628083153014,-0.9047685007337443,-0.25107272425391114,-0.6464071473776201,-0.14438028501254935,0.07170319580004357,-0.2609252892257564,1.6412543160739215,-0.15178158267613115,0.3544211332758353,0.17915971864669755,-0.3542615337575902,-0.2529211564816346,-1.944943233785046,-0.31573100799752407,0.535480298975376,0.30103406734272903,0.9157442001205967,-0.07726187658105642,0.21837154725792782,-0.9525983087052166,1.4945368353804516,-0.01391010881389678,0.34978625215350445,-1.780083191033427,0.28850601743146975
2026-04-30,-0.9417244133979024,-0.2005116900774672,0.2977897023035879,0.18131230917427074,-0.6645913554372089,-0.2313462015622147,-0.17456572019738048,1.1782839388397504,-0.6465948652818849,0.2563485623358368,-0.3638121617924269,2.86000670083983,0.4327738258677776,0.36457988775155,-0.9063416375680902,2.6713841499529813,1.1879155557975554,-0.3547541690659943,-1.1242410865261552,0.5288552004372347,-1.82590545292621,-0.6842319457363879,-0.03514920252503442,-0.6083655387110372,0.0992385939823768,-0.43429517289170017,-0.38448472947812196,-0.5627704847557102,0.19639663604972007,0.5869403865626267,0.4945998575936059,0.1217578016240155,0.07971704665426685,-0.16503811191953943,0.1687670918862053,-0.7771138772150417,0.7635860621867808,0.7056641312294584,0.14419849249857056,0.13347799852172557,0.07510549192193183,-0.2728416509570787,-0.29872939976533874,0.08349091133819102,-0.7006964718762556,0.22200079466466555,0.13473054863887643,-0.38181618691362956,-0.7692381974262017,-0.17176037128494623,-0.652169767382321,-0.14443529757304713,0.37837669300418014,-0.18297981179247955,1.3452438178155712,-0.23886442455198137,-0.2068569361146941,0.03827654872836563,-0.41139999225887336,0.2803467800529501,-1.7811705625154701,-0.3531124332212422,0.1787322819329071,0.384118578795101,0.7595290680982085,-0.18874407286450492,-0.011788399851500694,-0.8997869625787086,1.2019748858998152,-0.07983424274231099,0.26739680186192055,-1.653339890218822,0.27958475214083056
2026-05-31,-1.037371148997291,-0.0030711003113214064,-0.0056413128493338575,0.2509206611352632,-0.24735999130463918,-0.14898927984171462,-0.1616759818801786,0.9270368280675378,-0.34479331254923595,0.0032015986734303115,-0.4696849956585356,3.94691648816428,0.23352989457321746,0.20356531131784605,-0.7923231328003497,2.346357623781293,0.5884070613687935,-0.663997313660128,-0.9471913279070826,0.44659782213995236,-1.7654580872503993,-0.2744172269859844,-0.09392874510595153,-0.48213118674222566,-0.10787430434283901,-0.3401097830568872,-0.29734650846891575,-0.4615215230585725,0.3330553956302297,0.632773398630362,0.13106979948625463,0.24318281260674135,-0.3521082627391495,-0.3043810261209257,-0.01572273520087694,-0.6632200646640182,0.9523979650403641,0.9435345955399366,-0.081764327175989,0.3846420358679956,-0.10267262995570733,-0.19310698528068745,-0.07788883265444847,-0.03964726764940596,-0.1452524198571924,0.36828077050079605,0.19026121797929213,-0.4047436113793539,-0.7218152009207278,-0.25501976843984064,-0.6483180167489335,-0.16999715557744532,0.2587392790280397,-0.19747283238426144,1.6266284946815661,-0.23583033668599165,-0.29871789936373794,-0.15153559458296273,-0.34297175102302,0.4496264325713723,-1.6909348339380041,-0.4543328543910686,0.30923281278119163,0.5537979914940441,0.604268839122076,-0.2636605081241241,-0.0454655484631807,-0.8872682739154851,0.7377436648904105,-0.16543276670485854,0.1169747011858244,-1.2592409269439162,-0.03050015277895777
