date,ADEL,AEFES,AKBNK,AKCNS,AKENR,AKGRT,AKSA,AKSEN,ALARK,ALBRK,ALKIM,ANELE,ANHYT,ANSGR,ARCLK,ASELS,AYGAZ,BAGFS,BANVT,BIMAS,BIZIM,BRISA,BRSAN,CCOLA,CIMSA,CLEBI,DOAS,DOCO,DOHOL,ECILC,EKGYO,ENKAI,EREGL,FROTO,GARAN,GOZDE,GUBRF,HALKB,HURGZ,INDES,ISCTR,ISGYO,IZMDC,KCHOL,KORDS,KRDMD,MGROS,NTHOL,OTKAR,PETKM,PGSUS,SAHOL,SELEC,SISE,SKBNK,SNGYO,TAVHL,TCELL,THYAO,TKFEN,TKNSA,TMSN,TOASO,TRCAS,TRGYO,TSKB,TTKOM,TTRAK,TUPRS,ULKER,VAKBN,VESTL,YKBNK
2000-01-31,,,,,,,,,,,,,,,,,,,,,,,,,,,,,,,,,,,,,,,,,,,,,,,,,,,,,,,,,,,,,,,,,,,,,,,,,
2000-02-29,,,,,,,,,,,,,,,,,,,,,,,,,,,,,,,,,,,,,,,,,,,,,,,,,,,,,,,,,,,,,,,,,,,,,,,,,
2000-03-31,,,,,,,,,,,,,,,,,,,,,,,,,,,,,,,,,,,,,,,,,,,,,,,,,,,,,,,,,,,,,,,,,,,,,,,,,
2000-04-30,,,,,,,,,,,,,,,,,,,,,,,,,,,,,,,,,,,,,,,,,,,,,,,,,,,,,,,,,,,,,,,,,,,,,,,,,
2000-05-31,,,,,,,,,,,,,,,,,,,,,,,,,,,,,,,,,,,,,,,,,,,,,,,,,,,,,,,,,,,,,,,,,,,,,,,,,
2000-06-30,,,,,,,,,,,,,,,,,,,,,,,,,,,,,,,,,,,,,,,,,,,,,,,,,,,,,,,,,,,,,,,,,,,,,,,,,
2000-07-31,,,,,,,,,,,,,,,,,,,,,,,,,,,,,,,,,,,,,,,,,,,,,,,,,,,,,,,,,,,,,,,,,,,,,,,,,
2000-08-31,,,,,,,,,,,,,,,,,,,,,,,,,,,,,,,,,,,,,,,,,,,,,,,,,,,,,,,,,,,,,,,,,,,,,,,,,
2000-09-30,,,,,,,,,,,,,,,,,,,,,,,,,,,,,,,,,,,,,,,,,,,,,,,,,,,,,,,,,,,,,,,,,,,,,,,,,
2000-10-31,,,,,,,,,,,,,,,,,,,,,,,,,,,,,,,,,,,,,,,,,,,,,,,,,,,,,,,,,,,,,,,,,,,,,,,,,
2000-11-30,,,,,,,,,,,,,,,,,,,,,,,,,,,,,,,,,,,,,,,,,,,,,,,,,,,,,,,,,,,,,,,,,,,,,,,,,
2000-12-31,,,,,,,,,,,,,,,,,,,,,,,,,,,,,,,,,,,,,,,,,,,,,,,,,,,,,,,,,,,,,,,,,,,,,,,,,
2001-01-31,,,,,,,,,,,,,,,,,,,,,,,,,,,,,,,,,,,,,,,,,,,,,,,,,,,,,,,,,,,,,,,,,,,,,,,,,
2001-02-28,,,,,,,,,,,,,,,,,,,,,,,,,,,,,,,,,,,,,,,,,,,,,,,,,,,,,,,,,,,,,,,,,,,,,,,,,
2001-03-31,,,,,,,,,,,,,,,,,,,,,,,,,,,,,,,,,,,,,,,,,,,,,,,,,,,,,,,,,,,,,,,,,,,,,,,,,
2001-04-30,,,,,,,,,,,,,,,,,,,,,,,,,,,,,,,,,,,,,,,,,,,,,,,,,,,,,,,,,,,,,,,,,,,,,,,,,
2001-05-31,,,,,,,,,,,,,,,,,,,,,,,,,,,,,,,,,,,,,,,,,,,,,,,,,,,,,,,,,,,,,,,,,,,,,,,,,
2001-06-30,,,,,,,,,,,,,,,,,,,,,,,,,,,,,,,,,,,,,,,,,,,,,,,,,,,,,,,,,,,,,,,,,,,,,,,,,
2001-07-31,,,,,,,,,,,,,,,,,,,,,,,,,,,,,,,,,,,,,,,,,,,,,,,,,,,,,,,,,,,,,,,,,,,,,,,,,
2001-08-31,,,,,,,,,,,,,,,,,,,,,,,,,,,,,,,,,,,,,,,,,,,,,,,,,,,,,,,,,,,,,,,,,,,,,,,,,
2001-09-30,,,,,,,,,,,,,,,,,,,,,,,,,,,,,,,,,,,,,,,,,,,,,,,,,,,,,,,,,,,,,,,,,,,,,,,,,
2001-10-31,,,,,,,,,,,,,,,,,,,,,,,,,,,,,,,,,,,,,,,,,,,,,,,,,,,,,,,,,,,,,,,,,,,,,,,,,
2001-11-30,,,,,,,,,,,,,,,,,,,,,,,,,,,,,,,,,,,,,,,,,,,,,,,,,,,,,,,,,,,,,,,,,,,,,,,,,
2001-12-31,,,,,,,,,,,,,,,,,,,,,,,,,,,,,,,,,,,,,,,,,,,,,,,,,,,,,,,,,,,,,,,,,,,,,,,,,
2002-01-31,,,,,,,,,,,,,,,,,,,,,,,,,,,,,,,,,,,,,,,,,,,,,,,,,,,,,,,,,,,,,,,,,,,,,,,,,
2002-02-28,,,,,,,,,,,,,,,,,,,,,,,,,,,,,,,,,,,,,,,,,,,,,,,,,,,,,,,,,,,,,,,,,,,,,,,,,
2002-03-31,,,,,,,,,,,,,,,,,,,,,,,,,,,,,,,,,,,,,,,,,,,,,,,,,,,,,,,,,,,,,,,,,,,,,,,,,
2002-04-30,,,,,,,,,,,,,,,,,,,,,,,,,,,,,,,,,,,,,,,,,,,,,,,,,,,,,,,,,,,,,,,,,,,,,,,,,
2002-05-31,,,,,,,,,,,,,,,,,,,,,,,,,,,,,,,,,,,,,,,,,,,,,,,,,,,,,,,,,,,,,,,,,,,,,,,,,
2002-06-30,,,,,,,,,,,,,,,,,,,,,,,,,,,,,,,,,,,,,,,,,,,,,,,,,,,,,,,,,,,,,,,,,,,,,,,,,
2002-07-31,,,,,,,,,,,,,,,,,,,,,,,,,,,,,,,,,,,,,,,,,,,,,,,,,,,,,,,,,,,,,,,,,,,,,,,,,
2002-08-31,,,,,,,,,,,,,,,,,,,,,,,,,,,,,,,,,,,,,,,,,,,,,,,,,,,,,,,,,,,,,,,,,,,,,,,,,
2002-09-30,,,,,,,,,,,,,,,,,,,,,,,,,,,,,,,,,,,,,,,,,,,,,,,,,,,,,,,,,,,,,,,,,,,,,,,,,
2002-10-31,,,,,,,,,,,,,,,,,,,,,,,,,,,,,,,,,,,,,,,,,,,,,,,,,,,,,,,,,,,,,,,,,,,,,,,,,
2002-11-30,,,,,,,,,,,,,,,,,,,,,,,,,,,,,,,,,,,,,,,,,,,,,,,,,,,,,,,,,,,,,,,,,,,,,,,,,
2002-12-31,,,,,,,,,,,,,,,,,,,,,,,,,,,,,,,,,,,,,,,,,,,,,,,,,,,,,,,,,,,,,,,,,,,,,,,,,
2003-01-31,,,,,,,,,,,,,,,,,,,,,,,,,,,,,,,,,,,,,,,,,,,,,,,,,,,,,,,,,,,,,,,,,,,,,,,,,
2003-02-28,,,,,,,,,,,,,,,,,,,,,,,,,,,,,,,,,,,,,,,,,,,,,,,,,,,,,,,,,,,,,,,,,,,,,,,,,
2003-03-31,,,,,,,,,,,,,,,,,,,,,,,,,,,,,,,,,,,,,,,,,,,,,,,,,,,,,,,,,,,,,,,,,,,,,,,,,
2003-04-30,,,,,,,,,,,,,,,,,,,,,,,,,,,,,,,,,,,,,,,,,,,,,,,,,,,,,,,,,,,,,,,,,,,,,,,,,
2003-05-31,,,,,,,,,,,,,,,,,,,,,,,,,,,,,,,,,,,,,,,,,,,,,,,,,,,,,,,,,,,,,,,,,,,,,,,,,
2003-06-30,,,,,,,,,,,,,,,,,,,,,,,,,,,,,,,,,,,,,,,,,,,,,,,,,,,,,,,,,,,,,,,,,,,,,,,,,
2003-07-31,,,,,,,,,,,,,,,,,,,,,,,,,,,,,,,,,,,,,,,,,,,,,,,,,,,,,,,,,,,,,,,,,,,,,,,,,
2003-08-31,,,,,,,,,,,,,,,,,,,,,,,,,,,,,,,,,,,,,,,,,,,,,,,,,,,,,,,,,,,,,,,,,,,,,,,,,
2003-09-30,,,,,,,,,,,,,,,,,,,,,,,,,,,,,,,,,,,,,,,,,,,,,,,,,,,,,,,,,,,,,,,,,,,,,,,,,
2003-10-31,,,,,,,,,,,,,,,,,,,,,,,,,,,,,,,,,,,,,,,,,,,,,,,,,,,,,,,,,,,,,,,,,,,,,,,,,
2003-11-30,,,,,,,,,,,,,,,,,,,,,,,,,,,,,,,,,,,,,,,,,,,,,,,,,,,,,,,,,,,,,,,,,,,,,,,,,
2003-12-31,,,,,,,,,,,,,,,,,,,,,,,,,,,,,,,,,,,,,,,,,,,,,,,,,,,,,,,,,,,,,,,,,,,,,,,,,
2004-01-31,,,,,,,,,,,,,,,,,,,,,,,,,,,,,,,,,,,,,,,,,,,,,,,,,,,,,,,,,,,,,,,,,,,,,,,,,
2004-02-29,,,,,,,,,,,,,,,,,,,,,,,,,,,,,,,,,,,,,,,,,,,,,,,,,,,,,,,,,,,,,,,,,,,,,,,,,
2004-03-31,-0.15342836113469582,-0.8091816951730182,-2.2451555229173765,0.07437216649413317,-0.8291214633513624,-2.2451249780152485,-1.4745564377363294,,0.33128103096024974,,-0.3338606865382838,,0.21483558441528394,0.522118110633389,0.7531605121589049,-0.9456040667087788,-0.2802357065117201,0.026403112755214064,0.5679163228867792,,,0.09252440391069888,0.8223781091400407,0.909408120595562,0.05868502152644195,-1.3548733561403523,,,0.6482548297205999,0.8318839464662238,,-0.6697280857476111,1.663509894686087,1.4081502916434312,1.1329770988512446,,1.3345637595239102,,0.8025182638732079,,,0.18376755540752143,0.1743133530104514,-0.3087849743480944,-0.36388636345567293,1.1648127452843449,-0.18881276006762623,-0.34021353309801794,-0.1997561064330774,-1.0001583666296099,,0.06606178261198993,,1.1226139249501794,0.2726055157950836,,,-0.1691977694279505,-0.43173509745272837,,,,0.6556321282079601,0.21223391946848125,,0.3615705209100502,,,-2.2453305272586714,,,0.09067771098011593,0.3697303112866446
2004-04-30,-0.22350716905335744,-0.16595736115190338,-1.9048229277798474,-1.9048190967870882,-0.5413351486574102,-1.9047909253535873,-1.2553148698313084,,0.13095661539915412,,-1.1765008861909745,,0.016351363529593876,0.8499047291141311,0.6444722403713524,-0.6230923678498912,-0.229174147872592,0.11314910599665048,0.8698871968285706,,,0.1133664628085303,0.8848136848986203,0.9093219315939124,-1.9047760853765028,-1.0605813222140372,,,0.4085798454954296,1.2773038821106926,,-0.43550894592235245,1.0708578609688095,1.6709217943405335,1.051639353012877,,1.0419249495089429,,0.6129350244887908,,,0.035762828368334255,0.33041593846856376,-0.2437708042726942,-0.24469523771464471,1.8884063416620798,-0.1403977587747729,-0.31856675325077094,1.1168492311232132,-0.7524428944392375,,-0.18712799445862738,,1.1075767929483884,-0.12305940287179852,,,0.012444323926968537,-0.3613381563685238,,,,0.841093246640241,0.17427397048883686,,0.3609030897718079,,,-1.9047490098486306,,,-0.039682665767415144,0.28928643155891054
2004-05-31,0.13110996943525544,0.48856446122045893,-1.435654872908238,-1.4356439442335245,-0.050597212666350325,-1.4356225835811351,-0.7857725346387527,,0.23668052674326281,,-0.731932095486862,,0.2246816413884299,0.39786469023801624,0.6598790646881143,-0.08342250438557298,-1.4355996498222656,0.4000570553346832,1.3152107255345593,,,0.2409669783027355,-1.4356775595094458,1.0489384015932566,-1.4356116156449548,-0.6880044597115008,,,0.5856281013430655,1.5554414433240298,,-0.7320146994142481,1.0944713594852862,-1.4357199892677597,1.1219302994005627,,0.8350544929590124,,0.5418083072232661,,,0.3193730697284936,0.6748428491009433,-1.436639474454823,-0.0283875025496369,2.08710351663399,-1.4356652715691833,0.022603789870828284,0.9804905978404437,-0.4158231317743697,,-1.435627901078256,,1.2483315598216214,0.36662794255171816,,,0.8325919422036171,-0.001686298451422697,,,,0.6101339641850674,0.21383269041369546,,0.25664860705917103,,,-1.4355867097663766,,,0.21930015933016783,0.6092994566031122
2004-06-30,0.6206651803293266,-1.1143447180499924,-1.114374222957703,-1.1143624668648946,0.17403663322689927,-1.1143421297298277,-0.5072965041796587,,0.6148716611121279,,-0.3524416259076145,,0.8672888884933201,0.8359136799824824,1.1478992302870827,0.2419807254206466,-1.1143184763606677,0.6801861595978109,-1.1143753766077191,,,0.5416855065476741,-1.1144011811667687,0.9389499772214467,-1.1143301131514567,-0.42068812141615586,,,0.6917242004367339,-1.1143329581951589,,-0.35252383894932127,-1.1143093511233708,-1.1144395160429064,1.5442516067907228,,0.9489361904436726,,-1.1143851642345797,,,0.6854670073323528,1.025629961916443,-1.1163774917210918,0.288107502269523,2.4733389284322995,-1.1143859255042043,0.4070297495107523,1.178859885883615,0.044180584355260774,,-1.1143472965216685,,-1.1144160508625536,0.6562783588624718,,,-1.147062297720744,0.30713889066629074,,,,0.9436759574185787,0.5962022193332892,,0.6980555747226511,,,-1.1143045675350098,,,0.5758518329644757,1.2819694674392466
2004-07-31,0.5432256977641193,-1.072523544374166,-1.0725546073380863,-1.0725414130687543,0.13029473647761017,-1.0725259954619784,-0.5355256331867807,,0.5224017514582323,,-0.3760983130762118,,1.2188385069809133,0.8093451766412716,1.0793059175213164,0.1314712828578082,-1.0724974553244033,0.5480492677434159,-1.072546105238238,,,0.4203881784593484,-1.072569679875855,0.9709013704262818,-1.072506929209394,-0.49922195417947623,,,0.7739331025214271,-1.0725096846287776,,-0.37616360594585463,-1.0724886421302893,-1.072600787035754,1.2116043134191474,,0.8187308107383222,,-1.072559796799252,,,0.6822045906950142,0.9502219382546659,-1.0744691264727269,0.14743914610533557,3.034653216005034,-1.0725585631115133,0.4436308244661383,1.1301371337802182,-0.04076145819257902,,-1.0725223173017422,,-1.0725943571537697,0.9372356051802424,,,-1.1070377105489504,0.2322898509948053,,,,0.9312441102193467,0.4654862721585972,,0.7929855715423162,,,-1.072483019457486,,,0.4990655411723225,1.2536756765083905
2004-08-31,0.6916044385239362,-1.078944187344893,-1.0789761263368578,-1.0789721027363939,0.05901797442964486,-1.0789489537265802,-0.5169348709133833,,0.49950320574389273,,-0.4142215947477434,,1.2727674869624137,0.9082495697904822,0.9492190344909012,0.13203659337145324,-1.0789195295782266,0.5414242555641374,-1.078964888387655,,,0.4687768534829572,-1.0790103007164973,1.0610032574230248,-1.0789322431653758,-0.5608733469954679,,,0.885621721551206,-1.0789317888676018,,-0.4142843679525546,-1.0789114473031094,-1.078900497439541,1.2888707103720853,,0.9144961955924017,,-1.0789835266065224,,,0.755253990209147,1.1523559938098225,-1.080994367168635,0.2230705828335361,2.973860043051024,-1.0789842840268313,0.48563953503099944,1.0624185739450573,-0.03030373436276875,,-1.0789442473689042,,-1.0790213946907974,0.7908326409097463,,,-1.1107490819357921,0.19315012699722192,,,,0.9983901236944781,0.5114033948539942,,0.4847120762020855,,,-1.0789045108311823,,,0.6149292487476099,1.1047209792819923
2004-09-30,0.35266985612178225,-1.0028236198637415,-1.0028482761529764,-1.0028477575348076,-0.06231413270094437,-1.0028253299939995,-0.49318148791101707,,0.39162954133723865,,-0.4713899812691056,,1.5167372639836474,0.806306596444282,0.8336229479897812,-0.020989029067981967,-1.0028014001718397,0.3700352879798159,-1.0028383412537871,,,0.38658586381663496,-1.0028859278850766,1.2181123345071874,-1.0028156376901851,-0.5457413639513742,,,0.6217021157704898,-1.0028089590067286,,-0.47145810185303577,-1.0027936624840326,-1.0027844492618576,0.8651759063594148,,0.4879483797305456,,-1.002852299676392,,,1.1409294384102229,2.080289424832749,-1.0046158348848317,0.16578858710904645,3.5565567479727047,-1.0028543321121188,0.275444365147285,0.9143586510971136,-0.05714260658974378,,-1.0028225331225995,,-1.002881916954258,0.8337538880703967,,,-1.0359161142900484,0.241308293351976,,,,0.813006623859728,0.4249422585946881,,0.5547273538423212,,,-1.0027880315804998,,,0.4801686363748062,0.8591864510941168
2004-10-31,0.43271428094206466,-1.0238595443767136,-1.0238803532658216,-1.0238818511528498,-0.08360982906972125,-1.023859563060911,-0.4334755292875196,,0.399505165610082,,-0.49153835067160295,,1.4830091175235656,0.9949063519819761,0.6876111642692446,-0.006201842549085249,-1.0238352236334562,0.491999806149374,-1.0238714890643688,,,0.7943758358369614,-1.023923006947279,1.4029041885180664,-1.023853615825131,-0.4219837233392026,,,0.42943460313277027,-1.0238454511355466,,-0.49162035112508357,-1.0238288195994931,-1.0238188684993932,0.9438069626117593,,0.5768597277937797,,-1.023888520650873,,,1.0074216433902823,2.0661482881967697,-1.0256270744696019,0.194901193970921,3.3960885977816933,-1.0238945356139264,0.15506428613542794,0.9198155472130627,0.310322033278776,,-1.0238549136460198,,-1.0239272212394421,0.8061524290981198,,,-1.068538952565604,0.4459018201661126,,,,0.7435252617117474,0.42041801673420737,,0.46588532681038664,,,-1.023823510889532,,,0.38969803720041885,0.45609270747429076
2004-11-30,0.5278374443102278,-1.0365728155017415,-1.036595795366676,-1.0365969328144058,-0.11972434209941249,-1.0365702415488791,-0.4380690858765015,,0.3946582366241237,,-0.45897531312683915,,1.2260854799576921,1.2607583604198647,0.5563932208104329,0.4315184777922131,-1.03654499023982,0.45308090746100216,-1.0365788177966888,,,0.8437484093881152,-1.0366655953262842,1.1130747175719122,-1.0365631920157818,-0.408000529520277,,,0.42029679901699113,-1.0365562919754587,,-0.4590542193720758,-1.0365396402192408,-1.0365284793631742,0.8309373042393693,,0.6973622461100066,,-1.0365984193330289,,,1.0438324765976885,2.2024397548237404,-1.0382680876069037,0.2167975845417491,3.2989971997300067,-1.036614921894048,0.06428135420519784,0.7543019523133483,0.1739959586924724,,-1.0365623172689142,,-1.0366394547789728,1.1094296143153803,,,-1.0827716192286463,0.2476113162264481,,,,0.37034007127187335,0.6389820563437543,,0.45855856217249513,,,-1.0365343105797393,,,0.2872818107349354,0.846481426142891
2004-12-31,0.5216615528927924,-1.0287277024132988,-1.0287560507693465,-1.028742768750786,-0.05837292278780442,-1.0287198285279615,-0.3791314951480774,,0.4549170928751691,,-1.0286999437409763,,1.3468220784788185,1.269907273803339,0.577365552105076,0.17681851358064796,-1.028690852960407,0.3512058228203401,-1.0287197351935795,,,0.86020231152635,-1.0287981204943,1.3669371197631162,-1.0287109938583332,-0.3645239158059889,,,0.43177219222832647,-1.0287080449472157,,-0.4908619087517712,-1.0286842735034023,-1.0286737629763048,1.065554351573805,,0.5199833933245865,,-1.0287511027370382,,,0.7250865730515579,1.6107133539972418,-1.0305643143128522,0.27368210034897467,2.9602474022205287,-1.0287817150511347,0.49686762220591146,0.7084966371658206,0.21397667970557077,,-1.0287124469481679,,-1.0287903297760679,2.1847861017306967,,,-1.0760784108975932,0.21207759850025742,,,,0.263305241321776,0.7000885337274141,,0.5882706759916995,,,-1.028679702859903,,,0.2270149841502414,0.7303358812333893
2005-01-31,-0.08484204871260317,-0.30976133603014205,-0.3097686239398942,-0.30976692553322305,-0.16325378695725795,-0.30976188661501425,-0.3021162191428295,,-0.04951471386687423,,-0.3097570738275168,,0.06766281755011104,0.09128211698809985,-0.03478857577402509,-0.09306863298191148,-0.309755774937143,0.010161616522445155,-0.3097623798583277,,,0.047426860205942334,-0.3097750259059053,0.10913632582165679,-0.30976031785349856,-0.2525210242104363,,,-0.027882226112489708,-0.30975811355368676,,-0.1589832182151486,-0.3097546135775262,-0.3097524836509299,0.08599120941848191,,-0.008033190679724259,,-0.3097681158167662,,,-0.030654892394086343,0.08483213793499833,-0.31007576828408207,-0.10257812816409304,0.2550543510388928,-0.30976890851088607,-0.13114153580498422,-0.043577204118786336,-0.09580614383429192,,-0.30975980905875594,,-0.30977493050368404,0.3851297432854588,,,-0.318157323851914,6.803502297046643,,,,-0.07888085152114716,-0.03768394562894746,,0.07204923433858869,,,-0.3097525557931703,,,-0.09904468589675233,-6.689948064853013e-06
2005-02-28,-0.05026959156722324,-0.4057998795234183,-0.4058097393591845,-0.4058102700426962,-0.18052235469327538,-0.40580120749199966,-0.3975059421952344,,0.0315606088611665,,-0.4057923290676386,,0.16841113835280375,0.15853238304681627,0.011864175993472309,0.04282719772141827,-0.40579026170094923,0.018685432511337613,-0.4057994718134395,,,0.1479243276831546,-0.4058227984179118,0.21140377118272471,-0.40579912970743665,-0.30439218199646223,,,0.051350284137961055,-0.40579476065639525,,-0.16195382633740937,-0.40578857884710395,-0.405784957479114,0.2688032136271322,,0.031143011085614097,,-0.40580981529997096,,,0.03568323628275781,0.21971465998355605,-0.40631966458404667,-0.0833764325291732,0.43522338333007543,-0.40581103422719017,-0.06110608758024927,0.04343953320954623,-0.05063007669433031,,-0.4057965930095973,,-0.40582218526911096,0.7533841566672531,,,-0.4190763429566821,6.491609442453395,,,,-0.07004848240042885,0.01745734431911293,,0.3406168738073635,,,-0.4057850528882887,-0.1619547305810164,,-0.07593800093956485,0.09485337735517683
2005-03-31,-0.022722523975460554,-0.4936981976434451,-0.4819409867967833,-0.4937127224505952,-0.18472976549579997,-0.4829491576277126,-0.4845999313492643,,0.03796388738593971,,-0.4936878033168999,,0.31101855087836916,0.2787396494855454,0.07483674248109394,0.4310640556910483,-0.4936841696817021,0.09712521017165106,-0.4936972490456598,,,0.15243693063065644,-0.4937316978780112,0.37577648762350363,-0.49369629722957414,-0.31468326542453917,,,0.14585216375700233,-0.49369662216863364,,-0.12263246524710443,-0.49368215465577797,-0.49367687550045736,0.3693043488116078,,0.10669808532742762,,-0.4937103146427063,,,0.08436815255504118,0.27328989407955323,-0.4942458478699662,-0.051916765702830214,0.5201685162746486,-0.4937147654186796,-0.0406120886280039,0.1318606422024335,-0.13633161585573694,,-0.4936922631520435,,-0.49372310709614425,0.5708170932170026,,,-0.5133507335042243,6.070223111478331,,,,-0.04986800567169436,0.07555752562757084,,0.7051621515850799,,,-0.49367700830741185,-0.12263274556807313,,0.011105984131325075,0.21843520898456828
2005-04-30,0.012875312477631837,-0.532209460053736,-0.5180883443700366,-0.5203978321985885,-0.20883118630474845,-0.5196021643427605,-0.5231933348321244,,0.12902346509390133,,-0.526273733044965,,0.13230161713551153,0.2026271385482848,0.05615485599064307,0.31523621490302794,-0.5321886421926592,0.06536196510341602,-0.5322050642367782,,,0.10809269951084238,-0.5322411730551693,0.3435913410343988,-0.5163580977600873,-0.28473376366645287,,,0.15630910615531546,-0.5322030556006783,,-0.053489761915364406,-0.5321866590662343,-0.5321804253911052,0.528753617260433,,0.09300920450602247,,-0.53221705110285,,,0.09991919902176123,0.5331469787934281,-0.5328385721628321,-0.04432365823762763,0.5117633583655017,-0.5322314467536526,0.06360842081580878,0.0779629938285585,-0.13427277030505863,,-0.532198139661831,,-0.5322351219566883,0.7201001600959493,,,-0.5558404177677211,5.777640033884743,,,,-0.10940995896891438,0.18382172933124588,,0.9015222284605228,,,-0.5121649877518506,-0.053489495329652414,,0.04408161713213847,0.33263534273578377
2005-05-31,0.10816323551045165,-0.5620729675974286,-0.5489686421093684,-0.5481840070890952,-0.2041774248683606,-0.5484638629176857,-0.5540756658220096,,0.23211515846423872,,-0.5563911968541176,,0.23778830076766083,0.34114275138326855,0.15736413094870738,0.280069341131857,-0.5531750793150716,0.19308521534371123,-0.562071727618609,,,0.2655239354421917,-0.5498713948622697,0.44783597417440063,-0.5437684000647627,-0.2449908955724156,,,0.18441194586141652,-0.5620705301684594,,-0.060258634551408494,-0.5620479659780555,-0.5620413650264218,0.5035408779466282,,0.11833376703229992,,-0.5620813440468577,,,0.25187676501564243,0.32942845485490374,-0.5543378464382859,0.023642932626755833,0.5738909041608742,-0.5487759673101655,0.09176812100344889,0.07351213588877994,-0.1356847956638037,,-0.5522142341900703,,-0.5621040294864534,0.7172694419384511,,,-0.5883443778446077,5.688409295873347,,,,-0.10454008933896008,0.25259488731774327,,0.5087393843400716,,,-0.5431936104061931,-0.07366680086183873,,0.022542772829068664,0.32386025308189914
2005-06-30,0.10293162481854463,-0.550307825047608,-0.5528616522157248,-0.5500872005165539,-0.20411319969774466,-0.5518962793613156,-0.5564024126319554,,0.2586418625014937,,-0.558242251568385,,0.2793761348664495,0.11843328608896492,0.19023868023972829,0.3517395796702904,-0.5557826437892807,0.1464534094400488,-0.5573891619508654,,,0.2887322528771039,-0.5536491653107485,0.5864065810372971,-0.5460001000458731,-0.1873068348956204,-0.08648835436236312,,0.2009658188047784,-0.5463758231015523,,-0.07990545093395227,-0.5509120725164318,-0.5618516229466443,0.5436442279177374,,0.08863951243119338,,-0.5538269329422424,-0.08479813619538673,,0.26256747230445276,0.25279870531345205,-0.5581949692211398,0.16903908386375335,0.5546745548871798,-0.553044569733257,0.0781532261737272,0.111652958509103,-0.10441064051631668,,-0.5551766885086564,,-0.5533677867889223,0.8759294030425351,,,-0.5752280402142532,5.730008697932352,,,,-0.03462192788063601,0.15457391375300258,,0.43517423345689027,,-0.08302432325077444,-0.547425002081336,-0.08404726036165056,,-0.005179899165665761,0.26114300782277833
2005-07-31,0.16486430091032295,-0.5505799636954967,-0.5508807218512497,-0.5481041930311155,-0.2094438051170281,-0.5501323766856536,-0.5541343858803252,,0.2070494536620115,,-0.55443509710594,,0.23603433178968586,0.14091092345506312,0.13205670475699433,0.2924267468315647,-0.5536874373827921,0.17232980496045258,-0.5544668008747785,,,0.2237994013909072,-0.5506290720730773,0.6208727526207569,-0.5411270895182468,-0.17790888375389072,-0.12057189242665231,,0.2077125273192398,-0.544169487711019,,-0.11637648664663175,-0.5494983475733936,-0.5586427370686364,0.5257071524207529,,0.109943680745605,,-0.5520357859377042,-0.11859587153078335,,0.18430096831316334,0.15549577875286444,-0.5561037891743871,0.3479403675225178,0.5277770895699583,-0.5515951517713743,0.043862802280329447,0.1608746552708979,-0.1339747821887348,,-0.5524589110618168,,-0.5504251271668631,1.2020481014047475,,,-0.5747452043827211,5.592188876611247,,,,-0.05728531154956229,0.10826808839712589,,0.6475260302197845,,-0.11784923610201392,-0.5467140281443468,-0.11917075858064274,,-0.019388455538029224,0.27776762962485824
2005-08-31,0.3348458633320641,-0.584743345610014,-0.5855218364638152,-0.5848888595133764,-0.216433551871779,-0.5858075821039506,-0.5909560918912844,,0.17963006804258908,,-0.5895148839024413,,0.2068718844966471,0.12737149859282254,0.15473663690596906,0.3046429093687184,-0.5888654446167871,0.3502218081309919,-0.5889049060256568,,,0.2727816501546736,-0.5881002807354541,0.6615684250434344,-0.5772714733673727,-0.1512494285560102,-0.09300886446457074,,0.2529664378335589,-0.5805196731564433,,-0.08780256325072375,-0.5844930784983252,-0.5901031652788622,0.634600434721694,,0.15220318202246685,,-0.5878321802213049,-0.09140941454423024,,0.21335605539896402,0.199230734922744,-0.5917141195062127,0.4089100389741658,0.44172027919864665,-0.5863628573125432,0.06543086133774774,0.22240095184956593,-0.11752425460766247,,-0.5880628809444948,,-0.586301149531834,1.0293659909983737,,,-0.6130282185226189,5.322786649169695,,,,-0.04071333880401117,0.1544150489449584,,0.7456967531240366,,-0.09046728624248335,-0.5814816362861996,-0.09262437766677198,,-0.012682046919443392,0.33198842189496897
2005-09-30,0.2860737039910127,-0.6024816015216781,-0.6021555661571016,-0.6004162564243507,-0.24558823324696988,-0.6007969975847506,-0.6180027142874803,,0.1883216034423542,,-0.60659185861006,,0.23229220989063198,0.17383759033308577,0.11452935326567724,0.40015419211604275,-0.6072494475490916,0.40320739216305646,-0.608205718321966,,,0.27213439216609225,-0.6072068331307886,0.6158437557167735,-0.5928545430086738,0.10820744219172848,-0.10412591872358788,,0.2110545795757518,-0.5979210970183806,,-0.10027038519575494,-0.6000946392603315,-0.6088488784282435,0.6518434257077541,,0.14274594975821092,,-0.6039584803417544,-0.10287264320681234,,0.3921866579991168,0.19111562951624228,-0.6107918197410647,0.42233184914825794,0.3540393529377098,-0.6044801958571678,0.051982400218584704,0.23420282773903006,-0.057271190312424294,,-0.6051915080207002,,-0.6048444725169495,0.8736454190459704,,,-0.6386729834844409,5.096251133578614,,,,0.049952010518930445,0.2218802250509997,,1.0138435603796652,,-0.10117851683129744,-0.5966380812594206,-0.10258061368396727,,-0.043138768418255896,0.3026866337885397
2005-10-31,0.49905056983396034,-0.6265756825446304,-0.6256659345647171,-0.6259857113710823,-0.2414463549506956,-0.6238943567920603,-0.1330654940502325,,0.2127804939029483,,-0.6315746848415714,,0.21379155493653204,0.1387900549670359,0.14270993138667537,0.2746652951369557,-0.6284535614741864,0.436021801111769,-0.6340365557410216,,,0.22827814257383608,-0.6315306111910768,0.9856229024876639,-0.6211632108691898,0.34205719948877417,-0.09458771715641662,,0.1438633359902015,-0.6206404248337477,,-0.09292134092683815,-0.6270027559397776,-0.6325469250391377,0.6576000383916913,,0.12333820980169379,,-0.6281553592119152,-0.09392327772875808,,0.3064601926278666,0.28066295338772257,-0.6363097735925374,0.4242017997529076,0.27027656541322587,-0.6281062156311118,0.0852093818756637,0.1909311506628862,-0.06170239979178368,,-0.629777699711231,,-0.6307208486890192,0.6415880295258651,,,-0.6630960601580088,4.98346124917261,,,,0.050266216093811225,0.13486013631165533,,0.9538391100994599,,-0.09362714928965298,-0.6216402358690476,-0.09627733889397,,-0.05158438855738347,0.2288454281377012
2005-11-30,0.37389812856194155,-0.6236552978170554,-0.6206953783011365,-0.6221072569999868,-0.22646003992558017,-0.6199035217537764,-0.14523598566846485,,0.17960253820833913,,-0.6256020555938051,,0.48277212575221956,0.14227677279832718,0.09979008528065002,0.27267162339935014,-0.622230944620588,0.3815756693686817,-0.627759856521215,,,0.25840734211149524,-0.6281877898923887,0.7655074298972279,-0.6182700417084301,0.3013956673018783,-0.14427637921399508,,0.20289530129569766,-0.6166908011142727,,-0.14768752135572388,-0.6228116774051413,-0.6256995876928184,0.6193387412441469,,0.09936699620758147,,-0.6214499259487101,-0.14796928215315097,,0.3084629921796266,0.17724882546164633,-0.6290782700639642,0.3534491271247093,0.20741813605378132,-0.6246184824103631,0.05883454229593518,0.291040348303062,-0.029007138107436867,,-0.62174402311743,,-0.6250922718443266,0.7729226871043144,,,-0.6604828149897892,5.019043994563679,,,,0.08307487626708165,0.5074816540210285,,1.065328001848842,,-0.14604852239031327,-0.6216605894204218,-0.14890523079689652,,-0.0920827472818229,0.23475704217879828
2005-12-31,0.4970652877500856,-0.6312940868949543,-0.6299735994708028,-0.6284037395843374,-0.22687826472620148,-0.6271074808870885,-0.1652571011234343,,0.1986417148936453,,-0.6300254075576224,,0.8273103773597048,0.2612278512008106,0.10999670788121707,0.5087429662081517,-0.6272405887596828,0.4017475473817034,-0.6338098530171631,,,0.2174895554276487,-0.6340744794654299,0.6906783865408777,-0.6257119212125439,0.31449683066071843,-0.169037842374544,,0.20572206538590562,-0.6286302892489587,,-0.17158400203625157,-0.6297651103678101,-0.6325173024603801,0.6017014235388127,,0.13492979323509216,,-0.6297921413928029,-0.1699856833462067,,0.308917954695194,0.12042780087089215,-0.6367259461255296,0.3633470223937828,0.2940051673727204,-0.633296682045325,0.016959770844179753,0.35998755068257166,-0.045536569999929756,,-0.6310040869965694,,-0.6324907079657996,0.6268832520959838,,,-0.6668959496202747,4.797891071164208,,,,0.03504495629922186,0.5027970540858081,,0.9493256765487307,,-0.16961940065535497,-0.6268264668312185,-0.17269608433900374,,-0.10386879705232266,0.2673876538825373
2006-01-31,1.613063459049373,-0.47442970440204535,-0.4261676468022309,-0.18878122740123598,-0.8907673840245848,0.007045535916244017,-0.8359579196036055,,-0.14889118797670617,,-0.7117458961330787,,1.7295500513425361,0.13295782946277657,0.13422955111233428,1.57588041438802,-0.4820472377906224,0.2630765351175814,-1.1198411076696666,,,-0.28525550260386223,-1.0165170118389177,0.5456745177179962,-0.031674960096256255,2.248334471503829,0.2923188189741186,,0.19818492008125807,0.027056440821716876,,-0.3571644140221172,-0.5331860785131431,-0.8669711569190455,1.0445962502711739,,-0.36956393275681704,,-0.5398767930880571,0.04379533725976223,,0.39614816334482744,-0.4364563396196204,-1.0919032969653135,1.4147993077810792,-0.438939954672144,-0.7014453865286566,-0.5087934124208259,0.4336957029885373,-0.6282037510257452,,-0.3474756626392312,,-0.8088675486074698,0.8482679405934924,,,-0.9325304267846993,0.5908333649731776,,,,0.2597371259396526,0.6804005481871457,,2.0947709788932385,,0.033150343935508336,-0.2659017096714372,-0.4214893815078099,,-0.6011459357928733,0.1371604797531364
2006-02-28,1.3417142615897069,-0.5570785426936293,-0.19611691959436195,-0.2640360530965302,-0.9496042687309487,-0.00028576960433046583,-0.917021916250951,,-0.1491485138466948,,-0.5689510232192944,,1.470831039868104,0.1014375752026972,0.08868178129375077,0.9124286598281032,-0.4385934911373989,0.5144108813299149,-0.7886327397151771,,,-0.34254092169154104,-1.0211647581930217,0.9593706290668215,-0.3481028325110785,2.5217405116619642,0.5969041107221771,,0.7029474707778769,-0.12724048738065968,,-0.509760231779438,-0.7369390765751391,-0.9202598157108601,0.609652395592417,,-0.14229940387235535,,-0.5738955437377496,0.07228474919819103,,0.4068902785788235,-0.6184614437264653,-1.1098034483635453,1.5352613720485049,-0.3209201136921984,-0.5160102835675332,-0.7294556849474739,1.2508787257029645,-0.836068854507483,,-0.3211702788043521,,-0.7182066216858615,0.5906876723564319,,,-0.9166815369107325,0.4594416319966813,,,,0.34224690638052274,1.0408788643890303,,1.5334121582221627,,0.4116508776744049,-0.578520076965453,-0.4396604432102389,,-0.5699505760823829,0.08428489922618243
2006-03-31,1.1379196974080785,-0.5919913736530278,-0.24188157572590352,-0.47829219019238073,-0.9707334043824715,0.446415570922996,-0.9379149097280514,,-0.2165343016616449,,-0.5581500872188558,,0.9924603515496058,-0.17824385115452568,0.001031943409049857,0.5519505624842916,-0.5396488070627699,0.14055837382244246,-0.8556546315657434,,,-0.1318056095852296,-1.152840518827595,0.8555702091428894,-0.33023994660555156,1.9406443931691455,0.6142736134764932,,0.4511935497552022,-0.7278818930317048,,-0.4259825907065917,-0.8610981858688305,-0.9870219826994179,0.4059850290769087,,-0.14273406621128706,,-0.5849868583729628,0.3536822425039122,,0.3657067253140617,-0.3121216540060932,-0.9253269632224708,1.1022007680524761,0.15037300202910248,-0.5248532035587312,1.9756063346733002,1.0166438313699526,-0.7438680721497658,,-0.2560237900465457,,-0.5683694642290406,0.9801007524397765,,,-1.108082658010672,0.131818846130482,,,,0.5150322545804351,2.1329468886998577,,0.7361162476975204,,0.5462246761830342,-0.8448787988407835,-0.31254144942083045,,-0.7241609924282776,-0.06397572100413007
2006-04-30,1.0106250925248355,-0.830630592849958,-0.6316126383793758,-0.10209318744595042,-1.0276010509694813,0.2106451549782966,-0.9272600077853405,,-0.27231487732527504,,-0.4636730509390434,,2.1893200162150306,0.22620239680358192,0.05589287412526778,0.5470622960948117,-0.5258716988274614,0.2225365579185851,-0.9963127453475713,,,-0.17546172903854984,-1.1379764969615713,1.3037788850569079,-0.14350712148839162,1.554729400098969,1.029259293616179,,0.4703163138778118,-0.7793916959084941,,-0.5620689222965617,-0.9343875821010408,-0.9336299053053309,0.41782579894235305,,-0.19749762821232814,,-0.6306628505630919,0.354190319542947,,0.39190151629690523,0.11417739163343732,-0.9053446298898902,0.7656121806142013,0.006225866296250326,-0.6910789921546092,1.0497235214211216,1.1809832948334624,-0.7639287562492556,,-0.36120087926544364,,-0.6547492532789052,1.3248768271897833,,,-1.1833951232778563,0.1212180563796792,,,,0.7048321503144319,1.5813922601750108,,0.6289530644199777,,0.6083671238371358,-0.74540659191907,-0.2714008862429688,,-0.8811884298342022,0.006781621485967448
2006-05-31,1.2117492130818217,-0.6484938138392682,-0.5659173604939228,-0.3011404525028268,-0.9619487574854506,-0.07710437461526437,-0.6123000909703646,,-0.22300020461729336,,-0.26676965615753045,,1.4916403190567822,-0.6510621225237884,0.0996054979807911,0.3776329013891313,-0.5630780823932616,-0.13454171262941256,-0.9976996379002672,,,-0.31075979168678614,-0.8668215737953855,-0.14509390489191937,-0.4724723211605606,2.57268829617434,0.36487250571495816,,0.4084510994538522,-1.0296175968637933,,-0.7474250247808817,-0.8679256800372748,-0.48263909755427525,0.5987610413451947,,0.26871265543774353,,-0.5178503898963198,0.14299019321350362,,0.007513193402947815,0.8725261379822535,-0.9688096733474802,0.35238498763352344,-0.12752493894643607,-0.8649512162745584,1.5747221216795066,1.397675702393682,-0.6375544331746942,,-0.5735878988385357,,-0.7430329227070204,1.7530674270235287,,,-1.0865277388530004,0.004386338022237979,,,,1.0314922978675671,1.5744439113663584,,0.9434561127326602,,1.1263521848643283,-0.51765307111361,-0.45096588182522795,,-0.7465808863086123,0.04579098555818678
2006-06-30,0.9772833580718332,-0.5658053230839465,-0.41703649606217785,-0.7175492391537225,-0.9909711078228611,-0.22333346853632274,-0.6278380178065232,,-0.23996327971545223,,-0.4502591757620307,,1.3548368627285894,-0.3869235920850704,0.21379466989807702,0.10193282048963964,-0.7546296106295125,-0.10584589248012552,-0.9729595631796263,,,-0.4035696946460906,-0.8468412062380617,-0.4717967998155551,-0.8785879743305565,2.4591915703995797,0.4865780557651833,,1.0868229555563822,-1.1065106736905945,,-0.4191911563884128,-0.5318629307139626,-0.5582470524254586,0.39661796747859723,,0.30189486758279893,,-0.8973516382385855,-0.1478017690634694,,0.12298795885236621,1.3259407181360527,-0.9997446154743689,0.19222026673256737,0.06702677279056712,-0.7470364430366452,1.4298608411422369,1.3333171685726946,-0.5313683544969856,,-0.6216811248445112,,-0.8052524900412209,0.7971731038577935,,,-0.5955165191264367,0.05617776012283149,,,,1.190893697099255,2.29753468952362,,0.7407952667638994,,1.1334749438775595,-0.3904792201287156,-0.438575820699591,,-0.7265276854942685,0.3159264642612786
2006-07-31,1.130860400991925,-0.44593803266538573,-0.5894534640844922,-0.5030098822068273,-0.9099749223503022,0.024197708393931205,-0.6919276027700791,,-0.2189777945330844,,-0.6641511767443244,,1.4651483820078712,-0.34594014117386906,0.23742622900060278,0.48243094941452747,-0.7578376574136314,-0.10613307089822885,-1.0644700556086029,0.5448056992915583,,-0.19060356759554356,-0.9524562434831065,-0.6039040704941564,-0.811184289859993,2.036196577540717,0.4909197856523974,,1.1545232326448402,-1.0678119512193924,,-0.07472576263511677,-0.6392493198102617,-0.6715206823414248,0.515294011500599,,0.07910435770398494,,-0.8233363198023165,-0.2765374834582834,,0.4169372950367625,1.0371022631939255,-0.911714389723383,-0.1774503287490997,-0.022075518978539155,-0.6974797939375516,1.0808407896503351,1.7061892781211268,-0.37616668548934995,,-0.5534817701476098,,-0.8724989370282572,0.266277130750856,,,-0.7672474731572422,-0.12955640209555608,,,,1.3146050681992443,2.2025949776359104,,0.5211798640249368,,1.0806266468856989,-0.25429437044500314,-0.3283345674138048,,-0.6071852204371976,0.19297679075625704
2006-08-31,1.4893043632208292,-0.632019418588453,-0.6002332839628789,-0.5173730960900753,-0.9506753926243376,-0.1430577740641754,-0.2171555060700187,,-0.22754396142929434,,-0.5928407789802149,,1.8269209150494339,-0.1980137475559658,0.22842667471180422,0.28838430662904607,-0.8784085077316928,-0.4073941939689585,-1.1522030549110656,0.5086377130309322,,-0.11838858931595603,-0.8366578997602176,-0.5901864356071431,-0.8078322603151105,2.3399732547895415,0.5002312216014404,,1.011593818169695,-0.994341245484584,,-0.22008276549035344,-0.9180044015899969,-0.6909747176425765,0.3254312408808554,,0.3546032076557191,,-0.8841619117763296,-0.05281867314104481,,0.334145292451934,0.9289542421846404,-1.0052510832761197,-0.060264159426300146,0.04373091124315154,-0.6665180389505468,1.011004007899233,1.7177867018135768,-0.46989162268779394,,-0.40234393631382503,,-0.952094341898571,0.08844586787931807,,,-0.7761940368834278,-0.19672346311851802,,,,1.1745214206713275,2.0038128435006994,,0.6775009475402036,,1.1113908244142459,-0.5185301482994518,-0.31773696135341506,,-0.5865278932071426,0.5084131628592332
2006-09-30,1.5373010065361559,-0.7502363962729723,-0.7369584090912009,-0.7453888726506388,-0.6231981764591787,-0.29596541048863234,-0.18117685013182794,,-0.1552596518053996,,-0.801897506323626,,2.153107401082638,-0.3020946467249401,0.3427879713261542,0.11129124477606883,-0.8834026794186365,-0.5017642516343898,-1.0054861678626477,0.6277929865102342,,-0.029605858405735208,-0.8189543882869437,-0.5005724350338437,-0.926388108653755,1.9523849597290712,0.9461783101253068,,1.0630701539932796,-0.6558426395466871,,-0.22729521531513186,-1.1046393683593894,-0.5866430630739976,0.48350276030122585,,0.20737081270530877,,-0.8530431594614145,0.0009681543964171271,,0.12294482771841078,1.117501913180893,-1.0930310229450062,-0.2020439793428315,0.08263236399650656,-0.4553272394426379,0.8825675445755059,1.843466928961086,-0.6112474645863323,,-0.6321162322915432,,-0.6965937977000924,0.28485676363217116,,,-0.5854037823423879,0.14582355380979584,,,,1.0289130524747347,1.4581721515552175,,0.5745195026515322,,1.3801203295278863,-0.8009698343769078,-0.4007326573509254,,-0.6761233107341319,0.37012887539368766
2006-10-31,1.0007795081571373,-0.7409376075672414,-0.7125586956057189,-0.6302182426717641,-0.7509173928402454,-0.24960711743407576,0.1295489380934307,,-0.33651263183064756,,-0.9056571713370531,,2.075879672343762,-0.2635777304595231,0.06264936501104082,0.23604581639666045,-1.0697862386908046,-0.6325813416785366,-0.9166185599209763,0.8480394052057706,,0.1894350107727611,-0.7177772819855649,-0.6268904666479268,-0.8157621404496891,1.2251073806053498,0.25805242955817753,,1.157321766267433,-0.7667800604718104,,-0.2778028522393835,-0.7919472728650429,-0.6979544844150085,0.6093407415246391,,0.15745547257423126,,-0.8854619804359242,-0.20871610568992996,,0.23394966679892598,1.2507844707331506,-0.871369750352772,-0.19876750658802217,0.11284739392734924,-0.5487630797327764,0.8213976538109551,1.9737735875199176,-0.6267454028055718,,-0.4096514488118417,,-0.45600900022241897,0.5272089586061068,,,-0.655593882388722,0.10791202181368281,,,,1.306551912644002,1.998788409116346,,0.6887731918440242,,1.313543834767974,-0.8659086564408678,-0.4441586620101364,,-0.6942803374483377,0.42792064370519783
2006-11-30,1.1633734456669447,-0.4827130563427129,-0.7971149014877598,-0.6741630083782558,-0.720422679511539,-0.41584529975785034,0.18002421376335892,,-0.4001746337745924,,-0.8404948091058297,,1.5231552329685387,-0.3841836605141772,-0.11178878968680765,0.26655604120998877,-1.125640088280901,-0.5636131733968535,-0.8270711898805072,1.4145514110942186,,0.04951515948352153,-0.5209660372176571,-0.4388040387880641,-0.7864583486467092,1.063423806679372,-0.03284942647309552,,0.6028381935324881,-0.7077791981631538,,0.15469013991979808,-0.7330849826236442,-0.5587400675740377,0.44769157782284524,,0.3692721999142499,,-1.0186723635241883,-0.1260635704084599,,0.22075357618282138,2.058494064161673,-1.0759211874175287,-0.048960639792905714,0.15785783799829944,-0.5652081544619434,0.8685278727785115,2.5194685171824025,-0.6410808440596502,,-0.6978429368257241,,-0.5188903089971493,0.34828307148322313,,,-0.8474583831654408,-0.013856214876648787,,,,1.4768268633400696,1.676556721585202,,0.3298185937526471,,1.049030452622998,-0.6421511588570983,-0.3619994300477379,-0.05899950971900296,-0.5673461373993627,0.31036283286938016
2006-12-31,0.7438064206511835,-0.4527076783884524,-0.6993000886754168,-0.5709238027784513,-0.5917844346293206,-0.5657181984422466,0.2909729218412095,,-0.4249101555240873,,-0.9386444575734725,,0.9111446093205933,-0.4863352897716988,-0.039280216608749,-0.0417319519763914,-1.1290407504225843,-0.5069861936972697,-0.8552721315974282,1.711262178744769,,0.32025151488363357,-0.5178679343091052,-0.0439252488921667,-0.7141508535419977,0.8070037635842928,-0.1939511898575152,,0.23732290412511697,-0.37018825593762805,,0.368131380761509,-0.6249390306925545,-0.5718916406700233,0.34612349706661777,,0.3099363735005723,,-1.0456346216081258,-0.2685385175381106,,0.3033435092406575,2.7055517740379464,-0.85764034421172,-0.012289658091508837,0.10098622705903096,-0.1743713553439874,0.9776745223658235,1.935359586759986,-0.5971925017673608,,-0.5511473146414456,,-0.6022412893929232,0.1842613434352569,,,-0.6829617118758496,0.05694338252385006,,,,1.5230675310894468,1.5762521150308904,,0.19228979324454754,,0.7760873744442706,-0.6217082661416116,-0.30056399815951523,-0.06970587341864469,-0.5276750770382586,0.19847783244698558
2007-01-31,0.22650387375237463,-0.5039567568333534,-0.6379566291722979,-0.5585779776634372,-0.5652909748342366,-0.6587885626473098,0.4218399205492367,,-0.4159781602579185,,-0.5678922822633251,,0.505788663355788,-0.60892710452088,-0.1506494322412736,0.16243187345742383,-0.9822525766830672,-0.57446956681988,-0.7331222747330131,1.5731062400264606,,0.3272035652028613,-0.6196585308577983,-0.07417805768388014,-0.8011439568092189,0.9388183521306039,-0.16299730927087175,,0.1609761830511032,-0.5345760946422126,,0.6552390526663268,-0.3299794937651671,-0.3055127401220932,0.3916323656575107,,0.5302658340887214,,-0.9059737046576011,-0.5515888500761842,,0.19129152119014733,2.5917202984427172,-0.8747204685494325,-0.3454218863942228,0.7180479100575508,-0.22833910715645078,1.2456349999158267,1.5109109539432137,-0.5352381563180009,,-0.782597565191183,,-0.5191350285938853,-0.05503666484664732,,,-0.5884327453784925,0.49569625644763543,,,,1.1037773405016431,1.8415523136540108,,0.30018829247367773,,0.5828802657082056,-0.620587344267395,-0.244937494891053,-0.12486929499291438,-0.6036527614599432,0.24103979190076452
2007-02-28,0.006703778776782743,-0.47589049205017125,-0.6913764992868183,-0.6936245736287213,-0.492365765951979,-0.7015698349556958,0.39308354832789955,,-0.4838150257863672,,-0.7886862394450346,,0.804666776312674,-0.5395850821479306,0.05395637944135212,0.17233777935678102,-1.099324998282662,-0.47755733091439423,-1.110643574596689,1.6344196693951287,,0.43097898084561315,-0.7261976414003943,-0.24042633585726947,-0.6187680845268397,1.0335688376016257,-0.28325191532638666,,-0.17334327993471504,-0.3322788472207683,,0.8148579465441139,0.08857749270881143,-0.398250943186502,0.49062330762376755,,0.3438327270436821,,-0.9650631680365456,-0.5403715270892109,,0.16078717785850813,2.225803985770473,-0.8675293084626288,-0.3048997306637613,0.8636045719169976,-0.4488399394776982,1.424246425763927,0.7998434394652334,-0.04637415301582194,,-0.7776408931828449,,-0.6520647140781248,0.5385420160809156,,,-0.7480155557942435,0.58024070894012,,,,1.0639062399963308,1.5074768751231864,,0.16186312505709793,,0.37142689053477057,-0.18163440883577442,-0.03282669221189109,-0.13069205788027916,-0.6341126725604445,0.5548749398780738
2007-03-31,0.0518015260077061,-0.5266072054783784,-0.588044500586994,-0.6196209163505725,-0.334277888776215,-0.5319599922038999,0.895144370986985,,-0.5270671741453251,,-0.7108800345775139,,1.482302445714806,-0.30015608616493616,-0.034046040603755934,-0.1945264757560098,-1.0765942558001864,-0.21771569455571507,-1.0120289278810906,1.5165412015506257,,0.2351876352560839,-0.8234437095441655,-0.2158829994696057,-0.5689456114850262,0.8810922913637517,-0.42855601297224855,,-0.1847809659378256,-0.06627588917857052,,0.931431601800445,0.48764594586834387,-0.43117122653239126,1.0815976710197113,,0.24589944780260398,,-0.9268118167554518,-0.6780333051207451,,0.2750637733185323,1.8620912687531117,-0.8216300377971852,-0.3038012182988876,0.6880020748449758,-0.5421817099451641,-0.12956796801902398,1.420394255211983,0.3156970311957435,,-0.8187940097606706,,-0.7733038587194814,0.32121871134923174,,,-0.7385909615846702,0.4404101650911555,,,,0.9547842531057231,1.1776515757993449,,0.1707740956870794,,0.07406073720314278,0.01729758316542318,-0.10507205531479186,-0.07264448912170268,-0.7159207208413655,0.3973355210014366
2007-04-30,0.2111287546165218,-0.45150398616433746,-0.36150577215423196,-0.7759604835415731,0.13105727480289037,-0.5520571572067606,0.7662542451028636,,-0.621922068048427,,-0.9080088983591685,,0.6518194510594764,-0.48923428818678777,0.1308568619097556,-0.2807405507293104,-0.8883873108583328,0.012961453223015229,-0.9816973515084488,1.1228645683072187,,0.10477962984102339,-0.8073638139493025,-0.5667554562583501,-0.8627723696286158,0.5502936903962722,-0.6444363287116437,,0.05209726385525171,-0.2621636601784466,,1.022627451473718,0.9918697198851357,-0.5529253663166109,1.1298536094395097,,0.36945438559379795,,-0.98359650029494,-0.8222532235502235,,0.1473893582446715,1.116739917282458,-0.7309388517046024,-0.39933569368621935,0.9897958087295348,-0.7786355732850152,0.17813895786784317,1.5718347592133282,0.6311871727156366,,-0.6314119922106806,-0.19861228857912683,-0.7955049666281542,0.4726124789504461,,,-0.44224083115378665,0.8962515281662498,,,,1.552135253207667,1.1670852922394674,,0.1472387380278552,,0.04256040489547745,-0.46610101955304695,0.28306943846319843,-0.02517375298302342,-0.6020116255067551,0.37267330036127977
2007-05-31,0.025264908394502295,-0.44102961966654763,-0.6268640150869587,-0.8357746291117715,0.45018959490364574,-0.4451388658599119,0.35458480126412606,,-0.7910760037714842,,-0.7452865793719272,,0.5708696874043866,0.03223073273632515,0.19602393081953945,-0.01542277788518448,-0.7365072768415591,0.18971461292518033,-0.7801334982604485,0.542731709651636,,0.07787139787669045,-1.00512002024846,-0.10492913232136561,-0.8558067174072044,-0.1931814086193313,-0.5106973208978368,,0.15212592135365746,0.04719075099640557,,0.7598522460882464,0.8045256605575537,-0.8318466905711364,1.0708646766024394,,1.6417637734729351,,-1.0778482728571004,-0.6911414573557311,,0.1444717045617402,0.5774079422684002,-0.7185395791228872,-0.30111465564397333,1.3869590229216076,-0.3457506536204885,-0.0647128651314362,2.4354971707026314,0.9256063039246685,,-0.6032010962070085,-0.4953871770478862,-0.7187074528191713,0.7345343164024519,,,-0.40955194266877837,0.7759508828770365,,,,1.2270144076048162,1.300585361378032,,-0.6184211053428148,,-0.26151306656784185,-0.5956575189850437,0.14408471315803908,-0.19417164324836372,-0.7603574806933083,0.1630023061752648
2007-06-30,0.23508075752789495,-0.7274794016656609,-0.856154317443284,-0.5473888816526669,1.3311157008780499,-0.2628402194381243,0.47915762153013486,,-0.7923081924292272,,-0.6391613343658216,,0.4708223564770988,-0.7719395799109812,0.023053394752957368,-0.0955869646652317,-0.4111569210791368,0.3705928891154753,-0.695449966127405,0.7011951610870382,,0.05820746374455969,-1.0389510568611016,0.16803454967393422,-0.41143342125494853,-0.09763882917694783,-0.3689431728227816,,-0.41186878021198625,0.11747261452211943,,0.24633280392514467,-0.04691976585728841,-0.7479465519608306,1.2341036554392724,,2.242537414846859,,-0.999020633402701,-0.25627592795423526,,-0.7191718695086056,0.25790720792612726,-1.055101686471828,-0.37278951303313146,1.0120700574723727,-0.12161421566580638,0.0011379210277224217,2.4403138487281124,0.7995700932123131,,-0.48338325497931045,-0.043439502629812485,-0.7793662968812124,1.0783643976503496,,,-1.0155237018145735,0.9784583310627635,,,,0.9112163058598706,1.3370216823608245,,-0.559722846631799,,0.19967830498001804,-0.8459630787892813,0.5004207610255443,-0.3306562333314771,-0.8709445994762545,-0.008035289227233622
2007-07-31,-0.004262754237568611,-0.8608946016927903,-0.5144038359379274,-0.6811189372197465,1.4579011279543503,-0.3046499891491868,0.3108482049280278,,-0.7852419751904374,,-0.5897475760341901,,0.5729190863103788,-0.6630202245636416,-0.16736957978330655,-0.2275632198386518,-0.40497827516158064,0.551066881945198,-0.42310464007419885,0.4728372605193955,,-0.24871957994274702,-0.9086409877662872,0.4793916559705187,-0.7098823074829901,0.11843518544358372,-0.37314609795558656,,-0.4580180024057158,-0.48032339338918667,,0.11274077643338509,0.21061545479362276,-0.7171939243273991,1.484132199265419,,2.1109356540238386,,-1.0566523064981745,-0.401453752980094,,-0.8234564081077002,0.2994802356472599,-1.0496232172524596,-0.03510455141476401,1.6438788868759102,-0.347883554836678,0.23201730005358953,1.657954464284793,0.814610374092978,,-0.19025949314701723,-0.5596827175693054,-0.8791426005488088,1.744635949679164,,,-0.8985659504383778,0.9354834871433528,,,,0.6118533549119556,2.045521291760838,,-0.5894533705655691,,0.018178204305348375,-0.9433891870867076,-0.02795570028725433,-0.15715481904775921,-0.9877511764023924,0.5861566508894881
2007-08-31,0.05640724142400283,-0.7996516016838775,-0.6787802818973137,-0.6174868178879511,1.7387493550572515,-0.2914295993500982,-0.34823528505223655,,-0.6468795421680864,,-0.6385565396227599,,0.45701306020842414,-0.5908996637637772,-0.317043367036342,-0.17613792603371944,-0.6151594885244636,0.6066786882061568,0.0340140313462336,0.49611447162683414,,-0.18698155765800595,-0.7893162161666625,0.43504819748140877,-0.796705394992339,-0.014302557676074523,-0.2265574785541023,,-0.42617951729230963,-0.6312363513578736,,-0.1568344447068401,0.5843357811485405,-0.6706413721582086,1.3480807068448488,,1.8897080331652911,,-1.0260262341770414,-0.4270268689843458,,-0.7034450421416208,0.03206634348399767,-0.9264290956086261,-0.0838165960816862,1.6414900603786347,-0.4478523665802987,0.051620626933375935,1.1112155891563336,0.8457680342836043,,-0.438742499410348,-0.2697855737934286,-0.7345816943829461,2.505325417786878,,,-0.7551986729800868,0.8777014911572807,,,,0.6390091099673617,1.9922090499056828,,-0.6533788451311076,,0.03664478508008057,-0.8003824165342412,0.07654402292568448,-0.19869458254233718,-0.8901584635872746,0.35316300693711306
2007-09-30,-0.09737054901888897,-0.6777951969767598,-0.5078170150602274,-0.676734107272979,1.2204743751464266,-0.4798857952119586,-0.3798154991960677,,-0.6406228223766267,,-0.5823195254469646,,0.4880668557045183,-0.5658109339943161,-0.2187166266140294,0.06363743667764218,-0.527463289086669,0.6867847932685682,0.2813001388774511,0.3747394026671868,,-0.31024702942550647,-0.7517317741786256,0.010756322864569068,-0.7593894063121565,-0.372464555357566,-0.285422933229401,,-0.3669589622531176,-0.9117978307886634,,0.017465408910548152,0.8280031437427957,-0.7100766064570617,1.3877576299991932,,1.8820387352426646,,-1.054026869346208,-0.3486298089082269,,-0.6997748940878072,0.050407908803912826,-0.7647413400333897,-0.10279047720086007,2.238020405533304,-0.6413203644427212,0.3755111019701337,1.045347735421941,0.8469020812566559,,-0.27856289999607775,-0.18593403486575488,-0.7783003955323679,2.177309955053577,,,-0.9544635849847571,0.6339641291542001,,,,0.5538680011329368,1.920991201009731,,-0.6008363769678078,,-0.10182063809708099,-0.5387889037495524,-0.0724770900750861,-0.1409495885177634,-0.6588575623649318,0.5086973958922929
2007-10-31,-0.13530937024637568,-0.5044923973292015,-0.3418992957667423,-0.7602612840570997,1.6056777788780647,-0.4945183517735372,-0.4830318398229533,,-0.5057432410417348,,-0.5419263763206302,,0.3236679731820689,-0.6077223903888394,-0.30489388364340986,0.06769395427949454,-0.46631460677687486,1.0963745091094277,0.6594762173061472,0.17383308227298286,,-0.3254667195838968,-0.8622964845722021,-0.092639003215998,-0.730803863133197,-0.4050989213831056,-0.14731778598743242,,-0.3650699446379432,-0.8535815698513805,,0.19354722927759294,0.3621333815288892,-0.5610932098633787,1.518752823661813,,2.205556785504959,,-0.9377252501867401,-0.46258543846542766,,-0.7546833724558466,-0.18475106525215165,-0.8385277075966202,-0.22198650736152595,1.8518913497105727,-0.6998174375326847,0.7642246014878139,0.953228663023982,0.6374072926531797,,-0.420650598689527,-0.22304370998802997,-0.8909462189284899,1.933811051884863,,,-0.8386171378022771,0.2664005132539998,,,,0.38452171689610337,1.9773260716273247,,-0.6705262844184738,,-0.1075090992055697,-0.4978160361832995,-0.05790170753631066,-0.11107000488960847,-0.5709614162642892,0.8488193763999005
2007-11-30,-0.13394980641020288,-0.6954949171774869,-0.5899742157265238,-0.8620489203694413,1.7132130313019653,-0.5499661983924591,-0.5825162743958147,,-0.21007487506125805,,-0.44817511269425087,,0.09867509042534078,-0.557326278017886,-0.22935458756795063,-0.03248483316176484,-0.5382412714140664,1.4451628242987171,0.5313463877921992,0.17819352937579608,,-0.2624885427193223,-0.9888703037545865,0.08016389564765736,-0.7857990340910618,-0.4342962895081198,-0.05222889154979858,,-0.334630821346331,-0.8450502421478165,,0.26942533890581877,0.09206874760798822,-0.7421527266876226,1.667150918287445,,1.791352861734118,,-0.9941077090354273,-0.42455408851956866,,-0.7455623041331392,-0.3168015902377419,-0.7353556045055039,-0.13636599912138653,2.102173623199289,-0.5194793485557191,1.2038993286303041,0.5452931136709704,0.7155628665787854,,-0.4890253559174459,-0.21978673288072204,-0.918883881584548,1.7763807979918864,,,-0.571540852051255,0.29698841185662306,,,,0.2933791774382355,1.5589011584300825,,-0.6170005158315257,,0.03582468758051422,-0.544984980764059,0.03300534908941056,-0.035572829539120915,-0.6149676269182571,0.9432527769562575
2007-12-31,-0.2597750520910505,-0.636248414214802,-0.6210097086717864,-0.9863999775903391,1.527582559856845,-0.5976831446095665,-0.5788486162663568,,-0.2699777664493621,,-0.28245405589600864,,-0.008182437294078415,-0.5628966905673024,-0.26229770419735554,-0.01392679520302395,-0.5931790859827248,1.9471674488938642,0.23375325179306994,0.12313684609677317,,-0.29100136805492716,-1.0029212233958593,0.24587838104436877,-0.8611519348695493,-0.3261019042415667,0.22308086335991223,,-0.25115331337458263,-0.9405228958154013,,0.04432154437365621,0.02640600628834744,-0.7505484349957744,1.6924160381817497,,2.057048079906483,,-0.9281548382366643,-0.3327868783368775,,-0.7497728313066268,-0.35934969196867594,-0.7678403177031401,-0.27773870685468,1.9740549723682215,-0.6545263693326736,1.1596824906563215,0.7219168781795301,0.5273474708000021,,-0.519231685238786,-0.17199689946315383,-0.8164375313840282,2.268043557949017,,,-0.9476955312718276,0.4076010395317134,,,,0.40170559390250116,1.4870795623176267,,-0.5408984922300024,,-0.010946283147317104,-0.4102449517280082,-0.01675582548798607,0.015635425505379427,-0.6861820305780449,0.7612725846823576
2008-01-31,-0.047623814148666926,-0.4470407926608288,-0.4807720356141766,-0.782279873923821,1.7772606695959479,-0.5779668639625412,-0.5512389294925342,,-0.27318648002411583,,-0.07968117665188534,,-0.06788387882277225,-0.570749305679412,-0.2237731439354435,-0.20444596896660072,-0.47379393041484813,3.1331962524553374,0.40369470643438554,0.27507739063970804,,-0.06207817146975686,-0.6388463686512061,0.2991270154858634,-0.62946809371034,-0.4908897655344403,0.0043457522252222935,,-0.33888953565301455,-0.6647817500176034,,0.1426157382778916,-0.2707897184235014,-0.4564409417388385,0.8129156410615431,,2.7894808261660566,,-0.689421810979878,-0.03141357027013081,,-0.5829901402146156,-0.31715547079202866,-0.6752855032115089,-0.43434273144601127,0.9106663194959921,-0.440518056344513,0.5916069981439689,0.9051731898760206,0.3442425105062981,,-0.42159045944041973,-0.11711171046539892,-0.7324731821898673,1.3737913844849987,,,-2.213784696518517,0.1777388780886126,,,,0.35515682665328846,1.1691329386028506,,-0.5779036854875146,,0.034513587497398246,-0.2241545595407098,-0.4755332824168921,-0.012013473513562606,-0.6288455666234898,0.3934785830272575
2008-02-29,-0.10383444146855453,-0.47302062167990655,-0.08804463824730886,-0.34980780309937426,1.4036532547251293,0.11532373042025396,-0.6001678348890339,,-0.31416216310717093,,0.5142692430890552,,-0.30710463610912464,-0.5508124432169196,-0.35219585298858147,-0.27722256451472566,-0.5157698335305745,3.34514537415702,0.21396859788406486,0.17852316319976325,,-0.2631273069125703,-0.7497540655161115,0.16602702839333963,-0.7591329035941331,-0.593235569661924,-0.0770581018549779,,-0.45516239280273457,-0.7663630467142306,,-0.11019095952103491,-0.41004906433688754,-0.5623505683187164,0.46425835122003334,,3.574403613109778,,-0.8025600027698936,-0.08741777085692462,,-0.7356289571246153,-0.19545980138134164,-0.8184192187443391,-0.43410308853227886,0.8505323045730276,-0.5521367444418734,0.37096032495534054,0.4994194126982249,0.04602121806898488,,-0.491948558120648,-0.14998421951657948,-0.7725939051992241,0.7265916830775767,,-0.26281519120842256,2.678975070086247,0.003638196345715994,,,,0.2695115123123125,1.3029903345073146,,-0.6442974682969105,,-0.08111008993300334,-0.4469653678138021,-0.7797263276268274,-0.14946708642819895,-0.6630556920506616,-0.1049089728172243
2008-03-31,-0.032075075069383154,-0.5728977725737808,-0.06467515891877407,-0.23023016876353466,0.9113424783552588,-0.10663562119286649,-0.549174156662878,,-0.23430787080259952,,0.6007058375060333,,-0.32223081001090353,-0.6173124696270031,-0.4525089165589765,-0.21253008885314353,-0.47661084728855396,3.2468975234535797,-0.18147777970078982,0.3059861855337034,,-0.2200196086382802,-0.6850164680476998,0.09433490270583261,-0.1402749207372526,-0.502998863736876,-0.037904195357916684,,-0.4612723933132614,-0.9009747311616335,,0.9275148450659036,-0.4322718068473409,-0.640044306592689,0.21863515237792264,,4.923316667906425,,-0.9426514418252334,0.057218511023602925,,-0.723380723929,0.06558775208774426,-0.9274398534575501,-0.46902238278756825,0.5952888576601132,-0.5542771483169436,0.00957794125767901,0.22076820341045794,-0.004211829147239804,,-0.7015343988127464,-0.11566903192749066,-0.7999972704586659,0.2607009707946579,,-0.19049583163861178,1.548517467649802,-0.01687157026163985,,,,0.007426428559057202,0.9717164884569056,,-0.5965908644236888,,0.11743281783356892,0.36166505355095147,-0.9120516731566479,-0.08069242141658238,-0.6993188741015772,0.0056675852642232155
2008-04-30,-0.14128515746840342,0.011956077253131761,-0.11816501073576263,-0.3712601528476025,0.8866462464381852,0.36122300524206563,-0.6027559792186448,,-0.2554106765615774,,0.5269665019612206,,-0.28733569129972464,-0.7082500568056441,-0.5901138585684143,-0.1714970654463247,0.09110439317308744,3.2683897360351346,-0.042668820455300405,0.11943291855748994,,-0.3189810738495034,-0.12654200833473123,0.03430701711399675,0.05010960188089209,-0.37652592538813334,-0.24105349217485555,,-0.5946409081128773,-1.0384331478358788,,0.7654940180811821,0.6297161795025169,-0.7787969272989422,0.11854436780103837,,5.301540421649965,,-1.103978858142931,-0.07580215043674496,,-0.8242867534762874,-0.05848953498407279,-0.5606382288774996,-0.5583616749218786,0.6402652562197236,0.3218115139954562,-0.04928737226154305,0.1347920693053476,-0.1987312649349394,,-0.10917108004592123,-0.26093961707375585,-0.9323071041245102,0.1510671673563888,,-0.27311931926707594,0.45536608389185285,-0.1425886951518875,,,,-0.08345780817371387,0.7729372982353735,,-0.6426709824291902,,0.18233826978602352,0.45667139119422195,-1.1396633520601043,-0.3036891624076463,-0.6886933972374683,-0.13516860446806536
2008-05-31,-0.20975279331142604,0.058613979342016564,-0.3064301246735064,-0.4664648053113603,0.9104490169855248,0.009843127622891357,-0.6194757038418087,,-0.2931708338219649,,0.8234067149660902,,-0.19165336939112704,-0.7134636884712531,-0.7002982958030042,-0.21142346770721243,-0.248543483138098,3.9505501607987634,1.0190269423488407,0.3342353517150412,,-0.308944687718388,-0.1301543856715099,0.3571405571159998,-0.23748753817742918,-0.5114118490116046,-0.48507926315655114,,-0.6813106110921987,-0.3736714623278567,,0.7368325615369982,0.7744097771094387,-0.6274882901189115,-0.19499744562124421,,5.3666480953736775,-0.09162542338424248,-0.737799447604554,-0.23081462021790922,,-0.8773422028528602,-0.04992389420438046,-0.7543374001972933,-0.6349000364333718,0.48433483235557306,0.24265280932211042,-0.233089889734926,0.007872493846838274,-0.21272085155216974,,-0.12263697814582325,-0.27671142133615767,-0.3908575492736907,-0.37105713193152035,,-0.24097499373761877,0.1957779420124846,-0.26195110490041507,,,,-0.05440674926300569,0.34937439565255635,,-0.6447269989589532,,-0.021052760140359963,0.6267526842866451,-0.7512414975945287,-0.3940001788445115,-0.7222568063528244,-0.048298849180031064
2008-06-30,0.010231981172144147,0.010795967494155054,-0.3996061108959506,-0.49993474510123104,0.9513109265478548,-0.24297093842299183,-0.5879631987099476,,-0.2902675298692154,-0.14401170695848464,0.3884067248594115,,-0.20554091965594007,-0.7460658089089652,-0.6732113767373051,-0.13472023189345642,-0.5318596412372418,3.7129888064216807,0.3526379517527744,0.40876525107778056,,-0.28846962463460846,-0.04701788480265439,0.16747092264216623,-0.22970859657730697,-0.220429860832153,-0.6007273627242534,,-0.4366927187284616,-0.228245953672573,,0.9278884170525968,1.873571725570474,-0.6183867464860355,-0.23442334066809725,,5.552861144194436,-0.0513314578634919,-0.7642370380747243,-0.26713669044635086,,-0.7416412206652689,0.18369951145775218,-0.49937716794091946,-0.612079474856492,0.5885894615922481,0.29320252668375135,-0.23211088681518144,-0.14625699982494067,-0.4345594462750742,,-0.07962385891899851,-0.2458592091122927,-0.4924217250473155,-0.146044173719326,-0.19916949264954997,-0.18915645520624386,-0.0459416778930008,-0.4113123099374053,,,,-0.23953214741953258,-0.16177127140339895,,-0.738644232897993,,-0.18291894046144302,0.5781448804676826,-0.5679779401046823,-0.29724351288444084,-0.578400410997568,-0.2163601884526284
2008-07-31,0.08543755128033938,0.48623947329136463,-0.06944691354346047,-0.5562346097471984,0.9580250463758716,-0.1022539801318007,-0.7457487469377824,,-0.41325740664592825,-0.2679810425853856,1.0029594965427864,,-0.29710426876839663,-0.9406048360106228,-0.9586574467952172,-0.3860128262881903,-0.6889038187782999,3.435089235202195,0.4934580895848716,0.5777263972634541,,-0.3334399511918382,-0.14946280180443353,0.14362235669325,-0.026691558615686273,-0.37763353544197287,-0.5870973291686075,,-0.5840346240654599,-0.21446414360452803,,1.0256309472605412,1.6941998016464803,-0.0018359045669063146,0.11141990654155322,,5.074134573529957,0.11934462366757699,-0.8146980362856913,-0.5136201695166948,,-0.879234591666957,0.33477306138200696,-0.39944870120130344,-0.9410422339949897,0.680337086347707,0.4234835409207069,-0.23942689197571893,-0.13770626602754293,-0.6459211321699134,,0.3567465810481728,-0.25725031458645353,-0.5109546728272903,-0.17360797104939252,-0.31021207476354856,-0.3184022752102255,0.2719779465042324,-0.41086037594262265,,,,-0.09340944184335102,-0.4608318647982206,,-0.9212742589305558,,-0.14376273884839047,1.0540828940025242,-0.659693708812963,-0.3518838750510195,-0.9334061755112437,-0.2403288988292571
2008-08-31,-0.06685172246232952,0.42431056468994954,-0.09110714349211972,-0.5689233320846484,0.874164609166105,-0.11619610821593503,-0.6418638480005658,,-0.4407137759644829,-0.23477856769600353,1.001323209726507,,0.05315121773421148,-0.7958272826269728,-0.7605745168997894,-0.28424452028945024,-0.4649895874567565,3.638690885089626,-0.10057461575901638,0.40955278657849453,,-0.410601033248021,0.23149668076932128,0.011106633498538472,-0.032551161415888326,-0.2866900741409284,-0.6172686524788278,,-0.39848139946798794,-0.06441071275054958,,0.44729174464883226,1.2157580117972822,-0.1439697245069909,-0.06260865219827808,,5.516378703879044,-0.02038513058209316,-0.9358848453453267,-0.5436650371114482,,-0.8007729996609028,0.4760846247240804,-0.5147154152965636,-0.8806880006502398,0.48662986233959826,0.47916053798347213,-0.07028753548660545,0.17459920753345926,-0.5772883888542695,,-0.02157399129242664,-0.20850041390353474,-0.4696615239483256,-0.48738143932843037,-0.22759645500457887,-0.2793171591646696,0.007712408784833806,-0.3066882758124219,,,,-0.15926525505848368,-0.1850243367736698,,-0.7971345320535198,,-0.03620848843356836,0.7683350793067454,-0.5661132223089892,-0.3064608895357241,-0.777007609506346,-0.23187168522277024
2008-09-30,-0.20340471676406974,0.9248913829860257,0.23347588507457673,-0.5459015157208207,1.0571773842148726,-0.08564766342391217,-0.6921330685008976,,-0.5125361381362423,-0.05079923456153332,0.6378693967837961,,-0.16278211349637578,-0.8809991978685179,-0.935402469781554,-0.4756724105748914,-0.6827795199126208,3.531929814537766,-0.4010335682948738,0.6412974169224448,,-0.27979176283853524,0.33691253378950503,0.4417582362877198,0.0006528971504251441,-0.08443774909070695,-0.8769798092139784,,-0.4525557522946946,-0.14147330974507988,,0.3446071799518765,0.9255265796338199,-0.35567616372189537,-0.12000288035540338,,5.196965707236,0.10185651094229185,-1.081135158599249,-0.6132594556409352,,-0.9282205322539585,0.39562924082045103,-0.40494659898743646,-0.8723811738424501,0.005527268616916853,1.016835456170623,-0.2818792745738713,0.17771280558396121,-0.6461260750807483,,0.1657315824194195,-0.11372833380900499,-0.3213344029979196,-0.5321047327729913,-0.255150495646607,-0.04810523090282673,0.3879408244052367,0.015123490732144657,,,,-0.5363534687759623,-0.26957074782989865,,-0.8166993433139337,,-0.27104718788485804,0.6766372971361401,-0.5359573992331952,-0.09655376552145081,-1.005348225634453,0.06259687429779752
2008-10-31,-0.33154488665462056,1.8718889270298709,0.21159006538798322,-0.6965119763105404,1.2820574168541174,-0.2558049933666213,-0.2841904983436993,,-0.4873322766376335,0.39669685626868817,0.29129219279712215,,-0.68714473668395,-0.7599111768180663,-1.126503818631432,-0.503147487647458,-0.6181271640683503,2.3708102437198972,-0.6512112854747136,1.5663492384352824,,-0.27153800523064314,0.2859429347304683,0.5351920850551362,-0.37270669091761083,-0.2213035568739636,-0.9773350645582111,,-0.2903208393598082,0.7085166398885756,,-0.11969954018833141,0.7307709191013506,-0.42856727129342137,-0.11447193428253966,,4.112771416366751,0.5319877223236468,-1.3262710580776258,-0.33133025148365497,,-1.0340422885235403,0.09360506167314651,-0.49905185506330035,-0.8140223561572586,-0.31291010758991805,1.3936931246310333,-0.4752196609903526,-0.28070138332559186,-0.2930582826128144,,0.08245203263747741,0.43337328794255175,-0.22480814094542373,-0.8602280171163775,0.03612244476734017,0.20414188313488424,0.8591578123029668,0.019538444792318033,,,,-0.7838052057008866,-1.0093365239361711,,-0.8021066325641468,,-0.6255446626460293,1.024133729270546,-0.5384593736151937,0.2168357735447845,-1.2137158383413453,-0.22391935523681877
2008-11-30,-0.12171619609661473,1.722277895130739,0.10070001757608067,-0.8484172148172687,0.9493841443799553,-0.45277465341324974,-0.43140954687759087,,-0.3774891777170457,0.47092116848746646,0.14760120575137517,,-0.5440048769301358,-0.49705353118847706,-1.2696289587229261,-0.4795576543435279,-0.6136834019073454,2.296921194755849,-0.47731654501347237,1.4214228970301743,,-0.17426841160715234,-0.08324819300736842,0.2850025209904022,-0.4134896863151315,0.6392043253652021,-1.0435435178986803,,-0.21743137773301996,-0.03298347428535371,,-0.5345764763266461,0.45508150196029085,-0.3833488519549081,-0.13342673136318384,,4.502072253445613,0.5854300607546451,-1.3066737456542445,-0.29947420622939613,,-0.7494237592106215,0.20241000722181335,-0.487574568541845,-0.8100382495117244,-0.35919546258507956,1.1258695248912454,-0.7153662177373519,-0.27339723044060876,0.16775374385199676,,0.02163033357872055,0.5964314783295723,-0.2968351893775033,-0.8682402287575981,0.054169678253792375,0.19966493328273205,1.2450200775740061,0.4137845711677722,0.7310502639492474,,,-1.1223250108804987,-0.6195592958672812,,-0.5410709817343781,,-0.8289911630811825,0.41608152700523604,-0.61646978569295,0.26850238364382356,-1.1244896629491383,-0.02177988750501371
2008-12-31,0.09461009279231898,1.3171157789153858,0.35667994672135506,-0.7726057511852438,0.7055220687743051,-0.21938888232449752,0.019125295474449716,,-0.5004529051093096,0.2879118464467171,0.30116961970141143,,-0.3806285820596925,-0.4725502571718235,-1.2731676415522726,-0.35468897033079455,-0.57985915239826,1.618453865840616,-0.31805345053887685,1.6755524821591954,,-0.24000491245531616,0.37475017684359524,-0.15280075154247372,-0.11837411350837006,0.5118232654121854,-1.3028950659939547,,-0.4569291572075757,0.054403787573679224,,-0.2850883091716364,0.7632019581282685,-0.42644771242846524,0.05707902562003983,,4.2149970614716485,0.5413868876072101,-1.5693846895545085,-0.20472011028396353,0.8596685228465382,-0.7687785107793912,0.2315390146254488,-0.5707155184814761,-0.8596117059509869,-0.36407494931025824,0.6716279520332733,-0.9185350004927406,0.06444017248032952,0.1375102622726049,,0.22978755099055723,0.9091058396154439,-0.34086736981709265,-1.134976897306015,-0.030879676844628445,0.22642194667288384,1.3565155607105792,0.5960667476712087,0.5624414709201954,,,-1.4017926157026834,-0.8300105013203689,,-0.6043055996073117,,-0.857664342260506,0.543055451672581,-0.6515984053480868,0.1657962099436065,-1.2828716281393548,0.17274683732567103
2009-01-31,0.0701828689182845,1.779486477457671,0.5451081017576136,-0.8749348656152374,0.3530385844182461,-0.04818363730747478,0.26256849003150673,,-0.30458228679310767,0.2929055897709795,0.04389232240148978,,-0.4843962689782062,-0.1611110243283097,-1.4889985078415429,-0.142241714670227,-0.5443345772491635,0.7902193808277914,-0.4046779173024202,1.9478274704596332,,-0.3369148784039175,0.371535404552329,0.37301305649870986,-0.13044096595085625,0.6523411752818838,-1.1466025127332746,,-0.2934535185160446,-0.02745402784178229,,-0.2759527148826485,0.6020349556059917,-0.6645375983039384,-0.128914499304606,,3.538443925804157,0.6564536879617474,-1.6849193799275006,-0.44171716076336043,0.8166481318928468,-0.4928502072872858,0.46994631807108,-0.621500587822883,-0.641110841907951,-0.12444391305057033,0.6159440705036268,-0.8984550423643127,-0.13706139524167615,-0.19356246096368165,,0.22459721405104976,1.139217692470031,-0.35042393202421646,-1.2015156851315507,-0.1837269147877857,0.32618995515032584,1.6521871258377194,0.9760111473775632,0.2903267760247423,,,-1.4075990383690593,-0.966631844125132,,-0.665116153909494,,-0.8885523213961175,0.5297709624848994,-0.6997522850161789,0.2840184827330627,-1.166435992151697,-0.03247722442675771
2009-02-28,0.8311697662996514,1.5206798630010059,0.2352758260486443,-0.8960626685729636,0.7564647089819653,-0.47640608103963145,0.7277885128620396,,-0.2189137923159576,0.3252977130771909,0.05511642946747972,,-0.38557560441648114,-0.17289744429074716,-1.4628985313895577,-0.18598706506566004,-0.46558566225888004,0.7437636389261891,-0.35670895395531776,1.719512321853525,,-0.3022744343458849,0.17791661500223166,0.22050257060310907,-0.005852716702616861,1.2532332100463803,-1.354610587737476,,-0.5610562910262074,-0.07331893756795306,,-0.04030972053930029,0.40057993704228634,-0.638163505635687,-0.15398269637710954,,2.8864908103994704,0.7600011561120967,-1.749245018423955,-0.5157218376711835,0.8858741774617102,0.3365053566248536,0.37642335422678763,-0.6669270366596961,-0.6905855695533404,-0.29044992317268803,0.6473554191402571,-0.808535749855471,-0.08328739199295275,-0.12443731569660885,,-0.3716969148556022,1.4230397154338976,-0.4383815307574307,-1.3636670296392903,-0.07230567799343501,0.5214154093338806,1.3529054931234819,0.9211215259728347,0.3519513385315605,,,-1.4251378047875274,-1.0614920709417042,,-0.7156012566332419,,-1.136350454679329,0.5324738344213911,-0.6149769266154935,0.3065442597631478,-1.1690288815883383,0.09470829722026582
2009-03-31,1.0562111480544294,1.3023654571452894,0.8218359000203145,-0.9050759623885869,0.5463747914096495,-0.19899938530558256,0.6286247297692451,,-0.32754908508750585,0.3585517369679717,0.05751539219015926,,-0.5213105782192222,0.050775784700982596,-1.5979367990060198,-0.2667567386956961,-0.8619498296437357,0.8389795870116692,0.8604459332003982,1.5337996138791725,,-0.28070367111993433,0.5203203520209505,0.16669232310359663,0.07046930861486365,1.8310208525943155,-1.2299859248016083,,-0.6052835561967129,0.5610954334962127,,-0.3324233810373107,-0.39621554072280996,-0.6924601724895831,0.08157310632225698,,1.6976112427188406,0.5088073202603328,-1.8178743722047441,-0.72504100891905,0.958813645590156,0.5779692199742725,-0.09143474229274338,-0.5706586960575036,-0.5570610350202078,-0.3598279169357071,0.33000724481492044,-0.4990947046777036,0.12780985073616485,-0.22655479432189846,,0.06080501087111395,1.3149874274719688,-0.46197357054959376,-1.3343129362874895,-0.003132367766200961,0.32899650858983304,1.0453765057503237,1.5230404291663202,0.09251098138831004,,,-1.3124267104150285,-1.242229532811666,,-0.7825854343210624,,-1.3197015716702871,0.5373691704296253,-0.3951763432267718,0.3091150162499586,-1.281600404292349,-0.11332264571902506
2009-04-30,0.930311887843521,1.4295560131889684,1.0052328904805896,-0.5832974920566988,1.0327407504189547,-0.7626479836567532,0.2879946638283235,,-0.4726547003993882,0.20283677696529112,-0.12366298189063353,,-0.2211725311742169,-0.1332699238419563,-1.5011401741633976,-0.1750931519485285,-0.82002718307755,0.8324797313867751,0.6826760467421469,1.3681645359704695,,0.03374479670054789,0.0912146134339438,-0.3534827175529869,-0.28991254587598325,1.895481655278803,-1.0741008471291142,,-0.6758742429470684,0.8046404168252652,,-0.41021743759616347,-0.30929393811503403,-0.7475527213863558,0.642713025151223,,1.5822384293883613,0.9103351552495591,-1.9757941250522109,-0.801163653112912,0.5544337891291711,0.47444444934216623,-0.035456189825314226,-0.6537110870016412,-0.7541032424495943,-0.17040848759223778,1.4120208216068157,-0.6585269849649822,0.4826867091873259,-0.3304464767420844,,0.5948967109603498,1.0303527109151291,-0.589007104758624,-0.8552200105032598,0.2017422848985745,-0.22265468152282908,0.7039614752265038,1.5154704120345308,-0.3474006146003933,,,-1.2168715814374607,-1.2668083984714622,,-0.9930957030410741,,-1.2622035018757534,0.21558796177156575,0.0020468640739912947,0.3963475535418412,-0.943507515537722,0.05264679193235429
2009-05-31,0.6872853403990036,1.0102907573509499,1.2063382885871314,-0.4677349081522204,1.53010428556335,-0.4736541456658334,0.07967072568280908,,-0.1990650638721781,0.15444354022027962,-0.19763081921671055,,0.18291924903880546,-0.21731653316185526,-1.9584042255881573,-0.47979331052497065,-0.2460587377673324,0.07069714997405152,0.1877235158112157,0.7092789764062297,,-0.6794261798995127,-0.3611282538344249,-0.6169980045071196,-0.05186611681053724,1.8283240479071128,-0.6474412203167427,,0.025537505395225035,0.6974087281668472,,-0.5544849989297101,-0.35285705420966773,-0.5994900526052083,1.2275374609001188,,1.412510209990384,0.15162812487491847,-1.9035890935134994,-0.7380222069361233,0.662669946941974,0.18549030959610235,0.3676405128824132,-0.021744403448700822,-0.6798746399390906,0.060911195751764624,0.6089560516195053,-0.3568951314959169,0.19035558830406826,-0.15336149776016317,,0.6859449787461558,0.7382888120794744,-0.6195374430840663,-0.35471826184036265,0.7338236045357356,-0.5867203559892112,0.49935413836319786,2.142599717716516,-0.6861298446358441,,,-0.967821899934007,-1.041732263034135,,-0.606441982851512,0.635470749797146,-1.185166271770635,0.0750289342486159,-0.17332620021690265,0.6045061160907008,-1.0626163751228344,-0.11169106630662329
2009-06-30,-0.10683575485749633,0.991949260483941,1.4681925116929648,-0.49894049548203173,0.619518696382608,-0.05368475825686275,0.45124994621087283,,-0.10853099389577318,-0.04613255938960725,-0.04450617771161383,,0.15492526491265796,0.5242271089103767,-1.6560132393912212,-0.4933320285025469,0.7828376167548013,-0.07716737850401445,0.45037088425980737,1.9851840126362554,,-0.6208669391374989,-0.33916128224618214,-0.5238077755227422,-0.3025344026976443,1.1827456588484482,-0.05845267152875755,,0.06548743346083549,0.4369756109426518,,-0.9246274027166493,-0.9146889434849322,-0.7005910608151965,1.1570421901744972,,1.004114598901562,0.12469359544308078,-1.2677510435137682,-0.49184492257728185,0.5656872817339934,-0.1893878183636848,0.1887023790670847,-0.6208357441310879,-0.39260647404172205,-0.3250786330402726,0.07476074766392696,-0.3291834856649996,0.3080434128586148,0.4453705036166443,,0.1339864552374812,0.8763986224303971,-0.3886219802520986,-0.8369641849181169,0.057664627415966736,-0.4545904631382508,0.7248463951212558,2.662866305197909,-0.8393587963178982,,,-0.7313367233010274,-0.4754599388370724,,-0.8766913789039401,0.46792698143273015,-1.0380705499522493,-0.18422551213264274,-0.4782112387919226,0.7992283461945652,-1.1054732635335462,-0.20943043243357734
2009-07-31,-0.07553421094940763,1.3181764813542631,1.0677101959609934,-0.6266497214889603,0.7633471757827063,-0.28704073786546574,0.14464483343299236,,0.1828538440175981,0.5455834510506808,-0.18361762698284673,,0.47140174569836507,-0.013765406444020467,-1.4549056092326045,-0.2575129191353859,0.8977232062941485,-0.06545453921058242,0.3484664037776801,2.2211617841433666,,-0.7948260394010208,0.06967672803817872,-0.7360670692484236,-0.2783264273529819,1.489582804428529,-0.3380867393499192,,-0.009998924356033612,0.7279004927759711,,-1.029238352035835,-0.8743455194088834,-0.49214943912378606,1.4015942172179767,,1.4052320448819924,0.0015111519068503124,-1.7791355519871446,-0.26067289653198933,0.13828174032389087,-0.3525129565537978,0.3560175263690487,-0.5533450840216347,-0.3910874905430892,-0.39994956806114235,-0.047922812872456505,-0.48570772446315613,-0.16487425217928126,0.6543570312520193,,0.23331969050924783,1.0815928995973314,-0.5946984148417009,-0.8039788118094517,0.13563507960730625,-0.6595572061904788,0.5573294007994465,2.471434456108815,-0.7820085913463006,,,-0.7821890006742445,-0.4849441893213431,,-0.8446161117661081,0.2026782800790339,-1.0659650680779558,-0.5314392012780613,-0.4850910947996381,0.5396450292624205,-0.8470748233663653,0.40743243760064596
2009-08-31,0.4162139365361536,0.6383084700083941,0.6552291627206921,-0.04229515870565864,0.6715036801600484,-0.18324261917545662,-0.31946080151678957,,0.23539647938734432,-0.07514617162451614,-0.4456687407636614,,-0.18956807128494202,-0.36962939514087745,-0.9801690044735714,-0.17552100399623005,0.4279642613809265,-0.4958869935703082,0.5501875267687549,1.1725774096496735,,-0.7550210790174892,0.06979985376762979,-0.48899055152871995,-0.11510501777258464,0.9982021999706066,-0.44891371670676616,,0.0956389560691713,0.036480473863571415,,-0.47451445532310677,-0.40360915379957846,-0.08522948483286774,1.0936277442350875,,0.639325020320164,-0.10082549225150345,-0.9538768593408178,-0.48518275090587654,-0.42611622872460797,0.06979844720893097,-0.11780828736235002,-0.3016187935955886,-0.5679639236235916,-0.30889051463982253,4.562321855253888,-0.8059336140471451,-0.5659775821472901,0.11839278800123251,,0.33782711694886813,0.7659194699423364,-0.45469454730649733,-0.06318972141880111,0.16649168857415478,-0.7995770042834931,0.3526512254647429,2.935260575168719,-0.9649464071857037,,,-0.4040180226568193,-0.8912208586550168,,-0.819083106183174,-0.188494768646859,-1.0327608400725357,-0.1398633097908476,-0.3323275678935109,0.16236993365173505,-0.42382498287998005,0.024678327792129442
2009-09-30,0.730898090458029,0.1011012425294974,0.029733956817336038,0.14052648804159248,0.8266817790217376,-0.20343527076894263,-0.15494461521257968,,0.4502712131303595,-0.2713152999679015,-0.12932775659235343,,0.23040379257680638,-0.301826691050773,-0.8628682162387608,0.09752973788552845,1.629360608273036,-0.673451302796588,0.43964802494975486,1.0785034141327334,,0.11500390531005597,-0.1743650144278553,-0.6833840309802307,0.18746992053741607,0.3831998001395759,-0.007381082406709871,,-0.6950472439827509,0.08831434386311138,,-0.5029874602065958,-0.379665088575481,0.12949459242129938,0.9903061807973395,,0.18875136675948545,-0.11052754625072425,-1.152472849819034,-0.4828665536302423,-0.6823926657121715,0.16553237499495077,-0.31102636200101785,-0.58721145782575,-0.5367466929096802,-0.21146293256448678,4.164012532118705,-0.7845208927518053,-0.4305569680623465,0.19763970100979408,,-0.10310494321826447,0.2519492306244017,-0.7223940680486052,-0.08893422393255598,0.5956520666950356,-0.9405526437313985,0.10444036303840248,3.5072847355806234,-1.0342756452740063,,,0.09818142314497691,-0.8252064877602547,,-0.5543521470008345,-0.4626801003053416,-0.7145212022144132,-0.07743025420910765,-0.3894442335207474,-0.11275482244515042,-0.27148861889632414,-0.29496749955979584
2009-10-31,1.0841341294802211,-0.1768482269649455,-0.12367133996429122,0.3518723651444526,0.5532124732911009,-0.5849604199053622,-0.4508571521244179,,0.21631846844983257,-0.2922311498736689,-0.14217971511417676,,1.2596578545389727,-0.6024048469593282,-0.40052112205499923,-0.012257721364637472,0.926813797345297,-0.35064356968244903,0.548673146874195,0.6033764862047939,,-0.4208045722224071,-0.23515527325882501,-0.4705481780158687,0.4175836537805363,0.38818571313082795,-0.27034623425524,,-0.825795577197402,-0.4690570409481367,,-0.4056431006290663,-0.5795264068383765,0.047916144774319956,0.6841404787747518,,0.19740035280057822,-0.0424432504522346,-0.48956176581578825,-0.5312900647039487,-0.8034887871020788,0.29402393484579575,-0.16589791341827986,-0.6110998694739626,-0.6977209465750678,-0.10406938633703286,3.922434705539386,-0.6577475644853645,-0.10328699209084741,-0.26820721731975167,,-0.2311995273465742,-0.00739724758211413,-0.7702699706166537,0.20557046781260707,1.1147747095803622,-0.6231623746219678,-0.42401369620901763,3.7125800031729557,-0.7980536610165327,,,-0.022492569956677755,-0.1564091113315716,,-0.6113375367387388,-0.6293149170833697,-0.5892823651668366,-0.10980896285658759,-0.45028513602972214,0.5243575691781912,-0.0055671731543073255,-0.3361667998605583
2009-11-30,0.6095918066037682,-0.24992162759579917,-0.004481857834138792,0.47327437336944034,0.27356884693132094,-0.31455245020926836,-0.16667095325256842,,-0.1668948513691511,-0.2999392650802183,-0.3838855180343171,,0.7921308308773285,-0.84940258079895,0.2823547253076427,0.991466555428402,0.85704269189032,-0.5406849765449945,0.5969408154299651,0.7234074240594093,,-0.3856326799206867,-0.1357445529211916,-0.3477382512021517,0.5990273490538061,0.44072210890207564,-0.3132532532161445,,-0.8686415065552304,0.3810281364310762,,-0.2341136283168367,-0.44874395880165174,0.10973196102112004,0.37272877021692596,,-0.36394569382750835,-0.0897417274084914,-0.36257964748122107,-0.7158080017626864,-0.6368051432579578,-0.34738156277807686,-0.47394507343886577,-0.5227510016086092,-0.7596997670152561,-0.3808273537979681,3.940237636201146,-0.47202127951670364,-0.12774270015233757,-0.7160002528964483,,-0.13265847916970552,-0.14864800949704138,-0.7019733272538544,-0.06918835334018475,1.2330076963983867,-0.5016653403942448,-0.6514541164892403,3.868186897347159,-0.6388717933305987,,,0.9367357178166725,-0.6761167380466716,,-0.756094308850951,-0.6571495234504858,-0.007425613561783118,0.19791694374850227,-0.5318930380623152,0.21208044473447635,-0.1853934532010792,-0.5530985205253507
2009-12-31,0.555058629372616,-0.32823872069557936,-0.022446205016890708,0.36318676421474383,0.4614978172630539,-0.44362646995796945,0.5022303023439534,,-0.04196124958805879,-0.4313266127915988,-0.4591021323477813,,1.2401867947028569,-0.7983740114185092,-0.12135763258839366,1.4826092602345113,0.5875264650660539,-0.08041409800466287,0.24097135894108454,0.6869473504604668,,-0.3681553715473397,-0.2704340267908347,0.0309505819313151,0.3578724547977357,1.0679931609959714,-0.2411516351149962,,-0.7619518746227169,0.951727394792324,,-0.3901316836669634,-0.5955144256709481,-0.09052765581188023,0.43077870426535914,,-0.10094104337684628,-0.16757807318818818,-0.16714332252288444,-0.7898034960689606,-0.9055843612864698,-0.3540455994665723,-0.5827462483596443,-0.451295968212873,-0.8071590683937514,-0.3421109978397692,3.695356404742503,-0.7063654809672253,-0.4321657868431394,-0.6766212449219238,,-0.3621920200715098,-0.6265281835363252,-0.5547078074493925,-0.09680829918978526,0.8710386649312184,-0.6742255986604564,-0.6198011589516562,3.7574170770179016,-0.5254760461290956,,,1.0044867812959506,-0.6592288594537452,,-0.591425061159533,-0.8994385429141633,-0.3876440783507889,0.14206628265065566,-0.6045986362601321,0.8388698258007865,-0.11927700011808823,-0.619146286493007
2010-01-31,0.7566125257399016,-0.6941559977132963,-0.4683096581070258,0.5594930900549759,1.2272494240598897,-1.3845067333642278,0.2103298488757516,,-0.12635448771654173,-0.4814574317605324,-0.32518599606776477,,1.1935205884433246,-0.7205541710936697,-0.016683846355956544,1.7843400787687802,0.8810764363152999,0.2000046215386364,0.9750682856151578,0.2373088914275302,,0.5851545558173948,-0.1342368183200167,-0.7158457947746468,0.4024777556958129,1.0125935062324412,-0.3230197172414006,,-0.7808493083373481,1.2192490413971426,,-0.5708422888518951,-0.491548418624563,0.23902354743626897,0.37613022362003534,,0.25014515755526556,-0.5123674783232273,-0.4363108507560072,-0.7148308492263822,-0.9521083922153757,-0.709998590655644,-0.7617772569783157,-0.09636081304816263,-0.7450993941699178,-0.5440295704352399,3.254143456873252,-0.7172503735352542,-0.3101730437933886,-0.20637306557298263,,-0.1874501750870357,-0.660387862237866,-0.5074019603191287,-0.18852554547438885,1.1590311424713187,-0.621899104108252,-0.7418942549385832,2.800386159628797,-0.4375327157712991,,,1.184406264771468,-0.5874191090734511,,-0.419377740133536,-1.0928863442898968,-0.49608260520749803,0.06184207037028855,-0.514798065397507,0.32726690640726763,-0.020013082723611242,-0.480954667315156
2010-02-28,0.7629731761556418,-0.562462781766029,-0.40175055832382384,0.6715043813793722,0.9880809574686649,-1.5135220135431267,-0.09023835517297733,,-0.34935630647863425,-0.2428071039185696,-0.18646044471717285,,1.1936850753714219,-0.9459376628101526,-0.2675416038735837,1.4711220721360991,0.7310238785433341,0.5918767684581985,1.1911059889634203,0.4730778080699704,,1.2627059319268246,-0.34142709484905315,-0.14525960925438902,0.565398555686818,0.6000733513909219,-0.24573709285171155,,-0.5558423004828651,1.1379181078506853,,-0.9105978428787214,-0.6476188142683031,0.009102922572390232,0.36823759558816216,,0.38181072211845307,-0.18795562971785532,-0.11779868326047438,-0.7802738771484712,-0.6718005151778395,-0.9566412368061162,-0.9840378064540102,-0.23672417899010495,-0.24838854544286862,-0.6297000623313675,3.3181853036056688,-0.6730134942963861,-0.2412354167556849,-0.29210582879958974,,-0.04322497804480444,-0.8197123213844351,-0.5261914898588175,-0.24190026663265657,1.0278344721569028,-0.5390845487316551,-0.9707007246273348,2.7171023454841,-0.45632402287860474,,,0.878401569191926,-0.8094055046972188,,0.0276501055202156,-0.9996496539794215,-0.38026220743574807,-0.08821007306872763,-0.646544999358817,0.30680972239276183,-0.27592788658286227,-0.45230727438097296
2010-03-31,0.7711752872538271,-0.7142665805054094,-0.13687580855531348,0.23176878873470447,0.9057510926451691,-1.2978209705926904,-0.16773206036405933,,-0.40444043985687506,-0.6264441159817611,-0.31700227665890185,,1.0442617958357858,-0.9628446755120724,0.1553242103294174,1.7785566524766496,0.7962108304810768,0.02412798293169338,0.228205012293393,0.6902345623839372,,0.9094537610819957,0.5583521117983568,-0.6297559526134443,0.3872956080199312,0.20145531743443437,-0.08554668630598511,,-0.4797433783071846,0.849731659613878,,-0.7059586886066189,-0.488415418503757,0.27774411533072924,0.6821375351150882,,0.6135754332509742,-0.12781857275881647,-0.49336119024328523,-0.5040625693124824,-0.8286647894974206,-0.8483572847094727,-0.8281512450508424,0.01584425315446819,-0.4620003777569726,-0.6646271132945525,4.0420977273451655,-0.6271943541209515,-0.29294278537221907,-0.23750471430060635,,-0.05891478650040227,-0.9378001847431381,-0.5826671916870232,-0.18793527033931312,0.7952425174839817,-0.7122371190564136,-1.0079392004839516,2.382594923554601,-0.4936552958086947,,,0.9287255852969112,-0.8229700800462083,,0.14457485467297446,-1.0837513231136462,-0.3448440808125476,0.25494328459725424,-0.637840266492967,0.37140139937954225,-0.0053352979350727026,-0.23336415669488017
2010-04-30,1.0618257614690756,-0.4137787599210284,-0.42206881107684757,0.6103328116138331,0.8780290755670426,-1.5812259284121892,0.3866165521426984,,-0.6770212815826462,-0.5612566487437267,-0.06842398017913973,,0.8014596238378587,-1.0821393104850277,0.013912527080569892,1.8955444647169921,1.1952100584256113,0.006025458834058417,0.40672747681419785,0.7625302637454028,,0.4827729458541718,0.5014258856086269,-0.18583866734272272,0.7460298651343951,0.40420349415549733,-0.03581912655747116,,-0.8217873510723593,0.5925195124421548,,-0.8559752107751524,-0.6935988247555456,0.6405125169873496,0.4523456634987908,,0.943544328701874,-0.5080827442990926,-0.4874582930447933,0.06592764202701094,-0.9317205483149371,-0.7275373660081497,-0.8964456741020107,0.21109422640706457,-0.26841741583445844,-0.5993606547418489,3.6328090207192476,-0.35605879533726104,-0.5065792363127378,0.6161334391374063,,-0.3228315814123469,-0.5459080194001259,-0.6560028829346825,-0.7753235658180557,-0.07170328346564919,-0.5425203710437965,-1.1833632103022078,2.259250041926225,-0.7595265235854491,,,1.2881679150005376,-0.7928010391644242,,0.14501343055043334,-1.235838864676276,0.24949612303490215,0.4004550633361604,-0.953068233520523,-0.14870622275002182,-0.839816102514341,-0.14191065928213129
2010-05-31,1.6603658031073727,-0.13113828481927858,0.11851352371196722,0.17665633164644762,0.11151000319170873,-1.5124968366570326,0.2805957394434828,,-0.7078235258754884,-0.38857371534873175,-0.32624484309652313,,0.3116386782716717,-1.1675804896105624,0.9629854280484798,2.2948065457325315,0.6749309134832362,-0.07189627261925827,0.9750505907001128,1.1567384097459072,,0.7990612798476859,0.8023549937968988,0.043964049791949275,0.46987733303926094,0.20578879242729364,0.4294625876059548,,-0.7213355515081872,0.4026122524789425,,-0.8190327499962885,-0.7429423304631724,0.24957216808306915,0.4550180534251315,,0.307222704859825,-0.4010717504219971,-1.0182501557995662,0.60856827189393,-0.7787096709422421,-0.7511579928450741,-1.0353851784497738,0.26895641645798113,-0.2441175329548928,-0.8842031953727105,4.104075896223462,0.4022665048767954,-0.47894258651318816,0.3506033978518437,,-0.19888453282717902,-0.26295990080409687,-0.6140920435545943,-0.97235725048611,-0.3890080480451951,-0.7294429665295075,-0.979306794609325,1.7419731933990765,-0.6396846664458276,,,0.5131215472678059,-0.8382513434822505,,-0.10527460139368891,-0.9092906746460917,0.3385116046350314,0.08713032196198524,-0.8002120977651621,-0.4310685292094339,-0.8824907135357387,0.06853203957806317
2010-06-30,1.727202112584754,-0.06538832510472692,0.022515758817475806,0.15872939415422876,0.11592300184340018,-1.5239304760106025,0.35082743939150657,,-0.8941986835009621,-0.22724737872107137,-0.20480046954953518,,0.2264684170932541,-1.121792864856455,0.8925854430935612,1.5747671983653646,0.7559098964117841,-0.11596245962995708,0.8185616459976751,1.0451809458576806,,1.22171381225046,1.00240126056328,-0.07774315672424652,1.159143259268303,0.1609999683476554,0.18512584933701393,,-1.181167370719263,0.24683951916234034,,-0.6367358959602634,-0.7926235046143899,0.4926564662821663,0.3309429043189485,,0.27431998231867666,-0.19260990851120735,-1.290934871071125,0.4052682607618484,-0.6905028756038429,-0.7094332865590383,-1.006389669090212,0.518503004779898,-0.360366036317363,-0.9185826605698615,4.096396703638069,0.22955341181919817,-0.4616909911942151,0.2548738069952049,,-0.020304008835909437,-0.39497202264960884,-0.5646512408713773,-0.781121301503545,-0.6994377901894075,-0.7519727701839145,-1.0976342358524012,1.3437239370952694,-0.7677920734887037,,,0.4750449724884417,-0.8773839856006433,,0.4126315476591232,-0.9624577744159515,0.458742701248191,0.1977540604387199,-0.15035769979503635,-0.18701864095340287,-0.9296785873616843,0.40326409754320325
2010-07-31,1.8820523542490462,-0.2750469098069904,0.02178609084469632,0.3793287670941551,0.07059217250242841,-1.5208379553306186,0.31454069058185674,,-0.9365183299977828,-0.8677914167369292,-0.4196046462557524,,0.30163568344414027,-1.0045279558564255,0.8052848889194546,1.3703704707871078,0.7760341694786927,0.1280201859682837,0.6712460031696244,1.1090979709924471,,1.098818312902783,1.0564340836641462,0.24106954383137152,1.002052388384167,0.5463780495141729,0.16351053901992949,,-1.0506674497658488,0.09045808903899248,,-0.663230997522882,-0.8143348341192858,0.46281432949079393,0.4509665277050767,,0.31929676922059863,-0.4935977284087159,-0.9499055592438062,-0.010337175559075268,-0.5061398099168313,-0.7555218907279813,-1.1012947470701486,0.3977047796924845,-0.5261271439805166,-0.9261260173143679,4.214613168848102,0.00028800056899496926,-0.4385172832010996,0.05988679677998521,,-0.19943129207060203,-0.5627703920509161,-0.47425037863084174,-0.739096758547348,-0.6945446314343425,-0.5727707044763484,-1.013502298012694,1.630585989047641,-0.8151248783740187,,,0.4427345488826422,-0.8177393332845282,,0.6151473827128492,-0.7380159284710548,0.7767603117271235,0.7286715536123164,-0.24759100675331353,-0.25522227802480124,-0.7993632613615694,0.056959946321774604
2010-08-31,2.7940463152579498,0.011047793963449182,-0.10648000785347353,0.10354818392770165,0.2141215698077385,-1.7091631424898583,0.777978548358143,,-1.1180649797780104,-0.7035529456439715,-0.220977351801315,,0.3862667174412396,-0.9576785365135183,0.20150209427149468,1.960852827618086,0.7447610509434772,0.38697964857083356,0.6018811288007332,0.7332484833643539,,1.4470404223296225,0.5526625498897356,0.23844957393645586,0.937925633367608,0.4749077107360132,0.7509115114082628,,-1.4464672587219665,0.44214312092383673,,-0.8329934992018144,-0.931930084910866,0.36899120851089995,0.19039932685265956,,0.7028343636508401,-0.34637224907741204,-1.4931767457014575,-0.038691717766112195,-0.4365330078711742,-1.0070464512089194,-1.0330185302473498,0.2929200233671526,-0.4333415838969582,-0.9605694751207341,1.978971778315429,0.26210957145089947,-0.570083174180628,0.16940070918915354,,-0.28968914061622736,-0.821702649676063,0.024423400343296008,-1.174926221235296,-1.0073803716382626,-0.28739231648161495,-0.8240204376000239,1.744027398305051,-0.5923942817851925,,,0.5293710810415774,-0.6061779255815969,,0.8250573837395817,-0.42473755615821784,1.7231849003955588,0.5564450958775897,-0.4684306374912457,-0.22284468249721756,-1.1712337906110177,0.09683116263841898
2010-09-30,2.368405522645774,0.1008265654938581,-0.0005036119844477327,-0.2826618542671274,-0.038614417580940696,-1.7999173522787273,1.2441770417585531,,-1.3771894080794773,-0.7734236393466176,-0.4597282529977187,,0.7979781929459098,-0.9382284298740127,0.4068205429366267,1.6342488396094066,0.2158931694097771,0.547547026542626,0.9143014361086128,0.27831331469384435,,0.6967675341848407,0.45265150798121645,0.3587871707515383,0.9836728879133443,1.2055040537983905,0.8595341015586665,,-1.2478660386887217,0.46376468045654134,,-0.7329875647494679,-0.8189719266650823,0.24736891991810905,0.32563500977722065,,1.017368601197323,-0.51588066721568,-1.1630911849311072,0.2420541343521635,-0.35249175674644895,-1.025348891924006,-1.043160225854678,0.7493518585513698,-0.6039900714942252,-1.0589671042080693,1.900636913306008,-0.061361593938568715,-0.7756461352101695,0.012797731791638168,,-0.21623556093302848,-0.23589096547855762,0.30492031086132904,-1.2189890389769409,-0.9375771647507423,0.006008391156974713,-1.1712624694585212,1.797124814989636,-0.7464814044958452,,,0.8985714949593094,-0.5480658723262614,,0.7213220721196939,-0.42462026504047623,1.350839843869142,0.7080128763038169,-0.7301373371581978,-0.30738686885983946,-1.2377766669072097,0.15826045601446576
2010-10-31,2.3764500155902923,-0.11341876093171718,-0.0830487492745158,-0.4467610923048595,-0.16093666096015213,-1.5586281910906112,0.895791847086255,,-1.2630576938976477,-0.8394303527117782,-0.5045106515328455,,0.40846195635836646,-0.8502583123877601,-0.04458364822984967,2.456411918102977,0.3632080780148951,0.1652966020802208,0.7630753031482658,0.8414619855285993,,1.0738754777795314,0.2972494224385541,0.09613453669554767,0.8382873969721919,1.5687244145416384,1.4479402699066712,,-1.3154994379748166,0.2786184853936481,,-0.7524469017861746,-0.6820995370707286,0.25390802520918,0.3217755612850334,,1.0432253302506598,-0.5249469153390699,-1.4307218889683249,0.5153126813954659,-0.3929743131894674,-0.9038831422236284,-0.81664570898849,0.5588694614935414,-0.601051150692441,-0.8310758061683715,1.6612108911048007,-0.39857289895351644,-0.5071447296962381,0.21189691944826788,,-0.11320600255289323,-0.004617079035577024,0.2254585771786533,-1.052324466013585,-1.039818792267921,-0.31656852262380725,-0.9494448665405741,1.263916094432281,-0.7576172381039529,,,1.1429874745995166,-0.4293909311276263,,0.8705519245308786,-0.6327314320785504,1.6717579320807963,0.2993801493312113,-0.5784315379590341,-0.39037621025369074,-1.2635072957358386,0.4117011913948686
2010-11-30,1.869311172628871,-0.3136057239771143,-0.20152171216818665,-0.5296756926805046,-0.19912041810184267,-1.5846846086571107,0.40223481581086173,,-1.2312050453176877,-0.8435781518608745,-0.48519183732166843,,0.24700006300644173,-0.35919875918894717,-0.16787602363434295,1.3024130394360673,0.615896108703833,0.8820514449151787,0.6264008049043541,0.9494926026801682,,1.1290361038409364,0.05281336056776325,0.5479513476554696,0.2150611088762336,1.024247635224816,2.5746918011086253,,-1.1231138171052213,-0.33043046710352997,,-1.114568248718585,-0.7590583574646018,0.385225437190879,0.33192112395570617,,2.8707852343868745,-0.5601189380758361,-1.356331517062169,0.8264432056559017,-0.6411859106253253,-0.8795850135261789,-0.289871456083966,0.7722948521383819,-0.47452760428565266,-0.7998385023016111,1.0279979246793425,-0.30523703310218503,0.05104507919655815,0.2272443329720681,,-0.2617773449604668,-0.09922486816235462,0.23709372591943562,-1.0344036637352756,-1.0913451663272213,-0.2603259565627523,-0.901023837535477,0.6155550112881111,-0.690760307154315,,,0.9822870998897684,-0.561433947921832,,0.6994633595014013,-0.6150500420742333,1.7170518636225067,0.11407792209862698,-0.331080891094672,-0.42087713986711633,-1.1636257876076557,0.4019755121984666
2010-12-31,2.1182724878253056,0.16854626316935942,-0.3006697984939509,-0.44824039828094553,-0.30741558477080716,-1.3491340471801614,0.6495510585741627,,-0.9800090009265809,-0.8043099038917877,-0.5958853614140659,,-0.17723779515904553,-0.5672142192971401,-0.2769088403361882,0.9746655278015135,0.7289374252384777,0.8892450303090789,-0.030096546410580616,0.8108139838510158,,1.811049943886773,0.2413253689517626,0.21784365387217036,0.20450582017681015,0.8738523936798098,2.5283135148718596,,-0.9608518761243463,-0.5470464106812614,,-1.0418631761592647,-0.7262624105007799,0.40375132823743415,-0.16955866358415778,,1.812514897573429,-0.96876843816982,-1.170203960064059,0.5891681074256427,-0.5642556408414755,-0.7974778796267892,0.1456832213121867,0.7595917390398164,-0.18673261101539018,-0.5902226352723494,1.3965494196179349,1.702168875068297,0.0015294685992951083,0.18505742110735282,,-0.331602471087481,-0.19837661798444212,0.18236447158029018,-0.991844129933095,-0.9942912327374098,-0.411887188154841,-0.8293882403111394,0.355851501152208,-0.7316012601181633,,,0.7695277928232142,-0.5360110251151298,,0.572671064474193,-0.43284463297497155,2.4297769110945344,0.1737778204433903,0.19580454850226428,-0.8990055889906123,-1.0871465924720143,0.010403995117430564
2011-01-31,2.2828423980860504,-0.15909882600123354,-0.45397199582535047,-0.5592332555606573,-1.0343142764902171,-0.7267562228697607,1.0507609901543138,,-1.1620087447484773,-1.070329693713843,-0.7791658133821382,,-0.17455323255395455,-0.6682777445210719,0.154855000085293,0.653441981484112,0.8179913969557508,0.7751845835788309,-0.587114754162302,0.9583732774732492,,1.2997660867720375,0.03067980430143292,0.24210192979439119,0.14549092255191598,1.5125452215650967,1.2712755436908345,,-1.0107990760033656,-0.7610882165956447,,-0.8431333984656378,-0.7801187440532105,0.30652120914276326,-0.366256995150779,,0.8232256991236631,-0.6511545998385851,-0.5007237775182696,0.6429604783879749,-0.5524797553793419,-0.5253016373360591,1.4001486061142032,0.07231565420768667,-0.15335347242371838,-0.28103580909915826,2.0890323740189274,1.384129352398392,0.8835036161245258,-0.12514797472625624,,-0.5970016032476659,-0.6735921175530338,1.1995133395713171,-1.1281784631903051,-0.9681231247604423,-0.41367056232089777,-1.0117690242878703,0.30865835998519336,-0.7751551776807251,,,0.9969585366742328,-0.5428847500933319,,0.5328441620457942,-0.4519970938541508,2.672573833679299,0.556317185830182,0.2626238000843144,-0.7214912512834128,-1.1627811321852173,-0.0938469734763983
2011-02-28,1.7474255927272093,0.10787753602455802,-0.2662072519681124,-0.6187596626074152,-1.037525828176806,-0.7410694132547475,1.0792523057075816,,-1.0315928419692635,-1.0918886013161115,-0.5194095270451597,,-0.49788281814758306,-0.6274223275128479,-0.020819153840583984,0.6821844928124056,0.8141929757478412,0.6781753621326395,-0.7967211652491212,0.7277180439538398,,2.652142546559026,-0.03698418264281339,-0.12945765324004904,-0.14202975459767717,1.00398217196684,1.6159882253980002,,-0.6488121317279905,-0.8417945598080413,,-0.9309582245864475,-0.5925032487602944,0.6415486335236987,-0.2221454052720776,,0.6687618632683481,-0.6990034878483197,-0.5707034882806585,0.4603056554842987,-0.718902311356171,-0.4823075959224108,2.340118488090767,0.4435948252585096,-0.176092601045165,-0.28747659272063875,1.9073045371451696,1.5237129828410731,0.22821574859065497,0.012833915600364891,,-0.5621341801777839,-0.5034100300143898,0.4633834430394753,-0.9660316497980257,-0.8570563531955933,-0.8069995862553888,-0.9194463562875572,-0.05445572637102636,-0.876716719255821,,,0.6951301056501751,-0.4619136713481047,,0.5633653726898467,-0.20808047777171879,2.742729694438437,0.510694691083389,0.19033891294978864,-0.539817089724943,-0.8993779571953828,-0.14461504619160134
2011-03-31,1.421935899578787,0.09967609791151572,-0.6215380807011741,-0.4437216090034125,-0.5726192862196293,-1.0995920938044366,0.7725791060828822,,-0.9067210949409608,-1.1063177397382646,-0.7428737618645135,,-0.09467099886408235,-0.7366454731046235,-0.32733729174604576,0.7837670479275407,1.167893294990829,0.7189156633821365,-0.6327511164523106,0.42316114080706246,,1.9386538262367543,-0.5002587889991515,0.3331280081255277,0.10537542736833297,1.1139412126466113,1.3442581461206686,,-0.7423596721352836,-0.6875315569553724,,-0.8192496268043783,-0.5749177056862337,0.5250396791385512,-0.5111486423896935,,0.47748651999396563,-0.8328633158163511,-0.4453823405868308,0.5164934053146047,-0.8753955419700016,-0.5920925350387112,2.4459628894182375,0.291679980811675,-0.015420544192505905,-0.036647682688847105,1.1255076535756265,2.038314909298372,0.6633777906857635,-0.15357540935471992,,-0.43856018798815055,-0.3892595601834194,1.2040645746705272,-0.8436264771400049,-0.9582705160663201,-0.45425463992655357,-0.8875249214282022,-0.3675625567086695,-0.8806401177589329,,,0.771568624978724,-0.26730545796308386,,0.4616283286072107,-0.12894669241723972,3.3242656971135123,0.5203407966060798,0.3095782809404575,-0.7441571114284921,-0.7369851584162328,-0.44398165771314024
2011-04-30,2.1292485148119074,-0.15256614013551395,-0.6206295862931976,-0.5725025014129127,-0.6488198667887534,-1.174394749198846,0.8060350037547539,,-0.8390342218612685,-1.1915107428917193,-0.7601295956218121,,-0.008271952428220708,-0.5942348944962179,0.009339047781411772,0.6729670075277014,1.5707692022664101,0.5637715320145409,-0.8183389504562638,0.17448362434964562,,2.248677606188535,0.5190609058522895,0.4807141614559508,0.04295742898558674,1.254228415068011,1.0453575231148498,,-0.7531279503276807,-0.5536415668250713,,-0.6902307241444615,-0.41164526102071075,0.4376329962169504,-0.3989163621135262,,0.35300834740403236,-0.31321163383977857,-0.560400130528771,0.9966927648242312,-0.997405477403356,-0.6845015440821793,2.105022200222289,0.5442098857674659,0.31388562707379086,-0.2797312904003767,-0.2159095983958355,1.9073976060393418,0.7367490863419345,-0.3492880207569598,,-0.26988016081647204,-0.42339177125415395,1.2108038515665656,-0.963277112719847,-0.9089740290164257,-0.7055729551757606,-1.086126484160477,-0.3588964731622198,-0.7731784845925443,,,0.5030392522121021,-0.4111501412352468,,0.5115697142962539,-0.3228202658653189,3.0360540338640964,0.8437368046193177,0.4069016276926255,-0.7168585446641939,-0.7462201261466879,-0.5127874211792466
2011-05-31,1.1465885892014642,-0.12839210371475177,-0.7240540724534142,-0.43948056604164687,-0.3776536319363102,-1.2103181285591063,1.2512609824540617,-0.9442838185748923,-0.7652152082786023,-1.1522398309423596,-0.43703733836776826,,-0.3770479602462852,-0.7011103327110977,-0.0988048003874712,0.6602419105009506,1.4451511412550408,0.27611153574685315,-0.7891307588758116,0.1317004913220255,,1.1299610805362816,1.1498569409593018,0.359956954736952,-0.05022968583647291,1.4279674028779148,0.1060617891544151,,-0.9209300445735373,-0.5565570574793804,,-0.7713873318017636,-0.198384697026436,0.4781910802635032,-0.4981645073566766,,0.20773351768635726,-0.3782908473520208,-1.0641287135434507,0.7530723745815369,-0.8682807399294108,-0.5165223263515271,3.018190837445863,0.1477104637794601,0.5513492150124392,-0.060010644962080875,-0.761266682875619,1.1401010906746765,1.8740559621369104,-0.2656514254882564,,-0.49478102268734575,-0.6440804914105924,2.1384061447006713,-0.9973438093703966,-0.5601763303137228,0.06469746013767283,-0.8769745125424404,-0.2878974598770584,-0.6638417674413513,,,0.31288226377286554,-0.5041707359374574,,0.8018739783062707,-0.29439572758757787,3.3317710748556677,0.43096199228353715,0.3975712459910449,-0.6069125606236346,-0.35063275217354584,-0.7838594548273845
2011-06-30,1.2586850081043854,-0.20800604147052276,-0.5886690215123029,-0.35538542637083165,-0.2631268742055044,-1.2382218653767714,2.0635803010934066,-0.9326118855089396,-0.6427121920103878,-1.0350386650870491,-0.5445198614486104,-0.9189667165899631,-0.14891024433658967,-0.651095746508407,-0.01790401325851195,0.8869740323648209,1.1373456360472876,0.23597614543035994,-0.7843481695773631,0.17715313948774403,,0.8194990894050714,0.9116810077739387,0.6850779703949682,-0.3286840583566516,1.2987590538563052,-0.0633054000751952,,-1.0454960805005045,-0.5399097741808323,,-0.803525640243436,-0.04483248648217672,0.3240502149299777,-0.3555331667744788,,0.19427476820941564,-0.34752000432013763,-0.984077719829189,0.4633252019109145,-0.8160992109779257,-0.5428866243340496,3.355464771049003,0.07650708839614404,0.4289994953748597,0.19553686261181702,-0.8354669729747741,1.26971694692016,1.929228509820943,-0.29121147615898185,,-0.504641816898824,-0.6151564141557128,1.4895955255603202,-1.3185646345165067,-0.3562067479139335,-0.032432250543322994,-0.7715509434899699,-0.2665379635924343,-0.6283670777431183,,,0.21293453699841602,-0.38312203783627385,,0.7852530421828923,-0.047121248701574636,3.4197368632253835,0.23712371798011928,0.033312666496411125,-0.6480945044805247,-0.3374479608559242,-0.7232566556434432
2011-07-31,1.7790453561937372,-0.09826527877787322,-0.6109149432701905,-0.3935422498174376,-0.32785843263034964,-1.1629277434906165,1.9149000844499726,-0.8872331851204929,-0.47451906508677677,-0.7848600439537678,-0.3082730847166625,-0.7262865724180914,-0.412807949496382,-0.5793368313425495,-0.1893586492003851,0.8423313350539801,1.1342133133417391,0.19777699502453333,-0.7917704564494603,0.39398878610210464,,0.8278179837896418,1.2697013550483967,0.674806621172308,-0.383196207451136,1.0278371699897617,-0.0846659000938898,,-1.0332137499275909,-0.4013764402289066,,-0.8113100280333132,-0.07850004195106362,0.14856181326894086,-0.393336007286122,,-0.10339769800494558,-0.35744268802526075,-1.308774328028637,0.7002699296389249,-0.846644992832229,-0.3337339522971682,3.2124032442935033,0.04959067099384269,0.4675246813574123,0.4435055808151698,-0.8055241648816993,1.2607770263249374,2.558391329924193,-0.10560227277421552,,-0.546644785543635,-0.6738520197434351,1.6488486320175575,-1.392120435419102,-0.21497683072083817,-0.06426601720620406,-0.7691786872551605,-0.5578291290910306,-0.5427017784333878,,,0.06547538540507411,-0.5970760134426432,,0.289663770878187,-0.3476845327107265,3.094070467645384,0.19342423322273145,0.0038352397108877574,-0.7154493470071525,-0.4853753550786425,-0.695981971647599
2011-08-31,1.8718992557256824,-0.15901443913143978,-0.5168457085519254,-0.2560873356067269,0.001782669046961144,-1.3327388829938296,1.3906408338920206,-0.9484329226535106,-0.5502512736123362,-0.9481725758081804,-0.44952593221296877,-0.49502515590606666,-0.3789793218606863,-0.9049677174075095,-0.35583224661276425,0.49521567929867205,0.9182924867697602,0.41590954856242435,-0.8525622739634208,0.9531880325310951,,0.7412075198216623,1.0053146010081115,0.7246129340213666,-0.4163568044799916,1.0029215701192764,-0.1360395644900127,,-1.1464910489022966,-0.3024762083867819,,-0.8370421683729892,-0.18735778379656312,0.14689872942804205,-0.34717799907791136,,-0.20983671088009703,-0.20677587712440912,-1.2577538623003492,0.8437874525186946,-0.5958351239789872,-0.34287216610104887,3.2657151311670094,0.1365292760917152,0.4896064694549218,0.3937384762077793,-1.0309474971871597,1.8854906358442047,2.7250777674677313,0.10385238930436323,,-0.33694041714622147,-0.8277166991890188,1.3551962691018877,-1.3581912655298702,-0.2787250159890081,-0.06353003634476885,-0.7896214413748683,-0.8734329187682899,-0.4201806830118454,,,-0.1517943257944075,-0.7106245965273581,,-0.02553328693942354,0.05555262746510636,2.919360051394948,-0.005904486428682784,0.47274247132616687,-0.6590312831710817,-0.47720015642879554,-0.6905952954447522
2011-09-30,1.629692274093895,-0.0662427990873724,-0.3576634556731132,-0.1496546040617192,-0.641561922455117,-1.2545836891333075,1.572172135542994,-0.8944402944402043,-0.44652128837138494,-0.8510835392188266,-0.4748542542041213,-0.4644144943143184,-0.7630958766714384,-0.8711193909809646,-0.035952507258217,0.43159751832843973,1.1781563169631546,0.6000921373538528,-0.8239857581743439,0.6500764791794598,,1.0338631661454927,0.7946684229161619,1.1192519365287483,-0.4784174938734045,0.1533418906924339,-0.15097605871769132,,-1.2549809129222498,-0.3398305416145126,,-0.8334584339821249,-0.46023450041939873,0.4221865059918801,-0.17879768969629273,,-0.2667168558873804,0.18108788232571837,-1.319450885171152,0.22304847005719836,-0.6547989088984152,-0.29069900873923815,3.182055449189015,0.2897277970238946,0.46705319907878484,0.20496243831834676,-1.005963056756437,2.3120234275073672,2.461994526743677,0.0926324586929072,,-0.3132908443214554,-0.8046463893552495,1.4995748773294406,-1.3304542246355573,-0.29466219035945224,-0.19517334076555504,-0.6167839154402008,-0.8350620046837588,-0.4201290914906821,,,0.027094541344042183,-0.9906500489667053,,0.040713312764627904,-0.015665910546529327,2.891846471623782,0.23508860734631823,0.5193789768605673,-0.35918400349850654,-0.4924470866195617,-0.3994274365756707
2011-10-31,1.7285812955088793,0.012474496202662555,-0.5747419962803019,-0.139064674118767,-0.6796809635947227,-1.1678587499380484,1.5679001109290613,-0.7215991433467799,-0.42098839835997026,-0.89406313168922,-0.07680168880144957,-0.44092372612331193,-0.6816147961408459,-0.9187848432190107,-0.056877089449248595,0.31771008201572926,1.2798294363716591,0.7926900598643773,-0.9244890867562963,0.61876369774398,,1.1765787990213121,1.5031249062369276,1.0661900411295313,-0.3884364070851289,0.16862623707524033,-0.4661613982999111,,-1.202690652254799,-0.26965614652561737,,-0.60375889448978,-0.10897449608712576,0.5628176305481192,-0.5198716818526896,,-0.2603450360897841,-0.32873707167397104,-1.3235600663725204,-0.09179868843017266,-0.7776651931814944,-0.3302693740336183,3.1490303853074697,0.08830218046571568,0.8717553468316139,0.16396806219107427,-0.9750354023617838,2.6317611729425963,1.700669044356522,0.12152346056176583,,-0.43052419286452936,-0.8746103479469689,1.3515814121837493,-1.2883027957018909,-0.6101866712234508,0.459526563920557,-0.5434354173674909,-0.9481013888562143,-0.02898798249178567,,,0.1667398599773029,-0.8121267295923625,-0.6827969061420728,0.05351871504536787,-0.02913814825747557,2.553136807123763,0.5303788580421427,0.5874693263301667,-0.809836365174281,-0.4900000350000294,-0.8800580823430586
2011-11-30,2.5091420070105377,0.47669793905213,-0.41117223555484284,0.34203793714700526,-1.1273881820019707,-0.9544215537113436,1.7354828436946326,-0.7814451539137567,-0.38958991025325906,-0.8781896270934741,0.2540377973697764,-0.3272794375357275,-0.6726136360261115,-1.0644238117742746,-0.20102505855107183,0.6295210584038511,1.0450991389838546,0.7602787647689444,-1.123585432679635,0.5502723888091554,,1.198654580460932,0.9632728429050446,0.4183319628032548,-0.0614470572232353,0.40083939246637673,-0.8344330813294434,,-1.4602194371652768,-0.26146053788588053,,-0.3045721585232501,-0.21794421905163755,1.0423544559099602,-0.35793551219471353,,-0.5422407935755628,-0.1862561937461545,-1.5202505939284978,-0.03554706142439941,-0.7543542313692315,-0.30045934673728386,3.082188255825472,0.13642407636870996,0.3300315284954289,0.23143036588355004,-1.0094248077406287,2.576429468677048,0.9104541760739835,-0.047369414335539914,,-0.36164447832959473,-1.041080186597104,1.3004320533724814,-1.1971001564602848,-0.6198704111429894,0.3970527209363417,-0.3068352443690494,-0.9553413268681713,0.0877518419068088,,,0.19693986191378698,-1.0772404007409682,-0.6634102879926608,0.23936368350605397,0.16866688366639349,2.2615423044957104,0.6824077443811729,0.6956289284256967,-0.8528861752722584,-0.670973982246175,-0.9238171315399064
2011-12-31,2.9311036213217125,0.5630555824302166,-0.49115057467564627,0.21737241641544308,-1.2500522373467962,-0.7019219347682495,1.381314664334351,-0.7435892624850071,-0.29278435320625207,-0.9296541951644492,0.4016881971833338,-0.356334070251517,-0.630024481743027,-0.8934533197760444,-0.07303779989102534,0.8569567552532311,1.0548760562033432,0.3253207521477212,-1.0165500673190802,0.6892388744538194,,0.8486961098010837,0.912416395727321,0.862057966445166,-0.06557485564433685,0.19289561937406746,-0.974018216948996,0.10712204938714825,-1.3767841001682326,-0.4147571706625217,0.037352647701774655,-0.31026288340002417,-0.012304780253137415,1.493288539293894,-0.2411204375501998,,-0.475994318740007,-0.24233728381927738,-1.500808922022264,-0.1537048761776091,-0.8198438209404345,-0.3640440477406553,3.507800872683939,-0.0872468629584192,0.185796339294966,0.2092931245160701,-1.1946723008714466,1.9516863370712212,0.7673150609805184,-0.10051315820079729,,-0.29092737840530764,-1.0230944196939888,0.949702108984587,-1.1806955242859203,-0.9093940984049746,0.6050737798819821,-0.23999961532515046,-1.0743417156719783,-0.13074755294893067,,,0.02453967673891161,-1.020268644591476,-0.6039509023538238,0.010724859634277703,0.2876435842015151,2.431041963750405,0.728183259250031,0.46621754376540236,-0.8577919193048555,-0.5470555104467041,-0.973685935285177
2012-01-31,2.532380064921068,0.9210448404205387,-0.2640967224906152,0.3031891259908113,-1.1394598402384537,-0.9973897371347755,1.2333409097291985,-0.8575522911960056,-0.3397199094167464,-0.9867403845009524,0.2583506857372641,-0.689624125948066,-0.35294473962046147,-0.9808007650540728,0.3378252452269423,1.0579565301186087,0.8144681721734821,0.3927666673826068,-1.0592056404857995,0.6459020446739396,,0.771311547600626,0.9802299662757645,1.0596968787350205,0.10204736630134187,-0.261292270642676,-0.5288904747790217,-0.06364955583045484,-1.4495094566895084,-0.6450150644489709,-0.6531323086582315,-0.3049915162188384,0.299788197925678,1.442926352021031,-0.16795007244376128,,-0.5504966936656791,0.06802761517010802,-1.71487278795739,-0.1637471038125275,-0.760785718911709,-0.35645306882520456,2.5445947738840227,0.5640303682410124,0.37423480154681604,0.1647621841388098,-1.4962044317489724,2.473762080695426,0.6408008579022767,-0.22181732644669527,,0.13238021347425805,-0.8953828351722791,1.454247860999753,-1.248330104779472,-0.9224502254484264,0.35636968003996844,-0.3005453729246664,-1.1670264659276839,-0.04341302660849619,,,0.37371069004792457,-1.1047121377401399,-0.8762754101336399,0.3949616875636413,0.34166945764452344,2.508237610592715,0.46588985863246907,0.2487250766575151,-0.7622299053575583,-0.46843956427231837,-0.7978392261007696
2012-02-29,2.21995721230183,0.7599355805505632,-0.38532470794681883,0.4385343752320474,-1.2431916679811943,-0.7171585176081621,1.369475759912402,-0.9650488716945556,-0.015165144263258212,-0.6952645263008141,-0.2806656792660447,-0.6125247560582565,-0.04132756078396074,-1.0902893998551753,0.4886432432711625,1.1780265337103555,0.8051428578813842,0.0898305074728264,-1.0489720278126513,0.9449107640608256,-0.6988326056728311,0.2662334495148362,1.7270392667694061,0.7163977383239459,0.0033768192747994953,-0.0002705736051918095,-0.4866126793283045,-0.2104456861092354,-1.5288144279425793,-0.523108603129753,-0.6057752037394426,-0.23403428310656324,0.29663572046997444,1.3355138893658047,-0.3309905175180295,,-0.6922118564788643,0.06042033016306607,-1.7398951806848855,0.6217103580541196,-0.7286012225493403,-0.3359582332381873,2.2250605969568307,0.4596268383301587,0.3565050780488639,0.27870996048280694,-1.4557008259660418,1.9990128374900151,1.108453215260825,-0.25634236721309295,,0.3998013631783698,-1.0091023429731267,1.5480057011568908,-1.4264860807436839,-0.7461565849521794,0.9624425688347621,-0.23235058101026307,-1.035860918475949,-0.0027313239063146977,,,0.2610936886625919,-1.0592103477591135,-0.833924549015,0.08405203200781144,-0.22559527233632878,2.4914776933238194,0.5531812689913799,0.19296512496357845,-0.8502439870718913,-0.4563569500924104,-1.0144051705863173
2012-03-31,2.5697287685261623,0.566920843730681,-0.40713064123410025,0.7438946934925206,-1.6700294181743363,-0.5538397107118431,1.4658132809793878,-0.7543106462932487,0.5260584894790282,-0.6590682024436446,-0.2052941344933389,-0.5280719817114361,-0.08535580848245289,-0.857487838323133,0.5247210034072839,1.5984213100364841,0.42160425048760336,0.27455039836855966,-1.0358233259425647,1.4784688818527691,-0.9501726139781677,0.29316361202814367,1.7348407009783409,0.6735789283076178,-0.04184972811459953,-0.4414285745536893,0.1258641203317048,-0.27417824348616354,-1.2286034996073738,-0.43426453776067186,-0.7432003034826337,0.10403674096356116,-0.34603367074918046,1.3772562861777813,-0.0978613029752834,,-0.7969983983648814,0.3077699610621607,-1.5312318946366288,0.43305574299761374,-0.5180547673364406,-0.2563994151119878,2.7866494240743283,0.35601489484802173,0.36026478560296715,0.3393651539567396,-1.5305888481936882,1.3511614510888155,0.8622919411366886,-0.22005134242919105,,0.29255104144129684,-1.0510992126924188,0.8432128396918908,-1.6593839868518114,-0.6878750505308541,0.7319311250719096,-0.38862174077659184,-1.1072875010369962,0.002898504929686657,,,0.15172168424379356,-1.2808072487583004,-0.9246862384963731,0.2335640965762662,-0.2505136154484514,1.7018216908994916,0.5692776307771108,0.22228441085137637,-0.5680765841828945,-0.6699473407633355,-0.8025927131196876
2012-04-30,2.4950854661274677,0.3915183171689081,-0.47396461854634475,0.3640673171362826,-1.36132722370081,-0.37646138720364863,0.5416931864907467,-0.6818264564525587,0.5280353843225548,-0.8265162238934423,-0.24655883442184073,-0.2830026285977516,0.12012558712952444,-0.8794009168162815,0.2130109127223012,1.205962252779118,0.001517992492880288,0.6896416804189016,-0.7983124274229002,1.5966438253709576,-0.4556641901742238,4.056711875177426,1.4547695649918158,0.6150660791803865,-0.23249434690212692,-0.9029477968808923,0.006523374930517162,-0.42825685035235694,-0.9258591660409834,-0.3336046907996144,-0.6567531914530911,-0.10739438687356098,-0.37515992419381744,1.048831688376662,-0.4471558246814874,,-0.6142594614911079,0.02974557982218417,-1.370757686689134,-0.1529939378689632,-0.656102230753381,-0.27802889112157214,3.248890159659756,-0.20443271487865683,0.30615363300807824,0.34344833403186537,-0.8697309687497741,0.9683556793843384,0.9678287485440203,-0.4492538494125655,,-0.07331300072774519,-1.017557879434277,0.15431254332753555,-1.3554942345386876,-0.7510811092802614,0.7588480498892379,-0.26613781175301665,-0.782719670304646,0.10266869764299044,,,0.3974031300864309,-0.9335430371734073,-0.7779826885418077,0.19116550559020662,0.4062479740149988,0.8431326717790958,-0.16400728405377,-0.07759429701281514,-0.6221054514292368,-0.5432286029054421,-0.9148769603673426
2012-05-31,2.00086983133818,0.1487588467450044,-0.6237759968168879,0.3495025984065419,-1.507000490319251,0.10330467127019322,0.334134539139165,-0.5909848607141649,0.5974509716638379,-0.7955231115806796,-0.49332853778922636,-0.057110131826523525,0.28163352218637144,-0.9543853572298928,0.531840744737256,1.050919997595613,-0.28668063556968226,0.663769930885955,-0.7179702095382264,2.1065525114021724,-0.31728348581404775,4.0991337316535486,0.8287014622762646,0.8437900708954145,0.25930428488717105,-1.2886953855046555,0.34348618465826164,-0.29286382538393757,-1.0536611693229085,-0.47426543934919607,-0.6956113639532505,-0.3300684232433537,-0.40116770746258346,1.3862790988204923,-0.31315177368333585,,-0.37231483644205726,0.19541342973104026,-1.2837193682932329,0.5592240468998337,-0.6290661689206288,-0.4262596976676478,3.1025051356527236,-0.22750207274054077,-0.24551318365588518,0.20348915070030282,-0.66987794626141,0.9856875066474404,-0.027776882069361075,-0.5673223963117578,,0.42212571917385655,-0.8142866444979625,-0.4891178226743375,-1.0853570040828409,-0.6797105071814502,0.7384371149364637,-0.35452252327065975,-0.7864462239465202,0.04522923426075938,,,0.05067518267198216,-1.0963372608853517,-0.5548499296249964,0.11231709032136969,0.15334098869088664,0.3192253845354627,0.07205441880902898,1.3318862523104964,-0.532886735615243,-0.7677426972673618,-0.8529012231086815
2012-06-30,1.995490896278516,0.13691824658050508,-0.6102383722174014,0.0881871135757725,-1.6431521933234357,0.2135931824457707,-0.14082408793707973,-0.8186787917768534,0.3868725480829988,-0.8728978933940321,-0.6848007139481422,-0.17512834317236436,0.18294912257235918,-1.0682234716438068,0.864023390013958,1.4030133715353608,-0.407176730428889,0.6482113098103431,-0.809477723563837,1.6951845552378582,-0.46048824622654777,3.501253730842647,0.6727404740380867,0.9060359949359945,0.0964767881625571,-1.313991312793489,1.3598543876795604,-0.800076171596012,-0.8282725039643695,-0.5864742446893279,-0.8364561806252955,0.07993140311445371,-1.0229287963568372,1.2656532439961345,-0.15919588731993667,,-0.5290142426988987,0.598515441915471,-1.5135408333329323,0.3447180050424912,-0.21045704573659602,-0.35098151668913163,2.3970125511914775,0.2600212156634364,-0.4454735607634294,0.611085775945081,-0.5263058049372805,0.6925816767083957,-0.04191573114513991,-0.6042423719026823,,0.26988161755274187,-0.7720150719636217,-0.2121268962275628,-0.8707077560065981,-0.6935506172586547,0.8716545371202945,-0.3034032290685248,-0.502159170073182,0.5556005484111312,,,0.5736007371093492,-1.4269934765750616,-0.6576583266186804,0.3130687528262873,0.040838956083854794,0.4443230405657163,0.24677054181523878,1.6200867071958585,-0.11686285843220191,-0.9099450556556572,-0.5646848559435795
2012-07-31,1.362699919992997,0.15377873214620308,-0.6756344466892883,0.2242406548875013,-1.8446282432867984,-0.07987276401859339,-0.1978932583966837,-0.6401403290300696,-0.05756648652073523,-0.9478558480631938,-0.9354216858966847,-0.24447658080816473,1.1430308398359035,-0.8178128114279597,0.7593640769678351,1.9626852522325233,-0.40619223248489794,0.6517517077873574,-0.2703695520765646,1.5638742813263145,-0.46414480892292515,1.9641949830397494,0.2634212928886461,0.6907719988284412,-0.15660284878064945,-1.3541632040807947,1.7783342505730566,-0.8370172347095128,-0.9116181190405463,-0.8949931918359086,-0.7565266862152501,0.4105148336550645,-1.2311855972951333,1.5855894590968105,-0.4164235548137547,,0.16544189608077264,0.9720832803289534,-1.5267124436726962,-0.01577494401413601,0.06596257728612318,-0.5607790189735691,1.8392962827152624,0.17174576421723248,-0.5654569536233696,0.8452904428955933,-0.5402720486742488,0.5151306430557887,0.1579640655400596,-0.8783614644331041,,0.39215264832823976,-0.5850672286675619,-0.7409598221191958,-0.04602087458783799,-1.0045612740445418,0.801812063141141,-0.10047239877491831,-0.12442620255896272,0.4890909545399429,,,0.9202431595173886,-1.200305378174432,-0.5915545544289683,0.8332298575390868,-0.001588592604969033,0.8199008516351531,0.12186509202908574,2.064398433800903,-0.19110967255650751,-1.1929845240777848,-0.7165646609211284
2012-08-31,1.1139777827026525,0.14852213335736705,-0.6388227616454349,0.02586925338755633,-1.8959005127577586,0.552977111088893,-0.04082726797749309,-0.04309337316807954,0.16530093775932714,-0.19761784347923883,-0.4604286367031505,-0.622195402421401,0.21297864699721752,-0.9319520957485738,1.5149613541218656,2.3543707799947358,-0.3258619866490522,0.07417509280405468,-0.8102896852692782,0.7063338528889413,-0.8004885065692183,1.4261095809854125,0.3683399432795611,1.1914301356708443,-0.13853506504717272,-1.0783392587811886,1.8208010326324553,-1.0266085314748143,-0.6118109208670933,-1.1412312090500045,-0.6651590589335362,0.15996455294227582,-1.1835714830271276,1.5122364930887864,-0.10140492196866122,-0.8100605685364841,-0.4631061261438735,0.8950612874497033,-1.631590490599737,-0.066796878623821,-0.036548161552570034,-0.01651030730402657,1.672054892925952,0.18358005146860112,-0.6330804302376807,0.8878506389645155,-0.34047642735566236,0.10971188170231294,0.6097886302445318,-1.165153880121606,,-0.027347848872344618,-0.3040558026166305,-0.6938901212228002,-0.02515193093356155,-0.9015056070958718,0.3684779046594743,0.02678301642796227,0.2567858214922918,0.09105375523728497,,,1.2056665847284136,-0.9353585224398865,-0.7130030171732167,1.106032205259665,-0.5692490588004204,1.0558082394535309,0.3595476221056976,1.9771443973600682,-0.02599107120287371,-1.2644507861352388,-0.3201269298853385
2012-09-30,1.3184889908962198,0.3976211470493007,-0.8016578024142854,0.0581854665526708,-1.9031477160883714,0.4205375519491382,0.054078969171938496,-0.23357192150782505,-0.1544081896414311,-0.2688493459218783,-0.09816782725290402,-0.7007190403890944,1.114332353511053,-0.9470762192400926,0.9906741587175365,2.4014418663423305,-0.7993335469546059,0.07211616830662607,-1.114895549647116,1.236671367251734,-0.7398731670341472,0.8461093769680783,0.39964199674420536,1.1807113059203465,-0.2559599763569928,-0.4413113043678689,1.6199368000129946,-0.5563181238883,-0.8874005520989997,-1.1149625136827028,-0.7496265263823149,-0.29216880082079805,-0.6751171404110772,1.6900146912426501,-0.41811433334369635,-0.5718887451468895,-0.60446748714235,-0.17694066622448532,-1.7007846053694693,0.4564932665930894,0.0997852419553334,-0.10337410745687925,1.7619391494909293,-0.08214691340510494,-0.5292984821708697,1.3611626218894268,-0.3053248646326294,0.6901703794412314,0.9020624756077424,-1.1205725586793303,,0.10092368496486698,-0.2433868058667864,-1.0827784251543524,-0.041315968826181104,-1.0131170278213975,0.2788801854928565,0.08636213836552453,0.40010652633729116,-0.022030006973389603,,,1.204533923785532,-0.596576513111415,-0.2614937614416253,0.9551545969063919,-0.46836343417319415,1.1348995295766091,0.09397474373280039,1.743627291310501,-0.5198503785196515,-1.4624469986832258,-0.5460844522773615
2012-10-31,1.542311032707396,0.1453371740742523,0.10600672887554125,0.39337869376399914,-1.6800534084894816,-0.011076198609063836,-0.03269315635901093,-0.9071311812891365,-0.03546180010067598,-0.2813344798688976,-0.31962549699898707,-0.7919225326567116,0.49621644784226815,-0.9484317593755385,1.9293239805064886,2.346685656325394,-0.6010318911310071,-0.4529049333259028,-0.9571396478014809,1.288282706735452,-0.8155905191283614,0.4703066772063346,-0.21910072720257903,1.101128680196842,-0.22972970268303716,-0.5319527837246871,1.9964455242807215,-0.896673080175438,-0.8007160431752737,-1.090703704444604,-0.7304066068586372,-0.49035125151969317,-1.1270668280707743,1.2431347661391137,0.3194638782900687,-1.1469691217289704,-0.7839396837850645,0.617837238838248,-1.613939752754872,0.8138782595372935,0.5746617816305625,0.05816309340008181,1.225562760460627,0.6990177492965601,-0.8564906519643884,1.6032174756985258,-0.5760979214518002,0.3175490481710714,0.8593755200904665,-1.0996566805412253,,0.8433009723709883,-0.24284886464957645,-0.804640004954152,0.31730318739463714,-0.8995410213976378,-0.34594585001363665,-0.2463555703494585,0.6955795024305654,-0.38962517482172854,,,1.1854147112654303,-0.9401659177971051,-0.4042345991989664,0.7106380926684119,-0.5522063927731621,1.0648758691518996,0.03798641316199261,1.581382488178415,0.15120394589992936,-1.459074477381432,0.08113381309981804
2012-11-30,0.8722499190176934,-0.3310825121494125,-0.22232860765734985,-0.09873015476199921,-1.4362701189950724,-0.3493808293436298,-0.04157284002580863,-0.8207925417825821,-0.12084017436689788,0.2471384273820622,0.5488906380483027,-0.933530235580309,0.13825472063491268,-1.0552087829718095,1.4666700091406155,1.991510135765564,-0.4206746370007733,-0.8525774730002347,-0.9431448928044069,1.0003195827885938,-0.7843430725515171,0.477752378481787,-0.09824339850972862,1.3536222553685475,-0.5153026178646051,-0.8672953456931836,2.5722990492064626,-0.9226116935034525,-0.1198126610250082,-1.161342525997547,-0.5609521119587803,-0.6378071712531754,-0.9022424451173247,0.6883019804026295,0.06352901181782945,-1.2568531225053161,-0.6164171506896488,0.8257299023471725,-1.0658792181375014,0.6062651716758289,0.33894972148051755,-0.037659477970045506,0.9891400649912683,0.3675444464820903,-0.6066434468753633,0.9451602244400825,-0.5523246414510212,0.2435138447373722,1.124502828730175,-0.7590190951224456,,0.601318397523154,-0.32908146323065224,-0.8216021813091803,0.43090170969206615,-0.8203510930609224,-0.3635406259836962,-0.5732709392593791,1.9775923465480896,-0.4495411008582126,,,1.4991814539364738,-0.5017694502388634,-0.14452914679722795,0.2676748927539635,-0.821059641773221,1.4974141626686945,0.2573778085696608,1.8477711341696237,0.3494799108014608,-1.38573420720047,0.21414924194042473
2012-12-31,0.2992078714844026,-0.7263566862618187,-0.2511119887228905,0.32161371285980855,-1.2515535548880854,-0.5556779389455584,-0.16577446183193428,-0.4667831465322368,0.25396247032545727,0.1708106124508191,0.6178889008016744,-1.134245506012039,-0.21209864246699345,-0.5064466048134043,1.129290827418909,2.200302175665118,-0.43488503448401394,-0.7819086231332962,-0.7973958328946182,0.687963774184722,-0.6438119706712376,0.337345428214712,-0.22788527197170144,0.7601573909313906,-0.4701155271816989,-0.9342337111213301,2.9488198311587164,-0.9723381378139225,-0.3042915896457735,-0.9979346795494681,-0.47191314282130864,-0.4735785634456622,-0.874980066698616,0.7026759634100597,0.045211331246675146,-1.0865099568885874,-0.6528915134829819,0.5378492858707509,-1.1660150906865017,1.3049029947948911,0.4125130974830808,-0.12196853325763515,-0.04528490859261025,0.5979524186792428,-0.5500769532401607,0.6404668300143485,-0.246478801174294,-0.2200339651577764,0.9473617630172895,-0.15022962482985217,,0.4219724318067014,-0.47498644652652416,-0.5208999134698913,0.5302595870023706,-0.4729257299347,-0.6110971664643512,-0.5666378968398325,2.4570445582444167,-0.2583937673723485,,,0.819159943479995,-0.4878102066267931,-0.185949424714766,0.6472166987832572,-0.8545860059281181,1.9529389992846478,0.13411542846894184,1.6132948447482782,0.32931573147536664,-1.3465724856258927,0.40832353310961617
2013-01-31,0.3817671053698311,-0.7289162927489945,-0.37862827211683076,0.8154317998471865,-1.3777169845888633,-0.3960707026500652,-0.22350075201949574,-0.6248359943635975,0.5077813983690975,0.651808454316761,0.5896337018745197,-1.1220073608276322,0.09309918046260707,-0.4907019251806182,0.5520393128097236,1.813712654940486,-0.27067917867186353,-0.7682637781254533,-0.9301640898719071,0.5472746845095957,-0.8264319425555485,0.2134168344436358,-0.18243624111130038,1.482744148361363,-0.2454540129268027,-0.8573036103906175,2.8471153270020384,-0.9041547369932046,0.07491572316327305,-0.9441479185714754,-0.5524957400433875,-0.650775099198937,-1.0348470516598596,0.350330280845767,-0.22546996240147335,-0.9796936324133503,-0.18324946741774834,0.194054100386073,-1.4647554203620392,1.5074108268371238,0.47514489965156037,-0.05583985220632301,0.23189337688265388,0.18076945510312853,-0.69860212378912,1.654987519689917,-0.530717390675938,0.7921157844902118,0.6171794018971107,0.25626524976081017,,0.2090814708147763,-0.6773081057943691,-0.7683693160603187,0.6367033833079351,-0.7235849461173615,0.1047908554145175,-0.741491484817147,2.4852406942312033,-0.4667383003080363,,,0.44580270754529366,-0.09957834420938352,-0.312251285363848,0.28920747660866936,-0.8318706623334852,1.1602118873741318,-0.11853905018004622,1.8872143626031694,0.4643162416257304,-1.5373231991160308,0.0016872419840248398
2013-02-28,0.9961422272267733,-0.666708650904329,-0.44769441655341585,0.14793115412200497,-1.308190144587983,-0.47688308969028137,-0.30361958537494793,-0.6535643126787901,0.19496767102587165,0.15985634107256796,0.9384677401443606,-1.1707840978252653,0.3276351423007683,-0.4495955320673919,0.41654769427208926,2.7635739057616067,-0.3358187557902014,-0.8147458166896633,-1.1552402612380126,0.29883864288442746,-0.7943808504696139,0.10245949848202263,0.6187343515409222,1.4551247830965672,-0.1386953849755843,-0.9972338962525789,2.359408457692362,-0.762366270458376,-0.2075860362642286,-0.561760462228481,-0.7153438804492043,-0.4765780813879831,-1.205878830531548,0.509575615879118,-0.3090066191550292,-1.0835338748581265,0.22392387368845096,0.2572251674427369,-1.4806398723256837,0.9497018831141513,0.2075963117137539,-0.39919817868382257,-0.43428299984292823,0.215575767435081,-0.7312404181520658,1.3003341148559875,-0.5655432732612509,0.7729228809695426,0.865895529300527,0.16791554420086702,,-0.10259157005100206,-0.7087052743210981,-0.8078933179942706,0.5917391364871496,-0.8402850310790166,-0.08345009374404463,-0.4410326814855149,2.4779525036974372,-0.23300557265695146,,,0.6866192741697896,-0.35268393244747287,-0.36343421555258154,0.36397963837891134,-0.6528007656009251,1.8449427971714156,-0.0589754061797569,2.4902577962132084,0.6475487465497903,-1.5066089544585854,-0.009943798872894843
2013-03-31,0.9862830663796074,-0.41872976347450214,-0.27575806389010876,0.03650125894323049,-1.1420871742249212,-0.31548891710579297,-0.18422353727371987,-0.8889514063956934,-0.049511701387967906,0.13421082128775869,1.0102157927043662,-1.2400323891843246,0.32305272104060023,-0.5570984452386956,0.6817409218607748,2.0956858843740256,-0.14151916028200626,-0.8429811681138872,-1.1993283962348986,0.03070208986385034,-0.7938179414240358,0.08986574734915535,0.19967216547528854,2.0251236681003943,-0.18338503041287185,-0.7704423176040676,2.4745226293560605,-0.7471107815781288,-0.6171283735579488,-0.47775484909698246,-0.7820922896986175,-0.6825261352912785,-1.0133072609718676,1.061721764533048,-0.19216783866199794,-1.0655308002516648,-0.28169478833727124,0.25727445276228506,-1.5711396778955677,0.37972619521060513,0.17539085689487938,-0.4181406645745095,-0.9766930507447711,0.3743392067911887,-0.7445507129940765,1.1175893117045046,-0.5400586549121013,0.6727534630021689,1.4522047953662507,-0.02813971998028983,,0.03970438544488766,-0.6482665649996175,-0.6607557838146956,0.8349196333979689,-0.9272220325896827,0.2068893166396203,-0.42332659510846316,2.2404045450003514,-0.34557309461133723,,,0.9789196149098415,-0.388795930173359,-0.3795931058677733,0.36013579188042133,-0.5572007422109913,1.900193298299417,-0.04181811987693629,2.8509049626686624,0.3972356685619478,-1.35648418292978,0.04203768885190737
2013-04-30,0.5577308534803347,-0.3885640257348981,-0.2255099820294226,0.0670300754685694,-1.1968416756124143,-0.24927766527027173,0.061686977454112474,-0.7855624532978704,-0.3169243070595538,0.15352402908225496,0.9910278566804649,-1.286657159563823,-0.014477657626662643,-0.29879478370311385,0.929129754118966,1.776809730276261,0.07455161721492291,-1.0338040182135755,-0.9279915863283466,-0.025663027890350742,-0.8510018577262504,-0.9823139159693582,-0.24635499830856258,1.3150297737587993,-0.07678599956720135,-0.5777218864579212,2.608895793368987,-0.6895363329225649,-0.2758583118311537,-0.5184151690649983,-0.699484124388329,-0.6671475940638674,-0.9624523804925127,0.7440975421683141,-0.011734960758107399,-0.8440775684615393,-0.4785595038098625,0.2981351558608167,-1.347183795657656,0.7269069098921039,0.2616231072246118,-0.27293052230654274,-1.1065625770121508,0.6015194817936368,-0.9762714344591409,1.7128971258670975,-0.5786793771883669,0.5684109450904318,1.8678192916819665,0.005937231701327816,,0.17518442640380905,-0.665282547955918,-0.568985593415612,0.6912451491114873,-0.8497189097443946,0.1063393161995697,-0.6079002561753489,1.8653620948543053,-0.6687334371359146,,,0.7843464001120121,-0.6248625716741015,-0.1256365136885379,0.3448416699874226,-0.39505719730215694,2.2445841802112274,0.025176755510182093,2.9591986188910138,0.7662331531792911,-0.9662691799988048,0.1338744762113707
2013-05-31,1.0056265924206402,-0.6125040253325039,-0.3322691853003595,0.5070422170098594,-1.1685031072396694,-0.13081029320713772,0.7905314380497226,-1.0261521128255866,-0.09255726208454833,0.6728432927418674,0.7563645346699612,-1.325347488034951,0.1088394648673409,-0.1235514017787273,0.7508935003762893,1.3711542799975467,0.39466976005452087,-1.0687974638740505,-1.077154168733205,-0.3189572696893299,-0.8146698000496377,-1.0062492336301314,-0.15687385271484414,1.7051122406852008,0.3954733616902013,-0.8553413078090255,2.469351264714664,-0.6390434499727823,-0.556653641605468,-0.5872097333148187,-0.6258876785340892,-0.3330358066585749,-0.797301951544785,1.073793712877486,-0.12348827880479818,-0.62298168119343,-0.7559411323554835,0.29373741212248994,-1.3626150010098792,0.31680892667166216,0.21993940952450264,-0.13419225530256582,-1.4813351054600425,0.5364506271283129,-0.9654959118655988,0.7410465368111447,-0.5780395010136633,0.2310332543901082,2.8428738661413355,-0.06057325358034274,,0.20294088017362089,-0.6433433130158568,-0.3721253780724333,0.12257641310885647,-0.799781791566669,-0.16107507557452758,-0.5486333234974573,2.4626110691023095,-0.5465567636138069,-0.37393141138386976,,1.4914687634891213,-0.36823475991042737,-0.24605357462540056,0.24537860032712336,-0.6046286786587186,1.5853449161556301,-0.05856197161889127,1.9266798145587383,0.42713524605272024,-0.8467990899869766,0.17806897895838233
2013-06-30,1.1871306261880354,-0.18350383870847675,-0.4854909863432522,0.7132235106258381,-1.4131365430893608,0.40231974605112764,1.268121906468315,-0.909138414920864,0.3004684316394536,0.3513961478903313,0.5511866934099626,-1.2946676305239522,-0.21262170246804454,-0.09852568485738167,0.5745894287420192,0.9777687976816405,0.14600938222816115,-1.2960158339896464,-1.1390538308533267,-0.0800664255189579,-0.5089983912428603,-0.5773360570830657,-0.3645945057122578,1.9180195595040663,0.8898215792594046,-1.0179989012285107,1.622627594837346,-0.5151850346537942,-0.5355500393735192,-0.5936990973195693,-0.5064350702688111,-0.4098944410195937,-0.6230180849504703,1.3303498776414404,-0.36549634567129596,-0.35554873771493045,-0.6591642279553254,-0.25702968531496967,-1.4392626455556514,0.3307053945081693,-0.34664769508025584,-0.1411583816958523,-1.5095135398678408,0.15932661696619513,-0.9474067905753667,0.43508201495771054,-0.8058966132353289,1.2666654055644577,2.5410436016657636,0.012898698725500798,,0.07657179262984493,-0.8777748279135207,-0.6362337270801768,0.5802704284064395,-1.0520338648881817,0.0076760550606385924,-0.375899839265695,2.457511130267646,-0.5461910795075241,-0.21033416036371014,,0.9852941654046878,-0.40011440789800595,-0.26870934217457343,0.0026903778874740325,-0.31722264374550646,2.6590202935557965,0.030893526067944856,2.2447944600477525,-0.20357855009443415,-0.6380902834112053,-0.5048521934981975
2013-07-31,1.6207754189465033,-0.31098121594382755,-0.5681329839480771,0.5473987937782481,-1.4011097131094177,0.45932797315175566,1.792624402243684,-1.0393194226573708,0.44773447863931104,0.36311909431890077,1.1278129836723363,-1.3496306496799322,-0.7611309486223603,-0.2000318080658719,0.787232955371903,1.0138016014765596,0.15152794504685124,-1.2983302798227818,-1.1679657012846905,0.14386782992145755,-0.6039112387871045,-0.1759705209210687,0.07667478135782974,1.9628828133666572,0.4846291724036005,-1.0830999498492107,2.146663746383021,-0.3325915963889713,-0.49779403864704297,-0.3606317969844594,-0.5520523564034746,-0.11033673983265299,-0.564744566774156,1.5232481838611385,-0.5430280115957484,-0.2935605643741576,-0.5057983521105369,-0.6255306271348656,-1.3953006811278126,0.23168884250562377,-0.6768971120823304,-0.06752626818781067,-1.5896413230576707,-0.03521283921754677,-0.867054051469645,0.2635001855685433,-0.7159362165800464,1.425603076426744,2.011987633719702,-0.0032611079418442407,,-0.039057191153988424,-0.7521515915836627,-0.23350005448723438,0.37853026646501403,-1.1752555234950037,0.3344486154900121,-0.3717584187945325,2.4849909554769454,-0.7280956172530743,0.33368172458014217,,1.2363237195037278,-0.589237844013683,-0.24377487229933936,-0.11207547602340029,-0.3486530332448594,1.8805626129527355,-0.31680844803869285,1.8143978500011908,-0.4764845355055193,-0.7191019309154971,-0.5127820976283438
2013-08-31,1.6523300698964958,-0.33480087836534445,-0.5490284505302119,0.7387055746920225,-1.461024050776599,0.5337226551906548,1.7704016739261355,-0.9302411902791944,0.28526155862674796,-0.12150466655183101,0.4819461583068447,-1.2862886949029235,-0.15499190381643269,0.37059094224307865,0.26587886632907165,0.6152469427674006,0.20934792993135065,-1.4871112143226788,-1.444188611513551,0.1295555644415794,-0.32298773094610583,-0.013008227376229226,-0.18395108112596847,1.7879755202664551,0.5981789665737607,-1.7947276542534256,0.9963311359738309,0.08248296033189009,-0.44221520005274717,0.2591368126403182,-0.5034107242208025,0.15272632470679837,0.31990805139489176,1.8972493979519753,-0.5413636001758926,-0.35051652283882206,-0.5767709770997997,-0.6762585836648096,-1.48396151553248,0.10398198652973548,-0.5960178871316094,-0.4459504396266938,-1.7739177213605926,0.27086178390006865,-0.8758184781071732,0.160234183013024,-0.9757419473380295,2.1317430922986373,1.743511535233432,0.5869009806936902,,0.13771645486451728,-0.765980606962019,-0.05757544240695604,0.7971819453965266,-1.354295894017786,0.6549061464290282,-0.22627019082224142,2.1436700073618624,-1.313812218604549,0.593779416514873,,0.9483787997058273,-0.6763333871641793,-0.04426364518539494,0.008034775918373704,-0.33002957720753656,1.8092936157620367,-0.11871517474160961,1.3532909007497838,-0.3763599562959853,-1.1098074440544767,-0.4454624305192383
2013-09-30,1.5160477872244602,-0.7967212550789864,-0.6036244914619999,0.2875566892550977,-1.3854918927288873,1.0267974286126211,2.4141374525344848,-1.0636130186080803,0.6752544250767525,-0.16770448759629972,0.7977512972750562,-1.3733054804358655,0.03609175018576048,0.19419644626695634,0.35954855775641,0.863057044129711,0.4040816036074171,-1.3985152441713877,-1.413956278289754,0.01921697074791423,-0.47543003191535804,-0.01616387081681346,0.26915958726632017,1.3214557606041626,1.2364811798920297,-1.558587419362051,1.1021531246221068,-0.37926448889033565,-0.4472237232750987,0.2519563963241873,-0.5327538196140027,0.7053803838290249,0.21425570370238037,1.4620551989235286,-0.4648127619970075,-0.5917222867937864,-0.3200691976226091,-0.39809390710230763,-1.3904492135468414,0.34046977159242525,-0.6444309643698951,-0.3954922583963598,-1.5221685891143841,0.2976860116936867,-1.0852200318309206,0.10992270834795337,-1.147540783191626,0.9721131759712383,1.533230166413441,0.0907650991581106,,0.07436985572172415,-0.7118613144355526,-0.17942523292100598,0.42525502900907797,-1.1952595697963444,1.329167829888045,-0.2983699207967111,2.397771076220307,-1.3639609093282559,0.15990322573519794,,0.9356287081163254,-0.8143149983346525,-0.36892668920443566,-0.21861692846122016,-0.33992801369161985,1.5378484140838182,-0.23312963513369478,2.2009260365797894,-0.197028968406655,-0.8465920629358406,-0.5137166713816228
2013-10-31,1.0737275051689639,-0.6495969737829423,-0.8405664132079074,0.37586662325116116,-1.460417609324507,0.9048946867653649,2.1250159684418635,-1.0718649414979837,0.5540853652309977,-0.10719939388115013,0.8885474767859411,-1.3103460338595605,0.2645212521927101,0.1870476771555729,0.17089676828622635,0.9783662309292729,0.19069435466903392,-1.3125319798676338,-1.5161628875790194,-0.23642637633095812,-0.8142728800594785,0.2600441592549663,0.21046901563843712,1.6519700083125817,0.9889402704152254,-1.4993803352556305,1.2035635154801503,-0.31435056624321034,-0.5994179647132694,0.1205202978468746,-0.6424181708690193,0.38175483595428517,0.5370146582577648,1.3286673013579169,-0.7325659448415802,0.0797747574825054,0.07338677087833213,-0.40664459273606607,-1.3641127999806417,0.19452532361440128,-0.7769658518020472,-0.35443981275029557,-1.188684103811715,0.07630527924513937,-0.5769570872183878,0.20052147210669413,-1.1398046088682325,0.8826286613078653,1.6781766736641155,0.5430864302902545,,-0.44275183600485285,-0.8683471816303094,-0.1754845250241551,-0.03797578949404061,-1.165883848207389,1.30877154777099,-0.24084279266369907,2.197337061571609,-1.328903144950907,0.4098851822471333,,0.93963783487436,-0.6362034104042806,-0.1969664998525604,-0.07325793472967647,-0.45461336243634143,1.950626514100076,-0.2416122731294115,2.26664816157493,-0.2940178436822531,-0.6732245015178683,-0.6328762262540637
2013-11-30,1.1189383767443288,-0.8506146557740508,-0.8878187142843128,0.6024060266151693,-1.413131270352997,1.063971620615121,2.1964317741009616,-0.9896320077215571,1.0378717716408943,-0.32883173430355944,0.9715971603476367,-1.3148574614754742,0.5740320786203148,0.46126070073841435,0.6550431434369094,0.7639441474895516,-0.07298028823118166,-1.2753984496722954,-1.4977017080297512,0.16460820966833117,-0.884509956155298,0.2073385801136811,0.05086611243731214,1.7220485553683973,1.0532453019667565,-1.2979460984321949,0.3711269358497145,-0.08245355879779892,-0.8873923450507164,0.06569598755740036,-0.7696854855569784,1.0488706490186641,0.5180704525097417,0.9950624539210948,-0.8056544987043133,0.47804854989948375,-0.14011350039832868,-0.61172496026435,-1.5363484153470095,0.12490022596156737,-0.779968650150543,-0.331852833668634,-1.2445349973876487,0.08273530673546142,-0.47022690176715554,0.6435168409868426,-1.0280906496492508,0.8769980903661114,1.6724835149850692,0.30922442451870036,,-0.42804172789684747,-0.8301603144942172,-0.3646289924096895,-0.0005070977795729043,-1.1212110137921174,1.544297966484998,-0.17394583119791082,1.552172584227352,-1.307959118052755,0.4016526558297969,,0.7862602476067273,-0.570097769847902,-0.16863915172213947,0.13044920835750198,-0.47656346293997043,1.5787664999143831,-0.280571103498811,2.337479174101663,-0.42076311249480525,-0.9417345698217726,-0.8127645699798602
2013-12-31,0.673110055821259,-0.316041098104866,-0.7613817335483264,0.8764185664962205,-1.2637998997220752,1.1651474483848525,2.294786487108536,-0.9645566674437901,-0.14226731173419016,-0.32855166702618127,1.133001925070641,-1.0457402099708275,1.324205964592801,0.36066311771722825,0.5637030734961334,0.7154177438976647,0.09885082355980336,-1.23281136262477,-1.7178787699521085,0.3540788402570988,-0.46615533627004346,-0.06250847932388176,-0.4157386684938491,1.554480337872417,0.8462021712821404,-1.446106079500892,-0.17881640173757085,0.3255880255753235,-0.9190403577882202,-0.02726491969322939,-0.752000584105621,0.8791658027381576,0.7215152953623221,0.606834348639973,-0.7118935186585738,0.0765130779663917,-0.8845010385230012,-0.8480757183271925,-1.5236433312939153,0.4114852346728378,-0.7241249672048029,0.06655625283267107,-1.2563310714614349,0.07409097046779334,-0.8977487804187221,0.18380652668328085,-1.0459075933340516,1.5094312415167135,1.264374558637882,-0.028347744168667574,,-0.24431940326109658,-0.4449406534938377,-0.09624799334311551,0.6299431055095127,-1.44312653744445,2.164965073506176,-0.050974103016280706,0.995542549262959,-0.8455594936668,0.9487742384927389,,1.4736756729632985,-0.9082261414734752,-0.4347503668646612,0.07111448974239168,-0.35258021784276167,1.1923042557539145,-0.14057487943531247,2.2397227912703244,-0.5837496345203119,-0.9567075788023618,-0.8807748114925102
2014-01-31,0.44441045505506793,-0.1586728302155304,-0.9496067792152227,0.7579611896928937,-1.4821237060796406,1.9529164817339908,2.2538063584695145,-0.9559713634928226,0.012881542134946064,-0.46881048953540244,0.7178491239376626,-0.962011969323395,1.0062687427678076,0.7070152917093142,0.5303358577522802,0.6338435835258857,0.003838693874633408,-1.2083026294166663,-1.57451120506329,0.22487653587241105,-0.5761673402944131,0.29515268351086343,-0.15422632887441662,1.1166999403684041,0.9110308674774963,-1.2701727372125533,-0.11899177211187713,0.6978196009737515,-0.9761622034349938,0.2668045036382022,-0.49032923638571124,1.5223247851699067,1.2047355040256436,0.45641954668636453,-0.8422032964951214,0.21782024052233503,-0.35309733794476866,-0.8558042427561959,-1.4831475891520975,0.026607944051976,-0.9323881398793457,-0.13341609945486863,-1.241444505104495,-0.13061071052358753,-0.5629708858201679,-0.2143422528245664,-0.9880807352247492,1.0904883594952004,1.0038089363440355,-0.19135077790435825,,-0.49829393114709,-0.322604469064977,-0.1934771983575097,0.7209504915110978,-1.6150032658121543,2.5339252499676883,0.2464188189374151,1.4254239714042218,-0.7858029622585803,0.6839158328834646,,0.6979370169214295,-1.0844037926099903,-0.17697464872692575,0.08524169926846421,-0.4097089055515666,1.028354093642493,-0.2600442484411579,2.2216375562808492,-0.7823827611292422,-0.9809746100278924,-1.0511690394540387
2014-02-28,0.775905803203496,-0.1739784695928283,-1.0372392110329427,0.7866891114606076,-1.5980157024821637,1.7799220273145044,2.445912761273065,-1.0097863783090395,-0.16840835928267317,-0.29879460301945443,0.6724781632152516,-1.019124386117626,0.893118532866535,0.9945689263875559,0.825851169661699,0.33932177787872336,0.14124982171326425,-1.2925780509593645,-1.6541623393752958,0.45340573556277086,-0.41609972634251113,0.6916673590615929,-0.16904167829719735,0.6954282265304653,1.007602839191969,-0.6003314933735282,-0.12801842344119901,0.9754596344454293,-1.102066638711433,0.021468754730943493,-0.38531686472188337,1.7362669850307006,0.9504035146910739,0.3047317209998398,-0.8438469865400359,0.19349118289096598,-0.4303027010771304,-1.0527859245494184,-1.5967074167502673,-0.2685892092386757,-0.9856382118870156,0.012173988605427975,-0.6586747586115443,0.016510902620697994,-0.5912721033382766,0.3957199301760584,-1.1279846452236097,0.8584258335013195,1.1338386298079275,-0.31418192331052086,,-0.354271958955867,-0.10708667081432097,-0.4958292583378672,1.6039556895979432,-1.7564865650794532,2.23538492271177,0.21586377963593267,1.0779462551393098,-0.9518050703379906,0.3099769977834558,,0.6373537929183295,-1.2050717531711839,-0.1457305836248468,0.0906804068536794,-0.2750010441035167,1.019037997918498,-0.22086982903289232,1.3136767552455961,-1.078637774865051,-0.7469468575714602,-1.0294328617897144
2014-03-31,0.3981579007016635,-0.3204616830933533,-0.6975991847368962,1.051036100465113,-1.7846292550960445,1.6797572177252178,1.6556277186334554,-1.795574886386062,-0.2038163636239775,-0.4333381676506455,0.6773444610442266,-1.1609836202252874,0.41656480746337,0.7859485624114829,0.5214463829788769,0.4442915588796502,0.13878559059713363,-1.3885769443500218,-1.731233480756302,1.0596331599124327,-0.7177565647923116,0.7478665887294389,-0.13963743897844594,1.0390355959102489,1.1219018167522923,-0.6065312378328178,0.018317354343346914,0.658552509162211,-1.2651932677022564,-0.1788119290191729,-0.2266431828023282,1.4448722114883408,1.6582949996633545,0.2585518037262221,-0.5111493916886728,0.25097933004331385,-0.011663523370429682,-0.7001368392436238,-1.6157604454459662,0.056246478417279124,-0.7525063473949241,0.13556826984260248,-0.4101549801142193,0.12788410017263036,-0.7673344976415322,0.6558969207969392,-0.769017240558961,0.8154086367316149,0.874918732256591,-0.2555468511599972,,-0.4029538014227526,-0.06036692321354298,-0.5857328409609869,0.24432584194466475,-1.7499975151919283,2.559698392446655,0.30080394663064003,1.0081554659882728,-0.9549766093027954,0.06345354986983112,,0.8302985399358902,-1.296643582133933,-0.5460763611684516,0.17416711316654865,-0.47907380098383334,1.0839135019835924,0.11919188466904257,1.8717920729139124,-0.6632843862371905,-0.6365298871221315,-0.6740630003796984
2014-04-30,0.5458734153581978,-0.40656599771288104,-0.6751045447416741,1.1856333614658963,-1.2372521164361971,1.628264015260143,1.9982980351535387,-1.5695208193677295,-0.19789152045006378,-0.2640849095977196,0.8657711812394655,-1.800913434918124,-0.06209352647214437,0.4257064892962918,0.49051606820127586,0.46873178295212586,0.2978329213450913,-0.8530145801655837,-1.7404104045266398,0.6553079014410949,-0.9746199446139376,1.3123664062021199,0.44817559519958916,0.5723430017790047,1.1759106501819174,-0.8895090390076592,0.11717935651488659,0.6213290553780211,-1.4425677941753943,-0.18763729380257138,-0.4201296050281208,1.13358983207573,1.608595809231673,0.348831934453327,-0.58675720580376,0.6338361991009516,0.2144952308075135,-0.7313914403995389,-1.7472560657078113,-0.0531931207211071,-0.7962296814407446,-0.02257753287190757,-0.2526417063746944,-0.02961069110231579,0.3255302688842641,0.6440814905651434,-0.7937447010578427,0.5581067752383821,0.23835493544623435,0.04872766662381286,0.8485592157839972,-0.44982887812973615,-0.2925448565998534,-0.3583605322070337,0.11933933443529912,-1.5913581105245276,2.0262615449856285,0.31932316064934774,0.7681880602439417,-0.7617366046763862,-0.10328003204927688,,0.9141570378106818,-1.065047506918297,-0.5379043830873207,-0.035867473841972294,-0.6367496501547318,0.9397881140737023,0.19523712283026884,1.3497138585730013,-0.7707613987235228,-0.7936854755916689,-0.5776156642143454
2014-05-31,0.17423824573033903,-0.23429096231431285,-0.3507464778462519,0.9852971377920797,-1.7390179371371661,1.8448070258978615,1.133241627223873,-1.4044522813805949,-0.3282836587109156,-0.6342286411329255,1.5301424767899183,-1.8417890825431797,0.017909212879913886,-0.006159899861674312,0.3384422886168388,0.41840924834323057,0.23636228185672484,-0.4941802747401653,-1.8763612584596052,0.3525995142518017,-1.3558333034537777,1.0284328427811555,0.2656716693349975,0.6384482452970286,0.9472734841535879,-0.07092811428628892,0.17029869014416127,0.6375843385395321,-0.9438838664479821,-0.19649486344446176,-0.6154254899296671,0.9850563559271137,1.9391680688983288,0.5724548222885688,-0.37992754947470414,-0.054937984745708435,0.31886284728895037,-0.4712155550626995,-1.8198882112815444,0.3153405977062975,-0.3274387227634284,-0.2577217655666933,-0.02041737995762305,0.2398750773670659,0.29106974832206206,1.566340552842213,-0.7233957404970943,0.5931068899088952,-0.038479969351654986,0.13073358223281495,,-0.266406941865226,-0.5609333218791468,-0.20170605056971663,0.32804847696787237,-1.7635711876231344,2.042367162049284,0.4365039520949651,0.4569355398350493,-0.9153735515788204,-0.6693655572576374,,0.49438569575462304,-1.4034293173667272,-0.8492382062375303,-0.07721744703782561,-0.6867292975338755,1.3799978162198925,0.3698620513712829,1.7913846806385034,-0.3318039546213155,0.14074670970149727,-0.36430758667656726
2014-06-30,-0.17886248545819985,-0.617502055536865,-0.491316059924748,0.7752729658768862,-1.524994027989574,1.164852153871001,0.9473519161959341,-1.3809716922769966,-0.7586585448423313,-0.2982021841532034,1.8711332580149616,-1.5927307108468016,0.5651723572540639,0.09041541191652797,0.16984331969692293,0.43984831831607085,0.25266647582221385,-0.1946030808821752,-1.7291215792891652,0.4109448449964102,-1.2983213293096163,0.7466930654898444,0.23559461157271921,0.0776233364369317,0.6789164354339019,0.9005285307323415,0.09769461554772829,0.7221967952270771,-1.057094929368743,-0.27207164499425296,-0.5678390881461327,0.7386400613633101,2.582556053630454,0.15079611315984756,-0.4268787008198003,0.22434103110027565,0.7093176128559079,-0.36074917234551257,-1.625732852522122,0.29836779160865656,-0.2898533215266683,-0.2182371421923608,0.13981282315865118,0.2881423825121225,-0.02471772171652703,2.427700460216717,-0.5735384517903047,-0.029482301421898782,0.1316075159753708,-0.05367467438282646,,-0.27834204059684586,0.26836435844094303,0.015417660071434858,-0.12995866405864298,-1.6909493809259053,1.7067682859519926,0.21386378191310873,-0.24008960151026593,-1.2716193069321426,-0.4329458081423036,,0.5771808205256258,-1.346322873675315,-0.6161207681286891,-0.006161024988903009,-0.9240986885758331,0.9810195842445912,0.05213192168345323,1.699831817370731,-0.17497465549075314,0.3971102504910618,-0.27945294943712234
2014-07-31,-0.2707810136519211,-0.6254733337373544,-0.1655299564933766,0.7405130734862295,-1.4244328110420803,0.6013499235457683,0.46923308196760855,-1.2334431305831468,-0.8450035822802088,-0.4939687818590034,1.0082420018038012,-0.967837439022392,0.977452790149892,-0.058031530578557304,0.17203310957340046,0.12392436255617059,0.09815754771286744,-0.13490821701029135,-1.7660335057373509,0.22354522441094796,-1.3113645318812395,0.9164941217365372,-0.06182045861245529,0.04180875485549712,1.1415409937309544,0.9615919145731073,-0.26484356811140813,0.23920801433260408,-1.0992150900777626,-0.5088170558369051,-0.5598929477100859,0.11376583993630393,3.2876665240106036,0.3400570498559076,-0.09256632587233729,-0.09844984470512336,0.10267179057438595,-0.19073284001399776,-1.4442416289619906,0.509441997217056,-0.036268776298692976,-0.058491599846148296,-0.12479447213136335,0.6018631328139336,0.4815185389543212,2.9833716176603473,-0.919273722760044,0.10148912515889877,-0.0015003241006070756,0.3714823259125631,-0.9114487438928549,-0.2789316081769221,-0.06414347576231148,0.1467775341642274,-0.4335894567026481,-1.452328666164962,1.3365590568465144,0.2188447139148364,-0.5114628875331264,-1.2405988701815285,-0.8699400946344092,-0.5412728823665678,0.24609147016811544,-1.2202883494126455,-0.5912207742564956,0.2619786326755205,-0.7088767913466385,1.3968482576477033,0.3930108258140888,1.1213856643212352,0.007631557293976285,1.9627288214709513,-0.11846030149992157
2014-08-31,-0.2859447042782759,-0.2554942473870775,-0.35169882376371425,0.7607128121910816,-1.4547644842263212,0.41194493215027156,0.20331417218831846,-1.327916092331578,-0.9594364970953272,-0.3655182987475651,1.1623960287648134,-0.7522717196317396,0.6594833460904997,-0.16198672982754075,0.1839696243679277,0.3873803858447755,0.2554658452606642,-0.3338788161938743,-0.5414066148733572,0.32172998441282774,-1.1734861865806123,0.8143321523019067,-0.050239085922415806,-0.12139849256990692,1.3337911400883522,2.0307622473968654,0.3665440943492252,0.10872847614123643,-1.2176341155168435,-0.8867255441727193,-0.6278805351512364,-0.07812102942813243,2.4752698283483703,0.16210673500613804,-0.3540306115793882,-0.09553401878610418,0.22682078570355438,-0.29032150590481615,-1.4904456534097787,0.4916537124136124,-0.40531921567527923,-0.07110739220001767,0.6231229640271857,0.31926845552951455,-0.23932817781495364,2.746909194674999,-0.7276826658820199,-0.00014693046966235412,0.09399085627923581,0.14513835100925757,-0.9715000463853236,-0.2946620761421046,-0.08287284519372067,-0.2620000877692625,-0.38576772606252446,-1.4649536908479146,1.327911934129113,-0.31444495943729867,-0.01634443743609726,-0.5817155510412549,-1.1341365765425686,-0.5570748469007911,0.41441949835090064,-1.3151836727859796,-0.18367063403978975,0.1733080703303693,-0.8062031835761065,1.2109266457400385,0.09999844298685692,1.126408082677491,-0.1772118437434397,2.8771734737161943,-0.34752190514716486
2014-09-30,-0.36779455962034974,-0.1566752256492214,-0.4632461305840496,1.4291747689785863,-1.321551047190751,0.1874506709208021,-0.12070711274042883,-1.2794323880293246,-1.1850105800449529,-0.3261280759930305,1.1369604061309033,-0.9335277675423739,0.17785921284105555,-0.06212485661640413,0.05590951895507491,0.18543476713630258,0.2387402276681977,0.14169621057708556,-0.09110507409607405,0.23257111964978416,-0.988992289020434,1.4632301733526296,-0.1858347020154635,-0.05574070955496496,0.9321277588652119,1.270473834853481,0.5090399955477456,0.5419348360305054,-1.2953664810288101,-0.6033475390590565,-0.669573719789999,-0.20421515354218567,2.479560839330889,-0.0039021686750984608,-0.3623302936236583,-0.05852529493915637,-0.10421898877328392,-0.6086911771288357,-1.441610210110687,0.7042958794172369,-0.5206247042755453,-0.14584324889802217,-0.1641315419871917,0.2500151986364683,0.03144862452019212,2.869243637127873,-0.4658913442731464,0.35078982775983036,0.009538084073234393,0.4319072575698304,-0.8638711227342329,-0.26236158952952077,-0.2411628782119994,-0.006048212743150171,-0.17920504638034354,-1.308059982407111,1.1885407601177271,-0.3213295586888075,-0.20694133736420287,-0.49698037228565733,-1.0110520590956837,-0.6547010177138349,0.31619945994413284,-1.1829782635439232,-0.5147188947730486,0.521892340959812,-0.7290439240811356,1.1310215923333953,-0.07456577070865911,0.6278021329531704,-0.5984108221661264,3.7936358580630825,-0.3709217570843052
2014-10-31,-0.4581030431893772,-0.4444618303811665,-0.37536990005350646,0.9241637328520695,-1.2067855741037607,0.0043124658040320785,-0.0023469180238000764,-1.125871033471575,-1.1792737814684737,-0.6504380470822391,0.6611766530636527,-1.0195519661678638,0.18043813909745815,-0.15921893061381948,0.19637229384345462,0.23995401718134987,0.09831432344371184,0.26698965124406915,-0.08175397496457498,0.33984020108100266,-0.9688276910441914,1.711323693931079,0.06156567401733626,-0.2591758692993621,1.2037015825358328,1.326507903036184,0.4584309490799855,0.917894030522554,-1.305857003698308,-0.38582222216700746,-0.679233895331177,-0.1618566179751813,2.448228444261551,0.11575888008797947,-0.19710184302963035,-0.6723506553477154,-0.18777649642308603,-0.576007946773533,-1.322390192854728,0.4389191235422857,-0.34092319772769375,-0.31207371414538165,-0.47105852589779357,0.30487604529655316,-0.26975378834664654,3.261874799045318,-0.24624224426395974,0.49382994008385184,0.17094256746111808,0.1942879823908577,-0.9954060040127495,-0.12496405169736627,-0.2939443578520683,0.34790838873220525,-0.06593681063631457,-1.231269439569529,0.9918944588706504,-0.21869915495256387,0.04327427077476642,-0.34086313504431376,-1.0879773191517605,-0.8176398358899994,0.34338605007615786,-1.1642815071612684,-0.7163682405263287,0.2482294658600802,-0.5936246589497491,0.6206979426997855,-0.1125494839286233,0.558895369811705,-0.35123918202918053,4.219455333972318,-0.21905428845358732
2014-11-30,-0.8470962910099396,-0.5543516389833237,-0.05029949314172122,0.7326673789976765,-1.0506121960345023,-0.27335806212824953,-0.1756767426953159,-0.8728838800978269,-1.445562675715617,-0.4433812105629213,0.25966568640213056,-1.062201487998982,-0.20222449255454908,-0.28715865157884674,0.034708185818167314,0.5366469186018136,0.26421427477555287,0.6262876320136231,-0.8856976266872698,-0.13864898092289668,-1.1097560140849647,2.154702913129462,0.10924603624458966,-0.5798687983684101,0.8592995081430896,1.2952861352970058,1.6701993274290847,1.3104566395026973,-1.2237246812543263,-0.5319027725813773,-0.3733757835045955,-0.3608343500415464,2.1942754573394785,0.3443714005956518,0.18027797750676827,-0.9232575255844409,0.547367053214558,-0.5342392179134583,-0.7994557944162122,1.0959289768230775,-0.06668928357787728,-0.32799779851720573,-0.80734384139578,0.6097771462628625,-0.3376885285336164,2.052838292882633,-0.09268567694757296,0.9833408218101898,-0.013604361319501712,0.41676056797671285,-1.2498744952577154,-0.11351956139822471,-0.4966420074568798,0.532733340629751,-0.4476667719622841,-1.6131699861167617,0.83771024432873,-0.08006405473859413,0.9558639917442014,-0.2435087295805557,-1.3395716068772798,-1.0289408403469307,0.7123033082349661,-1.3852820410956426,-0.43055843055113,0.1537684240131706,-0.37466256967444866,0.41427711506148224,-0.20675591250236144,0.2818882449208465,-0.24646543386294983,3.3896741491479294,0.07172315072670174
2014-12-31,-0.7284350002418329,-1.0787547056004652,-0.25766591349187123,0.6445194089882291,-1.1499122789093594,-0.5470590939839884,-0.3316888808131926,-0.9782251201165153,-0.9565164629497351,-0.4865993878971866,-0.09013019624003535,-0.9307731326623546,-0.22697975327415093,-0.5334977731516057,0.17441569071855817,0.5982558631023934,0.010701159379896442,0.5771730951605988,-0.5582132031675767,-0.2505426760106278,-1.4672599879098454,1.9513799287723832,0.3292780061618187,-0.5362938589689263,0.7858782311639656,1.6056478771287446,1.745068614696049,1.4143058000525996,-0.9994454551965296,-0.5250752498404407,-0.23521829153378726,-0.6663321387216222,1.596091363571671,0.6318398272009536,-0.07843222083168273,-0.7773528829464497,0.925322786799952,-0.719665044812023,-0.40323596401048867,0.5258189055212256,0.2253764861145893,-0.39650102647436225,-0.6339269471375141,0.3777701128380673,0.11512009135465967,1.809444992197271,-0.09404693924415605,1.3346532156493685,1.4844090692158618,0.4278460597936473,-1.079177778155735,-0.39404184699236,-0.4924847971173325,0.3097667166845316,-0.8929285317372637,-1.3665694083491298,0.4270656330258795,-0.12570879565693993,1.0569547887531432,-0.7008801312232282,-1.2263979717725049,-0.8299439393306927,0.37574625193976274,-1.0750607285178548,-0.2865350446171419,0.031414401753507425,-0.3421453991962031,0.6025904297038202,0.033277020237817555,0.562925967779961,-0.30378863765911834,3.290199177463132,-0.22681437646021357
2015-01-31,0.4368632937379523,-1.3608759001692514,-0.13967440001626868,0.781711218354919,-1.1577305041191424,-0.8870584338645447,0.3945351212720106,-0.4993396102169647,-1.2325338207137253,-0.6264569638940665,-0.4445814527359099,-1.0972430368330999,-0.22995942488624632,-0.8040147212382334,0.15567977596956972,0.3877864667903005,0.05324422535591188,0.5639295930826386,-0.6596102812366582,-0.3684731064875358,-1.5194991007115808,1.8947833136409222,-0.1582282185601524,-0.7165568845977413,0.7367032770690096,1.911131273154582,2.1594369004525857,0.884095536288611,-1.19822568826438,0.22579832561292662,-0.039849064716923274,-1.1125144506286975,0.9539183662587991,0.7289405561368575,0.2745404704643572,-0.6902660206156105,0.5895025381650203,-0.4185388683238831,-0.6100331392356131,0.5890800157973255,0.40257446925592133,0.4180873275067375,-0.8587803363002161,0.4205125162769169,0.7163582196178542,1.4277944035609433,-0.1495200731999086,0.8974262011304814,1.8062986963033727,0.11913369303515396,-0.9314278387825425,-0.3482911206510191,-0.5572393217714273,0.34305715028251205,-0.9597921855035307,-1.2452933772665389,-0.18924439319375957,-0.41073626387775114,0.4642158117337963,-0.8450900591544389,-1.3168327797786608,-0.059142631375359966,0.5560354151297067,-1.2747041061937825,0.006653251664674035,-0.1018425309163888,-0.4637513044336544,0.7694918602785162,-0.15404366981825043,0.5364733196570419,0.17149188434549859,3.130853337593183,-0.07114274069314755
2015-02-28,-0.09733909311654663,-1.4251273660270511,-0.2668350803856215,0.944963246362103,-1.2214787751174618,-1.0972132236174714,0.41798611473403263,-0.617332643326339,-1.3070231726812687,-0.4981723281844723,-0.4249448439373146,-0.7024358802480055,-0.10417983118337407,-0.7568575777126172,0.06768119678391327,0.5170938821889797,-0.08354504031477514,0.6251909891798209,-0.8430177475285696,-0.524224403580391,-1.7001206524741663,1.5706910466032045,-0.2520969356369993,-0.5300091445288739,0.6930966179115436,1.0338286038008964,1.8566725657662795,1.3687940627107686,-1.2168262013604125,0.00630431972347946,-0.04986985802188034,-1.0084798940341855,1.2102663914105212,0.9217007160531532,-0.11512420261395116,-0.3081802222530463,1.2479522372429477,-0.40218028742626455,-0.6510590816252767,0.6400977074799019,0.0790283090968234,0.5096441018777116,-1.1783701548075896,0.11369642270462355,0.7220281193345597,0.7370039583615351,-0.06273163875703194,0.9796604891784377,1.7613820148826513,0.31651741913518033,-1.0623390791982437,-0.5139148514897873,0.458830397801096,0.6236363810192485,-1.051514896968987,-1.1512948292010288,0.38452644653048107,-0.5780481461841449,0.4715280188938832,-0.8050577225703435,-1.312933968789637,-0.13849873257394196,0.723694938420588,-1.2174799913100895,-0.111619477404796,-0.09947791672652152,-0.4479674062625079,0.7263568618321712,-0.08945304478237323,0.924730874270556,0.126081208210785,3.545735446274814,-0.30202576181333973
2015-03-31,-0.06803644137624855,-1.1616698442122404,-0.44308934334139805,1.1508490299694407,-1.2367417793575606,-0.968249452243267,0.946044771149879,-0.7671485478005455,-1.2735422480699723,-0.3894265862227825,-0.47129476616199056,-0.9342008590739362,-0.006423992298385611,-0.6609305212269277,0.2365747808260756,0.7151597104898698,-0.08650151540858989,0.7420860686632745,-0.7509516869756471,-0.5990184503526157,-1.6321556689127739,1.5235693607439509,-0.06659496282461021,-0.9285824267344251,0.8064758551460234,1.4764666721151576,2.065265291920568,1.6993088316232137,-1.3049756422380239,-0.1514572417106953,-0.1436169419119632,-0.7374906753872508,0.9625392105367234,0.85083354077968,-0.27021379029637016,-0.39631251208630897,1.2141321363679576,-0.888924790133873,-0.8624128939926186,0.7390093792247088,-0.1304099219306136,0.4920546642839558,-1.3620953124619477,0.2657659834092152,0.8891140368385986,0.4611889170919649,-0.35934335548204077,1.2839125280013306,2.001238370953052,0.18330550903069198,-1.0452932824045014,-0.4514824893406286,0.12003833482962567,0.3092309180168529,-0.9215219386822284,-1.186254008977805,0.6484068078782534,-0.3489660641887222,0.6053133335390437,-1.0766133213460716,-1.1911943154942317,0.018488327022798123,0.6486079012832335,-1.2570596703300005,0.25788382328871967,0.14982552415121728,-0.3886875877148587,0.8786919504612147,0.4683618753160951,0.6510951952552095,-0.6132697843592094,2.812172472011955,-0.7408564791556798
2015-04-30,-0.17544406579612928,-1.1315585718599106,-0.617735775545485,0.9583591297676058,-1.4283043505859387,-0.8397597949602701,1.5576105062451915,-1.1599490051690478,-1.2015231847606729,-0.5057981482225813,-0.5688826869342763,-0.9982759928375028,0.5386717489492814,-0.5749962832753731,-0.022549198028414957,1.1117788461226368,0.006802763252155543,0.3058488373241901,-0.5576762812556884,-0.4457720859047279,-1.5648146590950842,0.9103472373736272,-0.4145932320290493,-0.8191441820769645,0.9303734598723223,1.8403354803314724,1.6332998296923456,1.5057131374041592,-1.429407270188074,0.15686163156270994,-0.21292932782743762,-0.4274756730806043,1.389214122926743,0.6957906257759794,-0.4728978873335892,-0.6461509597479775,1.7972634985904394,-0.923516669261627,-0.5669687478417212,0.7008254849255102,-0.1463998386405439,0.4982222360122833,-1.1927471182635367,0.44616983163215984,0.6962500281254815,0.4451601403625353,-0.4332718689769533,0.18757399532695734,2.131050936866392,0.14386035237408445,-0.9577998141283905,-0.4586047464315782,0.501742223610057,0.28415191587865407,-0.775956280407531,-1.2482147165036963,1.0782471319048854,-0.3333201687820957,0.5491850974056645,-1.1096906213929563,-1.2579448900721841,0.04750247106738792,0.713089306666777,-1.248416165743117,-0.058548870200181805,0.08116642277163225,-0.24788215967919536,0.7717266324047132,0.5246705044355285,0.7768961109833626,-0.5380626159395323,2.65002089857553,-0.852798667740813
2015-05-31,0.1910216478892358,-0.7231976193604215,-0.5983017322439265,0.8082450403788737,-1.1079721254842805,-1.0608052603829892,1.7337973405455052,-0.8796755170186124,-1.2622367093462774,-0.5264660192531475,-0.8535387819702983,-1.1336840492488207,0.562708108046573,-0.28941022651452536,0.0813469015904032,1.231077617263506,0.11764794099203152,0.30230701386023023,-0.7957642852203829,-0.2468529403952972,-1.5126486872688678,0.5519160421356877,-0.5186569566754247,-0.8825008426511811,0.6832335029111617,1.9883223205342175,2.637314555402785,2.149049045750359,-1.5374591887627758,0.6818022023574084,-0.10530613085257054,-0.3394945000302537,1.3161846960024335,0.7885442701733238,-0.5441790003161904,-0.49428825220812556,1.8534646595808355,-1.0495689265673023,-0.6289027066273788,0.7802689714060038,-0.5662311507847492,0.7658992871232502,-1.37542256851812,0.11744992430402658,0.14392226754041387,-0.15180747639198366,-0.323710077587704,0.5045762868290151,1.5009159599600632,0.14221968751917655,-0.8355432935139222,-0.48817753792598917,0.2359674978394287,0.4000203767863344,-0.608053827957419,-1.3745653049520428,1.069285915819831,-0.41088408592601144,0.5997356007357058,-1.2010482920581294,-1.2198488100209648,0.1600731714651878,1.2565423960566666,-1.2168610182475441,0.05078546349293892,0.230842635618105,-0.06122148912190922,0.4522661518904758,0.6017461878137718,0.2661449840921929,-0.7227864146424681,1.6196242122781264,-0.9291980779372742
2015-06-30,0.7273285554695581,-0.6719559087248488,-0.49975643430207795,0.8647675562126408,-1.443250605500106,-1.1864751125112665,1.6155332602642074,-0.7032322452661627,-1.2387917470320797,-0.9185207853647679,-0.9765795430352469,-1.3537809837708163,0.743946283569775,-0.2538380723579072,0.21212676827002525,1.2425847728251027,0.2271702490259874,0.18510657408296788,-0.8412081290057851,-0.3324323392690081,-1.688772121205363,0.8429063920039028,-0.47148726766838667,-0.7562429499271552,0.5326384712793739,1.5779152334924214,2.520992985051437,2.5119941650038227,-1.399109743181242,0.5153960842131967,-0.29166804570338756,-0.30426338979609846,0.9459903871424298,0.9765578187804775,-0.4319429857470398,-0.7541869221013321,1.573180887881592,-1.137995390057786,-0.7574104280557871,0.6627814994512058,-0.42387959007623255,0.9077454226123679,-1.321065568846032,0.33479876597548097,0.21692653245244112,-0.378821083191309,-0.36758717329839785,0.8594031414161354,1.2746218433664644,0.6169424353623987,-0.834021489678186,-0.32465092000668877,0.02688397146070787,0.4899747229418966,-0.8239836242685694,-1.1076943389839287,1.21224852912943,-0.13106977667500902,0.7443322499677848,-0.9784784724002762,-1.1811929367382654,0.051538626438617174,1.324242829167966,-1.1598204276411397,-0.3272765325806771,0.11706646596598232,0.06954776419231705,0.036162340131008275,0.8191991261361651,0.2984812999631861,-0.8087633323189409,1.5871925896287773,-0.8850201840419467
2015-07-31,0.30300031625529766,-0.8200395925226869,-0.6247691383982505,0.7845850267796437,-1.1315896528462062,-0.9580129720292303,1.7002785567469072,-0.47587882148137284,-1.1290871651180643,-0.8368496042006712,-0.29476604030552256,-1.5070278803897545,0.43986334904190916,-0.07264240758970417,0.2269082100823595,1.6576012774228104,0.4600393445756036,0.11990057078935074,-0.8235875021361635,-0.33860250294001276,-1.5743850040960434,0.5009795953844557,-0.4748253818029232,-0.9489844939049418,0.5931984268071202,2.1689654172149253,2.752203738131778,2.983212168929552,-1.3905695191628604,0.42540972793328985,-0.41768294896924235,-0.18035237129900775,0.4953735753950863,0.4533035112102605,-0.4540617000247974,-0.5919853594116619,2.1418676083619888,-1.0395705331802993,-0.6552963462480849,0.8081957588462346,-0.488423589330485,0.5617390316153578,-1.3379761060363728,0.2541259489850055,-0.08906368558040474,-0.6532923273629997,-0.19634564234525329,0.5564246158327856,1.3832791921796455,0.5556640136202565,-0.4959185772786412,-0.40820727783835487,0.16446771441838787,0.21734483988537068,-0.7464833083069772,-1.1119428236718971,0.8155885988296786,-0.003814597503932031,0.9394910356693992,-0.9810914734531694,-1.0458099624512922,-0.01892039003034146,1.294668885486551,-1.1224955401560728,-0.4317412892508842,0.12517248783325827,0.014226463695257902,0.18567412997560442,1.021252984595613,-0.1897906446448342,-0.7559009166481718,0.605581125226923,-0.8918021578100835
2015-08-31,0.4474962135094188,-0.8496377782931921,-0.6699869451034308,0.6131250913259875,-1.1112814764861514,-1.1872644412580404,1.7250985478022838,-0.329951557440304,-1.2329549707042504,-0.8086607669318866,-0.4675957661903553,-0.9271923610899742,0.6283373809606765,0.21557811824946918,0.33484390938638625,1.774190762423971,0.5441467053843924,0.3309433196930558,-1.4651552121603815,0.13109446535497876,-1.6715941368452882,0.9693079782934036,-0.37567108001747096,-1.0568810862710876,0.560597156138718,1.5247984458777348,1.6823288421933302,2.3910363500375524,-1.4344161026606197,0.5120586803892981,-0.3253781590522698,0.07857678745888007,0.7295183993323265,0.3513323048791196,-0.5384718510256111,-0.49095443051105214,1.546416188351083,-1.1355938344694456,-0.7715366741026854,1.0623056557011115,-0.5192791904835621,0.6144585848732502,-1.6546908322481078,0.24936531905311254,-0.015545239674427294,-0.9600629401218664,-0.6228708804684749,0.6234046560364844,1.2508720236364905,0.6397751432197737,-0.8686352152370039,-0.5070090598696297,0.09558365009945521,0.264789736059199,-1.0751458745990887,-1.0129871567787714,1.6946134945207922,0.04068675038315698,0.6284236764658457,-1.1524190855214123,-0.8448275453949792,0.061482722315161636,1.7043809488002792,-1.099509529128773,-0.5030993353194328,-0.047370769762340295,-0.10232165009132876,0.38552124468121657,1.7476738707839168,0.7201622059288664,-0.843715459654789,0.7206831753816123,-0.915340110014307
2015-09-30,0.9263215620682206,-0.8208899829477228,-0.5740368084474704,0.38684392223996394,-1.0686557592397823,-1.2591844187849905,1.6737947764014292,-0.28480707817524975,-1.0384508957866612,-0.8343330845585306,-0.577724401844609,-0.8339120719983835,1.0641422589375948,0.3321862827176122,0.7197585567988304,1.5760071382457774,0.37684208243491035,0.3178730809759326,-1.4545123708940912,0.4321430104447693,-1.5417333074841433,0.6047735655323804,-0.3349822170101848,-1.1759236382013314,0.5404416247194438,1.829637481193311,0.30964270317471576,2.324436258126225,-1.3128990139881593,0.33963378060717514,-0.10679353414970177,0.1016002128062514,0.37444506373515846,0.8524966427962053,-0.6654312378923686,-0.5370917302690725,1.858527820776529,-1.2517449960904035,-0.5892720450276788,0.7460011165664506,-0.5270153670243958,0.5878951060383453,-1.5914038985318053,0.4342370473853945,0.17475994555188612,-1.0386503705628887,-0.5461296263094022,0.5415569713718729,1.3945132890652046,0.6725906201721024,-0.9507864764422678,-0.4384929072542105,0.2484240083833463,0.25226767173909315,-1.0462207778127426,-0.9737701126086935,1.5804250317775135,-0.2046137472537124,0.6088483769108195,-0.981837117878321,-0.6812844370811261,0.17583219408815778,1.651799231243234,-1.0670189667559165,-0.26464814011790044,-0.4787570526905477,-0.18576200189238828,0.5274314299877616,1.8651451326245734,1.0671562230030394,-0.6551857761225737,-0.5279884159110049,-1.0484874356008
2015-10-31,0.6940790603692615,-0.615410434962485,-0.4324815026062563,0.1798941578838109,-1.2294119740557368,-1.1058379412764712,1.9026623986317273,-0.7071987783555794,-1.1021670363373999,-0.6787935795990869,-0.2099826357097288,-1.0722297035526287,0.7140505246109099,0.33356676598497037,0.6981438468736001,1.2835889166466647,0.8074676230906842,0.05660191530622983,-1.5450272878969673,0.6620802151288212,-1.5157679242805617,0.18358523328509793,-0.46514636582621915,-1.1013618358016632,0.5109286208944734,1.9559667912238123,0.42820646795982986,2.491651236277592,-0.8295069882401472,0.0076584455601963475,0.20477676597575226,0.09356500239162899,0.5425357175645772,0.9284779169015116,-0.6206849335620074,-0.5426932409937473,1.7719642307752967,-1.2033994060115676,-0.5543313354648138,0.6742195038134972,-0.568523340870108,0.7761357701535552,-1.6964445020808607,0.6717177868452324,0.277834974511366,-1.10055825271382,-0.8500584800305453,0.5135725017583259,0.9661715704346023,0.7988994723776803,-1.0323947401756048,-0.45778193516041404,0.299528899048741,0.49043126353479805,-0.890954853020689,-1.1063045163053682,1.214697161841447,-0.06701397219403395,0.583294075045363,-1.1856590220629766,-0.8760914086492795,0.32040856926727207,1.6815259127501694,-1.0943910263980219,-0.04856054407180116,-0.26791428127817696,-0.16398231353343165,0.31894089671992276,1.8326590194901105,0.8923668763286127,-0.6628119282970695,-0.07831283480594442,-1.0846652510759252
2015-11-30,0.6932850470872822,-0.8475285845945115,-0.7134828222248946,0.4219058262206328,-1.230643659601721,-1.2627265232996827,1.8024213102512403,-0.7644996875092167,-1.0474853947861704,-0.7081719995065923,0.06908887753083763,-0.8539177603638386,1.2360931071393257,0.558139706753052,0.6723406367494643,2.022836792233744,0.6687627847449095,0.10512599857025212,-1.0334314974734597,0.45822690137988553,-1.3941377279748906,0.056042409250713826,-0.5382387919690446,-0.8263823843522804,0.7355915153566688,1.5815189469180178,0.3923389886939763,2.628781708270484,-1.4290532444609982,0.3064298516438038,0.008142193875428333,-0.19326155165838213,0.2926198193336702,0.637535443378453,-0.7526595951081924,-0.6013402087952835,1.2915153557719141,-1.1265546784871439,-1.2765870920475426,0.8953167233423056,-0.7438608666693813,0.9941159003621498,-1.0658482205415516,0.17403834187296716,0.4577270445735128,-0.9935283062822566,-0.6532725958364192,0.32927393256076803,1.3803120667812752,0.8615459432515027,-0.9729679014395349,-0.7808246139614183,0.5532314929376603,0.02837358078730516,-0.6709707068452715,-1.0068112664880768,0.83308611910031,-0.24710856740217907,-0.22406932970370558,-1.142626988714882,-0.6370646428513064,1.2113800260389889,1.3893069007657384,-1.0664905047000288,0.1596901656527145,-0.2546113056800721,-0.3781605163799895,0.643485703944833,1.4114044783079707,0.7146600968436416,-0.7491284970185992,0.6870726257075729,-1.1753163292564581
2015-12-31,0.6558853986582074,-0.736577780119512,-0.6712548371218843,0.09842312232380222,-1.0406439442060698,-1.0663824147782495,1.9372422963727929,-0.700569927428002,-1.2056819474726272,-0.7699657743795322,-0.0561958629913587,-0.6041755618358486,1.4163300936768448,0.7077311740830569,0.1723954335079052,2.048624693515576,0.5828934776565894,0.03511977649246644,-0.6102944408201644,0.31668778342250503,-1.295265994720678,0.0707185458043412,-0.49568777181485835,-0.8494706239007903,0.6212663135080934,1.8826852113121806,0.32698484389451793,2.956829211846098,-1.0256698583150794,0.6559245303530608,-0.08515759996148647,-0.12930468573805454,-0.3713296087834582,0.2654256977588779,-0.6992137689295088,-0.48473597554656195,0.7725068908562192,-1.0053816989947668,-1.025084170382192,1.1982999345419159,-0.8800191219515978,1.6193816063549074,-1.1699878216459703,-0.05146711414195441,0.7530175383402625,-1.1629202067485742,-0.7126831131358592,0.3478158350899113,1.032437462706939,1.0910041312313754,-0.9624029240320057,-0.5794760343113537,0.4516985935585828,0.4127175913001412,-0.2176252725639074,-0.8851157646391558,0.31992739961362215,-0.5585567458231813,-0.33718040770324625,-1.0676334709773654,-0.698299451865898,1.417539586724173,1.4404871343815906,-1.1110441803171305,-0.07460718670768285,-0.13508355848462184,-0.6198910803665201,0.3652084968434942,1.1592468782592338,0.32806293513222684,-0.7169528965703373,0.4677579501096479,-1.0592869690041122
2016-01-31,-0.13034440548101112,-0.6450465994422466,-0.43616113865396244,-0.07047803168842018,-1.0685836540265736,-1.1770348053819073,1.2956675878168569,-1.0545282268203255,-0.5613873944081762,-0.41243573470840933,0.3281015270315304,-0.48727953144349284,0.9413444541255653,0.9659280851737342,0.592751464714832,2.693759012242034,0.5653876697210026,0.10069376322140053,-0.4682462761992946,0.34023286642178024,-1.1107309772202838,-0.40114590918877185,-0.13642137743328764,-1.1535824966145083,0.2641213407472534,1.5696713643601425,0.007991406390693873,2.8916056958921805,-1.082109311018355,0.6837994780713628,-0.31818744928375864,0.00044562451350357857,-0.27216581312019905,0.5225289577347185,-0.6780338228831251,-0.8479055503718147,0.5609291324567242,-1.2219714000527928,-1.1201414433905095,1.3462747096924357,-0.9344076238840834,0.900211669231856,-1.0589761615528495,0.2769120084657121,0.45816957509330714,-1.1661727342867918,-0.9577561881230043,0.09301582615972712,1.2017136779277375,2.019778902223529,-0.9602214958532734,-0.4387637082651017,0.3957314484236358,0.12477681554015568,-0.5215115071601587,-0.7813996425765057,0.3373929219664338,-0.26027763547697,-0.31649312352142284,-1.1509369229239546,-0.6795562525382164,0.6254711429989728,1.9187049146591075,-1.0382666774369158,0.054333324753658575,-0.20732567164964263,-0.6094638004476675,0.5048557819191526,1.8582786181212947,0.5972985956896983,-0.9831728232001385,0.6116606923772293,-0.7309167381510379
2016-02-29,0.2875754096947133,-0.873391612596034,-0.28052904933834544,0.1557311922818332,-1.1217269252120996,-0.988220287321848,0.7819413153584972,-0.925136443431323,-0.9532978440028952,-0.3336881230591071,-0.10736466668282348,-0.86086748965301,0.7780017675546491,0.8468125809510032,1.6340745967979424,2.3302751214183957,0.8422666865336539,0.29421751316898814,-0.902554811725392,0.7700846565129341,-0.8784636593033603,-0.274951768272025,0.06095009077445366,-1.2521260356173787,0.548854330819732,1.3787283495241418,0.18668712606067267,2.57352550491123,-1.165939690081351,0.9414622100146033,-0.4000403295363116,0.15156832151775693,0.09820753354996747,0.7445209684461676,-0.5803979262052392,-1.0064928650283156,0.05613196564208456,-1.3203112380675237,-1.168124017472255,1.7381766351817842,-0.9327008828988599,0.97341172114944,-0.7942195141580735,0.7632624469919835,0.34097502818339126,-1.1724859678808368,-1.1941591136813583,0.030676481623546387,0.9594101068584582,1.917056469844547,-0.946821425596405,-0.35812468119482527,-0.19653871491181185,0.6090875648242247,-0.7299475811248809,-1.028253010393248,-0.02288574905950186,-0.03859872827481851,-0.39813754540239676,-0.9166208877346249,-0.7180814467417315,0.5880155935101071,1.672692297025772,-1.2004163601615678,-0.019618534777924343,0.08505204633776489,-0.4914510506602945,0.752294114023139,1.8174642354773507,0.22863146646804994,-0.6830139832093158,-0.046653199344627416,-0.6554702892192352
2016-03-31,-0.1605680236193153,-0.5764323649170439,-0.26145478900242664,0.020233192722894644,-0.9576292096447818,-0.9773278407840629,0.6849962719364631,-0.7796500278421135,-0.9057194170783527,-0.46815031003484525,0.17484287667443543,-0.8334955493390269,0.7397629114296027,0.8911761782091797,1.144487202604116,1.8836006586023422,1.1712850130966905,0.1642260253174948,-0.7718973602941882,0.8687578329705735,-0.6771346717663228,-0.3178249939667691,-0.526297566193447,-0.7561473261010783,0.5635380938658638,0.7053984343193636,-0.007912097167508014,2.792694446259754,-1.2221345183588976,1.0477259175361422,-0.34509972088341045,-0.24213188878209385,0.655090920983942,0.5783474884483325,-0.5649933726264312,-0.95109205576093,0.07265389579721426,-1.3662994642278141,-1.0906138442768119,2.411086663800483,-1.0444401356648492,0.958305468953787,-0.7374880866719186,0.6938279020622453,0.4061032132812943,-0.5448652549636985,-0.9749454174165635,-0.7105970579639853,1.042352394467547,2.4935216625970194,-1.055006283221339,-0.30524973187499393,-0.12879875159347765,0.8836762370962963,-0.7091213115601265,-1.2632312867228106,-0.5771982954157608,-0.2647946224738726,-0.5966669439154498,-0.04745927713344372,-1.4284201875822253,-0.26017693175845485,1.9064047537305935,-1.2870672930169986,0.5002964369985576,-0.30310394882625025,-0.2250656208643536,0.4936693848449659,1.037762949535947,0.42191447229825846,-0.22980444889051613,0.5315955500576919,-0.4858271503003312
2016-04-30,-0.27330127197065635,-0.6718266951781124,0.004619958509262195,-0.0854268054799946,-0.2634488546344863,-1.0812815367592514,0.12512669026349,-0.5476076497828519,-0.6454279381111272,-0.6448978407612187,0.11833508652943611,-0.5346212540572542,0.488107482240843,0.7981001776810535,1.0810905191018563,1.8909760833977267,1.3668950548554615,0.6129146190144272,-1.1290604928536752,0.6600425537531847,-0.4737380234763357,-0.003529313672275519,-0.33530444017654637,-0.9146424949452079,0.43799805787930424,0.24001444522628818,0.24109443130276648,2.591524654739194,-1.1071974134989642,1.0310564506288071,-0.2840059920069154,-0.5940540511168144,0.7494369971199581,0.6680590791906682,-0.3304394617585092,-0.7744042036350346,-0.6279444941723951,-1.377203511406194,-1.342948430878055,1.9416885105351411,-1.0080410214805753,0.9979286950269268,-0.9421408395663065,0.6223722001780496,0.8489017096893092,-0.7028973112065107,-0.7638365814019221,-0.2588151319045108,0.9844568055348373,2.3174593385885114,-1.263343364399452,-0.26473284334461394,-0.10974339070214703,0.9979013715471112,-0.9778406561767896,-1.2712945383376197,-0.9742742546582821,-0.3059255527646026,-1.151301736462166,0.21477964762087792,-1.492704436306052,-0.48047541436178476,1.571651668094665,-1.1640763611889517,1.1064495926666615,-0.13731300044117542,-0.4188830322297802,0.6090589242942859,0.8737333305256176,0.4975579534586093,-0.28331156039851557,1.8072021400860403,-0.4832710316167381
2016-05-31,-0.4349174629357202,-1.1570178095649926,-0.15390557968283217,-0.05851558717473965,-0.6115157348847329,-0.6017121838502202,-0.27367093163935186,-0.9416551923771936,-0.43159198184622966,-0.7030267672107078,0.5006947293473961,-0.3345258054900869,0.1025582263329319,0.6704668267163361,1.4361785873271389,1.9394215025186692,1.1618435866113388,-0.3768217514549129,-0.7558859725131926,0.5314127609298311,-0.3285470314202408,-0.08142597187828526,0.39735624569549083,-1.0845854362056893,0.5609515411791607,-0.2875021040913682,-0.48868665457703364,1.8248021811327804,-1.231588716051411,0.75114383481295,-0.33716126269297375,-0.6701523836804198,0.565650499481831,0.3062737715863557,-0.5832255165421827,-0.17699087074065833,-0.5801207978144528,-1.5898732823217216,-1.1337483778546678,2.005632519471551,-0.9013468540843511,1.1887094332966277,-0.49094893267360323,0.4348788179744063,1.4778625839019544,-0.5272102798575475,-1.0138625179756313,-0.1851807172124056,0.8354010043631058,2.475083614038634,-1.1125199445496907,-0.4649557948845636,0.5046624294332179,0.6522316716733101,-1.2386708673839757,-0.8378732215100748,-0.8970481801116711,-0.4778297312289248,-1.2249033205898068,1.6649974779424657,-1.259032776442263,-0.28183059401998806,1.381082267125087,-0.8128335929706598,1.6790657099694166,-0.449356824594754,-0.4814438054719236,0.8823103579291536,0.4600505914052133,0.7086695333499837,-0.3757549475398226,1.6945881383067358,-0.3530063742553986
2016-06-30,-0.8906073514197953,-0.8905451583524904,0.0921132660306552,0.026757199968608425,-0.5335469796609306,-0.5812637680479811,-0.5483038670366611,-0.9277724831262635,-0.5780541764628003,-0.5873764086137865,0.5480664188033986,-0.0883798305358815,0.16058309981434715,0.7813770922805638,1.2090550836226868,1.5859368680340413,1.2356926964638157,-0.480329463175151,-0.8803434688749944,0.506731399142132,-0.4762956532530053,-0.31644019454071093,0.4816185442367773,-1.0391352501735116,0.4815383956645062,-0.6286314071063261,-0.3872441256211783,0.6595705286432383,-1.3372206290550022,1.4349256861477746,0.13846669977941947,-0.4286100611671875,0.500631287068602,-0.201539567290776,-0.4700527753157933,-0.18840063468986082,-0.2639328069025525,-1.4626047393882278,-0.972936236868405,2.2575942548405683,-0.7556314553532326,1.0649288621217337,-0.3783768102464522,0.377616377049232,1.7553571494614895,-0.6217490209088958,-0.9295717041921552,-0.4180247341927861,0.9224701258434254,2.158610543714084,-1.1498321099639939,-0.31381384270596147,0.5261632391651956,0.6886274296149573,-1.0777563193939048,-0.8426907984731956,-1.418110541526685,-0.5751097246296077,-1.3113168570642164,1.7044115454498363,-1.3632921073723918,-0.07760300092980732,1.6809453113195203,-0.894766068336263,1.6739581402507402,-0.2612743011655096,-0.40534560035841205,1.2465424831532055,0.26717696774096833,0.6449839667507213,-0.11903558999651882,1.581073796357297,-0.3206568350442779
2016-07-31,-0.6598856649818029,-0.5549070000616622,-0.10834962736888673,-0.07248656734977474,-0.7669625463145264,-0.41458802807838585,-0.5228284998003063,-1.1374791410313265,-0.5638151075978841,-0.7768737533555277,-0.07277005482475782,0.27076369562966773,0.20092299757144508,0.6037759319991923,1.442112469485446,1.240817412550826,1.0282711585887754,-0.5602719059760921,-0.7204305434672131,0.41387254957526975,-0.38259501516064764,-0.14562502932119267,0.534648357949227,-0.6651554123330853,0.2990229943880594,-0.7887974140192093,-0.4854278710418388,0.09734034375305933,-0.20594244100190762,1.3420244426163714,-0.04180911642997765,-0.39894747496059313,1.005326725279762,0.15640761377689563,-0.5442465432949887,-0.49614414728862294,-0.49842650107731806,-1.558173134359309,-0.3356669398318371,2.198752001133421,-0.6329516018739938,0.9993510905322662,-0.2344243718285813,0.22828884313617095,2.3596019001470823,-0.39104524518604333,-0.913140326981545,-0.31618362947227674,1.0777056324579208,2.468727945767645,-1.1579570689203964,-0.3984581799325857,0.6469174333396481,0.765340329183656,-1.1661222835817187,-0.7651673807658372,-1.5460578535169773,-0.6716513380268918,-1.5269858300327428,1.7710663862137075,-1.4710522103162744,0.12062272232997831,1.5127124551584763,-0.9654818302553406,1.1934300151294863,-0.3691725398423431,-0.36604367522785186,0.932332970169292,0.10766693482685363,0.7389380820581645,-0.15848662239531627,1.5040107633699864,-0.731784729632361
2016-08-31,-0.7056990742455658,-1.0333202034846822,-0.11257489329455915,-0.06615250259212024,-0.8053245389177078,-0.42347752597497573,-0.2114203049810951,-0.9898766791748366,-0.5976187432500415,-0.8293054780217561,0.4668916813791455,0.40139055926660255,0.10865963178532521,0.27401938580911833,1.495316390366864,1.0952883096877515,0.7876134234337261,-0.8222359013578341,1.174193420873315,-0.28241358372304803,-0.6718462395860948,-0.5342831042240723,1.2033767474343695,-0.7155432993949438,0.22761280704344236,-1.1169170917362912,-0.3639527978555386,-0.4661217638153631,1.1918386691084388,1.5472056769983924,0.14363188087959278,-0.598963354015562,0.7683893808611731,0.09067261775277942,-0.4299740907865408,-0.7951509099790584,-0.5337056873530487,-1.3347627776305555,1.288442003186323,0.8910176537749006,-0.5089189403649956,0.8112754499967875,0.1300092870755801,0.17149178381779528,2.32917489836945,-0.15062414049204573,-0.5505792030188323,-0.22745197476033127,1.2462760942718472,2.519878836037157,-1.0262433670486013,-0.37240108020866103,0.26684756064122755,0.8073900083480893,-1.2912578749895092,-1.032793315105573,-1.5083807304561436,-0.8100693572979664,-1.5513382784515604,1.6865100670231068,-1.5399478933086852,-0.04712996506035402,0.851856518363058,-0.8762797311086389,0.849035360912143,-0.23585702157056604,-0.39652044014600446,0.8874055652519581,-0.4866036198574224,0.361058075359665,-0.2886475250878805,1.9384395457715289,-0.6705242871515895
2016-09-30,-0.8976713056649879,-1.0589280855184517,-0.002291599282759932,-0.27253308133751525,-0.8017690687471585,-0.402424915573317,-0.3793742121757179,-0.7291253748946698,-0.3422924195401861,-0.9513874084606921,0.7417815733434405,1.0205999547278233,-0.09236552161905554,0.19758441131021676,1.2722096096436104,1.1310683336064555,0.6904611417132139,-0.9622433718830106,1.5867594869241852,-0.4487313613699653,-0.9882330168274619,-0.6485657187285331,1.1392587578273998,-0.7106080066510675,0.13618011288601212,-0.91566124468248,-0.0017506538611686377,0.1641142005975787,0.6344403765632064,2.260004027367242,0.2997739491321614,-0.6187858248803149,0.5160979569662949,-0.1493430530539973,-0.20702777871281614,-0.6410973548752988,-0.806682734013432,-1.1461312002795325,0.7654660004669442,1.2082154892169001,-0.5071323675628205,0.8747250285473318,0.3070231946674452,0.09478302331177568,2.178226337779659,-0.47896187466668405,-0.4774396869628586,-0.28316255183687045,0.9413293355370138,2.4196967178931494,-1.0078605838653196,-0.36021362350984254,0.492949490836032,0.43964799755154577,-1.3447926942926642,-1.1854924947543728,-1.433678322770986,-0.7857985917067942,-1.5930915332920632,1.8055493271381668,-1.5399007739265942,-0.13782695147246216,0.8656366848655803,-0.8214891474995568,1.2948983908494303,-0.16644776709070133,-0.5479255274854942,0.5193883903852106,-0.5570699535618878,0.3122735645348995,-0.09273666414989265,1.7340573474366825,-0.5481547905851544
2016-10-31,-0.9138960174296142,-1.0475769176520255,-0.011112630799625732,-0.13603724002778525,-0.7077483050252548,-0.4398971151498128,-0.2707526011269217,-0.3864297303866431,0.009146139770492223,-0.9347154166280032,0.8713230367535232,1.1826862311245963,-0.07933860405998076,0.2912350015867185,1.042851160683953,1.2072737913462122,0.6082084046950686,-0.8831937849824949,1.0655043325449638,-0.5681514714153778,-1.0294337445991406,-0.479327411554083,0.8660051030795717,-0.9478826546129633,0.19406463651284192,-1.2199578857947442,-0.15297269258894916,0.04523403954519567,0.27395889667284967,2.4614862102359645,0.31125086627930515,-0.3911985314288328,0.4517079945445418,-0.24852893997821665,-0.06133165978001698,-0.5829245222317154,-0.681820454657077,-1.1818261660506746,0.5992049458061869,1.5070584998990117,-0.3587817391770965,0.6757866881086719,1.1146537121100266,-0.05193873991836495,1.9915057684677648,-0.5771643087673121,-0.4936305919366998,-0.38035364859663834,1.0434116291902535,2.0490766152439996,-0.9810365540296531,-0.3647403032822,1.0082022782210804,0.30762123854105594,-1.5002975175567865,-1.073182607723055,-1.4651017265919273,-0.8354897975619457,-1.5928287070254914,2.050338144919741,-1.6821673634837446,-0.10792360777651208,1.120892623002884,-0.8036982901501499,1.2802312228450377,-0.16336522089476904,-0.5740549951910596,0.5982450589427413,-0.20700977335161397,-0.13777030707675098,-0.199023740948566,1.2465886529083758,-0.5691388845823432
2016-11-30,-1.0622784176641116,-0.7036826491005131,0.024729362212976433,-0.11592565263245164,-0.9811094445516685,0.5151455818242558,0.01869207647734905,-0.11356078705645337,0.6362332270304986,-0.8361076626532655,0.7895560320450519,0.8518320948145455,-0.24283978628533842,0.8102563337004974,1.1131790388092706,1.7059036835741193,0.8358811626669074,-1.257743401414229,2.3255630958156086,-0.33860322467534254,-1.3581363224289735,-0.665877077723788,0.7958942108131571,-0.9345442695293691,0.18669264035039052,-1.1114893543415039,-0.6537635695372042,-0.4658366361015265,0.5543811906946645,1.985668612711743,0.1788167802283939,-0.07252834327912823,1.3771925926005657,-0.2001486574368013,-0.29821773286032605,-1.0404306903615805,-1.0403182340549146,-1.0885915372111254,0.2739591611273404,1.5639307509913514,-0.1606997149540287,0.4693510376017246,0.3239709252968362,0.1851803314550776,1.7011694294442836,-0.9100138919839471,-0.453689085226464,-0.19261908373534367,1.9976768875046624,1.2909819217004554,-0.7651180786129642,-0.11297719554342238,1.189488253764956,0.8627076160390771,-1.3867473820983296,-0.9479944647674465,-1.1418362059759928,-0.8425784660322053,-1.5118607047950152,1.0371584461726002,-1.8760170171837873,-0.5289122330714379,0.8340153005096942,-0.8515553124073166,0.39296369199800185,-0.250563940213231,-0.3732216483703913,0.24522397497781798,0.4309391107636051,-0.2721534267350755,-0.2166613503236392,0.6410985004518261,-0.7684804032396533
2016-12-31,-0.9572484275926862,-0.8411273455421936,-0.01138054905357988,0.10307670873102712,-0.9906000838972193,0.24742860917748977,-0.1374237603510352,-0.04368251055016595,0.6439658420817701,-0.8657748289102634,0.9485038076432204,0.1649210428481367,-0.3154366955425949,0.592305923916897,1.3151032854453675,2.0284669421887638,1.050453739241411,-1.0309010661480826,3.0277972391584775,-0.3978321359983584,-1.3291831118128485,-0.801867432116974,0.6608810589799026,-1.0146705861545307,0.2469014403496502,-0.8432945374486176,-0.6812927502435951,-0.42681854404046904,0.2609039184041556,1.7991107441762448,0.18506548962308372,0.3373773595696334,1.9999997566850505,-0.09625908339718808,-0.30131503903923085,-1.2633222707436733,-0.924761166434289,-0.9730634378777587,0.12742452512836552,1.429048233977012,-0.06400278031601331,0.17258518197939116,0.28958102043733236,0.51717484718163,1.2970992721094878,-0.56945069477379,-0.50921614211413,-0.7744606503767045,1.773751569194173,0.8947892342222432,-0.7492959963168738,-0.2113265631474617,0.7365995299777608,0.9899798762375865,-1.4220906824073314,-0.8988582514502337,-0.8775069784108686,-0.5904659224554076,-1.4738467405697437,1.057994050203222,-1.7897955667122087,-0.7312604189177699,1.1423737010204043,-0.7138320885147958,0.3901576327269487,-0.05825022069503351,-0.5559599555110892,0.164527554143227,0.32040471076244925,-0.5998534358297354,-0.20266674598187878,0.7233701714696767,-0.5997288215947684
2017-01-31,-1.0216771271863105,-0.4384733588328692,-0.16770289644145717,-0.06499941228991585,-1.0543335809668353,0.6146979390542359,0.08941125101326836,-0.1532074772756802,0.15655021834161362,-1.1180828299952081,1.2214218411314979,0.054512142782432875,-0.13867347289160264,0.7962439793840662,1.0043011657189853,1.7305811730786427,0.9172359236517836,-0.9989375740418467,3.876182595704533,-0.2919348879644544,-1.2889327270534625,-0.6831517933313025,0.8236846264217006,-0.5619781678891421,0.5072470210832112,-0.848509276069722,-0.8334533184901483,-0.5792113897170262,0.4854163568598324,1.1992514417159588,-0.002138456410786676,0.3268473255706646,2.1087182817780423,-0.020985100774465318,-0.3353023971773484,-1.0535766015764143,-0.8106679392612837,-0.5984438291155271,0.3835791074106008,1.0607659944328005,0.16789307066820813,-0.08606005502085562,0.40455040368643125,0.4043560472739298,1.1795359559435479,-0.5726408297506342,-0.43345870359460587,-0.9639329563053942,1.1736571346075197,0.8080722536638804,-0.7198973661118883,-0.23488563442913662,0.9395996786084198,0.9854025678193972,-1.435496647609588,-1.1018909177161915,-0.7447168343737832,-0.4487657433934362,-1.3804087604197472,1.5615602297430378,-1.6776785419348725,-1.028120172460365,0.8228372766225983,-0.6944351633473272,-0.000451710546409044,-0.2014246574691087,-0.5681959774275563,-0.0483290755995758,0.44624221198664493,-0.575687526718131,-0.005377080890008712,0.4217989855484596,-0.6859262314345195
2017-02-28,-1.0265380696499429,-0.49630865843100885,-0.07811080008655014,-0.12524930343727603,-1.0002868344319866,0.5006461838195881,0.16013248613024583,-0.3101447223047193,0.4470557192143057,-1.1147746617574248,1.433175732387378,0.3042193861228925,-0.21770676682550633,1.1095278790611625,0.1536291658959062,2.213765494774112,0.9205694557875007,-1.0991104704431127,4.269201833432157,-0.4974608433774823,-1.339881918527667,-0.8356346108263935,0.8622100537190205,-0.8054520683323225,0.18656604533777338,-0.7434720972002591,-0.7478321868069846,-0.5131997570425207,-0.093333852956031,1.1722259350763735,0.0738077454240796,0.07843179149813054,1.75694078596239,0.014198049771216886,-0.17080881014383786,-0.8078187473298888,-0.6882912370947449,-0.50158194653436,-0.15334432339586296,0.9233193613149873,0.4502007105034844,-0.1412098169296533,0.6081396692809621,0.12240415725864857,1.2844701645552257,-0.5773854519052412,-0.0948625337550141,-0.8928106682350021,1.2347733255499649,0.8413428191805509,-0.7919742026170862,-0.21358436865313188,0.6780991339578482,0.5354003760723026,-1.3270653041127474,-0.9467715368982288,-0.7650799266076758,-0.35378078336714003,-1.3314343879876254,1.4283976411657524,-1.644907664954359,-1.0180626794970187,0.9677671959245184,-0.3058596141496229,0.3432080513765137,-0.24547649337560407,-0.5604306034526859,-0.2276777921119189,0.5371591230467313,-0.4292149101692287,0.10936746548824247,0.1447640650031808,-0.6311855773782793
2017-03-31,-0.960918459536202,-0.7111741604975368,-0.15075976447503475,-0.363809961807689,-0.8656416749043445,0.4172715886259302,0.12535612863874257,-0.1346776612172245,0.8181251299512523,-1.0013037986673425,1.6945670226623375,2.0882686084842144,-0.18238553322076292,0.971891097393437,0.4511565414110171,2.529555025259808,1.010956935196272,-1.083150574229943,3.996920246332846,-0.3810856847849545,-1.2621994146496855,-0.8395038161565063,0.5269995289615933,-0.927630353932816,-0.021399809088600508,-0.7883270184477111,-0.9670239360416728,-0.6570690292766351,-0.16710112456128154,1.404000187903795,-0.28680169617527035,0.34756513450745075,1.1108858437279778,-0.13471737304457368,-0.19037848023217255,-0.6221933694956798,-0.9143634784722288,-0.6746083619659813,-0.24550514523545452,0.886632740099451,0.5194442660641677,-0.2612521891237199,0.22568644648653188,0.10484751053113844,1.4970887522901186,-0.9700154818623551,0.08386909606537334,-0.9744415058488358,0.38438292038650407,1.1985377787623923,-0.7336494039372112,-0.3253840999518792,0.5259608456276731,0.6080432165886563,-1.2415903420213303,-0.708025705147291,-0.6893743480032324,-0.35430716053787836,-1.2348432640793565,1.3444192538969122,-1.4594705990758055,-0.7871162892489447,0.66894179358446,0.12943840524606326,-0.11861686883743955,-0.36219560545416996,-0.5945706187003164,-0.10883197876723216,0.6531452313810114,-0.5515757397980711,-0.017506964073452293,0.3889295960902248,-0.6863890275715241
2017-04-30,-1.0574971443879078,-0.8107225784330314,-0.06045400570049967,-0.5664836751451092,-1.1758173620848749,0.03518021492317641,0.21737669580748475,-0.43587266314741707,0.8519370911002373,-1.00361472116277,2.015360058190917,1.9557094557005459,-0.16283917268942005,0.8616959855192808,0.5221856555733797,2.7195022614549185,1.2409856273359687,-1.1431155149708443,3.7598881613167072,-0.42410709203302976,-1.43495027068027,-0.8335128888322261,0.5901957124099448,-0.973017480903441,-0.3157466566954694,-0.7823262882205001,-0.9825860587402098,-0.719949696529079,-0.10030440110044297,1.6296175591253412,-0.430142721856152,0.2014499484085643,1.3989378800871342,0.07595182788857824,-0.07912243297083374,-0.8636999979302098,-0.7957649793122912,-0.4351190067609543,0.08361596296199761,0.8908071476930086,0.6162211937380403,-0.37423430335307944,0.1720349303341368,0.21400261638775986,1.1904411872591265,-0.7994285853444703,0.09623590627047074,-1.0158541330254232,0.5458036346819736,1.0936241201762313,-0.637038924576941,-0.3021407666864151,0.5216671543217642,0.5376779875643501,-1.2702742760121368,-0.5965007286050279,-0.7064789067429404,-0.4072533793430969,-0.9619296877865187,1.1713985254739931,-1.3895224662408587,-0.6731743406665671,0.8679630370242315,0.012429058317193181,-0.06303549378956382,-0.31877991595908084,-0.5138671486672505,-0.3096409907650049,0.6586531973083884,-0.5136051697873336,0.16932502130963956,0.02379409094174434,-0.5021428789675366
2017-05-31,-0.8718228005305482,-0.6759885256821342,-0.18066535064338463,-0.7739626954464263,-0.941322505868449,-0.013391419646555686,0.44965603673199434,0.1406764086013742,0.6974290019954266,-1.0605460212462923,1.6531444893359633,1.893011206799268,-0.2911889911753294,0.7360692395361172,0.2453619170761399,2.812996473935353,1.4531893302649714,-0.9563267724032534,3.9969124243109313,-0.3482207499125102,-1.4114714800586445,-0.6964616360060035,0.014863421151886129,-0.9155624675372829,-0.5422370908796098,-0.41466315083924954,-1.0245577478715375,-0.6365070191685156,-0.08414010010952289,2.3567973742513715,-0.45183798573729606,0.03183134080379488,1.0279439343180004,-0.001544583609991379,-0.10633023995039967,-0.32453489754941056,-0.9191391361786163,-0.04911461173691811,0.010875538122110395,1.1035886049547619,0.4890778588998672,-0.5393486823351248,0.15036015422362345,-0.019092010467292253,1.2752436624438652,-0.5550873887924894,0.4368806192059125,-1.1488352885315052,0.3416552300228656,1.1349881154834733,-0.7374941664875342,-0.35169491419939325,0.5026313515758842,0.639151929808562,-1.252514837761623,-0.6755660146279951,-0.40124246631997207,-0.5094138839114621,-0.5694369155646317,0.6145479333611321,-1.311028419324027,-0.6270937034185871,0.48556678371229745,-0.12756306889302696,-0.46954310686596473,-0.2771678052059321,-0.5886926374512855,-0.38332126636769626,0.7462858928434102,-0.61730457411814,0.275324545155149,-0.2577808318294479,-0.605300856664493
2017-06-30,-0.7020872584362072,-0.6991471513371865,-0.24834879674002613,-0.9247358735573894,-0.688911740166609,0.46533332402272515,1.151634478323832,0.34807669634431326,0.7292051485833853,-0.9883557866300572,1.1831219022857717,1.667028423043039,-0.3322018263441126,0.928761006287423,0.42982220945200816,2.7617740065897007,1.1960286478166446,-0.8986433335103992,4.246611367245929,-0.2561453412695579,-1.3349564308780049,-0.8267205358679895,-0.2806478255574439,-0.772502787664979,-0.521746499545974,-0.32461904005221465,-1.0313860514019395,-0.6525916305027094,-0.040662840905500486,2.055080524299444,-0.7288017780531199,-0.14175050288908286,1.3564558384593939,0.33259995064778447,-0.15949252444351153,-0.6613767176079598,-1.0275451895803276,0.07103373232083426,-0.11951172822135653,0.976275268020482,0.5715572945301061,-0.5786471427711132,-0.12503214608044552,-0.1003683092992379,0.7621038568030409,-0.13244011728449423,0.46629024594440216,-0.9196654638398081,-0.287893139083096,1.4558428637221488,-0.6265946145649935,-0.43003197230100865,0.5764422967272314,0.4181865681306577,-1.2545569206426905,-0.7499643078194218,0.1131305541848206,-0.6159281024596566,-0.23675865682677028,0.10950139856380967,-0.8242157462350524,-0.6950805448383572,0.21529225619357018,-0.27130306249689784,-0.4925490359843134,-0.19256590981988125,-0.7754836428409118,-0.6190961437756476,0.9704930812209979,-0.4953976946518619,0.20064280898085363,-0.37536727218100074,-0.5964966117840307
2017-07-31,-0.5290256683714816,-1.0860051959059462,-0.13831941036813103,-0.9666599025718157,-0.59543270052351,0.05790872318771309,1.0448961277946591,0.5177814724633112,0.5455447440479773,-0.7647431016001618,1.1052015521848542,1.0664663198896336,0.06552210691293789,0.7402997299568894,0.06667799692716622,2.9994175775283907,1.0730962590921864,-0.8017706961092087,4.277644134520235,-0.2827105441997857,-1.2978748755340266,-1.0050765504738137,-0.3234266818973206,-0.9062460085252869,-0.7257166250880889,-0.4533304567537292,-1.1266182400713007,-0.7252358992150152,-0.44188203513697744,1.877986432393989,-0.6162431019627028,-0.2680079953577046,1.327379490268584,0.16944624224435312,-0.0683775859738493,-0.14754068966659703,-1.015209671599996,0.5445007882954905,-0.2186053371271019,0.582918617206953,0.38515907800811766,-0.7183984043462199,0.3986049985240466,-0.23542796026669804,0.3818602368837444,0.06349849470346197,0.5797847883501861,-0.9810605534876503,-0.163422501716895,1.2257890722723759,0.282796932121083,-0.5787613431946472,0.06887668296512213,0.4215932445737905,-1.0791238432076686,-0.6562704379274857,0.6001070366391217,-0.48635638495509115,0.04626084054092028,0.7532290810760612,-1.0136623164598544,-0.9091747479802141,0.23283803122197302,-0.03143892130319312,-0.36481388195573217,-0.13699523403170522,-0.5530607300371234,-0.716321354986496,1.014339693005146,-0.7409300257282114,0.32981664765527274,-0.4292743781683575,-0.5486911796689501
2017-08-31,-0.8039084582138849,-0.7691934945729608,-0.19975528335746762,-1.052546713115273,-0.7880141492733721,0.04420671207528866,0.3059804347254313,-0.08982321498248141,1.057556130740914,-0.6239936559022924,0.3222901303637211,1.233646150659054,0.056155956758023484,0.6863149983616752,-0.26617432315244655,3.04786097135839,0.752379120334882,-0.9878615225135018,4.959465645476412,0.16840713803689977,-1.3016176683228375,-0.8502558698596756,0.31258174052578325,-0.9016658250948124,-0.7718859365164089,0.31469694642090645,-1.100984711723708,-1.2064643148627412,-0.5671388540652841,1.1592234708607054,-0.8249031009816319,-0.3253520150970862,1.2737379157380708,0.3017263678236858,-0.090340197225438,0.15797853491454075,-0.9714562773102726,0.1555941835955624,0.08385413026776356,0.49071422491477645,0.18596189456941326,-0.714850812096076,-0.0908663469082229,0.03951279669093914,-0.062004615732268425,0.463315951156559,0.2198677829909624,-1.1939079700021706,-0.47421812728845686,0.729941413509285,0.6807820300741149,-0.5898055931294424,0.15735721852953133,0.23601900724584438,-0.6662262916969669,-0.4254937957137007,0.358429223214822,-0.30551362592520137,0.34580430746335167,1.1853805019025028,-1.0536764248035826,-0.9598816502184179,0.32894952647598946,0.38547219944705063,-0.15243601267975818,-0.21678151279712624,-0.5014794818455919,-0.6402838080765254,1.3132751656789154,-0.7787732351375923,0.3514624125366549,-0.16745123184107324,-0.37891621340266923
2017-09-30,-0.9137834235759152,-0.6461629108124384,-0.3290381544430682,-0.9023397777063246,-0.9614975015424506,0.15856542708688084,0.4323855085337458,-0.2560006047600923,1.0712837539795204,-0.5510420086264964,0.25873639336879306,1.2502776329297054,0.3469411859915573,0.8732417831379012,-0.25435636009433193,3.3213955554711916,0.9228038253912951,-1.064211480440142,4.197190053663147,0.3150203001541253,-1.2011455916538667,-0.7762304587027842,0.11250476437176984,-0.924285905579868,-0.650841289429171,0.3715543400972743,-1.15016262223482,-1.3554523548718365,-0.40479019227115187,0.9646706980446398,-0.9574393407408314,-0.21873720870003996,1.4661592616319945,0.41091740964052825,-0.26435785719022986,0.2888465702651507,-0.9626431278586747,-0.2784326084965255,0.6070469079152799,0.9685017333068316,0.10771834986864207,-0.680523623405043,-0.3424198782290932,-0.072412202905979,-0.1072110521694074,0.7311933850882009,0.005493591233483593,-1.3883520657110746,-0.6249742117495686,0.8134747332272604,0.5861228920478969,-0.6034510230048145,-0.288992148022215,0.3017602507663764,-0.6273532856695982,-0.440588499973833,-0.1342155008961826,-0.09219708302738508,0.23425511016040637,0.9955238395551042,-1.0595063278322838,-1.129746097570624,0.4586017280818138,0.5185867063371554,0.47721879247491283,-0.25832992465420357,-0.41754834003643737,-0.6063722424527416,1.8636748876106894,-0.8322798797288893,0.03550316931637256,-0.20600325188676674,-0.5317431220924471
2017-10-31,-0.8164305286947097,-0.5964094019061499,-0.29843656603924923,-0.819626964137274,-0.9095326003768026,-0.0214298660957917,0.38966000058012334,-0.39986693481914765,0.9284379981309656,-0.7544405426761668,0.15979782943245355,1.3441156210526497,0.06055279797704625,0.4641824525077951,-0.5128192620191806,3.663452767777012,0.7100574827204805,-0.9000140765805127,5.0888446597837005,0.1727878275669728,-0.9937848282838595,-0.6841505966583039,0.15615764564471374,-0.754885593145729,-0.6596590440315788,0.3238467156300683,-1.029751228515493,-0.9714194080673897,-0.3327979477249263,0.795983723764281,-0.9318565461061228,-0.1694533328600399,1.4051839252310345,0.680731769109389,-0.2538774354118295,0.2256206375599148,-0.9119924473092701,-0.5986952610302841,0.4896571277111277,0.4986728310713664,-0.025410090096421614,-0.6994586174234874,-0.45735662875724825,-0.130635524378503,-0.16654094527468244,0.5773681353830249,-0.093585451263787,-1.1722896648973888,-0.4545934153791348,0.8876550664381745,0.6606038049694566,-0.5201075433438481,-0.22337841027180408,0.25541127410086994,-0.5449026058736012,-0.46913408487680236,-0.15606899241062766,0.00013342027228623043,0.381852551740449,0.8556188942939096,-0.7657970581905535,-0.7751806434563214,0.10919713377097606,0.46519486582765873,0.19393641150916147,-0.4188083845271991,-0.587116487990891,-0.65147580261815,1.4550065590986874,-0.6102454454784971,-0.10803169475656049,0.39423789426137257,-0.44251192116180554
2017-11-30,-0.9768358988746871,-0.33811043889614584,-0.37559378946786387,-0.9424666070307961,-0.9895675162849802,0.0035008881543100757,0.22058391411179237,-0.2832573756206726,0.5518347854171254,-0.9084769792572867,0.24076286333771474,1.521342002404765,0.4485415611269201,0.4801786427387256,-0.5554446487207894,3.450771535492749,0.5760540840598191,-1.0031034983835048,3.9893566840803767,0.1843266202509845,-1.0796355128566706,-0.6967517795129743,0.08921254209299098,-0.8403032313435888,-0.6973242093240224,0.49232312125854694,-1.0891522448817113,-0.6628496197969621,-0.4452039541812179,0.741752440081172,-0.9946791873004985,-0.10188151904071356,1.2818558505397109,1.091336184442961,-0.19388537898365843,1.2430951773772507,-1.2061647586287516,-0.9106730290283367,0.1974625926478275,0.4351581700891187,-0.24237260957578705,-0.7050035903072311,-0.6871201614264613,-0.0663207916382145,-0.28081410370235865,0.7760118532881219,-0.19764999380927395,-1.34295800264545,-0.6640925233563846,1.245080234266934,0.605630316178099,-0.47284907625004613,-0.43476547053068376,0.17320592841990295,-0.6800444056995465,-0.3148708745895686,0.03382115930655906,0.5150831493757918,1.4833899761279146,1.9777847141572023,-0.7579142012910163,-0.7553574236617447,0.35940382317110825,0.11484138489614923,0.5225473871428444,-0.2756152882438281,-0.7686637555586253,-0.5918198699795342,1.0630737437292601,-0.6890642242357947,-0.11059091109547976,-0.3809225390460732,-0.39915233570581954
2017-12-31,-0.9898757372521051,-0.42911939666567855,-0.4024171300890328,-1.0982266879035123,-0.961595243296757,-0.13104031577086633,0.08898997293882656,-0.1419262893794336,0.5746839282281381,-0.46866295130515195,0.035733307134591344,2.255539527337918,0.5383532659692021,0.439914466697951,-0.6105663101705509,2.283368384660658,0.43501943827717615,-0.9727162625690293,3.1177311287609166,0.13214730794251928,-1.066897158738397,-0.7496469387524661,0.22490559641603294,-1.054325526839392,-0.9222967962654413,0.203877851221716,-1.1268834535384888,-1.047850609258772,-0.5263418746798081,0.5123186844096193,-0.9342893058085482,-0.2963759075902421,1.3730399926076893,0.9828912709563189,-0.19158473643297588,2.1405553931942203,-1.132241080648346,-0.7706901111240437,0.6411089680566081,0.284421942784251,-0.24329312399427844,-0.8026293473460673,-0.5014621010886242,-0.12022517083099347,-0.14714503768115805,1.7592865576380106,-0.04935877605485034,-1.2991409163277043,-0.5954306636144778,1.5791590789706682,0.897462989459214,-0.5121430886759997,-0.3887006289592527,0.07352358734021452,-0.23593761600793428,-0.49266810605465494,0.06060747898586502,0.26293603387823805,2.0933904637863723,2.280962457937253,-0.6927353438765961,-0.8245398332665699,0.0834662805595052,0.06655381284537833,0.30851524985079365,-0.4688645450946404,-0.6399138564320009,-0.7312640793171687,0.6925391790985613,-0.6368869883451649,0.024339895175757,-0.4247499130871303,-0.6146845329858807
2018-01-31,-1.0383360290996406,-0.3145810721183472,-0.2425055399986447,-1.1253922596502424,-0.7809591018405411,0.22823975235914007,0.37377026675792735,0.450871100539745,0.4644736109494797,-0.4293919699916584,-0.116978274837074,2.349357981268281,0.08853816496532853,0.9026428491077885,-1.0134198532979768,2.402536085314536,0.32006730295490343,-1.1572249347487742,2.1614597350771234,-0.11124266139463652,-1.1026625566058785,-0.687209179399138,0.7134792896775985,-1.1697343361468966,-1.065020659548588,0.02514830445488668,-1.078352775943395,-0.7813132301923367,-0.7304531764469369,0.698337875083942,-1.1481882100156149,-0.5664307336009807,1.1405224495453359,0.765010958556366,0.08259902003204128,2.27903331058189,-1.1929545594968276,-1.1347876016018532,0.053439661855939014,1.340330161492357,-0.03638155684482516,-0.7217543329068041,-0.6925758108637252,-0.2956395572571753,-0.11271971633340601,1.96440350613824,-0.2534278071666131,-1.2534965921265393,-0.6899623079668747,1.4571967777690242,0.9945264321809595,-0.5723372826228673,-0.29523203902625145,0.16604809538016418,-0.17523387024687526,-0.5408868607174379,-0.11638481805973748,0.07795321267777049,2.2587147998600448,1.7772990668627293,-0.6255254337601013,-0.5151540968589162,-0.12247371660347108,0.06434748913592835,0.2473230315670111,-0.210734702640131,-0.7861114683842486,-0.7520870607142784,0.2917612337865701,-0.3468738989408049,0.17931318761286041,0.3907838599661229,-0.6073969274949776
2018-02-28,-1.030509916224568,-0.32218351066183176,-0.27216275271411056,-1.1442491982658893,-0.8220683077968587,0.47353569270730017,0.5430316361323462,0.40747739250831144,0.3587301419468528,-0.33881805030236667,-0.20970683111613153,2.194921203135611,0.2228360973424357,1.153403154981306,-0.8550711256454687,1.7910260243082148,0.25443677212171195,-1.127861288666844,1.560374780417869,0.020270275447386812,-1.1759371809986607,-0.7676687338667414,0.41496695262082484,-0.8991109426779013,-1.0232458886918,-0.05835029808813344,-1.0862717542784708,-0.9096305368024371,-0.5902102205447528,0.265305138634975,-1.0601946656482726,-0.5206214439615995,1.699727767465531,0.8880153675473748,-0.031255967775331996,1.8544849740683769,-1.0934448442268543,-1.1180175083850274,0.0927673000755832,1.8125868322386764,-0.19178663688663658,-0.743581176770423,-0.7806361215400102,-0.23166934651228008,-0.30870184171088894,2.125266192052864,-0.47378641338428307,-1.2960051695749635,-0.7224511204775046,1.4519763014035385,1.164131134769489,-0.6425550869788761,-0.3529394257304912,0.12639343817807838,-0.45608339094930045,-0.5033085998669298,0.14438380560601716,0.017920787614649623,2.6434349130151436,2.199713643202176,-0.7365685710729172,-0.5647229745052729,-0.2445270142995783,-0.008068210108335763,-0.06378750486106453,-0.06479694235671933,-0.633590813918248,-0.6913247988818123,0.33767685311522483,-0.3893368137991688,0.07312730758476443,0.7264708135296067,-0.46157375224648445
2018-03-31,-0.8530196462151176,-0.2011909746653053,-0.398250686228503,-0.9846914638704617,-0.8412934728169732,0.663113700071703,0.8172537690386303,0.1507765128372454,0.1715623296891523,-0.3650804965487231,-0.46767658806864343,0.7038841114929386,0.3681513320410616,1.3186900539002346,-0.9141484178766232,1.5489329198480593,0.5518889059249372,-1.1513604115459288,1.1277717206071691,-0.16177192616903432,-1.0283854026962025,-0.7719116143902802,0.318765666952556,-0.9367006469131938,-0.8825288328012297,0.14106761187515987,-1.068350618309731,-0.7020815676713189,1.2194970015825743,0.3035776456258349,-1.0513847509439844,-0.5615689573369126,1.3860715082735142,0.9524009142031963,-0.20685478988294104,1.0259915282144998,-1.1675501736567453,-1.1438486890430204,0.925788615744518,0.9008890248151902,-0.37049533728412126,-0.711573734834358,-0.8617742391846752,-0.47560041469315184,-0.2087774106985016,3.129021943761863,-0.6039906756466615,-1.2319274201592934,-0.594067092365345,1.2454011941352483,1.384218684541356,-0.6482604811008248,-0.3100464496033381,0.33339784094864977,-0.24088571148194554,-0.5374905576428876,0.41206534197764305,0.036636043695932,3.1865600856676943,1.6930261285843085,-0.8795433175650954,-0.5024324707071517,-0.3697183216936805,-0.11846078244164371,-0.0997000340507099,-0.15302877480754,-0.5858936493827427,-0.6993793516471264,0.45434919803642604,-0.4200856080844113,-0.2401625381257116,0.8306297285863062,-0.5784365618218128
2018-04-30,-0.5693534799665532,0.1822341014340628,-0.5627273874481207,-0.8737801029195159,-0.8856757821911139,1.5291162320226745,0.48082809651120045,0.32520497002236354,-0.07781988876534285,0.02540617698804573,-0.35715682093834705,0.403136767952738,0.8435201720130101,1.9383036086244694,-0.7630644139195978,0.8903726388881474,0.41015185827841566,-1.1289138318308563,1.4471190703362338,0.007816594645377588,-0.7103047012385708,-0.6561624867879475,0.5837627125166288,-0.7340309121428907,-0.7802228715277566,0.6776065098309776,-1.0992021216877994,-0.392674061588789,0.48789184634619565,0.24359515015546618,-0.9489928479406101,-0.5325420819890176,1.400930307105771,0.8816592745074583,-0.39812795134504964,1.3303263497770126,-1.2103689894159606,-1.1757721659821274,1.177908296585271,0.42628723398945234,-0.4751820255519202,-0.6203939142427566,-0.9018221226601544,-0.7208309183347796,-0.2516840325335704,3.3073739067129346,-0.535302207075347,-1.2391042866874042,-1.1167794885249545,1.086564540963556,0.7255530983011543,-0.6089884263969286,-0.300030258666859,0.14337838866935038,-0.2972423775518761,-0.48219238144359877,0.48390952601941617,0.08351287698019694,2.847347150633796,1.772353764124054,-1.0532956315852473,-1.0887132146927583,-0.4180535295552796,-0.22882353890200796,-0.06783402795459231,-0.2192360930411854,-0.5416681101821906,-0.8803715325036853,0.552565654943842,-0.342609468308266,-0.3012821650521427,0.5578863680185103,-0.7052905928243117
2018-05-31,-0.6303602393365921,0.2528520999984111,-0.39597037031300486,-0.6809943085522858,-0.9996887653353446,1.2480272843430775,0.2261744857976234,0.265899220059734,-0.3899058694493834,-0.06598753761667889,-0.2906677267477236,0.1458562519543493,1.2772968665433562,2.2339638243434154,-0.714415043200912,0.7188328466914268,0.12727105719089757,-1.3014162101170965,0.5963203230035516,0.21475014693676553,-0.9029223971139901,-0.6634952737393021,0.14282587372631836,-0.43045764823996296,-0.7068891614898942,1.0584771226501208,-0.7174991244376039,-0.17367064952050218,0.5276378925301443,-0.12448119734165386,-0.8517784250696785,-0.22711181741542696,2.5951767914105828,1.7630198453456503,-0.18741397193272347,-0.25112601478286156,-1.2009090903980426,-1.0969426870932386,1.2510943038942552,-0.3784947339579833,-0.26560652980362076,-0.6700585438133426,-0.9222107608495304,-0.32285779554207517,-0.2625061499854289,3.576648970996025,-0.6992861949548523,-1.2347261660105129,-1.033617184527942,-0.10854580286366913,0.5913424636210817,-0.4071661001330088,0.2480663752107066,0.006673668862174145,-0.39712542344331847,-0.5015239560369341,0.5533485839827624,0.008442359167459904,2.6411211950983216,1.8183027320579244,-1.1805452779324748,-1.12591243632933,-0.17022089356125397,-0.352690434637758,0.27891276387702674,-0.3435322260020318,-0.36365001201804037,-0.7280399815458023,0.8418610204184922,-0.5805758008638718,-0.3180076747451457,0.5550960327768351,-0.39428879368665704
2018-06-30,-0.7651459773621723,0.08538956606217893,-0.5698095475475413,-0.607721501946243,-0.9676587725084886,1.054621686591795,0.025283472055617956,0.3620298626705246,-0.2597754575595959,-0.020083201773918535,-0.3785931468220129,0.5923616534321079,1.7523937663380935,2.0933127819127586,-0.9839147400007979,0.6989806255532137,-0.03887198284073204,-1.2306810843890428,0.42788017203605855,0.16106678782667458,-1.0648892509981518,-0.6447157832146534,0.3705098820340242,-0.6265640424359797,-0.8154463138318706,1.3963235425964875,-0.8164367918650759,0.1516738316790358,0.7737534697007444,-0.1620178791069783,-0.8590814876568589,-0.06557684351216837,1.9945182206550154,1.5494956943600369,-0.3415734999234674,-0.13309614227273114,-1.0846938529398977,-1.211429770577191,1.5947010213186736,-0.16354515256082536,-0.4336223769814812,-0.7417452409032085,-0.6808504512330176,-0.26473656562085646,-0.2890077311809959,3.320021474713558,-0.6205291361022501,-1.1533229650211407,-0.9487143496895356,-0.09706560556733479,0.4000503570532311,-0.5354440125742195,0.21929898181207033,0.3323681173365641,-0.388231139864444,-0.45687504982509386,0.5983866945528548,0.19596656888548186,1.5251417979979087,3.09760905802802,-0.8602623154615794,-0.919623323299669,-0.18150388619444965,-0.41162276570236767,0.3087464416738296,-0.5332586198299201,-0.7487388828915909,-0.9638678606571405,0.9149986715157675,-0.5571739558276805,-0.5942944761552691,0.7086273983221594,-0.5136986644848456
2018-07-31,-0.876166884287833,-0.11009415759332265,-0.6283072001777741,-0.711500321754881,-1.051279637697319,0.8703218645540096,0.09458131468117366,0.3759787162567721,0.034282524321128854,-0.2209725936591727,-0.07989952697106946,0.8649466281795521,0.33096968058940884,1.9382845026121538,-1.1939838450250786,1.1046920229001362,-0.19768491348514053,-1.1860906235395734,0.8704058809920826,0.30583703991377464,-0.8689074261779228,-0.1238601493383858,0.39052993934285146,-0.847229085295819,-0.8657294048308688,1.4388371575661956,-0.8491085287881934,1.0497579807514055,0.6996283490476798,0.005758646524708394,-1.0829253269847254,0.09443962101440087,2.0229044179986566,1.242417553872189,-0.7167961060044122,-0.380186144654969,-1.0053683228345411,-1.260540618487113,1.2423475402032662,-0.2263007427893495,-0.6320872799926185,-0.6346094343546334,-0.7608195982276451,-0.26793244279429973,0.3712260422259397,2.951855068595396,-0.7258532395227433,-1.2238827075127898,-0.9741436452812948,-0.09054964816889033,0.566447884745514,-0.5041178346936986,0.3079190716076212,0.8035865971298665,-0.43029466725241516,-0.68202801979132,1.3984932027789272,0.27878287765442644,2.434077204059556,2.7668862218250396,-0.6056620714903205,-0.8340432217276987,-0.32511451959380205,-0.3578008674936174,-0.1831204716835233,-0.7684610983091958,-0.8715730535712773,-0.8628308028194331,0.7436890453927107,-0.4709946387673237,-0.9361490105435419,0.7741961422459802,-0.7490809056129768
2018-08-31,-0.6798782443077174,0.05351715917997904,-0.8300794876721671,-0.29085761192912335,-0.8552428045392912,0.502499985698981,0.206626101367687,0.5659209345995007,-0.10390037759575513,-0.17357559267025136,0.4246327560135559,0.1381774508477348,0.7498865498122126,1.8114582598350841,-0.8131188472164246,0.7340790022267601,0.35122584876428653,-1.043122573975589,-0.24020453839940414,0.3145815617064224,-0.8242821321109209,-0.3988632560105115,-0.41382213546822044,-0.6121029530456457,-0.6218905952854259,1.6464588805510245,-0.7735230411591809,2.524658322200212,1.2816623432607401,0.271111880285441,-0.6901533994625526,0.4326194427304501,2.0915383240299175,1.6205863561661409,-0.8324683742542385,-0.7244297670869999,-0.9737978517449994,-1.125277917253645,0.2727363430804738,-0.5661164363180993,-0.8590720219832834,-0.5262907032193245,-0.7844781051667004,-0.036850746856768896,0.9068505610869955,2.392447588851515,-1.087523976201469,-0.6340504741694318,-0.7587737881030515,0.6512467679644318,-0.08486760621388174,-0.6345665690514085,-0.15225476371983793,1.6059425149317619,-0.7152492103964649,-0.8915647543673134,1.8831374765524402,-0.13783733547939261,1.814787018010324,2.3034888145138424,-0.4846400358321785,-0.8026547888726375,-0.20485918842142525,-0.5982592678527286,-0.6001054427863968,-0.8213483552007863,-1.087418376398127,-0.8509442911569356,0.9677119852875968,-0.5843535634958625,-0.9920869749634962,0.371042714583673,-0.9738746667241174
2018-09-30,-0.6528311465068757,-0.08592033418095713,-0.5672476892880476,-0.662562075298207,-1.0314773642601105,0.7788906206640642,-0.1802440686068546,0.6232604601745122,-0.2489410267878899,0.16821959115560647,0.4073735876854303,-0.17499486062320413,0.14524013610491562,1.6499039266233233,-0.830703938252938,0.7845223220940571,0.32298849555888415,-1.0683174044441772,0.557354343748168,0.48828530273171294,-0.7253542070967316,-0.2528683003679772,-0.1714402898916544,-0.3720604744848126,-0.9180682835454553,1.7852933757743934,-0.9655868165902586,2.9170556120764024,0.7025113108426956,0.1281153816651988,-0.8016708087647968,0.30445517421429247,1.6691800806756036,1.3599653131842722,-0.40675631981473176,-0.6442711972426777,-1.0122175553001034,-1.010537695131731,-0.20615573828803185,-0.6623774292363471,-0.7363802431297601,-0.7091103867451468,-0.8174190076976715,0.2513659105049576,1.1136078471441233,2.0226127143959576,-0.8587153997852919,-0.5562062278438342,-0.5039473713728688,0.42200926106961123,0.2456732599433323,-0.6179215990836093,0.05716486289608814,1.2954262684528643,-0.6987094966058126,-1.019677585364204,1.817208910057656,-0.04790316092401926,2.5293131600903633,2.378075346577215,-0.38769376346637363,-0.7205290782121264,-0.4963267142304755,-0.5951295350280491,-0.9598893250509184,-0.6428053806131317,-1.1656511944979402,-0.8621276749228963,1.10291824654664,-0.44059612810192916,-0.8718212686609088,0.19388406827463067,-0.8607093255854308
2018-10-31,-0.7538177113748874,-0.07568617874357923,-0.4552462786135424,-0.5882094631334026,-0.7872835704629446,1.071579267098869,-0.23432559885642612,0.6266149860885786,-0.5671897734040282,0.30224420410447184,0.902805048009184,-0.5841208134851393,0.26357028477054817,2.334801967268752,-0.23330908319794202,0.5477277930167713,0.5305836015069658,-1.1082469226696596,-0.07155891751976401,0.7668104112061815,-0.27470484248094623,-0.24424038158027098,-0.14383495374026428,-0.4922931699757318,-0.9703673944433298,2.504786014847607,-0.8357990593312269,2.883193219908648,1.0966267493683266,-0.16000730790148732,-0.6520805895863945,0.2409522535159404,1.0694082310581654,1.1781692555016778,-0.3946910266633945,-0.6018016825709189,-0.8394810072412671,-0.8298317139909488,-0.5147969877279963,-0.6700958466399993,-0.7018013746777672,-0.47264193537199684,-0.8694884777680618,0.2954041189634792,2.161374209693619,1.2550301791814074,-0.7929838988859274,0.07761847575460917,-0.5941283293774128,0.5258262379458926,-0.3595470276280698,-0.4930611876610848,0.02713758129863043,0.8406147782999105,-0.8023521338662873,-0.9349648583731973,1.0601155912785054,0.11712619684287193,1.364905254794603,2.680585970075868,-0.7923018616339715,-0.863639277123207,-0.2222635062043365,-0.771193870071307,-0.9230139864670919,-0.7031463750749589,-1.1008111438097083,-1.0419168083901775,1.2887125949077887,-0.46883902187103144,-0.8170469696247264,-0.2940021017657086,-0.9121600553263512
2018-11-30,-0.6610849765124049,-0.07202909926006823,-0.11277294840359475,-0.9375834976382046,-0.5781871889547419,1.1913004969471057,-0.5566733147702244,-0.17583846307024018,-0.42220438410102185,0.3545837402173821,0.8729445399322142,-0.5502790657154557,0.07602261084903858,2.171177601031975,-0.34298315329861806,0.5841766235593863,0.45415301363666255,-1.2494112724439903,-0.18267298479871236,1.0511150990614895,-0.06508215338629764,-0.2000729365600207,-0.04994049502073808,-0.46400065159378046,-1.2062296538709063,2.4130486244576925,-1.0814762196127903,2.941784839693648,1.6032505941612536,-0.20048234280207153,-0.8190230099153439,0.16141488534899207,0.4344809231287247,0.7755547321729648,-0.04011895516693486,-0.41145902522517463,-0.8196772352195518,-0.4614169486143215,0.3464448188697635,-0.8927911672284157,-0.6627414052819498,-0.2722037841995098,-0.907056315624972,0.14064032074223115,2.0806261667617427,0.672135351520187,-0.7837091164940164,0.06683484974991472,-0.34582185338724736,0.5404910484283305,0.2541048162225392,-0.3411758482148593,-0.11158284165487288,1.0959863232217342,-0.22831773279346249,-1.399921827487556,0.921413871542242,0.1838059621045741,1.8112313854011401,2.315669126098295,-0.8325130467310208,-0.953656345048679,-0.6635337118885021,-0.4952475811001069,-1.1179706085835777,-0.7365252217254981,-0.8957526666399453,-1.308303511247181,1.2088216861472478,-0.3888778733923269,-0.6226903594049569,-0.14149289655431546,-0.9606283603702948
2018-12-31,-0.7187327187494579,0.1267687807050808,-0.26434209748355125,-0.557511766485352,-0.6223915401280717,1.3608289021236142,-0.5843617355560979,-0.4709724396912371,-0.3994607366147479,-0.05377613845618567,0.8543212358623656,-0.6548253034512945,0.05110470916255301,1.964691742061808,-0.17538581207477838,0.5414453889201905,0.4469364538315148,-1.2816035539636004,-0.23496949429422548,1.257540298314284,-0.07042322975415397,-0.017337196483520695,-0.1318781897810338,-0.03379840601210907,-0.9388654448119818,3.3967099712060236,-1.0567707069166792,3.1270027060408636,1.1583466548077386,-0.26539617726787784,-0.8861851156986755,0.23360555995008916,0.28106386819177576,0.729610616617132,-0.04052952144055895,-0.6460464003820314,-0.7051082996449081,-0.505462671041055,-0.022175863423155945,-0.6018607615082496,-0.37629254625101405,0.08219531946142944,-0.9676643313763738,0.03927111946906702,1.7331170759831496,-0.15124940284388522,-0.7896679371456186,-0.206144789469184,-0.227103713570794,0.35445592113187485,-0.07244140959208553,-0.395993088454513,-0.07967101952583203,1.7060759306010147,-0.5945606185336145,-0.8678352616612888,0.9798150973226868,0.3623161301669473,1.2945331833411964,2.2399959612899565,-0.9752000573105569,-0.8675497468803217,-0.752459784066055,-0.601664303065395,-1.0145131028161505,-0.5192863218037487,-0.770754821938037,-1.1458553178547994,1.1846708470977196,-0.37228866043775527,-0.6062779403169489,-0.36315059705387537,-0.8486273805776363
2019-01-31,-0.7896346683814668,-0.11573260843688815,-0.13936726263280153,-0.6516862404166434,-0.806645933662752,0.9298217564060114,-0.6478067058988981,-0.632345323870859,-0.033672100361184815,-0.19488060167139215,0.61226861278184,-0.5582863527375006,-0.0710920506152426,1.3885677782028365,0.21273329353186676,0.40794104617872295,0.4030867373480932,-1.2241604410454905,-0.3961586379435613,1.2453072118987043,-0.30317322112672024,-0.25897412640545253,-0.35970622693266613,-0.13601084918151318,-1.0348882006002773,3.154186062454297,-1.148779482150192,2.805757041507138,1.3226252522824027,-0.378029195266586,-0.9428852271129866,0.35401551505367107,0.5486398604260347,1.0513202727182518,-0.08020038537287248,-0.4716584157914997,-0.8224290676106711,-0.46188076087426966,-0.029164526510008913,-0.7585113850926439,-0.2002952844612245,-0.27345667650537575,-0.9269352494368854,0.4188873204076725,0.9273975857388606,0.08564521409510922,-0.6807599635249968,-0.7198787986312306,0.13804722904252392,0.4867200410306381,0.444243450154586,-0.08260757863148736,-0.0009863678107948567,2.0432193189419827,-0.6367899458993024,-1.0736391058902939,1.422726730973888,0.6889874616879019,0.775613798811744,2.762468659359819,-1.0980275572798663,-1.089324366106679,-0.4551438034193279,-0.6072578539835936,-0.8730853661144955,-0.7099646304589131,-0.39391514450878323,-1.227215133156771,1.7791258658277622,-0.23578735828990516,-0.48076229574928897,-0.4594812421048472,-0.7362793971952539
2019-02-28,-0.8127742845921604,-0.3999539580936795,-0.3064487535637216,-0.7724213651299913,-0.8257988178023343,1.2554429832685452,-0.5884792931394711,-0.6640372752383221,0.1926363176329661,1.005209005475981,0.8256897121227831,-0.6205328534201826,-0.22223459807848336,1.02511336001808,0.49459854588904006,0.1854969945065984,0.09438981927605086,-1.1443489331425556,-0.3445908893933123,0.8678962859424407,-0.026575277761560684,0.07767944666418447,-0.3499020961077189,-0.23079414537267368,-1.3125746638391993,3.1234575219853538,-1.026393313788724,2.4154258560926163,1.2880412840339546,-0.2851155147264527,-1.1212395537261168,0.2693088611816711,0.5199841606747284,0.5487494424337044,-0.2029056004022635,-0.2697927050700477,-0.9351400895400009,-0.48844761721726804,0.1217855927214747,-0.5832642730568568,-0.18952199302262265,-0.3594877362985979,-1.0287781650548076,0.5856669416343067,1.7936322395341873,-0.037046518791843175,-0.8826573131258942,-0.7502070253421138,0.37674821043641465,0.1610225693260265,0.2338482042373748,-0.18034031184347335,0.51358548719964,1.9486677469608449,-0.559447756318963,-1.0576075930891762,1.148785610708011,0.5187778545659368,0.13102182017917366,2.522635889059864,-1.1317524333970699,-1.1010041979211227,-0.4799563373227119,-0.6710303861451795,-0.7186606451974613,-0.8631755755122366,-0.35594573930976736,-1.396144601328266,1.697033387069328,-0.13927451348582365,-0.3719752572974736,0.5155966867299672,-0.6501478655535472
2019-03-31,-0.8156803204086975,-0.5030733665294714,-0.2338310386213424,-0.6634311699149079,-0.9417844808656907,1.9962760488266833,-0.5467679587236578,-0.8826674718459708,0.1065957957207031,0.5756080526670937,0.8873690991109384,-0.7346665328205466,-0.0584472769029549,1.012897359375968,0.07258266881694037,-0.08683219461379194,0.3629498023081491,-1.2491800793044288,-0.4214644443098722,0.7792282267448243,0.12731332180267557,0.3331720669909344,0.207711454581946,-0.22201495263280369,-1.2675449011447708,3.411523449327505,-1.0810934324393915,2.608572487373471,0.5446358505505093,-0.452137321335147,-0.826249338373694,0.3531572277541686,0.79976693832536,0.24194761257517475,-0.08121879164915288,0.010791855576419679,-0.911814281276611,-0.5867579814731988,-0.4910938324375268,-0.5856641267186109,0.006700712545668782,-0.39745378440115775,-0.9570949348232854,0.46896012515189217,1.870775997908146,-0.27074563978032323,-0.9212076629521306,-0.5832455756542907,0.29244944071522017,-0.21985653383400466,0.19830836162042265,-0.3470968652249447,0.7389938259438316,1.2351039827933454,-0.7023883908844099,-0.7920460798200113,0.9198014048944182,0.2385869170202512,0.05251070896186305,2.295555003004262,-1.1140686217648508,-1.0973494569171445,-0.5051912523522409,-0.7364865782343528,-0.039192454691576194,-0.7922892840405239,-0.6629977254959801,-1.344550696101917,1.6927850356584182,-0.25424081591721576,-0.338701541064219,1.6516646376028972,-0.37467628395327807
2019-04-30,-0.8994037095232933,-0.3780913929965514,-0.2821864274410753,-0.7367266319810017,-0.9054075780017612,1.2121655576617616,-0.44748264498895096,-0.920126154147172,0.39450179070830266,0.06294875065204182,0.7320960572870533,-0.4547068655359446,-0.28960874675978854,0.8075340554579296,0.07996335437643291,-0.08744492160627557,0.13177778027845988,-1.1046986527687364,-0.15720029819152959,0.8284796224544566,0.06369501858015814,-0.12616235229782397,-0.09748302737857135,-0.23336207757317076,-1.243093714415815,3.542810494621226,-0.9586079447495017,2.4936115547454527,0.7629576841284379,-0.4023378669330426,-0.8817659388786246,0.7568103624180563,0.5409907194283332,0.5721686450977799,-0.10015463580026976,-0.18151095652223098,-0.9084315255016826,-0.779478966810667,-0.6404873109504462,-0.6338693418544303,-0.13377086526312235,-0.3419480111029528,-0.7815339051749293,0.5587959695034954,2.2142890110340345,-0.5483030652132008,-0.9129931920549614,-0.6066110539510275,0.9031192819692606,-0.28599101211566,0.7198915240555344,-0.34439674169560924,0.7649351280111414,1.342209314394132,-0.716800842294795,-0.7734212227777588,1.0163056867078701,0.20960284894287032,0.31135669841239033,3.047455818235157,-1.2213838003221842,-0.7897935130731787,-0.4284879864356902,-0.693723683710274,-0.19256314362458404,-0.796374861992154,-0.7466155721584062,-1.3390513384068656,1.3058442027933643,-0.04015459232156411,-0.627287530295282,1.1926909388008644,-0.39797225316343854
2019-05-31,-1.0540024662906262,-0.31278192243124914,-0.27579742929141843,-0.6946089744568831,-0.8368144370888249,1.5766253345434311,-0.1926428759821347,-0.9613835257628092,0.9748478500389499,-0.38107579800924496,1.1235881084593737,-0.42999425790311896,-0.4503397020487748,0.7870918126830234,0.08838836780370012,-0.3054745127488772,0.17458823769068527,-0.8051426750040374,0.7010417930947165,0.6494529866398786,-0.04246604117846492,-0.33313953475928504,0.3126730565271387,-0.5746291758882377,-1.3138205933342073,3.270669930405261,-1.207355980599588,2.1926549907681694,0.9323228977112153,-0.4393867647044822,-1.2231895516944111,0.7252245062649532,0.09882465677964569,0.48233501935567685,-0.13766036419491615,-0.11915770289736641,-0.8548098436698492,-0.8775685485172569,-0.8414750125642261,-0.2400131619451908,-0.2041406171615564,-0.28655830432240215,-0.813153234449888,0.499452835204861,2.3120354444872024,-0.7217660042197438,-0.8777694769958836,-0.5926810114630706,0.6930898967679373,0.44037586589141187,1.3157517209613268,-0.26927730976909126,1.085388249407416,1.0543653547124865,-0.7251304610044685,-0.4430810358355818,1.0001923651021807,0.21500022630558818,-0.059697251888294695,2.667046555714282,-1.363014880377842,-0.8866756337756005,-0.5481715514316112,-0.6027319538131702,-0.49331068015033347,-0.8251070205145867,-0.48946789105825805,-1.4104075416846449,1.454784843691766,0.2585287502236577,-0.7079163064817117,0.6345281475115714,-0.49608078538428696
2019-06-30,-0.9717984351441062,-0.3247831569412125,-0.039637688021816074,-0.8672213362816592,-1.014330228435613,1.3001512147144079,-0.17529584803747675,-1.087818792961401,1.0603335215025902,-0.4910640997241009,1.2649799437537408,-0.5629415064190536,-0.736478591305067,0.6310143852324215,0.3462974606694104,-0.4936740910332375,0.07168882542523806,-0.6907488844074796,0.5137585430931721,0.5065639228881065,-0.15126905537383709,-0.3507253560314877,0.17324450948483328,-0.46010776520916735,-1.3159106871577095,3.3624897310653457,-0.7740713670775762,2.320801628535965,0.8371186562099991,-0.5637505645838479,-1.3091464595984843,0.5214435822318677,0.22647973212341255,0.7212248676466377,0.12519234379932168,-0.37747404208481145,-1.0221933443203564,-0.8427413683575888,-0.966600978816293,-0.3071831592428478,0.12664659749788074,-0.23913005716691196,-1.0419332547461297,0.5224852891929566,2.1398070859783735,-0.657495705696728,-0.9789862366441144,-0.7782901313883631,0.8453224581072628,0.35954447360295755,2.3555398493190065,-0.12061232794908201,1.0044036278759834,0.6814621767232041,-0.7551686407897371,0.28029933972212606,0.9299264139958447,0.2629211232156415,0.07969309909901104,2.104238173481022,-1.3414129096029113,-1.1074953692244427,-0.39092036268793795,-0.7002397264496957,-0.6939955628322168,-0.7134418891470911,-0.26220895611790684,-1.2444471159149955,0.6574203276061084,0.028605068802981776,-0.4880387732845518,1.2076236558476234,-0.15793780223540865
2019-07-31,-1.053949418513447,-0.03405107946496534,0.2806818117738964,-0.846059348552257,-1.121294581300021,1.6442299233612383,-0.2694384204827059,-1.2693069626577849,1.053450457343462,-0.44263419447059227,1.1754349660320262,-0.746803901593758,-0.648109765272593,0.5589138700707109,0.33000160420872426,-0.7383181384689836,0.5766440704860918,-0.6861186222320469,0.7043120787775131,0.976672489316613,-0.01754813710859346,-0.6984492884727869,0.1918576233769182,-0.063767327936156,-1.3352481866606487,2.9378367343356917,-1.0361613471934032,1.285940002053577,1.2676905529226317,-0.7431935241149067,-1.2737561816981264,0.8297857361136349,-0.19084396613301652,0.6597248780795215,0.6560527682089337,-0.3857784498390402,-0.5279418095545411,-0.807076191447814,-1.0606934581175977,0.20851607484691825,0.36964243858971285,-0.48868175912767664,-1.2727925314217885,0.8229096683723657,1.797216695870643,-0.9535274622382965,-0.6137806080773498,-0.848346901739867,1.3351957804094627,0.16239457571433186,2.253426962650539,0.2953466812209321,0.7780189398233682,0.12054556140136582,-0.9302913202708789,0.819039968074829,0.20312470054935208,0.17592593916201638,-0.4592846048468602,1.4518064945382465,-1.6502039839617846,-1.1615821180117027,-0.4181493693688737,-0.7597208118800204,-0.7313425187530268,-0.4706671687761305,-0.05500858592412805,-1.2298342549057768,1.462058702104045,-0.1318833314320377,0.2431062843243067,0.11330675954537074,0.43082783836299376
2019-08-31,-0.7273481522796387,0.3733063029088162,0.24884363837406057,-1.1114280714674845,-1.0418957498522823,1.9480503598878762,-0.4511231422940565,-0.9516406955906456,1.7268735824442651,-0.5249237909441458,0.5322858165001041,-0.6039195161743194,-0.7552999275289944,0.2991051232698241,0.01662639807635538,-0.7210877994196566,0.04940332818139567,0.5634906641506353,0.7034529963520676,0.6728428004653879,0.38958987856081495,-0.6617304187749777,0.38651463589709323,-0.033033154577875146,-1.265987674588328,3.2288895257814527,-0.7353086815883376,0.8105105453078444,0.7238836777106626,-0.5893874523328932,-1.2602092377054932,0.3272897988621041,-0.6220035850447935,0.1721762475158293,0.4386743058176395,0.04327069920860835,0.17061776115199034,-0.7743789491621422,-0.958178528830278,0.0866529560843266,0.23377006871354655,-0.6070365520371022,-1.026615070753273,0.20154618592468018,0.9463440627833196,-0.9521963944610625,0.14177713144999476,-0.8726459632109627,1.2426343232005448,-0.5617515103662956,3.618703934883067,0.08626820818254599,1.1535802558148482,-0.5204945058411621,-0.7861670189944703,1.0727903382247213,-0.18556942060870824,0.3115710358559403,-0.6052515222376988,0.5772449574119902,-1.4773652022751724,-1.0190361327112987,-0.6817175269563389,-0.1351182458141562,-0.5362892655276846,-0.27848860099284545,0.25961386274451376,-1.080629679681191,0.5759164859088427,-0.03214579368602724,0.09869319488817832,0.585798155242037,0.12879969057386728
2019-09-30,-0.9655207585892376,-0.27861757508887985,0.28644166386343606,-0.9001011606843021,-0.806110740578285,1.7083541326068992,-0.18450718200212668,-1.1808772676907318,2.5882422317188354,-0.5512912188516546,0.397273248437917,-0.49183852215556456,-0.7189919220528231,0.3720980088369507,0.05250826494357608,-0.8030647863213365,0.38544510940794435,0.5030320172280873,-0.1854482617372791,0.5128185646849569,0.17050866381950025,-0.690204404249662,0.5181000225176747,-0.49422127353914524,-1.1807099106022938,3.0392036951029695,0.21466532804467625,0.2872952787118147,1.3650670869725656,-0.3315553501653509,-1.2224323713999512,0.0888237364222218,-0.6268982912084202,0.052746940760451416,0.26247744362063735,0.13132471588830993,1.1184351025845776,-0.8013858239141776,-0.8630054182642461,0.033058239013691496,0.30188336837408897,-0.5831565477068228,-0.2504846131311109,0.108087714918365,0.9642951451474684,-0.9735384497833021,0.01389026923439124,-0.9923606740721174,0.8951916185707103,-0.6219477168505634,3.157621807874819,0.08275949627087913,1.015072751740103,-0.49621164822279273,-0.7404221156520876,2.0076914946898476,-0.3059038831315896,0.014294429930062129,-0.755653688956298,0.06411871042714046,-1.4928868889286924,-0.9230357462269807,-0.48647580425403203,-0.1349171173745691,-0.5684025510458747,-0.35824363530491254,0.4041243620531887,-0.9535841653380677,0.7063650423229919,-0.12920585245764782,0.09597977333314273,0.20232001209271633,-0.07840215463467776
2019-10-31,-0.8458938450979303,-0.5440020231628577,-0.22997071276351289,-0.7998351151674494,-0.7969223059419714,1.2892124727971548,0.03817059684530376,-1.0895348336311677,2.408546192119958,-0.7081432214228598,0.622261370019985,-0.1658441949991486,-0.4963911720488397,0.13445904014678633,-0.41371633938654073,-0.9493193845902987,0.0556153050507841,1.7072699904182629,-0.050706426148149894,0.2958017094698822,-0.13948398068052448,-0.728600561221716,0.3282077235171337,-0.5115458981403006,-0.8500042449869856,2.6044347839879918,0.4611020772260871,0.32883100386093883,1.703681604038734,-0.23797054488686872,-1.363435708441234,0.20505706831984902,-0.5661639943280716,0.3687868493486996,-0.02040869910272572,0.3224399901792627,0.941514862117597,-1.193406753119123,-0.5437021402965428,-0.18067578330330308,0.09639501961796587,-0.6647351964093904,0.49433346365562514,0.12094534699822868,0.3205963044089692,-0.8327021160425544,0.02227675398104781,-1.1815029094188056,1.166204069495913,-0.7314060595046269,3.5366849482573857,-0.34774249346825686,1.6236331477217187,-0.4857615356406121,-0.656176971491542,1.386184101796089,0.2865242192859421,-0.055743558696338215,-0.6463215210349686,-0.3587254001765596,-1.3254655166996394,-0.8607443224994298,-0.25236843078301685,0.07938022741639257,-0.6883131938055929,-0.3080190078894772,0.5176530778544255,-0.5800109064437562,0.10678946375371734,-0.22227732282871762,-0.34059263966557873,0.46064733414617287,-0.06935313248701921
2019-11-30,-0.35306598425224234,-0.691717167929575,-0.4814943147021019,-0.4331481112292487,-0.36617478632003564,1.277785310148131,0.36579794917020836,-0.46283963962143454,2.1049764530819894,-0.7668365602645544,0.5345954251977766,0.7369799351721401,-0.6171186443671755,0.0206221076981965,-0.4527238301307177,-1.204931864024822,0.12896482808432722,1.5304155811850826,0.08486014959478275,-0.19056995925308257,0.07282443064014088,-0.3106809233968765,0.2206707049381783,-0.6393338562576348,-1.0989146402752874,2.2987157162846854,0.8111804990031414,-0.11295935416859021,1.3315873223330787,-0.1887564514746159,-1.399470901704433,-0.07595141426208463,-0.12890996728788465,0.12450184407460249,-0.35204347513553175,-0.05227572600169897,1.4894694093107073,-1.5202983779955093,0.7198809633025599,0.48194293252182324,-0.19049891792625298,-0.7115937491294192,1.6722930876008286,0.005713682503978065,0.13325607646120663,-0.575785138610041,-0.21228381781807326,-0.9628910899255172,0.6501110198911219,-1.008626195730733,3.3548903113776545,-0.626633170211897,1.0820023826543324,-0.5051936944366593,-0.958617261475153,2.107786261954761,0.07380534532783734,-0.30252664606852564,-0.7260756455595405,-0.3207756708624117,-1.4484471284180211,-0.9498046041195398,-0.23409030955678856,0.21839935525386714,-0.30223994709997787,-0.4223969863678242,0.26410944556133464,-0.7978873338410926,-0.16584558329812188,-0.15581044647361073,-0.4945844086037598,0.5026163813050785,-0.42793121604545464
2019-12-31,-0.6100442903155627,-0.7198637130067564,-0.5094444088567645,-0.3949649804215977,-0.010503298986409004,0.9196852415480296,0.4387322442373063,-0.46922758207858567,2.126109038672759,-0.3398458877283699,0.6279886737767265,0.4736564569963254,-0.536594529691303,-0.28489683636624985,-0.6270346181179252,-1.0593770170723502,-0.10030254737178679,1.891112322025112,0.20036510186580617,-0.4549055990772798,0.02747978396843869,-0.10707523287666539,0.31676792747994587,-0.6462792459064489,-1.0655984434083612,1.3159264116981966,0.49614488149126623,-0.10428197957220231,0.9386125403465123,-0.23737777286222866,-1.3242032179476206,-0.09892452237030272,-0.10300352179082431,0.08921137065014972,-0.3441149923968969,0.4687239772886059,1.8714102700209527,-1.426105502495316,-0.5719276281292011,-0.049813259510691585,-0.498883171573713,0.08450888678715573,3.8213592906543536,-0.24440290503306838,0.03649909732483378,-0.39106694914982326,-0.236370329974779,-0.6290055310604761,0.2316432100024051,-0.9760445667591677,3.522275659568665,-0.6531690366743227,0.8287764136891538,-0.725066380840053,-0.8172872051653852,1.8041100876440954,-0.10240789799885924,-0.5469870767167023,-0.7387550359886838,-0.5562701486256875,-0.6891242979706962,-0.6625917999901282,-0.11946019030552416,0.28569411473368994,-0.10623065883218127,-0.28898365072715065,0.06816802204159436,-0.5879438654171605,-0.3704675721481216,-0.29606718843043756,-0.5611411540390412,0.642771679493056,-0.5342954622262732
2020-01-31,-0.6473639421210136,-0.7187226725758888,-0.7164087391418068,-0.429760770778135,0.1883396145623128,1.265217158336849,0.20630600494251067,-0.5119670124604784,1.7239410969216815,-0.2105096402165786,1.0741383723245364,0.27675483416375646,-0.44053191151309457,-0.06593989517306326,-0.8513217347055696,-0.9706570668783625,-0.15877541295145095,1.9820615283639471,0.17497617610101826,-0.4505603250766864,-0.06755540739918424,-0.2265654118698108,0.4280172187512408,-0.36925995195540184,-1.078446673095427,1.087194783565167,1.0944640583173157,-0.060917207388132166,1.1107286684824589,-0.08061876497051777,-1.2406473279043366,0.0003332917020685694,-0.29900262411048906,-0.0017563796318718072,-0.3724821510963672,0.018880368564670492,2.2703318549658307,-1.3535090300046613,-0.5999366414332765,0.6229037306796686,-0.5007155985543591,0.316687880071472,3.6239074100580733,-0.6267847701369509,0.3105549935732361,-0.5222531900555191,-0.38731851872968454,-0.7994216213149297,-0.0231812914158338,-1.0468924269545603,1.528586318774925,-0.8930774829047279,1.1164631592634158,-0.8127001780142354,-0.8279800851269311,2.7537346583238116,-0.5294597377271882,-0.7133358045297579,-0.9123135386494172,-0.7914026838206955,1.3618951134445916,-0.669860235721863,-0.5311823758926177,0.872479936272736,-0.24209382544193458,-0.10757937856927281,-0.2006280434526926,-0.5995289423746748,-0.8833489624514328,-0.5988193110028814,-0.38836145402721006,0.5221883251539939,-0.39963040436030806
2020-02-29,-0.6388188183560005,-0.42390004979966966,-0.6721731137052713,-0.363832958069566,0.042723791013565035,0.8251917192085834,0.26326162406820686,-0.4156892616118352,1.157895376716839,-0.6236119378860325,1.396759916698424,0.06674606546184719,-0.11404535937064628,0.11223559205788608,-0.7530289364480687,-0.1981047175608549,-0.17517236795884308,0.7123756260587998,0.15368109935592805,-0.16748255975223442,-0.33328729589126915,-0.2067136071891573,-0.042952685625605364,-0.1458493133686753,-0.6482796669852847,0.4075003762440667,0.3987519796294511,0.026047715883500883,0.6161378794794145,-0.03840684223174454,-0.9521172144105099,0.04016675685468071,-0.2994113177510932,0.33598482061577434,-0.4787645991057423,-0.4496861195814974,4.759947200950819,-1.0337953006337488,-0.43699131034051525,-0.04414841731344759,-0.6006267800662921,0.14097732170315194,4.729824355808144,-0.5121839779258481,0.2822886412357609,-0.3449534205216449,-0.21482819795273356,-0.7134420404973063,-0.07200392168033057,-0.7399704702230989,0.7842009465092863,-0.7039087982838161,0.631330388248728,-0.6681613478977895,-0.753096383612545,1.7948627599238414,-0.6990467477630699,-0.3832499446869537,-0.6901667004199998,-0.781589361797963,0.42119398878151604,-0.5054586070569236,-0.2129660284383032,0.8744375814239722,-0.3076095837883831,-0.2776777371017022,-0.03179282535271799,-0.12776647724373846,-0.6660411552291041,-0.5124447566519236,-0.5139110297484367,0.3272905744636153,-0.6126540335078658
2020-03-31,-0.7211779722864258,-0.47498207691825256,-0.5885615895236203,-0.396601553303647,-0.14354005888397176,0.46835480553783887,0.13295073145999087,-0.0565103157257227,0.6692265088998084,-0.507838723026275,1.910566835520216,0.664750799907829,-0.20348615284650373,0.4814283105229203,-0.7383206584038371,-0.08052553650080416,-0.2857601115201951,0.8086485393873316,0.40767995218236425,0.43417127187759047,0.14585001608795342,-0.20534640012592123,-0.33461688239132703,-0.1899824168737756,-0.8098627208596818,-0.04772939827227876,0.11799341773982469,-0.8313241338550512,0.6503910326270622,1.020212242360804,-0.9178745267124739,0.2677928637072624,-0.15161038182874068,-0.08445743230002875,-0.38090068235037866,-0.5211255093247581,4.658876334810455,-0.8543848098809407,-0.328158182787184,-0.15046762554769433,-0.5790830374488045,0.02524620831067203,4.65529708717866,-0.5449589154079351,-0.17607482569418867,-0.5090543422612619,0.2710588111669039,-0.8542571258830174,-0.19779307200245186,-0.5973645122175663,-0.013857285151116736,-0.4621241438654707,1.4077089879268019,-0.498224054671599,-0.6781283516531781,1.0547235393420358,-0.5366038143417842,-0.1424369337818047,-0.7226884955769302,-0.7031978009465777,0.996609432824437,-0.6440830518256792,-0.3842310593790097,0.07444693194184675,-0.6461356564056229,-0.22748942640822656,0.2432195483232155,-0.39152368549057764,-0.7585571144263086,-0.16049945658911977,-0.3916421086485705,-0.13637895869876182,-0.6056711288187736
2020-04-30,-0.7239324094100992,-0.8046744809305768,-0.8554520535693615,-0.421746494403821,0.17326695807394824,0.8447914530806603,0.007160682568640456,-0.1145797197755569,0.4105390591433823,-0.5843677576454842,2.085001732207247,0.7403895431493461,-0.12624657445319254,0.3160192827567271,-0.8418607303873549,-0.14747642278915601,-0.2325035955843665,1.4832153560493277,1.2636445377234051,0.21730448343829922,0.4853230987335962,0.10444631434187023,-0.1838407710370152,-0.47294926637824475,-0.8554564760253357,0.5243236327551044,0.8551165851298275,-0.8280740400009136,0.7486371872231762,0.6111345610267065,-1.1433749202638315,-0.13935323112398504,-0.38355410392795464,0.02469535807482294,-0.7012533908158196,-0.32244361535857646,4.103066632650843,-1.1179815194299323,0.023578460707923604,-0.007617270877176591,-0.8411902687021224,0.0674867649970519,3.7682695583980186,-0.664748350915656,-0.2683330566784506,-0.5974314931885607,0.5548646757379617,-0.5448336834045151,-0.2570833311962889,-0.688287822103169,0.5437238493891628,-0.6156739768074158,1.0436850300047982,-0.6152473385496854,-0.8642355447654648,1.1561403982826814,-0.787290285334559,-0.28115426884755745,-0.8946620258603748,-0.8728246078566029,1.3480422915219747,-0.5824208052654535,-0.19419747052306136,0.40731920410196926,-0.6111645302728246,-0.39781624947790595,0.13032286299188087,0.13348554108488553,-0.8669022032715592,-0.2298563137784959,-0.6868638537684759,-0.01819027272909668,-0.785848497860193
2020-05-31,-0.6520476228519838,-0.769055512391113,-0.8308755304066171,-0.542711102019112,0.196330199582778,0.5083659317031498,-0.17131212381460303,0.11894575227605492,0.29040979783449816,-0.376901429543403,1.8546832784117542,0.5198403064560814,-0.25446621177632534,0.26837357179574306,-0.7891072724881156,-0.041716915339955814,-0.2638173257434789,1.1292914144322561,0.432575129463611,0.29374301249663043,0.44140230489849275,0.32501800859405783,-0.20399857210176675,-0.27693162812506616,-0.7186612897528406,0.08965156166771016,0.5927142569125652,-0.6772675604564334,0.47515431883619574,0.6889852551305916,-0.7366960671948171,-0.25271004658588686,-0.43606907013547125,-0.2146226317278249,-0.7459438020036198,-0.2435315650097763,4.82134684429583,-0.8841247139022644,0.5048393537151536,-0.02218141444159089,-0.7751710180884388,0.05226423202572689,4.519728529388141,-0.5904655522989366,-0.37753124818906925,-0.4185935106543815,0.48423554630818855,-0.43949334035558,-0.19351322984700775,-0.7281352608660308,0.3504511237966548,-0.5922906718645917,0.6474435723237307,-0.5241084261391532,-0.6024237741306142,0.6841088357101295,-0.6183120186895286,-0.3599840127824532,-0.5853913856245201,-0.8191974870262642,1.128036388810039,-0.4450402971132539,-0.27813794702977124,0.273532288997446,-0.442770979729711,-0.3020105135827925,-0.13200949751645902,0.03504406094049972,-0.8772173116995959,-0.32165406037084526,-0.6095608498930192,0.04635767493539837,-0.6351107504350249
2020-06-30,-0.6645819201379639,-0.7429555047620146,-0.945234604380633,0.13860962629167978,0.8400831895519045,0.5231467344246833,-0.1927978214717298,0.23876555265784383,0.21889087001568372,-0.25329065346444757,1.9184257294341258,0.7220004035012667,-0.1779839911766664,0.25065930274005016,-0.7290655202609411,-0.08322150104158775,-0.2498638943557499,0.5006238330815862,0.13135382735039294,0.2533310399572984,1.2244793766864255,0.3897025282660246,-0.1863531809081762,-0.4028288931675955,-0.6239112303875087,-0.3757986076101242,1.0741902773003045,-0.9357207456653301,0.43172312882316266,0.6679490823491622,-0.44843611314400006,-0.2546663485736923,-0.5448224681814111,-0.2122241456755794,-0.8570585026566776,0.03498260578620517,4.878726418594736,-0.8678829949790188,-0.11191266993919242,-0.1645201006862725,-0.8452582931663919,0.12250661057019954,4.288892685221398,-0.630124388991794,-0.3771543932995318,-0.21792063829277125,0.651959569550496,-0.5039475944587644,-0.2272671034690832,-0.6571636765515001,-0.13052665207403755,-0.6646191178722614,0.5537450814155296,-0.51504890289427,-0.440655750488035,0.8382182870729046,-0.8548757097263656,-0.2735003687152404,-0.752300961802518,-0.7822509488802383,0.3572913340954438,-0.2907421908773723,-0.29551233947815786,0.3639191822275726,-0.14578797573328922,-0.258529699420474,-0.1903328367656525,0.23116396002862388,-0.937118008029415,-0.4428874591567106,-0.6365103574616491,0.019683102932551017,-0.7698565596954203
2020-07-31,-0.38251931982624454,-0.714078965970979,-1.0031714981700421,0.03762645247056644,0.9726738767952339,0.5179371257014118,-0.19370649813278396,0.16205225092605738,0.04658723320380921,-0.33383438922417535,1.4774533314321603,0.954541084838366,-0.015517765935838711,0.18930677221523348,-0.42301300593033486,0.001359000089847566,-0.247212764918785,0.30998390578483015,0.01695186309950772,0.13902081398714006,0.5229691837260858,0.07649162572267405,0.06705961082447648,-0.39218797826369317,-0.377178828142298,-0.42893590334824,1.235401134660094,-0.8242211816315352,0.2291006046528537,0.5762522157078467,-0.29592886304506427,-0.24691617317574732,-0.6075304661225878,0.019524298581233418,-0.9656767113827145,0.1485595110048485,4.649135666715928,-0.9332469544161925,0.12999752142212107,0.027053798505216005,-0.9160545878914697,0.17316649849689678,4.938789338997076,-0.7352809270401202,-0.45836924526019907,-0.3367194788058345,0.6741930227208498,-0.3965199915661142,-0.10706391850212296,-0.6958018292098012,-0.42334515049579285,-0.7633040904002577,0.3504610542262604,-0.41044963299805665,-0.37525668048915006,0.6207279278867294,-0.9057594508519198,-0.4480923489267969,-0.8402285205973612,-0.8159869954803742,0.2968994414061459,-0.1954491564781095,-0.31362758510985583,0.4145299791398463,0.3497533714160137,-0.498290266631578,-0.3816203732642013,0.7819358699273187,-0.9498032724558487,-0.28896754618039133,-0.8379553478161111,0.24087970340905926,-0.8695514256050134
2020-08-31,-0.2082552950808282,-0.6994092832279446,-0.9264472486267419,0.06418047079698568,1.1887872520528682,0.42132764903791625,-0.2070713695687892,0.053405759643719,-0.15847384155431518,-0.3260160971324658,1.3446559557204014,1.2595216154761188,-0.0694153976942625,0.2678925009328021,-0.44297204542049545,-0.03686546362971037,-0.30698051574952023,-0.15471650264538547,-0.027012642114066565,0.11543562021370667,0.42164649123172404,0.23468751483593409,-0.049850349977874464,-0.35744903256029803,-0.26456724661290093,-0.4392017849504949,0.8394122349797409,-0.8342791434027531,0.250390924736243,0.43946800890080534,-0.487692612559838,-0.1589856539297307,-0.26954250557599746,0.11672829550716218,-0.8627235823976749,0.2680595430746354,4.1224023870476305,-0.8713460635618107,0.47751512151302167,0.11371614814887343,-0.7495427930209033,-0.011425372787100638,5.689902357450972,-0.6894037369502463,-0.4667916959590235,-0.18073117441905873,0.31109858014858305,-0.5050090906698079,-0.3493774126512871,-0.5426102159520133,-0.5251291041643389,-0.6978384165754172,0.24243082973468427,-0.1984109517087862,-0.3250239732493032,0.6115963113048779,-0.8582966218823829,-0.4019600007570815,-0.7199558338048838,-0.7184384440195022,0.16340261111103077,-0.131099202909576,-0.34149602749298186,0.19985115253837593,0.09619736602707665,-0.44620876633528217,-0.35331186615602783,0.5569812429399251,-0.8761767100032904,-0.3696437633797671,-0.795134385070937,0.3032776027216789,-0.7616823099345937
2020-09-30,-0.05332307260475455,-0.7090166290135915,-1.1693959295848309,0.2630693032754817,1.5701710373448354,0.4931916516904502,-0.26784198697384987,0.4817820668118309,-0.01705879837883925,-0.48266506390985564,1.825220165598518,1.1830029954408956,-0.14075391450909377,0.3032509938408176,-0.3915621147700054,0.21286760749747796,-0.5349011816714476,0.08648860383383013,0.11559940804798544,0.05774155944419815,0.374676831108706,0.33120157029758346,0.23144864496402473,-0.38753317055936015,0.048139992102140636,-0.5708722879345876,0.6673457578124072,-1.0857740329380072,0.3874073868691487,0.7195918029663142,-0.7234284218579399,-0.08366528947957337,-0.2996165273403216,0.14644767253302393,-1.090542117996589,0.027413439488088685,4.159993392804434,-1.110317932440145,0.9968285634076333,0.7345266335847044,-0.9125950758526968,-0.017503568592574237,4.363530858507563,-0.9451064966757569,-0.5818657414037749,-0.13267402665296693,0.3834474915601309,-0.5439632890125043,-0.49006380425475937,-0.6313777724561449,-0.6751040146332248,-0.8482254011310346,0.34191003439775713,0.05483486125385911,-0.28768909661992526,1.3595431303509187,-1.0893005560661972,-0.45666369500686266,-0.9679309398814842,-0.879644949352028,0.46769886916910786,-0.019792579726044965,-0.3732793680330194,0.3654490130265311,0.10685056876756269,-0.6284744554009185,-0.45414129397137076,0.609613211506546,-1.1417446665042323,-0.5344434697006271,-1.0278344008936608,0.21020653108436932,-0.9228045166042709
2020-10-31,-0.24316517085087788,-0.6855619482677426,-1.1151131928970104,0.02298191436412321,1.4735118893531078,0.19087984795732119,-0.12397085791206873,0.3847831371017191,0.04376182844352919,-0.30417757623617203,1.3344121394983637,1.194961307793942,-0.1120140750594063,0.16186840124464147,-0.22177090590783183,-0.07360389431561444,-0.5961342234728065,-0.23925804053910568,0.1165304203044517,-0.03096253955837243,0.09124848020836715,0.7244967473322046,-0.0634945165652546,-0.3258943701377237,-0.34407328514252594,-0.6657467243916806,0.6826930822356558,-1.1047645707780265,0.22334414665841565,0.4682337709271624,-0.6345908091461768,-0.0926187385772293,-0.2976847220753139,0.3909526585709985,-1.0625822023113525,-0.0923994309302629,3.9995592423189,-1.0322677716479012,0.6353193687146531,0.6086248229420161,-0.8899827997170873,0.12477433583494796,4.389996724981056,-0.9392253976501179,-0.6283949659952557,-0.3081243385395428,0.12054996820963013,-0.02778723637982617,-0.08326755879213164,-0.6212313985563931,-0.8823194515176029,-0.7682360530859468,0.21968749837265047,-0.2990683372380777,-0.04581667637703994,2.1719675240735588,-1.159884699695788,-0.5182630823876306,-1.0454026118750908,-0.9132108203679455,0.8441775445370872,0.14036774071053193,-0.36852707047584876,0.5400965474104391,-0.02832411163457152,1.1931640776063595,-0.6110943427918278,0.6936875409000004,-1.1203051481126305,-0.66001692169941,-0.988969320274506,0.04346555073582228,-0.8607963494569368
2020-11-30,-0.4206492792509774,-0.7970601324874423,-1.0986219388171845,0.048481700372953,0.8371994087734692,0.03599769038918159,0.13907015344675597,0.18769639420050704,-0.15930178053221747,-0.43740604092237206,1.0612654105918264,0.394914559970107,-0.3686215480570004,0.06941498183588272,-0.409798030607498,-0.11223999848241581,-0.5937534090131045,-0.09216424074979546,0.0951057850400522,-0.09848282356266364,0.10949669011151966,0.8847161034499262,0.057937686044701224,-0.12635861354135117,-0.17395584245922502,-0.45763253082131505,1.7528559571177196,-0.7636153599727765,-0.02832741055157703,0.39135537610648496,-0.5004065347873912,-0.32769686809142473,-0.31638142652016454,0.27343622045113203,-0.9767422657508869,0.01772075827783804,4.292943951900196,-1.0599053075830067,-0.012740914352277088,0.04959384836560524,-0.7778258947568937,0.00929755943428634,3.048437215059449,-0.874391589879504,-0.3955342391664881,0.34894585375468967,0.15471724123141672,-0.37836395564298264,0.1230770549190888,-0.48376174887172646,-0.6633649207321989,-0.7377592896864706,0.9701270324303326,-0.42481928455091095,-0.37163681309116414,3.3404199097892313,-1.0495749106014625,-0.6823900374126735,-1.0431175724252977,-1.03195015934734,1.9573919818101975,0.03986791997785334,-0.43100384280505777,0.5114452550703651,-0.2959059681710564,0.5097544803356489,-0.5997849888370206,1.2186485286549014,-1.0986876738069076,-0.7826953803995178,-1.03362780920313,0.20441904430029884,-0.6476933769117463
2020-12-31,0.6054058363346798,-0.8949070966856665,-1.1403850261245354,-0.023389296216666904,0.4451820581346875,0.29328662112668485,0.5659093418990564,0.16722041716470848,0.13102716426490252,-0.5631844090874694,0.9229645547873795,0.11939253257808977,-0.44045012291877306,0.020510141901518807,-0.38067062793760126,-0.2538666445148289,-0.5309272308647818,-0.394458003007364,1.3443021302180265,-0.1015054994995976,-0.3585224997595675,0.6500290576250518,1.208968875842475,-0.09352971631888546,0.026721663366536558,0.8337463788271353,1.8033485408949042,-0.5587211059889976,0.31713810112682334,0.28222823397314184,-0.651876855173456,-0.48016133167718333,0.016376702853964007,0.32706111659247206,-0.9896189328667415,-0.015821445250847152,4.863761238951125,-1.1772674881889318,0.034355134537898166,0.3692979963578932,-0.8723298557079108,-0.13659763653225476,-0.27303165372086535,-0.8187698827878533,-0.5020165381377704,0.4901220150077531,-0.04977038648771795,-0.4884423033641734,0.9126303926963573,-0.3621959013956115,-0.5675701122772236,-0.6509804140050801,0.9096528093886458,-0.44340066571534054,-0.529679922947383,3.0105717620372165,-1.1156729270305277,-0.7194854171558371,-1.105605426127551,-1.0724511144797892,1.3451360892138995,0.5186208505504522,-0.36073163821342846,0.17532096951607737,-0.4466646922859864,-0.3382285530568317,-0.6382219985909943,1.778864466067949,-1.1093515717546594,-0.9277221361393614,-1.1976723549819592,0.007030819200939304,-0.7203275780604319
2021-01-31,-0.1748962337125704,-0.8391727372802544,-1.2535930120518366,0.15343889999047208,0.23165336139900136,0.10858087808837406,0.5510204866391224,0.8320046056278624,0.34393444544552854,-0.5182441814160978,1.370051920949586,0.038016559761832144,-0.15939940688923507,0.14585858316946151,-0.23773647194515962,-0.4961969070865397,-0.16442615542495095,0.14691419173442946,1.3155748283363384,-0.2538988964595845,-0.4320897782154397,1.2063587830335498,1.384068940464613,-0.055019304703431665,0.4692821714001546,0.397360630174781,1.8012516643468095,-0.9932950339796016,0.7569732427516226,0.26227442386634187,-0.536949226042397,-0.49058031673681884,-0.14610399602698546,0.5720524024951912,-1.1794230900425293,-0.38932156412843116,4.145116860966272,-1.3230266153629233,0.31662620112647516,-0.017528128341783515,-1.1308993796067366,-0.3438110946739925,-0.25098088143147795,-0.8704199074005463,0.04229688052308444,0.7671057124762425,-0.036976210319998024,-0.1774952794115655,1.441595035019366,-0.4307706907923863,-0.5732961487369449,-0.8276687931996005,0.3855948908326313,-0.5304450040015152,-0.6510428303762179,3.2257867161015836,-1.1024752409074958,-0.7636817827971768,-1.1544524097558906,-0.9415780891362022,0.6988125227653564,0.8251288785311648,-0.2051577949925763,0.08147854070341023,-0.5815973419161433,-0.44296429432140666,-0.8290285741575695,1.495517455546923,-1.143153320433608,-0.9673178307767676,-1.3212039047300328,0.4008218223689184,-0.9752346769140782
2021-02-28,-0.18103755445464353,-0.9477759058068276,-1.2926821846031262,0.253518352990039,-0.006767024608730743,0.05728858996238616,0.7192687601343475,1.1374684427543933,0.5742254537973421,-0.2910564824487466,1.0999733156499216,0.7098043524857485,-0.3512549302957204,-0.030459992793740627,-0.16074117116976536,-0.7994371979985007,-0.4166763277172742,0.12215911750955656,1.4740338590488267,-0.49214947913937834,-0.48669294555904696,1.9881213030358154,1.3505333929352743,-0.20009435711207813,0.40848613126838,0.7057763714072522,1.7610555350863866,-0.7939490409179585,0.2603584110953259,-0.015364929481379783,-0.6021308724150012,-0.6865831877398721,-0.096832681676309,1.0365516166237367,-1.1971412758955118,-0.349885320033419,3.3633098900214993,-1.3490367676565551,0.21102788813992795,0.5528399280287329,-1.171255929001125,-0.48796810679564795,-0.6536330487339683,-0.7827634516971251,0.27463697193842734,0.6695481239920651,-0.28767172427271775,0.27987578890230175,1.1303054366690155,-0.32774450921100867,0.005303898906820093,-0.8124093644597947,0.0964872740204701,-0.5210288365863864,-0.7414857980356786,2.791062850053505,-0.7840665112717815,-0.8481323562772016,-1.02261188848638,-1.0419071811760365,1.0057899360946676,1.0820425559230689,-0.3876399117228127,-0.17390360396634674,-0.7160765686217461,-0.5222426854984193,-0.9489941189957447,2.2021507502953783,-1.1607648302116487,-1.1081794357192156,-1.357159793490629,0.28053275044288317,-0.9981477654584886
2021-03-31,-0.13202128056932094,-0.8829623351734859,-1.2660224902436905,0.2925677872566298,-0.12181338484464796,-0.13242654990350472,0.6108757340801283,0.9383440700855952,0.4086929803973921,-0.5972613805774469,0.4535820004055727,1.772612384589435,-0.2757971396953319,-0.49262186458536117,0.08085810440956173,-0.8480351044778782,-0.44810318253965853,-0.14842123219290948,0.9459265928598894,-0.5037127840282208,-0.4961306917369586,1.3265481782892765,1.0612989191973334,-0.20494756551853674,0.35370496644866645,2.443836779493486,1.2896547388846682,-0.020673853034798864,0.1403250541458112,-0.5387494292297994,-0.7450500726304632,-0.4832311256028904,0.1436035878800015,1.4665457273444165,-1.2569381134850621,0.054401793135535705,2.5815090310969913,-1.2883409942223714,-0.34186702949642833,1.2768087434039253,-1.1308278294847707,-0.5506569616402086,-0.8654906563795266,-0.7458874156233923,0.3858189320025987,0.8655154453043565,-0.5911424415877155,0.4054964628262418,1.1455927883466415,-0.15755651213055202,-0.17927450257057026,-0.9637594180656411,-0.3447413038025808,-0.4560172296310913,-0.7523222137666075,2.1879033855467642,-0.9434771907495835,-0.8286039856470448,-0.8829137116566397,-0.9748043963720092,0.22582140264662345,2.261910598694797,-0.1460543164700848,-0.10582744277091796,-0.629403651145904,-0.7100269534668444,-0.9556942206629795,2.1252865175161357,-1.0356251041842515,-0.9672553421878517,-1.2975251708755446,1.2198023860612563,-1.0248295176886515
2021-04-30,0.0145318409314312,-0.6898817882003123,-1.3086132490277245,0.41840416642606315,-0.5207030649176904,-0.2551467756057162,1.1967568516491145,1.3196550974947625,0.593298417146171,-0.7557096843930642,0.7037880018591632,0.3626508068936024,-0.31099452913685666,-0.4312926418768265,0.30196047044012064,-0.8676019858897592,-0.45342568624570245,-0.1781101624273096,1.219302265226617,-0.5714632326004276,-0.6416984588837021,1.3147913745348818,0.8396167273966315,0.37358139477444885,0.8057116937201759,1.4280402938055,1.1795518693044609,0.15047148174417393,0.11329761052662242,-0.343866508188631,-0.7412908448846418,-0.2648462608143326,1.1259157149752206,1.3330070907200988,-1.2248854177022714,0.055700753264550144,2.411407177552037,-1.3759378873679204,-0.6480955926817218,1.4994308220541686,-1.1198533063438583,-0.6465200179793873,-1.0150799898443181,-0.7915586836618931,0.33355714415709536,1.299174757419561,-0.575183013076072,1.0315047093444147,1.3476207736655277,0.3624296739158049,-0.29023262065991456,-1.0342431798013796,-0.24654248834417178,-0.3405238871125996,-0.8411715651828653,2.2336591650323085,-0.8827793656825871,-0.8131009478810737,-0.9890894735608438,-0.926777007494797,-0.2336436139004353,1.90504663699509,-0.37849850911653704,-0.5551963993283532,-0.4699719174317811,-0.7675515497097383,-1.029359033744094,2.2283772814261096,-1.1578925367562778,-0.9915315653746886,-1.3726022063750354,0.6392712356817671,-1.0890466508703884
2021-05-31,-0.2262259650161187,-0.522101379341965,-1.2013596144547,0.6701482011499064,-0.5715469122006395,-0.10345778115925383,1.2053802684170587,1.5169168677600413,0.6387829968603425,-0.7849040750930305,0.25229561898624625,-0.04226786504804972,-0.2177892806030401,-0.4352238423757921,0.20519444705932194,-0.925063054568904,-0.3964486634344019,-0.10982162784644187,1.0830788633740576,-0.6196508818968888,-0.8796478489321835,0.7709266296285588,1.3083612768306347,0.3466758055238581,1.12243368041222,2.614615523483475,1.2023442901318901,0.3243698772364852,0.08961649022375265,-0.5156097267276347,-0.7065149530294735,-0.007357594457872527,1.2832339522066945,1.4371496199170732,-1.039802154384184,-0.4153297691654074,2.1761403605577856,-1.3327084140132195,-0.9747296592033687,1.26083836281322,-1.035191176722467,-0.6628886491548771,-1.0714056155028309,-0.773078405811843,0.4144582519737726,1.5138635749480582,-0.6975507141783228,0.8360835813179783,0.861357980363227,0.2530071105220963,-0.0841105461614479,-0.896887757341193,-0.4954033245300236,-0.2072424218906549,-0.8968290549797288,2.167041620511478,-0.7588972850575122,-0.6666404711391916,-0.9574502394513503,-0.9905452981134817,-0.0900238976095459,1.4596524951452867,-0.3846948399716489,-0.3849502660997246,-0.6082776959829473,-0.6986076325866947,-0.8871544644082066,1.769311247260899,-0.9617905817982071,-0.9380145097760956,-1.3805545809257922,0.8582150124193035,-1.0857435148883607
2021-06-30,0.35601924161176846,-0.49358533353962375,-1.146282405696307,-0.16321481984193226,-0.8782712440224585,0.023779596699028294,1.3704154547205847,1.4583634430185244,0.47063321002380454,-0.8877853736438743,0.4218173122774977,-0.3702360034964927,-0.14806698135720292,-0.4660080703002623,0.18336704246585356,-0.8585604707911133,-0.35637004891097357,-0.5264400441497082,1.610183460998965,-0.5336188605836834,-1.0545876880283973,0.6848692785445946,0.9116414440503435,0.6796218715751796,0.9390942397321074,1.9940455953497607,1.0695531851216824,1.0130248395288082,0.2620446838021537,-0.44597922952259184,-0.8821449862289632,0.4783693021907234,1.584618036411215,1.7757671182249333,-0.9072807458057801,-0.5847843659269953,1.7416772344521292,-1.3056383583850324,-0.9283838537250522,1.384526375092542,-1.0035835775936826,-0.5682641986711765,-0.9714387144325698,-0.7091839927685142,0.3712141273253627,1.031527857392914,-0.7593586698219831,0.387670152047372,0.9433619489442561,-0.06467840219628845,-0.05625277117129096,-0.8078877376183967,-0.5290226153035088,-0.053675538569472374,-1.0110452383073554,2.532156173974192,-0.5277923526393484,-0.5932535880617246,-0.8084887673083433,-1.062575655577528,0.04588103947646637,1.6113980467393132,-0.196574911099486,-0.5672171639504426,-0.9522794487892674,-0.7202155307889108,-0.8869714065496769,1.6072948042680424,-0.907642651094756,-0.9024288319855454,-1.4276305580320052,1.1020457888957549,-1.0212806986681537
2021-07-31,-0.08655291506231724,-0.5386584667002428,-1.0553250375429615,-0.300852284058841,-0.6233400482359367,-0.1209626190011025,1.5281380208618613,1.7270313249936866,0.7612580017652482,-0.8934528461029152,0.24539659787527815,-0.5295767215079171,-0.24034909409819494,-0.41077185937635485,0.18803358410105803,-0.878618919087381,-0.27620935322763196,-0.6404485671314895,2.177466748600625,-0.5966223636590939,-1.0532220047865495,1.2684479884531554,0.8769679862458188,0.8282280435159899,1.0091960913749927,1.3759904643995187,1.0094790990983982,0.40956505490535167,-0.07324044750061992,-0.5440816736856342,-1.0433495777329722,0.2808661770532527,2.128325391607955,1.3520985519518653,-0.7123239579361145,-0.6932948228426901,1.3105274269023652,-1.3256296439274773,-0.6434040238380653,1.0218282435501922,-0.8416117063694539,-0.6706680794659536,-0.9290374291829492,-0.3970163743607934,0.8733002899818073,1.7226957940376806,-0.8269405823997268,0.1574744792274223,0.7941291196132712,0.2151504460604361,-0.011971295351818657,-0.630682306945897,-0.5166713307943953,-0.2008496187561773,-1.0995872471464443,2.626456657968496,-0.5205535757130059,-0.5932342937822777,-0.7930496743051981,-1.0711066738268544,0.32224804789409595,1.285063875736305,0.017120898984310844,-0.6732774554207552,-0.797979531849481,-0.6847922671453569,-0.838265256213789,0.8923720823781769,-0.8871248378903054,-1.0689049765270293,-1.374514523661814,1.0566343742091693,-0.7533645791958109
2021-08-31,-0.09430721714061603,-0.7073480297232018,-0.9481407327476733,-0.23679601454108334,-0.4569387544253549,-0.3990026197600319,2.208122971532169,2.1889396577430107,0.5069747518091168,-1.027123092246502,0.11543373905839915,-0.7812465363725858,-0.25404201443626556,-0.6608920283625022,0.06384055212892778,-0.9265427011398806,-0.2295314057234723,-0.39189438803883947,2.1167815033365134,-0.43840941807607947,-1.049888116627182,0.8133226345195346,0.9619466669274743,0.8030980637941136,1.0988886982399697,1.2341074362533506,1.3895970003918152,0.2913119698811062,-0.29857853950715463,-0.5150236297201727,-0.9780661977257445,0.6575146823840774,1.2686801213801533,1.0826924215825673,-0.5165656221272481,-0.856683850419313,1.1777683513145345,-1.3614991762413051,-0.8725393612577677,1.1198307828304221,-0.8629541793444633,-0.7054099213336569,-1.075908964913553,-0.18943088714136053,0.8307988534345441,1.396186510795505,-0.8245827516799709,0.855052071120968,1.4772754842308395,0.30010712614581525,-0.13620258538352584,-0.47905627341466583,-0.4444691733167073,-0.01221904004178389,-1.2083424048283467,2.2040721688631946,-0.5053184026246644,-0.5831099363028558,-0.9653149739146614,-1.1589932147993216,0.05770013592869121,1.0950820539374295,0.823681548797861,-0.6784669983496832,-0.41682308985993455,-0.6967829809872081,-0.6839261467669739,0.9937110345464242,-0.8682377228023617,-1.1983167222816742,-1.408626147458023,0.6203532740566258,-0.6493203030597683
2021-09-30,-0.21821834335400822,-0.7221715233105321,-1.0492232019209378,-0.5580265996938374,-0.6223985761289393,-0.4261660863174416,2.425029907712112,1.6850597894018737,0.2697979864296899,-0.6992003041045999,0.36261288784061496,-0.9205078706079326,-0.16228346883943306,-0.7253108588956971,0.07270950002850107,-1.0475624454838188,-0.01057718239863812,-0.14097462006467668,2.218702782900566,-0.6179816484982111,-0.8859310671262045,0.800974808137495,0.286028725752384,0.80767480693052,1.1236689970517357,0.8799057521457833,2.1664661952622075,0.8341221339526278,-0.3414934512939986,-0.6937430507386555,-0.873271817183382,0.5024686164721076,0.865034634967115,1.070520272863499,-0.5651296881703476,-0.6429817770555044,0.9181376573545557,-1.4085130632452965,-0.08482619361289026,0.6736699527871354,-1.0067793293263185,-0.2967342715508618,-1.1945087222611241,-0.03158985488234914,1.2054786831488806,0.6710023058645637,-0.9694872893245452,1.0644245957021596,1.5475742150338885,0.5633498601779628,0.3082832633923207,-0.5650059385868428,-0.5926416246029511,-0.3418507694357433,-1.3185782738173693,1.758684005200506,-0.03965739626973436,-0.6604321055718898,-0.6076684756966579,-1.1754256981233482,-0.34694724052757653,0.6733992469923391,1.7347616347070272,-0.7437143543077703,-0.803258647283905,-0.771124944546022,-0.564274795407865,0.8221509712203066,-0.4385466808846943,-1.0943338118544388,-1.4530190047028944,0.8712821912217612,-0.7509043136423551
2021-10-31,-0.18951500615858025,-0.6910735335415875,-0.869062510683569,-0.27804287933461924,-0.46262855306842554,-0.4722605078022085,2.5852827680792636,1.7764869351640606,0.28151723221829733,-0.7261002030442778,0.2992771987064913,-0.9111134467520816,-0.36614167539635645,-0.8424045783530414,-0.114387344438053,-0.8443360572904,0.429351902736268,-0.18579963724510096,1.6883600903475684,-0.7686827263447269,-0.9001776234029504,0.5298366325562711,0.4064084953219937,0.5575198861740875,1.6599469042696695,0.9048964698499583,2.072848671942352,1.473262194372823,-0.39951458627554454,-0.6847726167882716,-0.733048902111861,0.42522718812426286,1.2377572204740066,0.8607941168993709,-0.44117467144767436,-0.3989255660171379,1.8428146917767216,-1.3258886486104622,-0.2772078246253724,0.654969917547546,-0.8855893529417491,-0.7138616942924905,-1.3747147003722482,-0.02224487416060253,1.3772314946657804,1.1222173766821701,-0.7685825034524519,-0.09737261071921827,0.8972738440492547,0.38319551177126093,0.4270634844218858,-0.35858624834276337,-0.6304888576439097,-0.12297839520139467,-1.3840844493520361,0.7782392791220235,0.004879401425796959,-0.682517847956926,-0.3650386033422376,-0.9928080933039165,-0.5118665461953755,0.37544396105936834,1.8214425599933335,-0.8829347378744508,-0.5792832014104735,-1.3101597042513269,-0.49751856352508794,0.4992743804342954,0.040983347907193435,-0.9621328993580913,-1.350666614005772,0.540404505681118,-0.5785180673396703
2021-11-30,-0.4121176333683647,-0.6392614419868794,-1.0033361198555242,-0.30761827412414455,-0.7850675811326,-0.5666144966020739,2.3590894346419127,1.9480087331274816,0.4737757701584042,-0.7996459348984895,0.15593476886997887,-0.841708391217297,0.13690107453751696,-0.9616002476924855,0.375414184316915,-0.41514773533707494,0.615704520480059,0.2662352524394102,1.6048341792093392,-0.6874711245397382,-1.0007875205295393,0.7120276576047297,0.2958788658840427,0.07415416050572661,1.1802273857034415,0.3056513605983716,1.910889383187853,0.6867908119855618,-0.2509906160826486,-0.6257813497630254,-0.8636395544147661,1.4589552462805995,1.1604117045904072,1.65487121375658,-0.5708392468673527,-0.10148483693293617,1.3057013034251974,-1.3656170329698574,-0.655004529051948,0.7582590284442317,-0.9448321417335512,-0.300678717082964,-1.3954234272838681,0.010118128768822593,1.485525254684496,0.4995340268193169,-0.6552645730591043,0.18767126411759125,0.9575268748655803,0.41156119050555323,-0.053746793669039596,-0.3632732533654496,-0.5218456539667182,0.6865569151235467,-1.3066230821944878,-0.06833509959401496,-0.553244963754614,-0.37567500687763866,-0.4548795582489326,-0.7715989736725359,-0.7518851496633621,0.6440023509989568,2.7975725801749025,-1.0137253968031095,-0.7842970692583041,-1.195741766788359,-0.22609188952515785,0.3975262757762932,-0.17363032501841202,-1.1506917420845952,-1.4514348514500153,0.5687502804410023,-0.7194080795628429
2021-12-31,-0.3358167765913199,-0.1896025263248894,-0.8255080491867763,-0.3328015532998334,-0.7742958462573645,0.14354919825351575,2.6447567625515203,2.3889304332302714,0.5206398500224036,-0.9617130602260759,-0.06530902980429265,-0.7157983847170921,0.16243468098575864,-0.8006776315415564,0.696027669298424,-0.4308993222990003,0.4837471282498182,2.430906367953205,1.665830790663843,-0.9168334899425472,-1.0242099894672059,0.609895107735315,-0.3138039191183226,0.032069913187918894,0.7761995119360596,-0.46429704839811187,1.4301219738540618,0.6035489546087721,-0.6894290956731353,-0.41121271269755005,-0.7977173127053757,1.380091427031759,1.6213264230389592,1.352184456538727,-0.6646950074393798,-0.12391658846547912,0.5161529551465139,-1.3570150938385863,-0.9541991318288037,0.25158538308919837,-0.7029646080417384,-0.012551094748174951,-1.2427409128223856,-0.10783689516976865,1.0518057537744432,0.6239538296835212,-0.8035876134940441,1.1116302132892564,0.020734803073344826,0.2950133855874532,-0.37114991657356455,-0.38893944321173024,-0.522972559455806,0.8865681795337299,-1.3687542515435842,0.06624618548752265,-0.06020136469750009,-0.402966342410838,-0.08334687184681372,-0.6090081110468355,-0.9531015828639423,0.2224114986870867,2.185885253167737,-0.8835409217524526,-0.6879157220676673,-0.980024908995704,-0.29225128464863187,0.612810411649735,-0.22266005626529894,-1.3137146125323156,-1.3738899196437644,0.26685992064744335,-0.5200478583020594
2022-01-31,-0.4383151880785088,-0.4652701618058849,-0.58466380491908,-0.6889351646797617,-1.128811479874041,-0.7540162215889871,2.1231520927677368,2.4263183687635355,1.6641974762936624,-1.1271458486939194,-0.06480667112868663,-1.0515252674429136,0.45045528837571835,-1.1412297789789516,0.594020853946679,-0.4027239674742395,0.15727601466741092,0.3965482117011244,1.0533807928797743,-0.7267945485645757,-0.8859012189843171,-0.03953142709316712,-0.7013788286961042,0.4762666736845353,0.5570135127670796,0.09230006810153511,1.2674011736161201,1.719756012505493,-0.8453620154696316,-0.1986588961753305,-0.7957200349635245,1.2763985037731067,1.350734423662567,1.0110413813270462,-0.5084587681837331,-0.12264148110084926,0.5604478312104312,-1.2973709701370029,-0.9047778909963223,1.0991861622628782,-0.2986276204988698,1.3655576852878646,-1.381244958403197,0.21995971303466724,0.5452159006646948,1.1244629322643305,-0.8049449503292114,0.9412910403503068,-0.17432534713692663,0.46129900491720327,0.22098572891198875,-0.01591507559697536,-0.5227649836410238,0.8437306343795132,-1.44406819783829,-0.33283325554038157,0.11249761598812213,-0.4865903407164601,1.1235232010415361,-0.3387332350976384,-0.8886329808405397,-0.30608340559364955,1.9957562095972905,-1.0049124446053985,-0.3554341111390427,-1.0039205738737143,-0.3233851546058353,0.3777339385807681,0.06838826970818151,-1.4243230693474425,-1.3474252339586532,-0.29723066587265323,-0.05086147736746187
2022-02-28,-0.4592757194487952,-0.6403019378731098,-0.622982024011314,-0.6228005614795706,-0.9725106067140913,-1.0528909653725205,2.3883673673711217,2.4549602535442485,1.3453011590705046,-1.1729624015523088,-0.29773974142753956,-1.16524968887817,0.2315217122656827,-1.2028851852002886,0.8970080997390746,-0.15070907591671925,0.6369563031113523,0.5464581983922973,0.9451304160701256,-0.3883281178364231,-0.9290118875821121,-0.2610879267792998,-0.642632278566598,0.4561753010004648,0.5094552919350342,-0.2495643558556675,1.265410695203025,1.3860986054393725,-0.8505836518743415,-0.4027656307471905,-0.901770397471128,0.6174531461435554,1.8851408597515533,0.9849523292793043,-0.4410510114564573,0.07783282706464463,0.29423172883811216,-1.2669670806651916,-0.8774315859073951,0.6684025873804502,-0.15676349740362985,2.3159270656746607,-1.334161223745935,0.15689947299557297,0.21088934760752365,1.1170512040238825,-0.7709992491601451,0.8936395842043421,0.16887861863081907,0.16236618077730394,-0.3569998271998637,0.18932229127604838,-0.6210477902919597,0.5718641966659238,-1.2988913526142505,0.8832050682435447,-0.20996360915306922,-0.08878442640576983,0.584135665862101,-0.7083542408481203,-1.0596134868527436,-0.5800180165274993,2.0479605426534704,-0.48929591157789976,0.24983301128458074,-1.0257400812395647,-0.37532767430435143,0.08455692617316526,0.5401204021851661,-1.3343636976477735,-1.2791631521675857,-0.36069412806723355,-0.145823262034403
2022-03-31,-0.6771550517895417,-0.5772463285380168,-0.48309237232765645,-0.6892697215340615,-0.90771632619098,-1.0559798786487096,2.3408887113705523,1.8513406213685566,1.8061000733446375,-0.9786445317165332,0.07767906522314039,-1.2712184239682447,-0.145940874721465,-1.2213335197294846,0.6264443029437277,-0.15027153032075172,0.4146960715755971,0.660012649645133,0.41808804736079064,-0.47051697225858935,-0.8338748760882424,-0.22276073345277622,-0.5734282821140818,0.2372548239779596,0.39213680005402785,-0.613887990187399,1.756691390300472,0.3607360583028593,-0.6415740627233907,-0.03489852779520002,-0.6881837100614623,0.7444978699403337,1.4481438640811441,0.670410704313035,-0.14780909627814726,-0.3817818411262363,0.012888594277523702,-1.1413703335725212,-0.8095188284024364,-0.07855224494184662,0.08114280020760256,3.3906284355807355,-1.2325569853597658,0.5230095032957908,0.05198405282752731,1.2791234419673925,-0.46975297865637006,1.3134666608372836,-0.06810178649722481,0.026535809233369637,-0.1378974289629818,0.4138820968263795,-0.5350738980035852,0.6599195262148893,-1.2652420609233537,0.7955385613653365,0.19198504524453022,-0.15551896115076447,0.9329487874695308,-0.6131927420837486,-0.9458488107791133,-0.9367374602275081,1.4219721471389666,-0.4644912101309492,0.3100537607155872,-0.8893603284890697,-0.12748901868787055,0.07887674894263169,0.5896521882846903,-1.4329892543877787,-1.189638453173761,-0.6998716783685932,0.0810599001384798
2022-04-30,-0.9761996345209838,-0.6639985730177402,-0.2856635619450261,-0.5608775872078262,-0.9563155062295539,-1.1363454496393532,2.114021080275287,2.0776686743909734,1.921701939208253,-1.2106829620893853,-0.21113689056444213,-1.2529486678446546,-0.3325440739347626,-1.1406545506533292,0.6259352633913442,-0.33108942850559914,0.8706410019530095,0.3356270527680475,0.03136922164632869,-0.590031634230444,-0.7552777597638978,-0.05410624846836437,-0.6402550546822554,-0.03726286838780184,-0.01920660657318285,-0.28987967101448275,2.028842193053451,0.10958619414277593,-0.6655123072241389,-0.12706610327258822,-0.4846014954356802,0.43836645826920834,0.8168557233443174,0.49660155928152505,-0.014483514774911443,-0.436050621355973,-0.03653025822353895,-1.0676816915900076,-0.9015131432508667,-0.154633695593784,0.24518709972273534,3.4968693009704848,-1.0620939331811596,0.39290495782442186,0.6900736479094225,0.875470264833027,-0.6906650708304605,1.228557371798196,-0.2953392183820721,-0.24157413883464068,0.15844080252414444,0.7143177515497979,-0.6888946222829271,0.8647798987377835,-1.122122984140677,1.027458462010307,-0.002509620811254859,-0.47037315514087447,1.6095703977896831,-0.9538420480227603,-0.6879331659037895,-0.626171740566995,1.2896697526469576,0.03413369085095816,0.43363676088560665,-0.5255911966242098,-0.08565637888670678,-0.12639652186866912,0.6123007351347431,-1.4350900320282425,-0.9849408768956014,-0.6274503658029849,0.41860737328580866
2022-05-31,-0.9062576785010906,-0.6911338746508193,-0.5316654033812671,-0.6035486944125831,-0.994338135345165,-1.1954602228551074,2.705700448284072,2.3933609770756727,1.8648521158520859,-1.0608306070714115,-0.18096269696171519,-1.197114219109913,-0.37592239197962923,-1.1908457381194972,0.9799859064742953,-0.3773934260757529,0.8884247158036258,0.5974337983936711,0.2545733792543537,-0.6441148648616344,-0.7241275448680966,0.11465283506257253,-0.6635765977629025,-0.03309842021721496,-0.043094409003734804,-0.5740204431390178,1.7553962960709941,0.25401894750443754,-0.41408045920098724,-0.22408751157727785,-0.4481422197449352,0.12137470352952567,0.6176115624323587,0.4111566811594395,-0.25277337439106506,-0.525104499729714,-0.27024261968075836,-0.967069472158097,-0.8274854646346799,-0.2215869241366163,0.12708138892852053,3.709503805764429,-1.0104172487354732,0.26784635911739196,0.6022319042663109,0.42064233704040693,-0.6962780699075253,1.1985837484520117,-0.1915040579405002,-0.1536109395612494,0.03908732748166091,0.5333168470725816,-0.3641839827212107,1.0661090563591007,-0.9379260386936342,0.9680039220752445,-0.08542462304422346,-0.7536804938128097,1.8265626123920409,-0.8617997648816891,-0.9094051568152717,-0.1716427356349614,0.9268166621205889,-0.07045609073893143,0.5951198346331269,-0.2505569194085314,-0.34287692419198734,-0.0639635695251122,0.6733612792769575,-1.3357153645978028,-1.0227429921964806,-0.6501620723489007,0.09761550644949879
2022-06-30,-0.9370881142243088,-0.6972706938573627,-0.5994641985802227,-0.37885424400844514,-0.9098517894779461,-1.2345562363239613,2.5287608630123057,2.930034035727547,2.3448939885206084,-1.0493897401370909,-0.3375675359921466,-1.0480132895091006,-0.3465170951864687,-1.075242172348825,0.74190969522717,-0.4767716705580519,0.9971731588519099,0.4328948623814288,0.45031565017000763,-0.5981132837054588,-0.6699011030736748,0.2659526720879226,-0.10856730018509503,-0.043039050265856096,-0.06004077575519166,0.45120558552485235,1.925672772801175,-0.06451825047818639,-0.5673606991050453,-0.10135887355646281,-0.5340075819053334,0.3832256210804444,0.045847418157135444,0.021841317088597184,-0.38337770298121315,-0.5398045044956905,-0.28692474709970595,-1.18503061644703,-0.7399417304509481,-0.328330756849152,-0.1395591123330418,3.587277010587782,-1.198936297317482,-0.02140532713451078,0.7756236419788038,0.0036241284757367598,-0.4801277086066107,0.7818149482738241,-0.14127939365398023,-0.2340765540847696,0.6334101619136643,0.17474820164769395,-0.06590572520380636,1.049494297635658,-1.1174742544599356,1.3971956406534844,0.09751445031795859,-0.9723831017673106,1.404324846803831,-0.6644592186597156,-0.7659801087969352,0.2712883812720065,0.16920666449916133,0.3807961937790163,0.7825635348900333,-0.40073295148261906,-0.4809087093119011,-0.2221523194507194,0.5710222112197605,-1.353142818389074,-1.1708375411655374,-0.7931660888986845,-0.07620096730491183
2022-07-31,-0.8718139035587472,-0.2937059810465388,-0.5717941682940488,-0.22775987569631645,-0.9029367659253176,-1.2808320800595916,1.898776373940442,3.2585585686531786,2.32855961557494,-0.9897120415418963,-0.3989112444504479,-0.997247178929338,-0.540267776730287,-1.0695587558656285,0.09257584851495347,-0.6630930222037523,0.5826472419391228,0.7237030387960377,-0.10902584383785147,-0.5033302165674323,-0.066789252311911,-0.01203960840593793,0.0001873067897043279,-0.05424323278957115,-0.055625950268198,0.057235788929670045,1.8056583484712774,0.08308623826510603,-0.4370123951377316,0.5261125619672403,-0.345904016013602,0.3709180258499598,-0.18104493361917628,0.10140762041866515,-0.4477736849328564,-0.4857251374728483,0.039440193741161894,-1.1661621705154726,-0.9799924453246981,-0.3738531396813156,0.03722628711459523,4.292726776393661,-1.2224362569836416,-0.28324008700418046,0.2547118418503213,-0.3951784161481994,-0.3607876498936209,0.7596882764968003,-0.10683731765985978,-0.40344724689233985,0.36196822008576535,0.028694218446497666,0.05421650782208852,0.8085657501445703,-0.4864042261917118,0.838550411677701,0.27637674493045516,-0.9190400166842816,1.4246768942603345,-0.46005376293529154,-0.7170594559753689,1.4257546549600426,0.33563270845167775,0.25430052323321267,0.16007868191543806,0.02348669941025782,-0.5439180066202018,-0.2067597786302855,0.4026439638702217,-1.346484535872561,-1.1045214623018027,-0.8746195226905366,-0.1512233692507122
2022-08-31,-0.8556101955105984,-0.39125195236885846,-0.48417464157510737,-0.23646214893412026,-1.0772107711359458,-1.2332155419610082,0.847241984068017,2.0194773177979846,2.9455645855137127,-0.3744129710258332,-0.17451225807393927,-0.9710220965351011,-0.6436349965928403,-1.0038341542358178,-0.07789554098713446,-0.7483647399329091,0.6955049622046452,0.7451508735209968,-0.8365866085293613,-0.6333922065969388,-0.4397385631653744,-0.34054033653678806,-0.39056880640538894,-0.22582041077953383,0.2500423016821083,-0.04562553588113172,1.7218301976174017,-0.24933957798347578,-0.1447141574709731,0.0002704484551902704,-0.18413515339595826,-0.21007837375162944,-0.3875557934595405,-0.057673707491104495,-0.028951103874280328,-0.7175637341693291,0.2719825514126302,-0.7548245401619906,-1.1242934331872168,-0.5386696237968225,0.5769692988112862,3.7191575492084628,-1.3585498870040162,-0.31926292973805115,0.28919450715363076,-0.52574803427108,0.03843739179339323,0.23965155949432138,-0.5572228408847781,0.17124380765178962,0.5263749719225777,0.09975350022568717,-0.0469666404632638,0.513980792811278,1.0237836144029493,-0.28928939888111577,0.07368846408731813,-0.9322859558439412,2.3966609099878147,-0.562550246994938,-0.6464232178929126,2.44171295909376,0.0945392881853047,1.1447372217833611,-0.19226569831257745,1.2947190259830288,-0.7308170346340246,-0.4984819083295305,0.6568538482502368,-1.3894537828337339,-0.5664307935117943,-0.8609023202607284,0.2598004322436559
2022-09-30,-0.9892753948421684,-0.4232879013359378,-0.4428386888440479,-0.1520023237148322,-0.5929511096338363,-1.2859743484911585,0.894698367940195,3.325807537196918,3.4906746812072287,-0.9683256415657782,-0.0065788925646275975,-0.5966089960007265,-0.6580693781608429,-0.8237224158666915,-0.1962831704664404,-0.49156149459293463,2.897194186669291,0.8731316289796327,-0.8052517115812725,-0.4354773760546366,-0.4954515339073504,-0.3897237197571528,-0.029969660497275674,-0.5686064969353438,0.39296550587590057,0.9017632123161601,1.2531631402985086,-0.6617475944177729,-0.3537453220188771,0.27880615119790303,-0.2173954922121659,-0.36756707387912796,-0.2745996151954028,-0.07942762756270003,-0.32507478585392724,-0.6960135608374431,0.5510691744630818,-0.997876293192006,-1.1190651956245352,-0.4976024044445738,0.6053242988774352,-0.06948078358361293,-1.1143059792333025,-0.3071643505917485,0.1914339449306373,-0.3591566837620523,0.7875333511885296,-0.20423869859817323,-0.21486937430911324,-0.2448482476599356,0.7951790894048519,0.24067216758261445,0.4242850133507782,0.7270677598809993,-0.6658098209997274,-0.2958974561175839,-0.00943377785810861,-1.0297936197860553,2.0812802851125616,-0.49538089524714557,-0.15991981707842806,2.1480578406351882,-0.04841457649757297,1.6363855016033548,-0.11151800093472215,-0.49882354740607304,-0.6954565556139718,-0.18994243258367377,-0.05416191218224811,-1.3003648034060684,-0.5632433445480136,-0.3409670080508575,0.4187740673879995
2022-10-31,-0.2507219662902307,-0.4430076931463462,-0.3689083967466685,0.27999756075119864,-0.5200113785346012,-1.0482293790457005,0.6725961796081131,2.5433430382050366,2.8651174673213626,-0.9324019247390878,-0.024244201755941885,-0.8495953656177317,-0.837153545697985,-0.9796045653426015,-0.27315638814327753,-0.6990381286521059,2.701265207260434,1.6187016927488496,-0.9302053796683649,-0.46327080925119013,-0.5409923418123466,-0.2663274249349224,-0.267833533464921,-0.42596194491286166,0.5102757068015751,0.4952921600777803,1.2301189711229246,-0.8062240339814378,-0.318975537800546,0.5180410552733095,-0.40736391387308213,-0.554554630420897,-0.7037487405628384,-0.34614080810095427,-0.3577334818253779,-0.6713218484885423,0.028510868923999677,-1.0083135209784972,-0.8077070549077219,0.006649374870009578,0.5448202117275005,0.14580344494199354,-0.9853121697843668,-0.2907595292657885,-0.07081832906518713,-0.7930994596571923,0.5734751443539206,0.44865120777893414,-0.7215217808183013,-0.44444890964365635,1.0783800395471193,0.28285051800316807,-0.11937680155813161,0.8737652072981565,-0.8275084470460901,-0.1564214300064268,0.07223402285095226,-0.8987638205252635,2.6186022045125883,-0.687718955583603,0.3515978653917302,1.740042724434423,-0.38934094124365903,2.9442400391353933,0.28552546438133275,-0.5044202449593552,-0.7758872610578591,0.0993613558195119,-0.0701939677145126,-1.2221695587174706,-0.5400596212956323,-0.3819910327028061,0.4533014662007606
2022-11-30,-0.10401475588835297,-0.2971630930701942,-0.48574653195260514,0.736363907663788,0.17582980270441267,-0.8371436218889815,0.6009904623556246,2.3381885372428974,3.087643020096815,-0.6363519050539714,-0.41257128374814656,-0.993539123973852,-0.8279141940971741,-0.2989890035963929,-0.5674833873985616,-0.49532688199020836,3.1702905877491503,1.1782245882588511,-1.3154286066363532,-0.9531704419489986,-0.9026072758878438,-0.5539331020884087,0.0764476356642976,-0.7041375002596173,0.49668493912109457,0.6667020350245225,1.2740798473963248,-0.9939251147069657,-0.005504257003037312,0.8732810901841107,0.14894476473403867,-0.5779720946560896,-0.4854549495015652,-0.5349559876511035,-0.6139086686599085,-0.7819660528013506,0.33516452087208026,-1.0914066739413184,-0.428345835523968,0.21597342489807134,0.2150103510638827,-0.045415385467355074,-0.48618549373841136,-0.33317545879404764,-0.1260389620559894,-0.8501278756579762,0.17531534430934564,-0.11750660215052224,-0.09398488115756662,-0.3734191943350798,1.1452880396223928,0.3007680260972314,-0.1812301725907181,0.4061389799065929,-0.7610270443978429,-1.4279397807244893,-0.045501372626688796,-0.9514197691797585,2.5591796787503354,-0.6887769371809757,0.9991301153170941,0.7694417857226465,-0.24880376783711947,1.7409331973955435,1.370266784751192,-0.4250057199822433,-0.7371170762130661,0.2970080324700889,0.04580050862620349,-1.1894781436392123,-0.6846147693142871,-0.36992981786362716,0.6365685608333287
2022-12-31,0.8043919151594761,-0.597427037529801,-0.5478759147567571,0.3813071954567436,-0.2028578927417577,-1.2765632486243517,0.24715323342788653,1.4426404450422972,2.352079904094728,-0.8440124339275725,-0.7054624409188501,-1.335879420108037,-0.8551516382686325,-0.7110595634923468,-0.4544400869291606,-0.0685420097959869,3.112962459877541,-0.11213952096183466,-1.5666793490621527,-1.031635522090969,-0.5872337800095596,-0.6137321493873605,0.07568484896364529,-0.7487535013947622,0.5616732285447099,0.7659652652721725,2.0241027556594533,-1.245356613422545,0.5897926084533474,1.0418405725092565,0.7228250486642849,-0.18076237260058975,-0.9981205085710072,-0.3790829271014682,-0.569052623593554,-0.4606200845694731,0.9208331357101533,-0.7120068406733139,0.07099872511180302,0.28936039895391547,0.48023610514374077,-0.28064491026290894,-1.0208463621582873,-0.13248731596795077,0.19192970962142003,-0.7557687043907574,0.3334496283782679,-0.6492611227637788,0.10907713966419882,-0.36125549240258154,1.728631928809376,0.22259976055105132,0.41496866167254937,0.32373326500871585,-0.6069640305333454,-1.548466160628947,-0.37453831587325465,-0.9569867488152861,2.6133125801623027,-0.7567021679171005,0.6547984800443538,0.18852772598997708,-0.0491515247221711,1.7242947858800521,1.1055186499123333,-0.4187828351394182,-0.12754317091941986,0.632752296190525,0.049347658750999404,-0.9523248873468089,-0.49184099135996,-0.0751773910099119,0.1863994960624556
2023-01-31,1.9414554003162348,-0.809956704130498,-0.5746441633967285,0.6131842803507173,-0.19995262329529329,-1.0706727185937406,0.2953771187441254,0.6129729932753543,1.5191008384337576,-0.8280399368628315,-1.0426983364102316,-1.2665798892733553,-1.1486105126127382,0.09240814037070436,-0.19561396246170631,0.16990836013536284,3.186594581307191,-0.1748515683762935,-1.532633057325479,-1.022178489624216,-0.6394259394644498,-0.7274125035566752,0.017688818696172046,-0.8916710588377927,0.29588457317587075,-0.13767177701510022,1.6862240262127355,-0.8971881549497354,0.4580627687848017,0.502400553745502,0.8556089520055228,-0.10810161299290111,-0.8494033307960437,-0.04762081981305413,-0.7470288858000447,-0.6404551077689027,1.7347762389657864,-0.9169479686539536,0.2637015382839755,-0.1905386521204253,0.35951373717237345,-0.10301036823806198,-1.0146485358799429,-0.04273061120451368,-0.14881885043116547,-0.8662349589776652,0.706623013470928,-1.076643910440899,0.4790797250812514,-0.5772631374036379,2.3084809823170485,0.15447583584138747,0.8922228386802202,0.6186484545715478,-0.5038995467418641,-1.5566417807736106,-0.3648303904608756,-0.6834733804783663,2.614940529078888,-1.1358457810770788,0.08405035231738893,0.3249467898197233,0.21838017726831224,1.0063246634857856,0.7797196671510593,-0.06793495849255984,-0.1351892335311033,0.7808023506462323,0.9955622420070662,-0.8237888383040904,-0.6165701874227637,0.13298939922598668,-0.3246876969486233
2023-02-28,2.1541526406582916,-0.5263018673601414,-0.4405097419890673,1.1371330489252354,-0.3983731661181838,-1.2246233816526106,0.4749371705273439,0.3390672303169138,1.687905264179181,-0.7478382763514005,-0.9609142068527481,-1.2047984557911136,-1.143671761015279,0.055970271856654846,-0.12317078179480481,-0.16037440202496467,2.528049889193529,-0.3339970438431523,-1.6348936662201148,-0.9180178133578843,-0.761051042788714,-0.2391165254330171,0.5788038216274685,-0.8134138577813647,1.7315516535993711,-0.10879092955383753,1.5091737953592599,-0.7445734865605007,0.7029934638011714,0.8968218156362936,1.1659659452475515,0.33813963250251133,-0.6850690825958917,-0.09369365974928087,-0.824008653366918,-0.6770639679605248,0.6618845376370552,-0.633415793544699,0.3789845801455318,-0.32443006791307644,0.3353272379596482,-0.7317509898413204,-0.317189508733675,-0.14456471936219875,-0.014510326764153411,-0.11840338621414348,0.8088520103908309,-1.2536929211123953,-0.014131011571160756,-0.49173830593609125,2.234888958136203,0.26154485115686477,0.8722627514955017,1.1887117218368282,-0.7099098141584281,-1.754488896602349,-0.6402181189324291,-1.1247187092410096,2.5233355499568173,-1.0266902986800064,-0.05498439843566408,0.24883466915700236,0.25682520834035916,0.6678456009848462,0.16937577299466405,-0.16281054977630258,-0.530464253761941,0.4587103874745968,0.47733385975861936,-1.1843883824229602,-0.4983759175406206,-0.3292884302670236,-0.020952769882977187
2023-03-31,1.7568676875112756,0.1655008087679591,0.07874391398231195,1.1302147286487925,-0.154796626363167,-1.1367658261871485,-0.1785527636636334,-0.23579094067874243,0.9546508119377037,-0.6267221309811577,-1.0519516983270498,-0.468098713298927,-1.226493650263358,0.6662389129194253,0.06023868425450146,-0.05799886521018162,2.441935144329704,-0.6058889569032327,-1.7946983939651253,-0.6151913310124983,-1.073220618223678,-0.5393315751996248,2.015618716332863,-0.4588093439593466,0.9387580983565719,-0.23148176934398224,0.3135031920019353,-0.3064967604999977,0.809734280199844,1.0060546201735843,0.24927318490342756,0.03803477223504706,-1.170550268726706,0.44974626199510914,-0.11783321361652507,-0.8368652741618109,0.5296372532281819,-0.5331906181190985,-0.13334503705538286,0.3837449057541045,1.244452192644299,-1.4217704219221345,-0.32671442707858733,0.0016991285995806016,0.12620423895366686,-0.5659795799721729,1.7020267514970568,-1.1036081297546683,0.16369496944717016,-0.9084739342402423,2.1975252722324132,0.22768287557483707,0.36750623692522016,1.0083161946614898,-0.3342450709656458,-1.9241680824901448,-0.6170636528578842,-1.0486478363308822,1.8331371871773339,-1.2351272954699914,-0.18546704619244347,0.11168126993174032,1.2086047902288821,4.703940140465823e-05,0.037477322985723094,0.19549745807173896,-0.6780623538268417,0.5035028599566699,0.7450359140434433,-1.0312046118106424,-0.4693331369799636,-0.6658560481282927,0.40720832391591355
2023-04-30,2.6643583925134853,0.18685809379831705,-0.15625062629167025,1.5585711231593335,0.28762137634338747,-0.8804067795647981,-0.25426079162112225,-0.20718069385238572,0.5253404047066188,-0.46287032884439083,-1.022754447293349,-0.2956006575514691,-1.0698131955817511,0.7626329318416712,-0.4514788555736085,-0.3139818498769785,1.9821225212615006,-0.5899575215573233,-1.612542224110026,-0.18740895189297463,-1.000985197084891,-0.6672285088724166,2.695288530998679,0.18370106472350367,0.8662752583122841,-0.21424201495401726,0.526201934591947,-0.08600509822820757,0.5762798460539258,1.4315512281581397,0.23318060004576713,0.02940587989759573,-1.0771854004965822,0.29884481598879675,0.028066670091918194,-1.0077301913005714,0.7648540149094936,-0.5681048711158638,-0.13948463485410054,0.30337792131660807,0.6409182833495493,-1.4070930722323032,-0.7604785717668712,0.1377808809660765,-0.5620899066710002,-0.9464104391134439,2.07502472885421,-1.2737250776113789,0.09526405748573183,-0.8519353057239969,1.667122502687598,0.22444704607460833,0.46531157423983643,0.34052644260881526,-0.6362837632707118,-1.7887426078955282,-0.5430621256635095,-0.6385391735804621,1.7836733662332835,-1.0588053934009867,-0.23146830854324515,-0.08669802552324726,1.4069653977182701,-0.2566102986465871,-0.1251819881686873,-0.08979807807568663,-0.5778745771335789,1.0959447288871007,0.29100742486849934,-0.9203795393709016,-0.6068794026167432,-0.7729600262126886,0.2719694790535137
2023-05-31,2.342114415692959,-0.17370222663794435,-0.22909056999555677,1.8641442470179264,0.2761507691996762,-0.7308166818072612,-0.6213784197067979,0.06963273593475383,0.6498136038921274,-0.699787263096879,-1.1292355816040747,-0.5314785635897576,-0.8274436356618702,0.6311816658727929,-0.6664473214871687,-0.24346176059764768,1.361042496364846,-0.8402460532596978,-1.4693051969084734,-0.5513696192426081,-1.042347789495699,-0.7575188631156086,3.2621006367191683,-0.10432393215965856,1.4669358634526883,-0.004035359725814602,0.7886374640951891,-0.010600365336095152,0.08788334566561254,0.8677420740601819,0.5099340955055935,-0.26209732588691037,-1.1005769855302954,0.2665725357613198,-0.1629326222126365,-1.090675243311671,1.5710047697350533,-0.21818700922333334,-0.3747315186182408,0.30975582320255324,0.47084214426104276,-1.3066946171850202,-0.6205620660246095,0.07307826880578959,-0.6130847326461094,-0.597187675819307,1.7219040805075867,-1.0531537198968919,-0.1134962026950315,-0.7512673252368121,1.308449877175288,0.014922089506622493,0.38793334875889557,0.29044017510022085,-0.6237565832356465,-1.6932576477694945,-0.4256347512373557,-0.5478775279016491,1.555531332662331,-0.8707350456791245,0.025695639945528287,0.19935356565782725,1.5767269585519097,-0.4560091729135799,0.3411503298517376,-0.3161603666476921,-0.6390172764177573,1.4310340805472275,-0.026220033711044755,-0.5993009201434113,-0.38767675945858016,-0.649998981456376,0.41117288078273967
2023-06-30,3.241492699852854,-0.2331337294694904,0.013158945846665507,1.458748124820322,-0.1347172222793036,-0.5162168739294118,-0.65606314688987,-0.5930829973805815,0.23395641163638126,-0.5751513863947951,-1.0463937732367565,-0.26606473534786007,-0.9215098011188642,-0.3428607393229531,-0.26761131793396264,-0.25501098030298863,1.6327919895732845,-0.774429016767769,-1.5117097316938923,-0.431868607082435,-0.9332326573087296,-0.49577675272172167,3.668699281894793,-0.22735983922367656,1.369109772449812,-0.1608858554126345,0.5301646238024119,0.6818352284382693,0.20822681860016046,1.1329478255172565,0.12099859886527628,-0.4943923410843939,-0.9531630139075853,0.6775753578483704,-0.09891779171904995,-0.8872697680493741,0.9249528941636935,-0.45181108726981917,-0.792830369822067,-0.09654449166214141,0.6930909078085046,-1.1191354549057437,-0.28173228027805464,0.4397544733448533,-0.5833476627686813,-0.23039118310297527,1.3892690777754502,-0.8578558661628691,-0.1543441850797704,-0.7747844951866056,1.2187204779111867,0.10655664086748973,0.007527451544864324,-0.02378735064947851,-0.4872633056364863,-1.6091828988035233,-0.42891691563670353,-0.5180441926124999,1.8516950523055289,-0.6749029668511097,-0.0584095026379753,-0.24881983680146771,1.6172038161103668,-0.6996979260754672,0.04598764153046858,-0.3963611698260331,-0.2856306855860647,1.18863012958924,-0.038073717115295655,-0.7340069950698176,-0.41381429565008765,-0.3188627303047074,0.6022794019760354
2023-07-31,3.49522081331164,-0.23461310519567818,0.3159957157650041,1.091679485922729,-0.08607751836642696,-0.3454152508018311,-0.6890423324762278,-0.7224934065137852,0.3596085535702862,-0.6634901600859028,-0.9020321987006663,0.06340134536006178,-0.38189787208610704,0.14050193576411177,-0.23205761358472626,0.11447387439178516,1.8598609161743127,-0.7402326140658566,-1.5093010005381635,-0.40872022454165785,-1.2179422335424417,-0.4639250029063736,3.2189478041253845,-0.3479659145418684,1.6546674659040495,0.13001532226378187,0.844746957836971,-0.035665254138145516,0.3764309737262008,0.33002475299948686,-0.11901184845650778,-0.6410229664892095,-1.0090166215609464,0.5335506990405423,0.19706255859760674,-0.9036201160778794,0.38230765181928483,-0.44815247412088344,-0.7666010638460804,-0.2016011168937577,0.10415754702631899,-0.8458094339453879,0.06845022027987085,0.62566243269075,-0.6343972512689193,-0.3011680259545589,1.5471949260845839,-0.9970718445245677,0.21191166815704507,-0.7473863065486248,1.591252121024446,0.13487187167269152,-0.20146608356763232,-0.08340506695603067,-0.8955961228498537,-1.5824624881552776,-0.5188802114090413,-0.17099775950108445,1.5165428999187038,-0.7992337304676771,-0.09733293452976327,-0.6975028520868963,1.1018711456272086,-0.7314011208648563,0.30832807393483597,-0.359518031179322,-0.6116590318557285,2.4059943600554288,0.13190395497181584,-0.7672355202485186,-0.4005497343762294,-0.5242646306133661,0.18059804241751967
2023-08-31,5.226750701154714,-0.08842445489597628,-0.1144926977254393,0.7613209831570347,-0.40599515008029513,-0.34576156154090265,-0.5456403756159852,-0.4829601413748532,0.25008392966176163,-0.5521504561611414,-0.6870755220412571,-0.27649083411745995,0.14852056324384993,0.5812177802292133,-0.22856673016285514,-0.13951151362743205,0.6160821340564538,-0.5148680899647669,-0.8122595216634179,-0.2494528761380901,-0.6049859143209444,-0.34434389766062545,5.2716346608729445,-0.08361758320071841,0.6866150881020996,-0.0874511375089434,0.49040638985920315,-0.36000865641432545,-0.04603892360592372,0.29734213665869313,-0.34147938969930597,-0.487858324688123,-0.6474684604420591,-0.06826475170718818,-0.09494969597577849,-0.31937551209719667,0.08766630834475375,-0.6776643788854987,-0.5131443945451447,-0.35755725048777826,0.17500438100281213,-0.4003954022362639,-0.3330733764870855,0.11589833415877226,-0.605292386456161,-0.35591251129567225,0.6212230813194989,-0.43247467482324675,0.30057206872001785,-0.5563642994294907,0.5350495887066484,-0.14814807358465387,0.05954653071303339,-0.28715176180046076,-0.5420123252756062,-0.8898015076191754,-0.3431542749487114,-0.2670913900392342,0.4169138576503389,-0.5403387604652918,-0.3162651368967233,-0.13050720745459468,0.09401135828837484,-0.22885638861902624,0.03798632792436618,-0.3613584853745103,-0.32386226899772685,1.7016556845501456,0.24514351109607077,-0.17101116057114435,-0.511900492128117,-0.3908994444435394,-0.10691587417493403
2023-09-30,4.399885726857807,-0.2308157890494143,0.052335376059219584,1.4981118025874192,-0.5885094660788005,0.2531713830819178,-0.4891959684235686,-0.7657154286814343,0.0111370736628785,-0.6498766517315777,-0.7872988572348056,-0.35084939539903726,0.3912355470858754,1.5352734011982518,-0.3550516594741199,-0.28086066474379245,0.8999892030843493,-0.46461866664592455,-1.1405391055922878,-0.32600365107698887,-0.5593906922008084,-0.19474277532748663,4.52509244880954,-0.11788182112150561,1.525796367372856,-0.2444440247053863,0.332554186241464,-0.5202816629963042,-0.2260394246309752,0.39729770480977045,-0.6256031029548207,-0.6222465744471803,-0.9102548755825427,-0.2434712718266494,-0.02411156503656273,0.15405147124061286,-0.055379002111960854,-0.7005422459855676,-0.7114497012467644,-0.31237484036698576,0.5968230135828214,0.27624598929199595,-0.7943458887860754,0.09605529939826107,-0.6418283652895187,-0.31885243129546414,0.5645741307981421,-0.421762240017382,0.1514881910801653,-0.8193252987861599,0.27892120926855335,-0.31625859468080264,0.08634246647797028,-0.3966408068529842,0.19058828414205564,-1.2157683183180223,-0.5204418015961405,-0.4825189325286777,0.38782614640211494,-0.6413856754894371,-0.6164658917659818,-0.17383910616491624,0.14647719517082464,-0.2002028483634125,0.5810565456351707,0.004382420653669526,-0.6814301501568804,1.5694631116943993,0.9070653077210994,0.4147054257927778,-0.6640136970838407,-0.8528776177232695,0.0275601203702234
2023-10-31,3.7574534462143605,-0.12390871724025454,-0.029319967606145563,1.4067091518242778,-0.725643726187353,-0.08614849874921215,-0.5595999702611263,-0.8261527501708155,-0.1601019857185842,-0.4974405730026744,-0.9391314145076209,0.09816651186089688,0.6562330737743896,2.3800677278936275,-0.4619424942638092,0.029051683927525454,0.6042852475585295,-0.8339144089600048,-0.894197219830432,-0.12307613549449085,-0.434751731793235,-0.2540485894320477,5.0100331010978465,-0.08044549880442071,1.2937360192900949,0.19856980903987953,0.3444308817061285,-0.17990251649080213,0.018102485440182798,0.01850006307559303,-0.732714201443552,-0.6150200319425602,-0.9128288236369548,-0.053747811327112906,-0.05346074837787398,-0.14103234780492552,-0.007774648348785008,-0.7619431085725608,-0.870862696517501,-0.4054161452074794,0.30712777935390345,0.2893451459638069,-0.9373618275542531,0.16611744213763768,-0.705269836804786,-0.307565070129729,0.6070027705120798,-0.4883223649439708,0.8815724310271682,-0.6305869749780082,0.08431114356869898,-0.3579733766099916,-0.0332942641617965,-0.49705586088587395,0.6664023685620006,-1.219321276524917,-0.5046040671522916,-0.5042305883671245,0.2350907978258116,-0.8190188107757038,-0.2263527822027449,-0.2766400771758696,0.02148340349597576,-0.407004024721597,0.6590690184441498,-0.17116017223750934,-0.7662300607648815,1.0539684183258589,0.7893275861058098,0.034539463436359746,-0.29532319021583076,-0.7490288478622844,0.050173264298898304
2023-11-30,3.856963512106829,0.010659179976551594,0.3383902227678629,0.8479849166948809,-0.9779443942611546,-0.47418968931382843,-0.7355710930416943,-0.968860968894103,-0.28222102618160694,-0.779337994944731,-1.0596730071698748,0.3532931021726838,0.21588141586376466,2.4834378865773257,-0.5251554370768299,0.2587419002292918,0.4179063114279639,-0.7007721138509664,-0.8108240359573705,0.34281319742395755,-0.6601671513781211,-0.09382759192038567,4.282250437864247,0.24269337764411142,1.209500977006828,-0.09235242531850436,0.2961080866884933,0.2950357164543331,-0.21307144531696004,0.12793325918480852,-0.8159128165780526,-0.5379803772379068,-1.0504660674202475,0.07025014734108428,0.36238662477399247,0.1708252303599746,0.2160999653144499,-0.9173111967644221,-0.9400662071000341,-0.24694690195843805,0.48427503189613064,0.16191332571082329,-1.3036659204653853,0.2287120266400671,-0.8625952985409745,-0.41220638706712065,0.9758901560574285,-0.42145283658489663,0.8770424993001946,-0.6385903728946226,0.06495305723110589,-0.17449889840180463,-0.005536479633977364,-0.5108151298238932,0.8100757686624944,-1.2711876150807164,-0.5329865656408428,-0.271405924079658,0.6643446349762896,-0.8548219448257682,-0.2002456649006647,-0.17789390212824094,-0.17428277368233047,-0.6762868901945274,0.47327265138566477,-0.13808332468392703,-0.6103718360313762,0.8675467678652706,1.0790487511897433,0.3631930901834261,-0.6310218671204422,-0.9569809443891393,0.25815928888347023
2023-12-31,1.7004254767640545,1.0139660311755152,0.8874631248274821,1.240567952521241,-1.0675922364020283,-0.3792923006337011,-0.18994023683102554,-1.1116792144656062,-0.27920201774665815,-0.629542383311096,-1.0229907499789128,1.3746426641210672,0.2838546791229003,2.863364610574509,-0.5304067793301701,0.13252156081305666,0.6293499982716879,-0.8585870844981611,-1.1426808125289547,0.7367603452890246,-0.7370545113284277,-0.1845730269765422,3.5909736051255523,1.4787151896081192,0.971317469067452,-0.05529811484942776,0.5483153577953525,1.1681823944338687,-0.5148908371074685,0.056696600138015946,-0.8873035647428378,-0.5490555345041762,-0.8500784156935652,-0.07755523688982623,0.9010992483945703,-0.7232472124850402,-1.425219931621244,-1.009315665007275,-1.3325924080948535,-0.6553661490154093,0.9365042029771695,-0.3152641482540432,-1.0504878423699697,0.43727262667402556,-0.9161892357601018,-0.37093246677443353,1.1022181377065416,-0.3234942556691306,1.0345690406807557,-0.8193600409080257,-0.015416315838090056,0.03764092409086209,0.34433265116146583,-0.4950704252319252,-0.30433911135321484,-1.3547785565959631,-0.4865839444450857,-0.06968326459729719,0.5541245712420919,-1.0612754694395754,-0.33938089137711147,-0.2576844642659668,-0.2983135724851921,-0.7667830056348022,0.603788259922887,-0.0981748222654431,-0.5729217030467423,1.1147054614199248,1.1854475604708705,0.4527671435849796,-0.6632726050877416,-1.275138938649755,0.686422616116976
2024-01-31,-1.9540155077318138,0.9511165797278294,0.8355835420936484,1.623978383336119,-1.008813739501398,-0.10748764330632812,-0.6734133386365286,-0.9591079235437613,-0.12341927038678059,-0.6321607719590017,-0.9967929846045032,1.5126866045191054,0.386930732111913,2.6495014099819594,-0.6556881203123514,0.10826391542220987,0.4526209382892159,-1.3235750155267252,-0.9486022766995703,1.2119031264744045,-0.7011719969663609,0.025774053561087903,3.4677986758289046,1.128492052290539,1.1468229281526368,0.27269002863397857,0.46324424959128624,0.26098245669419023,-0.33604301550785143,0.059480592188260135,-0.3834262633918052,-0.6058320680737312,-1.041145593812386,-0.012320879996132902,1.0068975217193614,-0.5574855232697612,-1.7970041518676654,-1.0201434270808993,-1.3700842524503622,-0.33853260040772337,0.9446232368872658,-0.45908527167267754,-1.1186894210197265,0.4520722823961755,-0.9707912795936924,-0.39915849726676134,1.3814781137485843,0.5171947513581125,1.0145828524210523,-0.6774188872851746,-0.0820900742675498,0.26367248421021366,-0.093356504167823,-0.6483626734060924,-0.25223899721099535,-1.3994490739995145,-0.1621967539529654,0.09054728534647978,0.6446294107288525,-1.016099311845399,0.2573127329764491,-0.2067993009282071,-0.2727067346344778,-0.3022575735123757,0.7968631929153214,0.12871782371076862,-0.11231319344794008,1.2218914167382204,0.6456237397355441,0.5866772272285619,-0.6207667574974041,-1.0725182784417853,0.9019106081657486
2024-02-29,-1.8519783700046544,0.9109148598522696,0.6763411129349577,0.5907600898097601,-0.921319514303295,-0.29317541661797947,-0.7139349736136936,-1.0854774915017544,0.1057941570920968,-0.8303940848464375,-1.0356284461295928,2.09538346508669,0.5751652794902735,2.1389789256603717,-0.5507718820210554,0.4101290633585557,0.45259071402648665,-1.390194031212638,-0.5347961385814984,0.8044594307948163,-0.6333954519345251,0.6203024530068573,3.1294046122387558,1.4954546306001337,0.435661944072974,1.0208237108607454,0.04623696146054246,0.402045003310639,-0.5574792405553874,0.072268557326984,-0.41200187927562665,-0.8567084805993668,-1.2297413902943282,0.0597117618084044,0.7309636126688807,-0.7118395853680792,-1.493091440059284,-1.0718733262554265,-1.4426833099162995,0.49537145647663255,0.857843148470584,-0.6594211604694828,-1.3642943575590991,0.29974258169629203,-0.9355110178653827,-0.8784115723040334,1.7513190844087196,0.5760812886890616,0.8980631204469399,-0.671556116053514,0.011798941870052315,0.14810839050816604,-0.38285773400367673,-0.9022284615244838,-0.443998776372188,-1.3405121243153908,0.39888185688245764,-0.07063403967163262,0.39792143443522177,-0.9178776611623949,0.9432295512407367,0.9703045925424433,-0.3725317527562144,-0.4940832776636337,0.6199299790091402,-0.03638687362752651,-0.264022031378061,1.2050127138478124,0.6002654898747637,1.142546199218634,-0.8223116005131055,-0.5657809103222875,0.6490937455741833
2024-03-31,-1.827140949033146,0.5594941448896279,1.1158506790121856,0.5160111907554196,1.6286226019719034,-0.22364502630426192,-0.6434772232876593,-1.054654121973075,0.19581429940681735,-0.7639369340758457,-1.439321338000256,1.926893900753016,0.49350499821389726,1.9321545863554106,-0.8439523949502463,0.2105733833741034,0.48208762145959644,-1.5072233984146175,-0.4341280615053577,0.3744837591637673,-0.7225589434432085,0.5864942382664905,2.336628297520245,0.8342256855757171,0.3799778686709717,2.082793736760716,0.9704069558440112,0.2703096490566468,-0.6356720550933205,-0.16721733952437198,-0.4401812597362317,-0.9474711844646819,-1.181893472703647,0.22404495704158442,0.8607282545353501,-0.7710625106808746,-1.688314867477636,-1.12052552855021,-1.2927010704529618,-0.23503869155424786,0.6626609545496818,-0.8494460314407861,-1.1456099276753895,0.8070793219655517,-1.062781362677613,-1.0371191010908523,0.6581259492204805,0.09333188373223844,0.5683074518387141,-0.9224916109069349,-0.09108425907082048,0.31817388358771087,-0.6454536893018377,-1.0349305758999652,-0.7854537192342201,-1.1523602184882935,0.533763124722807,-0.03621368975990575,0.7411570682285361,-1.0698435988148514,0.2615419778025568,1.384741984075136,-0.4275834953178274,-0.3180436993390877,1.0968310797598286,-0.016534305269474758,-0.33594856839664206,1.771158913787866,0.8754383474509642,1.0388812458637182,-0.6662058819744056,-0.39671644476250956,1.1416425554340022
2024-04-30,-1.8870487473728272,0.6924766792674083,1.558515876112821,-0.03146261937301458,2.4855290904354383,-0.07947254568367837,-0.43857440718171015,-1.046749723108701,-0.3749533339632141,-0.600855974786588,-1.145691570638349,1.8470442066271957,0.9985971144853907,2.3832938793159615,-0.5910480805981959,0.23965535988556608,1.053263007768996,-1.5984349952925054,-0.27787370534522376,0.09263487646627123,-0.9611020721266725,0.4409059321878731,1.731904090490039,0.8691892319139566,0.18730274574805833,1.7925439629413842,0.35268342026371025,-0.07255409903042453,-0.5867166857132785,-0.4745409487577626,-0.7599158692506891,-0.9183026884749238,-1.241347583534807,-0.029816401133302486,0.9028923969497284,-0.7051183880424379,-1.7955897794862241,-0.9247251839015636,-1.5062344229470372,-0.4305269931153026,1.0489950048678796,-0.8528396171412176,-1.1103077228226428,0.8768244782437963,-0.8840693594936975,-0.8243341398798969,0.32770764329719326,0.33711552485302515,0.6574280116475973,-0.9834774669198743,0.23343002756015013,0.21844623413314138,-0.7381965901713686,-0.9709584452065736,-0.5425025969807404,-1.094390561127976,0.7446212841541833,0.04995425175117263,0.4389916686946043,-0.7311596534123956,-0.10305147580576948,1.1200194699826451,-0.578033480235915,-0.4647783618610126,0.9141922954105522,0.06184415584140482,0.12309133826875258,0.8845134767417762,1.1312400886984013,0.9108108052482954,-0.17682953110639538,-0.5416106829976468,1.3675388737672023
2024-05-31,-1.8537864655575922,0.9671935839223013,1.798128014043539,-0.3700442278202316,1.2338828182063013,-0.13743177027879555,-0.38777459184915397,-0.8178616737239928,-0.43991928596808605,-0.14616789290145632,-1.1765356408213201,1.2259834322364789,2.718768745322291,2.887671600034657,-0.48710040536538846,-0.003582397019452831,0.7010945588886258,-1.5213676237715748,0.6923285494532423,0.8149713498897113,-1.0797330577557664,0.10479462754305081,0.11369910992843729,0.8983035711600116,-0.24009811944574808,1.9553483150954816,0.24683495919877185,-0.3029932824763521,-0.6227690623885623,-0.39365642633339465,-1.0120030718383037,-0.627366796618259,-1.005198974036362,-0.20161264670162893,1.7957728958017785,-0.6056063024823457,-1.7690919723693914,-0.8656729151118543,-1.2542235138423439,-0.5994986767151167,1.410134482960443,-0.7726920345755722,-1.2630682858824267,0.8199279252371493,-1.0346282517755756,-0.715580841992524,0.47955428173070586,0.07398651896464073,1.0461942706671823,-1.0141277162813938,-0.01816465973821149,0.36831564547117174,-0.9240256955616231,-0.9967259598268735,-0.4807643214122799,-0.8383284336221376,0.7577613300258998,0.5837066685820615,-0.009212451423896373,-0.7433432399752722,-0.4995603133631847,0.025565861613282916,-0.4177468762233803,-0.3165529991560217,0.600587198571261,0.2791183394210163,0.4582461924757597,0.7346159469632122,0.5800325354890212,1.1886450842016942,-0.002081014047619567,-0.612798394675083,1.0193298696263722
2024-06-30,-1.6916613047872309,1.4481221685385814,1.1092020984981628,-0.36979603869459254,1.2179348872442217,-0.09081745585927638,-0.21055117426456177,-0.6773323399565221,-0.60541766464017,-0.3683605022916009,-1.1274993639789606,0.38204145931887734,3.4093505205697765,2.967263691480258,-0.632960118791692,-0.07015655401828372,0.22526674647098233,-1.3695811024549913,1.4432712192453323,0.8888623824955233,-1.0199490215368314,-0.18549816978650177,-0.3907368187110344,0.9273678222663262,-0.2949035995936923,2.0432263156625057,-0.19744445002097422,-0.1360717603322946,-0.29148277353679447,-0.5081487688816285,-0.7075920191032465,-0.5880725473869389,-0.7312011450372506,-0.26863395362152165,1.4852602159510417,-0.42113178631676484,-1.5833389818271248,-0.6296166194234466,-1.2266251298334008,-0.5980335886470465,0.9098764377521833,-0.7258698526396282,-1.1825992774708758,0.3379368537954251,-0.8984771909367866,-0.582585901880825,0.5504041731060374,0.5205239551322906,0.9926670072606033,-0.779862321213649,0.08178213000486956,0.1815602468690543,-0.9385498120627597,-0.8484334202093888,-0.6231606700739332,-0.5834598205237055,0.7240738426064353,0.5099834839988007,-0.1337470523495511,-0.7523891362167467,-0.737658043553077,-0.1716984192331389,-0.2128779904618579,-0.19305604171211227,0.8211317933807026,0.36423091789339923,0.31202566124693276,0.3536344747374664,0.20569979766437735,1.8915298224471513,0.00436114446331847,-0.7375822818812916,0.7860307156530778
2024-07-31,-1.7706467739442915,1.8323900542863845,1.0059295695889692,-0.2416694076537795,0.5504846792555613,-0.504807478033874,-0.2882609097112273,-0.8179786577882726,-0.746559616684739,0.0365826040846429,-1.2840225638580116,0.300409810663923,2.9229477207892534,2.582591872950527,-0.7006356389052841,0.0555994121408128,0.11037307055314566,-1.4536124387306995,1.5818559409881905,1.5831123905058884,-0.8397454732960439,-0.23514731720662652,-0.4807068031017732,1.2434215741375336,-0.20968414169857177,1.2189970856108445,-0.5015181687565724,0.0005835500161316398,-0.33523696476971937,-0.328716759808262,-0.33792156491337527,-0.2725704847476803,-0.6005383797474977,-0.523868384287615,1.9379611457348154,-0.5480431482909698,-1.6001570221597843,-0.7225605256393401,-0.9587621666454459,-0.49116356166816044,1.0744131003747577,-0.9649110760478526,-1.3967424881545938,0.22904432977397288,-0.8318709712657988,-0.6248855330840435,0.5224355258388208,0.426827490363206,0.6695187835005774,-0.5979649844126166,0.005372432251289416,0.33098694877587137,-0.4970046431578654,-0.9954174043607675,-0.7225431003947507,-0.09184964268330972,0.8967279804939593,0.6194220234462482,-0.24387038860618093,-0.563894078878638,-0.7642515146309419,-0.04475393874713926,-0.5928278702728794,-0.21402766887531763,0.7812953194941452,0.5901849692579304,0.8401767787913823,-0.33888884277842374,0.20258144912167303,2.382683762135856,-0.10229306002725425,-0.8716978550198683,0.719318038519546
2024-08-31,-2.2686098815402107,1.4141622908558333,1.3513224708324572,0.011885878277153011,1.4145895226110083,-0.6178665220184607,-0.12032309247188674,-0.7253353252281904,-0.8108009802668865,0.16632014415883303,-1.0994722983354788,0.10722246409709538,2.210639816841364,1.0496330109614067,-0.7651531359407233,0.28316988008654803,0.10836345004576532,-1.3678325244649643,2.1993404071729303,1.3960626850827174,-0.9429580872042771,-0.32062793349644525,-0.9972702400281446,-2.29396373045451,0.1927152158302325,1.4586558076378544,-0.35742272660260094,0.762632728438748,-0.230808989665883,-0.3616497091829844,0.07707475502696141,0.30513620096604677,-0.5986252803083053,-0.18248601952046883,1.9496342890092064,-0.4788006638057358,-1.4970020136860236,-0.5055019338560242,-1.2605843391044451,-0.4109838148744039,0.701443277440791,-0.8694236124098538,-1.2868908746010337,0.1889504188693541,-0.9168814159173713,-0.8615881345684795,0.5119900025135733,0.9270201898090783,0.07241325665230647,-0.48078360955791966,0.37574168897497895,0.3842928008986063,-0.5552027305884489,-0.8749995094687616,-0.6444571783727039,0.7288046255746834,1.2371270714217668,0.8207018986098847,0.16202371030246296,-0.45040283311864837,-0.7066016492583614,-0.3355041126116015,-0.5240629686091004,-0.6790513975632476,1.1378470644251224,0.6169227682905771,0.9518420669652294,-0.3800341960936812,0.38297191599458374,1.6479179308546614,0.009910483532263252,-0.8010879089506092,1.26456918468479
2024-09-30,-2.3540177978339862,1.034624637981895,1.393143682296401,-0.20252666095093616,1.0973227302572688,-0.8795492834702112,-0.24185937559708903,-0.6508432790246093,-0.7692689004606434,0.3223329178536175,-1.1841892555163755,0.49145286058149895,2.275042216395033,0.726006273948199,-0.71299130926969,0.3444924825041339,-0.10314930311577086,-1.6080104059245834,2.161982213125352,1.0037198416543305,-1.3132728308184198,-0.41895659311234434,-0.4860967693810793,-2.3643002448220933,-0.10545246542324324,1.3501324646129935,-0.35101644531690157,0.5183633479957579,-0.17278243571581453,-0.45672685823943715,0.33268398296790375,0.09756007826334662,-0.3209503280292897,-0.2068074735531013,2.3223972176331067,-0.37451061410360464,-1.2043484219965035,-0.4089562432189062,-1.105460742530325,-0.5897517300820255,0.7112780311905991,-0.7758162672334336,-1.1023174144067194,0.25733811903628145,-1.0114196622844691,-0.6214731794465813,0.28214219184754563,1.2715911936222195,-0.034761674274851995,-0.39216314423685156,0.6749188301051334,0.8096181036408217,-0.045149983196061116,-0.8762715345036513,-0.8803382533695236,1.069592659190333,1.2905658827560003,0.8859806310406488,0.086176208578915,-0.5448421847625701,-0.7424007779415557,-0.0966763471403393,-0.7937309822358393,-0.7427619279380422,0.9967326994520749,0.5673696891161171,1.3434239550813127,-0.3844385054797557,0.17284206320028422,0.7734929398208584,0.6059312108037891,-0.7033016319675548,1.0634078813710113
2024-10-31,-2.366547413888978,1.112437413711946,0.9138622823399427,-0.07729262167618883,1.345090783133274,-0.5348843724838991,-0.28571865568276394,-0.7838474454415203,-0.7517394174725689,-0.07156681546288647,-0.9862336850365696,0.5776846854201765,1.6610698320398383,0.9898338726354671,-0.7567429538846168,0.4842686603087894,0.12666131509565381,-1.4839156501180581,2.451249132749899,0.8931920602464689,-1.3725568197213323,-0.5032694320772033,-0.49774913170268775,-2.398900963920691,0.06859406917168531,1.1961214076160764,-0.32468772245633615,0.5646381847786301,-0.5079997858338695,-0.6167318557099875,0.15283133739055144,0.4618386976909241,-0.3791800481146414,0.06311944131231204,1.9905006341835356,-0.5079105744425731,-1.1346395515744765,-0.5309439665923424,-1.0103708637756073,-0.7245631451826782,0.4575848492692568,-0.7305017191312548,-0.967124071446835,0.08720586480567961,-0.9618882390385735,-0.616451563060131,0.14180518781506865,1.4356313432985253,-0.23498459059004267,-0.7916997328640596,0.8504042275057686,0.5048038123251344,0.10169757704203325,-0.9125854617631324,-0.9612059101001582,1.3587934481626098,1.2000306997669252,0.7147514627250171,0.14569052683604336,0.940838695171214,-0.8793692146290237,0.004002431979000236,-0.8650197693379833,-0.5926224766909314,0.8366622952270586,1.0409182081586552,1.6066970510312348,-0.08681671512679955,0.15769541648059668,0.8587227533686599,0.17542923773787283,-0.8807751111294284,0.41667856862931196
2024-11-30,-2.5037369631551356,0.8402796502496531,1.156660450903828,-0.0025817386879168625,1.0526241329252988,-0.31334363777168894,0.025776022239432914,-0.748537870168118,-0.6689819047044908,0.29002598317684314,-1.078051785836049,-0.081361045728358,1.994701561067849,0.8893896801482133,-0.6707471427077816,0.47885102544526187,0.4207431685208254,-1.5336600523460027,1.8399718499974191,0.5264455354523417,-1.326369849699749,-0.3023587832481909,-0.6842318912844894,-2.5180469419296196,0.3511178787782778,1.7963094690397472,-0.46467888239268196,0.45042243197868426,-0.4505471149709046,-0.44099556694095765,0.524362911301715,0.3975995077502285,-0.4213167415426484,-0.19701967651170282,1.8737240671990791,-0.7320449505019837,-0.982711294154103,-0.38481621082748496,-1.155489035771356,-0.7955820020626508,0.7028674957807748,-0.5151149450574337,-1.086335402825712,0.36629072381522315,-1.1110488200903146,-0.5170167846035499,0.4019808252833133,1.5186319762545284,-0.17048048352628964,-1.023948931068848,0.3954362301015799,0.3833356113692459,0.52727637845503,-1.0101998332510886,-0.8922963537537044,1.666179316491856,1.6570017718951884,0.4398153078155347,-0.09209343210484913,0.8737178556484699,-0.7786087146531211,-0.31151025223189416,-0.8956943673861619,-0.5510976161392592,1.312001934532622,0.8869513865904912,0.8336799119832216,0.07596339987238636,-0.08230187768741923,0.0479498423270798,0.5694351516334093,-0.7619132003159484,0.6893516516150058
2024-12-31,-2.625835698041934,0.1684291988973819,1.0310044061015575,0.11578312227572288,1.8317824800648421,0.008970124253803297,0.46528840132805055,-0.5214790405482905,-0.8253402027024273,0.2904331787801115,-0.8616501870769371,0.07245020574689018,2.2009029616792457,1.1739551626114617,-0.7784757817614827,0.5367392232551254,0.21320986115202106,-1.5635902544476612,1.744345330461663,0.7565711365934564,-1.3610993564597704,-0.5436879726100541,-0.8521599905545342,-2.641818740400892,0.8338642794549632,1.139471420472773,-0.8805385937168397,0.4256631743427599,-0.34098964447327723,-0.5098241843758694,0.6888465471305459,0.010588347895964318,-0.7093548567711497,-0.30475804231918935,1.6352821162090838,-0.4978531739098514,0.14755804167120895,-0.4525868679711482,-0.691744891965462,-0.4067261225969434,0.35020662600648195,-0.524220323934819,-1.1566640154579568,-0.17347951680003654,-1.1873119811066235,-0.6604759379836789,0.7228293356965492,1.187268420005692,-0.24239617877473904,-1.0440330018152133,0.23592983887544694,0.3890342804083468,0.18603406904683367,-1.0455334334886779,-0.6028628591950644,1.4932249658366297,1.5424333032896773,0.44383690670567055,-0.21002376255942282,0.5322060319369405,-0.08645691192920152,-0.22338040304655415,-0.8545498862236882,-0.06837007069711834,1.5418535204153345,0.6692891029501798,0.38809582716313573,-0.23557863523555983,-0.2887830540339116,0.07661391540217899,0.5167618701520533,-0.35847999116938867,0.5653568318855816
2025-01-31,-1.86819611357119,-0.22265420224976884,1.0432603677476113,0.45750975066171085,1.9424280927827193,0.052128486763808005,0.40607804746475973,-0.45138009127328493,-0.9857502660096988,0.7030057833794847,-0.9979507385838606,-0.25932104698583,1.973326802886201,1.183944281194868,-0.9550742459368182,1.2699808436026383,-0.10282940958749115,-1.2735004361891833,1.575539890847955,0.6866169236952463,-1.4092341177157763,-0.7206170504155964,-0.9959960234839323,-2.196872782719179,1.2963157580841425,1.1526300736982389,-0.8869641997506283,1.0290369667792865,-0.5463144134074305,-0.5969755864630135,0.6696892638946379,0.047665722012663274,-0.7737736117057818,-0.37423495403881896,1.7336324679071713,-0.7676870984011404,0.30151594954700656,0.3079489627185833,-0.7732895670419202,-0.511295170895028,0.4991466635397944,-0.42515814388369255,-1.130067584758483,-0.31741778240541285,-1.1927858161669758,-0.6153756111617723,0.7971177896802148,0.8407632545595538,-0.6726429036723081,-1.115832311205745,0.510135660740147,0.4116115010240422,-0.09820131568156276,-1.1411568918669652,-0.9327349591660599,1.2085628370759325,1.3045075846324905,0.851347307893687,0.05008415056378071,0.16317226763045584,-1.0097180112620827,-0.3451604054715689,-0.685072242510903,-0.07882149782311462,1.1591995299614843,0.8788976073538035,0.6360221177713742,-0.48998515245365903,-0.24205357721724924,0.13438913853939505,1.188212607161564,-0.8547349286672308,0.5514058080037059
2025-02-28,-1.972283876688383,0.09550388045421891,1.3980408256505756,0.19204572293932823,1.4566761403377682,-0.24538882355399733,0.886035283581582,-0.6221271538469846,-1.1739791455251258,0.7898847281240726,-0.9352519764980325,-0.14940816087752218,2.03264995609642,1.4297576957200036,-0.8920845903843322,1.4618678791418156,-0.1669658381214526,-1.314394833540462,0.8555437150493546,0.6281013664837443,-1.3310776694636182,-0.9304018304217431,-1.0951279069553208,-2.221107524424478,0.7845531156511358,1.024967120352553,-0.833175319206476,1.5405617831659582,-0.4305434478703115,-0.5473354690696368,0.5871812096667492,0.28946031567613695,-0.6088254500283367,-0.42770820117002717,2.1289458001409933,-0.6993778272851348,0.14612999402201415,0.3099483499225685,-0.5125431311547439,-0.4447186216493612,0.8942709906000653,-0.475984563343947,-1.0348646695046173,-0.4077282504897487,-1.2459147662673717,-0.33890324863951815,0.6291384193297677,0.9609532318946856,-0.6071549934240702,-1.1236460757759166,0.6415888403037668,0.43786787845866404,-0.005847552513673436,-1.0939843498537118,-0.7755097325652892,1.2863019065471821,0.7424153796119628,0.9161176254381336,0.16521452973062364,0.5906800065845644,-1.2853602527943138,-0.8028657572360225,-0.8303266061497023,-0.264941578824719,0.9901066255227836,0.7931792396530133,0.7839526227681854,-0.41159114540443875,-0.33128586179652353,-0.03944037726000055,1.267638487179277,-1.0926427192959878,0.584538633075389
2025-03-31,-1.9391555142155203,-0.06461169543059492,0.1548992778323778,0.13569793890620488,-0.47776563484430223,-0.21773038743842657,0.3308444122023225,-0.565551429095057,-0.6574943424524238,0.3112042827904581,-0.8531587591560337,-0.1163475920275297,1.6592760082105549,0.8494433978138239,-0.6441101039008169,2.5493549835934246,0.17875428760998857,-1.1304722465241732,0.4205087552754116,0.2958091966420653,-1.3081179243132184,-0.7107837431255888,-0.9822087634838388,-2.1041049980807993,1.3195822861699764,2.04899929074504,-0.4184060702434982,0.8350668326833111,0.0713494778674283,-0.529362684918693,0.28115450026924876,1.3047930990074397,-0.5301114504677407,-0.14960877260695565,1.3968831078543757,-0.8645232450923419,0.3455027575846391,0.6020724462107381,-0.772487193808973,-0.6972197723323665,0.06657020588199139,-0.44318591515116396,-1.1491855360251981,-0.4764097459791645,-1.3300906349364192,-0.04994695818085951,0.3143852877717587,0.4765810769223448,0.001629533452031387,-0.8765863212628515,0.8615406469367741,-0.13729249901990914,0.138596037407416,-0.8635080156163032,-0.19682545997631876,1.4004189251104573,0.4359920940186165,0.5910232783325661,0.014807037291755726,3.183577349912847,-0.9844646341729624,-1.0399972840674145,-1.047420979041544,0.562765481161603,1.1184156699936378,0.2495467650297564,0.8272841563821787,-0.09851535656100052,-0.18740940149132296,0.14589700937581607,0.7899505696663125,-1.322380615798565,-0.3336257830768088
2025-04-30,-1.7859513541961438,-0.08932821540358755,-0.02889726224848735,-0.023770360514725725,-0.8419506733723274,-0.3614423493593547,-0.05359925571797358,-0.6631017052670125,-0.41674544513481915,0.49120182641932375,-0.8811104553580533,0.2671042307032338,1.155627709424103,0.5804315671509063,-0.8954741742954135,3.3129050326191214,-0.3771636338365165,-0.5366020406646683,0.3681106897792194,0.49110903045319754,-1.0711388402340196,-0.48220618918868763,-0.7424676364454926,-2.024785663881094,1.282612972458549,1.7563857165881895,-0.5122074855325802,0.5790622227191825,0.19735741394455025,-0.2828086983566016,0.31078441944304297,1.6768460315839215,-0.25675717601256937,-0.28398549788184657,0.8986444008447694,-0.9059572565549237,0.964716463168897,0.4774610114596013,-0.06523692031460473,-0.577879475035447,-0.3280758808298959,-0.5057803847734172,-0.8890862582894926,-0.6306867041991071,-1.240015532680419,-0.46570233779093634,0.45601590345849474,0.4799971624440582,-0.5126736875865725,-0.7538365151669661,0.3466604857406716,-0.22444768974342233,0.3869720556359918,-0.9072923140809407,0.17761989224496877,1.5622107073245823,0.33281047250076196,0.4630528826636081,-0.034376376125960964,3.4012200671165003,-0.9529934541528555,-1.0491319208636505,-0.48403132186964726,0.41524137618679646,1.3890716562306495,0.23243715870844256,0.9433408004642706,-0.39151278279514246,-0.31417474736294076,0.004712858096285452,0.19516248856420743,-1.3678659432421207,-0.3846350897796631
2025-05-31,-1.8907006844827206,-0.44692775752203906,0.07283726169038279,0.3417776226403575,-0.251113051720736,-0.40170355266511826,-0.0027729024678774736,-0.731623561518576,-0.681089523246789,0.7042826257805201,-0.8291313997793159,0.3803833193120107,0.3580492442756451,0.4138002351884258,-1.0489995982838936,2.95815212156265,-0.2661134601532949,-0.12768140392457294,-0.5513856557261516,0.46619754865433544,-1.07339739033664,-0.7587339213572178,-0.7310765728909216,-2.176851928315361,1.6334666556365876,0.3646698311518785,-0.5068285900395646,1.698955529260834,0.16307996980503695,0.006265610758328113,1.3132639307139042,1.34939103753746,-0.2199188086449462,-0.444350458381448,0.7233817459762177,-0.8817098470694946,0.6226655874653616,0.3617229155465115,0.5020454493498796,-0.5315230232695713,-0.3146098128469153,-0.5140192771880585,-0.7826531583619205,-0.5664233752712367,-1.1670195628052975,-0.6510861356361848,0.47418895167131975,1.002145141200087,-0.5341525042823397,-0.6750127028635253,0.7966587615898642,-0.10884176466036194,0.8706471383884098,-0.9129142027976109,-0.19716983604271632,1.7891068321423425,0.17022019201859523,0.4555107496546921,0.023165533751263685,2.7277338588861393,-1.1832568287558454,-0.5727475505945218,-0.8112248746603814,0.1610491745253711,1.4717014250051546,0.2956810216913518,1.0428811942558884,-0.6025213902280492,-0.15736369537358924,-0.13577392271553645,0.3967987252591566,-1.6424345751003697,-0.02901868036525701
2025-06-30,-1.6112604693099533,-0.6253860841579467,0.7297401956008782,-0.2396698242488915,-0.2900637035660086,-0.47878527510430635,-0.28627464134279285,-0.7709030325682433,-0.6613809291790754,1.2091443832847686,-0.7502255850934814,0.42609817160868346,-0.15180943152214826,0.3524684928269625,-0.8329023471541221,2.697709096499671,-0.4230001188453679,-0.35314854665743767,-0.9975847988441066,0.15955348157128615,-0.976394623686694,-0.8515882904447483,-0.8174386261367915,-2.06046737242686,1.1497221057273426,-0.34938830383868413,-0.5301682879673698,1.2839856564599081,-0.12202464553295339,-0.3366897346164033,1.8488909278416124,1.3476282533420179,-0.21568448068870794,-0.39019850646164234,1.1623204345214642,-1.0897832066676942,0.3661242441567188,0.745044731676068,0.8130496977035914,-0.6264056458887071,0.05097649817747604,-0.23010936735709117,-0.7164362789445478,-0.4966059108908587,-1.2171406985373459,-0.6683109933693561,0.15601404638360877,0.6466840022775026,-0.628001642786429,-0.7493360346465641,0.4900807025972136,0.07839174981392445,1.7691732933261353,-0.8547902125341302,0.888143010084099,2.1548503284791787,0.3849143681285463,0.2568215053990647,-0.09729861634389728,2.0096076122168314,-0.9536034746468284,-0.4337457607459438,-0.8000126671860801,0.5815533710940155,1.3504811218599224,0.3501440579756006,0.8199882274327915,-0.6082258036301054,0.01411365297693213,-0.34574844844792696,0.6145882318075266,-1.5635170805321983,0.29350384969910703
2025-07-31,-1.9177547761528042,-0.9669952268835229,0.5005647761726885,-0.3314032887926174,-0.07828156336577205,-0.029941368374636658,-0.35653868470366235,-0.5388634251610255,-0.5925825572320496,1.2418377280597035,-0.4827209030290615,0.7232900011080581,-0.06503481397022742,0.37286473339946236,-1.0233198326057806,2.852098583787402,0.03757712164162115,0.5335136004816338,-0.7690450825357584,-0.060147207791664464,-1.1958871845211578,-0.9381796879600803,-0.7699897643044988,-2.292485051911962,1.1520457983015304,-0.2912399072188498,-0.5465512688393945,1.6065810275707433,-0.2986211432805885,-0.304254398312933,1.7845998392375144,1.1546542520234337,-0.46680549636991936,-0.32253594345303827,0.9896863250530524,-0.7587333747687947,0.24776029586722953,1.3037204734270273,0.809565816548164,-0.5595439703840823,0.17101801315242032,-0.277854603161786,-0.6803386135848866,-0.33240664048098056,-1.3807527359762175,-0.5480300810870362,0.09175509471879281,1.1679738580941774,-0.0724457973077956,-1.1244989769628138,0.23199925705860142,-0.016640952749491775,1.6285801113537097,-1.009169946625486,0.44355580462248523,1.5851294627043258,-0.08354927058559543,-0.13689199780434363,-0.20761377111688092,1.6713963013621465,-1.0784355425823213,-0.38123183325470567,-0.518615336957953,0.5300677541757892,1.5904000367950717,0.3387785704048064,0.24460674289948361,-0.6588387597083927,0.3899519297764884,-0.53471198966815,0.8799613291395085,-1.6691131039969598,0.3930612365986111
2025-08-31,-1.9640189795691059,-0.788639978535678,0.3635415690769947,-0.7965567391684389,-0.59474448481372,-0.25973123742829834,-0.10039454746573004,-0.7577267489212065,-0.914265869257359,0.8500160194871986,-0.8319213058953895,1.9939126551493915,-0.15887760417067193,0.16306015513175612,-0.8890560052320601,2.923942579970748,0.07781609331585351,0.38927105920817806,-1.2087649642893659,-0.1300646756011736,-1.284596845977243,-0.9320601801488639,0.13718016943042946,-1.9392751663587258,0.4714534493977419,-0.4644186752188947,-0.733758088898113,2.0806221384660724,0.1550242576106693,0.3964399233164296,1.6725343950755494,0.9859685848012901,-0.16701982433713036,-0.045714653627701204,0.9056644113501819,-0.9499466689169935,0.44968414011467794,1.0150561178448902,1.2316102479001008,-0.3885989246053053,0.1449239256483893,-0.15735093472780926,-0.43019675081093744,-0.3356882060482586,-1.171925231615312,-0.21775659341123849,-0.29275530013728035,0.6308529106839322,0.12576356958980775,-0.9755084492996788,-0.10147420769786433,-0.14140357362780728,0.7411312262353389,-0.9367599027580542,1.4775117180211312,1.6316443148834965,-0.20313581761049254,-0.24854244742348552,-0.060297221044408836,1.439763760169879,-0.7295861023869378,-0.24363991351725883,-0.35810040566828694,0.7765900465893771,1.2467915604457895,0.40256554236779934,0.12991089546044615,-0.7233109505884159,0.1358814598837232,-0.5608503447624329,0.7514506129081557,-1.7011851731961516,-0.007959814766148932
2025-09-30,-1.761063134775084,-0.9765986178522243,0.152819448217951,-0.545919565436106,-0.4872615815753507,-0.3717813008092928,0.19726587140543317,-0.6821002097392668,-0.8626470703631108,0.7924048091555078,-0.042234223783569724,0.3671069165653077,0.005528574054680213,0.13814989203971362,-0.8983356628404968,3.5327324179503488,0.5521639430643392,0.3282558891726414,-1.3406403062797567,0.2814678837592427,-1.014015867857474,-0.7614178788613797,-0.5830730907080223,-1.824714831372104,0.6047250769135133,-0.5378303038212142,-0.6782308455426309,2.5299227920182283,0.05719408897676076,1.8762930518112908,1.5917776903059382,1.1836586117408001,-0.17956092222564346,-0.16090072612187997,0.7948482396545199,-1.0968556170712018,0.17873500932363356,0.9829828942735659,1.2387948629020717,-0.0927285619949246,0.022325006678954595,-0.37012263718665817,-0.17833620864089852,-0.3377636672918755,-1.1660599794335471,-0.37945698987484894,-0.2685576220716829,0.003051019253818038,0.08687455740646728,-1.0069584360357675,-0.4211973160161332,-0.35310016726326554,0.19314999979078887,-0.9488312472567064,0.8844463042050805,1.2892587766657795,-0.18926957011941875,0.09454615388830907,0.039500641575823045,0.6357590580097834,-0.7781884464487121,-0.5915724387746292,0.16566070691323712,1.0765934891420774,1.542015905613944,0.2598606689917768,-0.03017154701572039,-0.7071347875428715,0.7915997439654647,-0.5428494089797082,0.1499123858238429,-1.7524696840351752,0.29856809178771865
2025-10-31,-1.9259583926478931,-0.8986655737695708,0.20174156113121797,-0.725862510027574,-0.6142750738545734,-0.1704641330766448,0.6228720606073727,0.471488657001747,-0.8822188514452167,0.8934826225909891,-0.43646030047800366,-0.11592415479759538,0.5863201198322934,0.14992082977462146,-1.1334563738554952,3.120179179860048,0.6670703332346515,0.3770488551862422,-1.3742527602225145,0.19651394305972236,-0.9056790992216671,-0.43260477145857795,-0.37047363888697593,-1.6142803789467455,0.4670878143204753,-0.5347194086525345,-0.6553903238381023,1.743991567607412,0.15538681058059034,2.472330423674138,1.8332330024614754,1.3485693128635141,-0.322618435959381,-0.3672585157332126,0.6805260690947001,-0.8849897734689666,0.39733750862992856,1.1453106400588897,0.3205120898014229,0.014122938662631868,-0.20442502703224244,-0.3338099996042575,-0.43081933210499096,-0.322861831175847,-1.389264345515695,-0.4614688859314042,-0.1895531018724197,0.4176659180834742,-0.2964173809756098,-0.9621414313292922,-0.5633958674063353,-0.43149140991734813,0.04367125676436105,-0.941031603313113,1.5432958278386621,1.4810353793295246,0.11866312449045334,0.19485165875683186,-0.27204958320640654,-0.0822959117454199,-0.8870473689097551,-0.7029772265957388,0.3198763909972535,1.0978542231737987,1.5377429441099026,-0.044620528869190046,-0.07112156906788894,-0.9163900295360543,0.9557305861209429,-0.40967728894477184,0.02367126687928646,-1.806393332029116,0.4857006088455643
2025-11-30,-1.5004435262471065,-0.5904341057469882,0.3069706810530285,-0.7340349582271153,-0.14811255921658542,-0.285101451238022,-0.13298304007886536,0.6261397014563609,-0.45723250097129464,0.6655705386863624,-0.7599083692236168,0.19344594510305224,0.3149065001302167,0.08312834846616213,-1.1695931176068073,2.9408612558793426,0.8040415580932778,-0.35127856014329684,-1.425873594726061,0.3413114696531038,-0.9723959300310624,-0.735265372440527,-0.34636484756490216,-1.4386293019371024,0.27298574640049117,-0.5317675108878693,-0.4933609222469672,1.3430220897884082,0.23581430443863388,2.3408927107358455,1.7275435709962073,1.4397983076315795,-0.6189882854285376,-0.32171737698662756,0.765872297388523,-0.8712941226553899,0.20105142292857026,2.6032357428289123,0.15136982110436814,-0.3635515122845824,-0.023775050421866034,-0.4582913957509972,-0.2544968910054627,-0.4304722904115409,-1.441931477835086,-0.648349562602713,0.1884907762156239,0.2842274036669545,-0.307432236233092,-0.7758297674577748,-0.4409966188182891,-0.3546553045589436,-0.46691594727329094,-0.7576515784800466,1.5481737934340618,1.095825037652129,0.18719538917200124,0.06951845509237947,-0.34569478431731177,-0.6314241360647328,-1.043433504572218,-0.6146600879773237,0.0014798333159919685,1.6032873258559595,1.0626547911029163,0.04654236127637151,0.4527826532804005,-1.0281739928708842,1.0670491116995708,-0.00959027408240505,0.5901981591571286,-1.8016007880115432,0.5283195509509141
2025-12-31,-1.4152349283123815,-0.5921736529688408,0.4076258615097562,-0.1902643776084638,-0.40415051966533055,-0.449310716242695,-0.6355424952901837,1.7106378072961894,-0.1854340053008537,0.48972700391703006,-0.6052260513601986,-0.006639201287855265,0.2665724430322723,-0.018842117829260457,-1.2776591368896464,3.391752064544418,0.5198834330120614,-0.4959378830083858,-1.4091656366590413,0.12478323645226354,-0.9732079812003742,-0.4765999154210939,0.40974501268779007,-1.4374593709742918,0.05080803950996274,-0.5416318474503969,-0.26813433410617904,1.483697835119976,0.1031050924291914,1.6068077503268756,1.3101097164164992,1.508847166702094,-0.5713457561778732,-0.1874744817020887,0.7597457693921527,-0.8162750711378042,0.2701006147739511,2.6847666037540665,-0.31123849504444734,-0.33227536491958554,0.05485411651473385,-0.12785623824641992,-0.06243739964069167,-0.30710115260036985,-1.4892224686020517,-0.6429476126129212,-0.04709199652002874,0.33912470496538116,-0.20934846991251946,-0.8931351921320478,-0.5799407231871594,-0.3950826329978941,0.2336492328508209,-0.7504981382879903,1.2455273968042633,1.0381535771393735,0.3724354887964141,-0.01968074282457559,-0.41235286937327,-0.388220016765205,-1.4497617521415984,-0.7650022938966302,0.1329184598978408,1.204462388947928,0.8730307907637709,-0.078575862060849,0.6162617047341622,-0.9891105309801127,0.8412737923544811,-0.20627160167876282,0.7602711332903334,-1.896432701652312,0.5006154987346256
2026-01-31,-1.4675545889489954,-0.21445389135920923,0.85344391444785,-0.34371258578349667,-0.8901882588249337,-0.36935208475783426,-0.549358742336559,0.9179884834677309,-0.3351407053984437,0.3104351666166159,-0.6795082492968634,-0.3498925884497702,0.5673008424311569,0.05449953305653005,-1.1489949020952606,3.356385813747675,0.7948542179289582,-0.47130503492078196,-1.490517404808672,0.2390796642829307,-0.6992509741174532,-0.5867723533283011,0.5300137875917316,-1.234328778490017,-0.28697029514791184,-0.4745652783107672,-0.07344422891469549,0.5520630558711395,0.5315279155901862,2.783688461879911,1.2707322424235459,1.7532712094523557,-0.3661438539588679,-0.008329028800636042,0.5222328778340146,-0.6094499714936191,1.0189775180674765,1.9465533311235723,-0.3771261175146008,-0.44601203389456606,0.023974711536918436,-0.22430547557970112,-0.20733327486181927,-0.06231876683868398,-1.4389906002845292,-0.6395606137792076,-0.012248692743736078,-0.21635344401470955,-0.689787998661711,-0.8462208516023444,-0.8781552086740282,-0.12383849272100969,-0.28670037918387936,-0.5364789651680635,1.6135541469944776,1.0215940236679204,0.31581658076487673,-0.009946586120718942,-0.6175354261487186,-0.36795614654658004,-1.0876611575066635,-0.7367414412596309,0.3986100647605693,0.8696540594206432,0.7882175997484345,-0.290259688553556,0.29494822134375287,-0.8868277660640584,1.3261119373228467,-0.019618147980253783,0.5014159315917546,-1.8649818052880105,0.35924756756829856
2026-02-28,-1.2472570067164799,-0.3359633312178596,0.5767677148321285,0.10358766314863865,-0.7497801188016807,-0.3303019066261449,-0.7945556563746534,0.7177162507455348,-0.3136988074711705,0.30176225706123233,-0.8068099115125489,-0.603372851435034,0.1655167865462632,-0.18721829575249818,-1.0461233158631333,3.363311623699829,0.9046851451348472,0.04189890503560695,-1.3064367327315631,0.314019312203395,-0.8366429871318828,-0.5054974673784179,0.6042647122365757,-1.1281819838897864,-0.09990563189920793,-0.5761902077053044,-0.11670375870637861,0.5783319721393516,0.2495969273230647,2.2684172521141193,0.911733179987634,1.6645695367240114,0.028921118935196305,0.08077996308732008,0.4046434350205157,-0.5176784689936881,1.1743583640887,2.2994198623092066,-0.6485421181576103,-0.7245441458196594,-0.04179562395266129,-0.3148417185237199,-0.16798464289006504,-0.053971287114796665,-1.2963660473032728,-0.3548222201909331,0.05216894985089851,-0.32352476444016487,-0.8313606889269032,-0.8447814694634468,-0.8877929662985702,-0.3059237922860043,-0.06339403675016518,-0.4688089828340558,2.851489134959542,0.32282803700807666,0.049682861488526325,0.032115462439995524,-0.5218362341786418,-0.6230837308308792,-1.0525428261180685,-0.7568977771666829,0.44988722541975423,0.998923024493959,0.8932136757803709,-0.36765096941222153,0.36660300772376614,-1.0636354611542003,0.8686448498507876,-0.1803126646746749,0.9095826589609426,-1.6740109363950602,0.5213026747401057
2026-03-31,-1.0807685204981057,-0.4101447362257108,0.3149533662765057,0.2336667880731356,-0.6976577231237159,-0.27458480491849774,-0.3349784025440096,1.8268996729829625,-0.8367802597245524,0.3677977314989519,-0.6097772229640754,-0.5149422181618432,0.7283622974522351,0.3374977019596994,-1.1528842508456387,3.0900623450610487,1.0439744333862901,0.510811526574033,-1.383765481181158,0.9279734121212848,-0.9163114795673459,-0.670384159188194,0.1365316450334736,-1.0231473582430577,-0.16416318995704537,-0.8039421664986779,-0.6003041388974784,0.0999337597015783,0.2346483770625671,2.488021978545407,0.7341240962923365,1.2659847564151003,-0.11791690543448884,-0.20202381531023803,0.022719048518712592,-0.7555607089931089,1.290156358628459,1.1433016207344475,0.06932057074124012,-0.09632777022590153,-0.25895423295486963,-0.24077277343722395,-0.28557727758826734,0.165419881273059,-1.0170703711565896,-0.3377301968068961,0.298875563323042,-0.3840387353913216,-1.0710494460777396,-0.23588180437230205,-1.093889423768176,-0.23576072008674281,0.06483761173195003,-0.43198997926622795,2.2587921260148462,-0.3190542956469357,0.38286549895291955,0.10682655715139892,-0.46523543493843245,-0.41722973680271896,-1.3016102467884314,-0.5880960828800119,0.7230297426737422,0.3028858949770669,1.1318187502480528,-0.3104175777079764,0.1516651781410009,-1.425071104755729,2.024849678551514,-0.18635225292616608,0.29088115636200795,-1.79776062902301,0.28041850841854155
2026-04-30,-0.8532577789323452,-0.375196907416923,0.274214211633381,0.22485552660109548,-0.6097679952342794,-0.5463041142694149,-0.39251654054847546,1.7322259213441538,-0.8134451634014348,0.10136068579451923,-0.4020362704945661,3.455476786581758,0.3504154828844451,0.23908379258788576,-1.0485474631445044,3.6796153279457977,1.6513834529065057,-0.30840667283536877,-1.3694913953376036,0.633492747405213,-0.8919923125212497,-0.8733056579431084,-0.05249947446948952,-0.8777585156609277,0.009775119260370085,-0.9462456396059233,-0.6555829287052686,0.18116314189386085,0.2024746445094271,0.8231982168027115,0.6433323156597481,0.9937673086959345,0.15538551475634194,-0.4203371326665506,0.03566864999472272,-0.8067829332386367,0.9878803424624292,0.8905590483974077,0.27848123640531974,0.07942615481610052,-0.033061948273233305,-0.3065274270214764,-0.3158461766654908,0.05646275253682784,-0.8000724021394686,0.2821624055563365,0.054239171926207586,-0.6714367328751303,-0.8933038839178735,-0.1456428442156831,-1.1062461247960318,-0.23031875829505613,0.4366053071485323,-0.3176062567951728,1.828830540890484,-0.45432758898640235,-0.2890658719951329,-0.08508331374497258,-0.5600287502116907,0.21691749502410768,-1.1170671924941358,-0.6471426117128356,0.15212000162932404,0.4577709162302983,0.9262536164953823,-0.4738414159668406,-0.19296128840570936,-1.362052418537619,1.6643308477895598,-0.2659611585736767,0.20537422497565894,-1.6701909215585258,0.2769570740663809
2026-05-31,-1.1377250929243636,-0.09064155055704572,-0.1505861382677308,0.3055817323976515,-0.3117774523829479,-0.36030197199693187,-0.354148305232561,1.3351721234413536,-0.5611497978341831,-0.16974833687430582,-0.5598262166526197,4.754710274857423,0.14542884417100682,0.08778957969698213,-0.9634923359773347,3.241773883021424,0.7782512113960367,-0.7846644186751344,-1.1583778846464603,0.5137047639904024,-0.7288023822647908,-0.34484069190638245,-0.16971734466936916,-0.6501141326569918,-0.30522723005719965,-0.675962716390614,-0.522979381713421,0.15298642399766932,0.39025345102944503,0.7765055461642232,0.07444290513758821,0.8726287265857169,0.410471348888668,-0.5528645112359837,-0.19097019518161767,-0.7701748873897954,1.3193283632156125,1.2602194998346428,-0.08641866758352049,0.4639992353454587,-0.2747948720049019,-0.23240275061187438,-0.07292612277760467,-0.137283994855737,-0.13554378834233732,0.45421032533369987,0.14553605533091543,-0.7132393401073585,-0.8647463949829577,-0.30358098525252186,-1.064950080863729,-0.336382919664607,0.2960059567968544,-0.3401234013272516,2.3049576694356526,-0.465984682315109,-0.40050830306176854,-0.35495709467372627,-0.5091810076122576,0.43161687228011225,-0.916521608980718,-0.7791156519364437,0.3701802162896252,0.7073476369959485,0.7142444536317456,-0.5376322682946356,-0.23101203642816764,-1.1143089032978541,0.9862460669386983,-0.3553472955830118,0.018290900428507756,-1.3923196830441515,-0.1785092375430343
