date,cash,value
2013-07-23,1000000.0,1000000.0
2013-07-24,1000000.0,1000000.0
2013-07-25,1000000.0,1000000.0
2013-07-26,1000000.0,1000000.0
2013-07-29,1000000.0,1000000.0
2013-07-30,1000000.0,1000000.0
2013-07-31,1000000.0,1000000.0
2013-08-01,1000000.0,1000000.0
2013-08-02,1000000.0,1000000.0
2013-08-05,1000000.0,1000000.0
2013-08-06,1000000.0,1000000.0
2013-08-07,1000000.0,1000000.0
2013-08-07,1000000.0,1000000.0
2013-08-07,1000000.0,1000000.0
2013-08-12,1000000.0,1000000.0
2013-08-13,1000000.0,1000000.0
2013-08-14,1000000.0,1000000.0
2013-08-15,1000000.0,1000000.0
2013-08-16,1000000.0,1000000.0
2013-08-19,1000000.0,1000000.0
2013-08-20,1000000.0,1000000.0
2013-08-21,1000000.0,1000000.0
2013-08-22,1000000.0,1000000.0
2013-08-23,1000000.0,1000000.0
2013-08-26,1000000.0,1000000.0
2013-08-27,1000000.0,1000000.0
2013-08-28,1000000.0,1000000.0
2013-08-29,1000000.0,1000000.0
2013-08-29,1000000.0,1000000.0
2013-09-02,1000000.0,1000000.0
2013-09-03,1000000.0,1000000.0
2013-09-04,1000000.0,1000000.0
2013-09-05,1000000.0,1000000.0
2013-09-06,1000000.0,1000000.0
2013-09-09,1000000.0,1000000.0
2013-09-10,1000000.0,1000000.0
2013-09-11,1000000.0,1000000.0
2013-09-12,1000000.0,1000000.0
2013-09-13,1000000.0,1000000.0
2013-09-16,1000000.0,1000000.0
2013-09-17,1000000.0,1000000.0
2013-09-18,1000000.0,1000000.0
2013-09-19,1000000.0,1000000.0
2013-09-20,1000000.0,1000000.0
2013-09-23,1000000.0,1000000.0
2013-09-24,1000000.0,1000000.0
2013-09-25,1000000.0,1000000.0
2013-09-26,1000000.0,1000000.0
2013-09-27,1000000.0,1000000.0
2013-09-30,1000000.0,1000000.0
2013-10-01,1000000.0,1000000.0
2013-10-02,1000000.0,1000000.0
2013-10-03,1000000.0,1000000.0
2013-10-04,1000000.0,1000000.0
2013-10-07,1000000.0,1000000.0
2013-10-08,1000000.0,1000000.0
2013-10-09,1000000.0,1000000.0
2013-10-10,1000000.0,1000000.0
2013-10-11,1000000.0,1000000.0
2013-10-14,1000000.0,1000000.0
2013-10-14,1000000.0,1000000.0
2013-10-14,1000000.0,1000000.0
2013-10-14,1000000.0,1000000.0
2013-10-14,1000000.0,1000000.0
2013-10-21,1000000.0,1000000.0
2013-10-22,1000000.0,1000000.0
2013-10-23,1000000.0,1000000.0
2013-10-24,1000000.0,1000000.0
2013-10-25,1000000.0,1000000.0
2013-10-28,1000000.0,1000000.0
2013-10-28,1000000.0,1000000.0
2013-10-30,1000000.0,1000000.0
2013-10-31,1000000.0,1000000.0
2013-11-01,1000000.0,1000000.0
2013-11-04,1000000.0,1000000.0
2013-11-05,1000000.0,1000000.0
2013-11-06,1000000.0,1000000.0
2013-11-07,1000000.0,1000000.0
2013-11-08,1000000.0,1000000.0
2013-11-11,1000000.0,1000000.0
2013-11-12,1000000.0,1000000.0
2013-11-13,1000000.0,1000000.0
2013-11-14,1000000.0,1000000.0
2013-11-15,1000000.0,1000000.0
2013-11-18,1000000.0,1000000.0
2013-11-19,1000000.0,1000000.0
2013-11-20,1000000.0,1000000.0
2013-11-21,1000000.0,1000000.0
2013-11-22,1000000.0,1000000.0
2013-11-25,1000000.0,1000000.0
2013-11-26,1000000.0,1000000.0
2013-11-27,1000000.0,1000000.0
2013-11-28,1000000.0,1000000.0
2013-11-29,1000000.0,1000000.0
2013-12-02,1000000.0,1000000.0
2013-12-03,1000000.0,1000000.0
2013-12-04,1000000.0,1000000.0
2013-12-05,1000000.0,1000000.0
2013-12-06,1000000.0,1000000.0
2013-12-09,1000000.0,1000000.0
2013-12-10,1000000.0,1000000.0
2013-12-11,1000000.0,1000000.0
2013-12-12,1000000.0,1000000.0
2013-12-13,1000000.0,1000000.0
2013-12-16,1000000.0,1000000.0
2013-12-17,1000000.0,1000000.0
2013-12-18,1000000.0,1000000.0
2013-12-19,1000000.0,1000000.0
2013-12-20,1000000.0,1000000.0
2013-12-23,1000000.0,1000000.0
2013-12-24,1000000.0,1000000.0
2013-12-25,1000000.0,1000000.0
2013-12-26,1000000.0,1000000.0
2013-12-27,1000000.0,1000000.0
2013-12-30,1000000.0,1000000.0
2013-12-31,1000000.0,1000000.0
2013-12-31,1000000.0,1000000.0
2014-01-02,1000000.0,1000000.0
2014-01-03,1000000.0,1000000.0
2014-01-06,1000000.0,1000000.0
2014-01-07,1000000.0,1000000.0
2014-01-08,1000000.0,1000000.0
2014-01-09,1000000.0,1000000.0
2014-01-10,1000000.0,1000000.0
2014-01-13,1000000.0,1000000.0
2014-01-14,1000000.0,1000000.0
2014-01-15,1000000.0,1000000.0
2014-01-16,1000000.0,1000000.0
2014-01-17,1000000.0,1000000.0
2014-01-20,1000000.0,1000000.0
2014-01-21,1000000.0,1000000.0
2014-01-22,1000000.0,1000000.0
2014-01-23,1000000.0,1000000.0
2014-01-24,1000000.0,1000000.0
2014-01-27,1000000.0,1000000.0
2014-01-28,1000000.0,1000000.0
2014-01-29,1000000.0,1000000.0
2014-01-30,1000000.0,1000000.0
2014-01-31,1000000.0,1000000.0
2014-02-03,1000000.0,1000000.0
2014-02-04,1000000.0,1000000.0
2014-02-05,1000000.0,1000000.0
2014-02-06,1000000.0,1000000.0
2014-02-07,1000000.0,1000000.0
2014-02-10,1000000.0,1000000.0
2014-02-11,1000000.0,1000000.0
2014-02-12,1000000.0,1000000.0
2014-02-13,1000000.0,1000000.0
2014-02-14,1000000.0,1000000.0
2014-02-17,1000000.0,1000000.0
2014-02-18,1000000.0,1000000.0
2014-02-19,1000000.0,1000000.0
2014-02-20,1000000.0,1000000.0
2014-02-21,1000000.0,1000000.0
2014-02-24,1000000.0,1000000.0
2014-02-25,1000000.0,1000000.0
2014-02-26,1000000.0,1000000.0
2014-02-27,1000000.0,1000000.0
2014-02-28,1000000.0,1000000.0
2014-03-03,1000000.0,1000000.0
2014-03-04,1000000.0,1000000.0
2014-03-05,1000000.0,1000000.0
2014-03-06,1000000.0,1000000.0
2014-03-07,1000000.0,1000000.0
2014-03-10,1000000.0,1000000.0
2014-03-11,1000000.0,1000000.0
2014-03-12,1000000.0,1000000.0
2014-03-13,1000000.0,1000000.0
2014-03-14,1000000.0,1000000.0
2014-03-17,1000000.0,1000000.0
2014-03-18,1000000.0,1000000.0
2014-03-19,1000000.0,1000000.0
2014-03-20,1000000.0,1000000.0
2014-03-21,1000000.0,1000000.0
2014-03-24,1000000.0,1000000.0
2014-03-25,1000000.0,1000000.0
2014-03-26,1000000.0,1000000.0
2014-03-27,1000000.0,1000000.0
2014-03-28,1000000.0,1000000.0
2014-03-31,1000000.0,1000000.0
2014-04-01,1000000.0,1000000.0
2014-04-02,1000000.0,1000000.0
2014-04-03,1000000.0,1000000.0
2014-04-04,1000000.0,1000000.0
2014-04-07,1000000.0,1000000.0
2014-04-08,1000000.0,1000000.0
2014-04-09,1000000.0,1000000.0
2014-04-10,1000000.0,1000000.0
2014-04-11,1000000.0,1000000.0
2014-04-14,1000000.0,1000000.0
2014-04-15,1000000.0,1000000.0
2014-04-16,1000000.0,1000000.0
2014-04-17,1000000.0,1000000.0
2014-04-18,1000000.0,1000000.0
2014-04-21,1000000.0,1000000.0
2014-04-22,1000000.0,1000000.0
2014-04-22,1000000.0,1000000.0
2014-04-24,1000000.0,1000000.0
2014-04-25,1000000.0,1000000.0
2014-04-28,1000000.0,1000000.0
2014-04-29,1000000.0,1000000.0
2014-04-30,1000000.0,1000000.0
2014-04-30,1000000.0,1000000.0
2014-05-02,1000000.0,1000000.0
2014-05-05,1000000.0,1000000.0
2014-05-06,1000000.0,1000000.0
2014-05-07,1000000.0,1000000.0
2014-05-08,1000000.0,1000000.0
2014-05-09,1000000.0,1000000.0
2014-05-12,1000000.0,1000000.0
2014-05-13,1000000.0,1000000.0
2014-05-14,1000000.0,1000000.0
2014-05-15,1000000.0,1000000.0
2014-05-16,1000000.0,1000000.0
2014-05-16,1000000.0,1000000.0
2014-05-20,1000000.0,1000000.0
2014-05-21,1000000.0,1000000.0
2014-05-22,1000000.0,1000000.0
2014-05-23,1000000.0,1000000.0
2014-05-26,1000000.0,1000000.0
2014-05-27,1000000.0,1000000.0
2014-05-28,1000000.0,1000000.0
2014-05-29,1000000.0,1000000.0
2014-05-30,1000000.0,1000000.0
2014-06-02,1000000.0,1000000.0
2014-06-03,1000000.0,1000000.0
2014-06-04,1000000.0,1000000.0
2014-06-05,1000000.0,1000000.0
2014-06-06,1000000.0,1000000.0
2014-06-09,1000000.0,1000000.0
2014-06-10,1000000.0,1000000.0
2014-06-11,1000000.0,1000000.0
2014-06-12,1000000.0,1000000.0
2014-06-13,1000000.0,1000000.0
2014-06-16,1000000.0,1000000.0
2014-06-17,1000000.0,1000000.0
2014-06-18,1000000.0,1000000.0
2014-06-19,1000000.0,1000000.0
2014-06-20,1000000.0,1000000.0
2014-06-23,1000000.0,1000000.0
2014-06-24,1000000.0,1000000.0
2014-06-25,1000000.0,1000000.0
2014-06-26,1000000.0,1000000.0
2014-06-27,1000000.0,1000000.0
2014-06-30,1000000.0,1000000.0
2014-07-01,1000000.0,1000000.0
2014-07-02,1000000.0,1000000.0
2014-07-03,1000000.0,1000000.0
2014-07-04,1000000.0,1000000.0
2014-07-07,1000000.0,1000000.0
2014-07-08,1000000.0,1000000.0
2014-07-09,1000000.0,1000000.0
2014-07-10,1000000.0,1000000.0
2014-07-11,1000000.0,1000000.0
2014-07-14,1000000.0,1000000.0
2014-07-15,1000000.0,1000000.0
2014-07-16,1000000.0,1000000.0
2014-07-17,1000000.0,1000000.0
2014-07-18,1000000.0,1000000.0
2014-07-21,1000000.0,1000000.0
2014-07-22,1000000.0,1000000.0
2014-07-23,1000000.0,1000000.0
2014-07-24,1000000.0,1000000.0
2014-07-25,1000000.0,1000000.0
2014-07-25,1000000.0,1000000.0
2014-07-25,1000000.0,1000000.0
2014-07-25,1000000.0,1000000.0
2014-07-31,1000000.0,1000000.0
2014-08-01,1000000.0,1000000.0
2014-08-04,1000000.0,1000000.0
2014-08-05,1000000.0,1000000.0
2014-08-06,1000000.0,1000000.0
2014-08-07,1000000.0,1000000.0
2014-08-08,1000000.0,1000000.0
2014-08-11,1000000.0,1000000.0
2014-08-12,1000000.0,1000000.0
2014-08-13,1000000.0,1000000.0
2014-08-14,1000000.0,1000000.0
2014-08-15,1000000.0,1000000.0
2014-08-18,1000000.0,1000000.0
2014-08-19,1000000.0,1000000.0
2014-08-20,1000000.0,1000000.0
2014-08-21,1000000.0,1000000.0
2014-08-22,1000000.0,1000000.0
2014-08-25,1000000.0,1000000.0
2014-08-26,1000000.0,1000000.0
2014-08-27,1000000.0,1000000.0
2014-08-28,1000000.0,1000000.0
2014-08-29,1000000.0,1000000.0
2014-09-01,1000000.0,1000000.0
2014-09-02,1000000.0,1000000.0
2014-09-03,1000000.0,1000000.0
2014-09-04,1000000.0,1000000.0
2014-09-05,1000000.0,1000000.0
2014-09-08,1000000.0,1000000.0
2014-09-09,1000000.0,1000000.0
2014-09-10,1000000.0,1000000.0
2014-09-11,1000000.0,1000000.0
2014-09-12,1000000.0,1000000.0
2014-09-15,1000000.0,1000000.0
2014-09-16,1000000.0,1000000.0
2014-09-17,1000000.0,1000000.0
2014-09-18,1000000.0,1000000.0
2014-09-19,1000000.0,1000000.0
2014-09-22,1000000.0,1000000.0
2014-09-23,1000000.0,1000000.0
2014-09-24,1000000.0,1000000.0
2014-09-25,1000000.0,1000000.0
2014-09-26,1000000.0,1000000.0
2014-09-29,1000000.0,1000000.0
2014-09-30,1000000.0,1000000.0
2014-10-01,1000000.0,1000000.0
2014-10-02,1000000.0,1000000.0
2014-10-03,1000000.0,1000000.0
2014-10-03,1000000.0,1000000.0
2014-10-03,1000000.0,1000000.0
2014-10-08,1000000.0,1000000.0
2014-10-09,1000000.0,1000000.0
2014-10-10,1000000.0,1000000.0
2014-10-13,1000000.0,1000000.0
2014-10-14,1000000.0,1000000.0
2014-10-15,1000000.0,1000000.0
2014-10-16,1000000.0,1000000.0
2014-10-17,1000000.0,1000000.0
2014-10-20,1000000.0,1000000.0
2014-10-21,1000000.0,1000000.0
2014-10-22,1000000.0,1000000.0
2014-10-23,1000000.0,1000000.0
2014-10-24,1000000.0,1000000.0
2014-10-27,1000000.0,1000000.0
2014-10-28,1000000.0,1000000.0
2014-10-28,1000000.0,1000000.0
2014-10-30,1000000.0,1000000.0
2014-10-31,1000000.0,1000000.0
2014-11-03,1000000.0,1000000.0
2014-11-04,1000000.0,1000000.0
2014-11-05,1000000.0,1000000.0
2014-11-06,1000000.0,1000000.0
2014-11-07,1000000.0,1000000.0
2014-11-10,1000000.0,1000000.0
2014-11-11,1000000.0,1000000.0
2014-11-12,1000000.0,1000000.0
2014-11-13,1000000.0,1000000.0
2014-11-14,1000000.0,1000000.0
2014-11-17,1000000.0,1000000.0
2014-11-18,1000000.0,1000000.0
2014-11-19,1000000.0,1000000.0
2014-11-20,1000000.0,1000000.0
2014-11-21,1000000.0,1000000.0
2014-11-24,1000000.0,1000000.0
2014-11-25,1000000.0,1000000.0
2014-11-26,1000000.0,1000000.0
2014-11-27,1000000.0,1000000.0
2014-11-28,1000000.0,1000000.0
2014-12-01,1000000.0,1000000.0
2014-12-02,1000000.0,1000000.0
2014-12-03,1000000.0,1000000.0
2014-12-04,1000000.0,1000000.0
2014-12-05,1000000.0,1000000.0
2014-12-08,1000000.0,1000000.0
2014-12-09,1000000.0,1000000.0
2014-12-10,1000000.0,1000000.0
2014-12-11,1000000.0,1000000.0
2014-12-12,1000000.0,1000000.0
2014-12-15,1000000.0,1000000.0
2014-12-16,1000000.0,1000000.0
2014-12-17,1000000.0,1000000.0
2014-12-18,1000000.0,1000000.0
2014-12-19,1000000.0,1000000.0
2014-12-22,1000000.0,1000000.0
2014-12-23,1000000.0,1000000.0
2014-12-24,1000000.0,1000000.0
2014-12-25,1000000.0,1000000.0
2014-12-26,1000000.0,1000000.0
2014-12-29,1000000.0,1000000.0
2014-12-30,1000000.0,1000000.0
2014-12-31,1000000.0,1000000.0
2014-12-31,1000000.0,1000000.0
2015-01-02,1000000.0,1000000.0
2015-01-05,1000000.0,1000000.0
2015-01-06,1000000.0,1000000.0
2015-01-07,1000000.0,1000000.0
2015-01-08,1000000.0,1000000.0
2015-01-09,1000000.0,1000000.0
2015-01-12,1000000.0,1000000.0
2015-01-13,1000000.0,1000000.0
2015-01-14,1000000.0,1000000.0
2015-01-15,1000000.0,1000000.0
2015-01-16,1000000.0,1000000.0
2015-01-19,1000000.0,1000000.0
2015-01-20,1000000.0,1000000.0
2015-01-21,1000000.0,1000000.0
2015-01-22,1000000.0,1000000.0
2015-01-23,1000000.0,1000000.0
2015-01-26,1000000.0,1000000.0
2015-01-27,1000000.0,1000000.0
2015-01-28,1000000.0,1000000.0
2015-01-29,1000000.0,1000000.0
2015-01-30,1000000.0,1000000.0
2015-02-02,1000000.0,1000000.0
2015-02-03,1000000.0,1000000.0
2015-02-04,1000000.0,1000000.0
2015-02-05,1000000.0,1000000.0
2015-02-06,1000000.0,1000000.0
2015-02-09,1000000.0,1000000.0
2015-02-10,1000000.0,1000000.0
2015-02-11,1000000.0,1000000.0
2015-02-12,1000000.0,1000000.0
2015-02-13,1000000.0,1000000.0
2015-02-16,1000000.0,1000000.0
2015-02-17,1000000.0,1000000.0
2015-02-18,1000000.0,1000000.0
2015-02-19,1000000.0,1000000.0
2015-02-20,1000000.0,1000000.0
2015-02-23,1000000.0,1000000.0
2015-02-24,1000000.0,1000000.0
2015-02-25,1000000.0,1000000.0
2015-02-26,1000000.0,1000000.0
2015-02-27,1000000.0,1000000.0
2015-03-02,1000000.0,1000000.0
2015-03-03,1000000.0,1000000.0
2015-03-04,1000000.0,1000000.0
2015-03-05,1000000.0,1000000.0
2015-03-06,1000000.0,1000000.0
2015-03-09,1000000.0,1000000.0
2015-03-10,1000000.0,1000000.0
2015-03-11,1000000.0,1000000.0
2015-03-12,1000000.0,1000000.0
2015-03-13,1000000.0,1000000.0
2015-03-16,1000000.0,1000000.0
2015-03-17,1000000.0,1000000.0
2015-03-18,1000000.0,1000000.0
2015-03-19,1000000.0,1000000.0
2015-03-20,1000000.0,1000000.0
2015-03-23,1000000.0,1000000.0
2015-03-24,1000000.0,1000000.0
2015-03-25,1000000.0,1000000.0
2015-03-26,1000000.0,1000000.0
2015-03-27,1000000.0,1000000.0
2015-03-30,1000000.0,1000000.0
2015-03-31,1000000.0,1000000.0
2015-04-01,1000000.0,1000000.0
2015-04-02,1000000.0,1000000.0
2015-04-03,1000000.0,1000000.0
2015-04-06,1000000.0,1000000.0
2015-04-07,1000000.0,1000000.0
2015-04-08,1000000.0,1000000.0
2015-04-09,1000000.0,1000000.0
2015-04-10,1000000.0,1000000.0
2015-04-13,1000000.0,1000000.0
2015-04-14,1000000.0,1000000.0
2015-04-15,1000000.0,1000000.0
2015-04-16,1000000.0,1000000.0
2015-04-17,1000000.0,1000000.0
2015-04-20,1000000.0,1000000.0
2015-04-21,1000000.0,1000000.0
2015-04-22,1000000.0,1000000.0
2015-04-22,1000000.0,1000000.0
2015-04-24,1000000.0,1000000.0
2015-04-27,1000000.0,1000000.0
2015-04-28,1000000.0,1000000.0
2015-04-29,1000000.0,1000000.0
2015-04-30,1000000.0,1000000.0
2015-04-30,1000000.0,1000000.0
2015-05-04,1000000.0,1000000.0
2015-05-05,1000000.0,1000000.0
2015-05-06,1000000.0,1000000.0
2015-05-07,1000000.0,1000000.0
2015-05-08,1000000.0,1000000.0
2015-05-11,1000000.0,1000000.0
2015-05-12,1000000.0,1000000.0
2015-05-13,1000000.0,1000000.0
2015-05-14,1000000.0,1000000.0
2015-05-15,1000000.0,1000000.0
2015-05-18,1000000.0,1000000.0
2015-05-18,1000000.0,1000000.0
2015-05-20,1000000.0,1000000.0
2015-05-21,1000000.0,1000000.0
2015-05-22,1000000.0,1000000.0
2015-05-25,1000000.0,1000000.0
2015-05-26,1000000.0,1000000.0
2015-05-27,1000000.0,1000000.0
2015-05-28,1000000.0,1000000.0
2015-05-29,1000000.0,1000000.0
2015-06-01,1000000.0,1000000.0
2015-06-02,1000000.0,1000000.0
2015-06-03,1000000.0,1000000.0
2015-06-04,1000000.0,1000000.0
2015-06-05,1000000.0,1000000.0
2015-06-08,1000000.0,1000000.0
2015-06-09,1000000.0,1000000.0
2015-06-10,1000000.0,1000000.0
2015-06-11,1000000.0,1000000.0
2015-06-12,1000000.0,1000000.0
2015-06-15,1000000.0,1000000.0
2015-06-16,1000000.0,1000000.0
2015-06-17,1000000.0,1000000.0
2015-06-18,1000000.0,1000000.0
2015-06-19,1000000.0,1000000.0
2015-06-22,1000000.0,1000000.0
2015-06-23,1000000.0,1000000.0
2015-06-24,1000000.0,1000000.0
2015-06-25,1000000.0,1000000.0
2015-06-26,1000000.0,1000000.0
2015-06-29,1000000.0,1000000.0
2015-06-30,1000000.0,1000000.0
2015-07-01,1000000.0,1000000.0
2015-07-02,1000000.0,1000000.0
2015-07-03,1000000.0,1000000.0
2015-07-06,1000000.0,1000000.0
2015-07-07,1000000.0,1000000.0
2015-07-08,1000000.0,1000000.0
2015-07-09,1000000.0,1000000.0
2015-07-10,1000000.0,1000000.0
2015-07-13,1000000.0,1000000.0
2015-07-14,1000000.0,1000000.0
2015-07-15,1000000.0,1000000.0
2015-07-16,1000000.0,1000000.0
2015-07-16,1000000.0,1000000.0
2015-07-20,1000000.0,1000000.0
2015-07-21,1000000.0,1000000.0
2015-07-22,1000000.0,1000000.0
2015-07-23,1000000.0,1000000.0
2015-07-24,1000000.0,1000000.0
2015-07-27,1000000.0,1000000.0
2015-07-28,1000000.0,1000000.0
2015-07-29,1000000.0,1000000.0
2015-07-30,1000000.0,1000000.0
2015-07-31,1000000.0,1000000.0
2015-08-03,1000000.0,1000000.0
2015-08-04,1000000.0,1000000.0
2015-08-05,1000000.0,1000000.0
2015-08-06,1000000.0,1000000.0
2015-08-07,1000000.0,1000000.0
2015-08-10,1000000.0,1000000.0
2015-08-11,1000000.0,1000000.0
2015-08-12,1000000.0,1000000.0
2015-08-13,1000000.0,1000000.0
2015-08-14,1000000.0,1000000.0
2015-08-17,1000000.0,1000000.0
2015-08-18,1000000.0,1000000.0
2015-08-19,1000000.0,1000000.0
2015-08-20,1000000.0,1000000.0
2015-08-21,1000000.0,1000000.0
2015-08-24,1000000.0,1000000.0
2015-08-25,1000000.0,1000000.0
2015-08-26,1000000.0,1000000.0
2015-08-27,1000000.0,1000000.0
2015-08-28,1000000.0,1000000.0
2015-08-31,1000000.0,1000000.0
2015-09-01,1000000.0,1000000.0
2015-09-02,1000000.0,1000000.0
2015-09-03,1000000.0,1000000.0
2015-09-04,1000000.0,1000000.0
2015-09-07,1000000.0,1000000.0
2015-09-08,1000000.0,1000000.0
2015-09-09,1000000.0,1000000.0
2015-09-10,1000000.0,1000000.0
2015-09-11,1000000.0,1000000.0
2015-09-14,1000000.0,1000000.0
2015-09-15,1000000.0,1000000.0
2015-09-16,1000000.0,1000000.0
2015-09-17,1000000.0,1000000.0
2015-09-18,1000000.0,1000000.0
2015-09-21,1000000.0,1000000.0
2015-09-22,1000000.0,1000000.0
2015-09-23,1000000.0,1000000.0
2015-09-23,1000000.0,1000000.0
2015-09-23,1000000.0,1000000.0
2015-09-28,1000000.0,1000000.0
2015-09-29,1000000.0,1000000.0
2015-09-30,1000000.0,1000000.0
2015-10-01,1000000.0,1000000.0
2015-10-02,1000000.0,1000000.0
2015-10-05,1000000.0,1000000.0
2015-10-06,1000000.0,1000000.0
2015-10-07,1000000.0,1000000.0
2015-10-08,1000000.0,1000000.0
2015-10-09,1000000.0,1000000.0
2015-10-12,1000000.0,1000000.0
2015-10-13,1000000.0,1000000.0
2015-10-14,1000000.0,1000000.0
2015-10-15,1000000.0,1000000.0
2015-10-16,1000000.0,1000000.0
2015-10-19,1000000.0,1000000.0
2015-10-20,1000000.0,1000000.0
2015-10-21,1000000.0,1000000.0
2015-10-22,1000000.0,1000000.0
2015-10-23,1000000.0,1000000.0
2015-10-26,1000000.0,1000000.0
2015-10-27,1000000.0,1000000.0
2015-10-28,1000000.0,1000000.0
2015-10-28,1000000.0,1000000.0
2015-10-30,1000000.0,1000000.0
2015-11-02,1000000.0,1000000.0
2015-11-03,1000000.0,1000000.0
2015-11-04,1000000.0,1000000.0
2015-11-05,1000000.0,1000000.0
2015-11-06,1000000.0,1000000.0
2015-11-09,1000000.0,1000000.0
2015-11-10,1000000.0,1000000.0
2015-11-11,1000000.0,1000000.0
2015-11-12,1000000.0,1000000.0
2015-11-13,1000000.0,1000000.0
2015-11-16,1000000.0,1000000.0
2015-11-17,1000000.0,1000000.0
2015-11-18,1000000.0,1000000.0
2015-11-19,1000000.0,1000000.0
2015-11-20,1000000.0,1000000.0
2015-11-23,1000000.0,1000000.0
2015-11-24,1000000.0,1000000.0
2015-11-25,1000000.0,1000000.0
2015-11-26,1000000.0,1000000.0
2015-11-27,1000000.0,1000000.0
2015-11-30,1000000.0,1000000.0
2015-12-01,1000000.0,1000000.0
2015-12-02,1000000.0,1000000.0
2015-12-03,1000000.0,1000000.0
2015-12-04,1000000.0,1000000.0
2015-12-07,1000000.0,1000000.0
2015-12-08,1000000.0,1000000.0
2015-12-09,1000000.0,1000000.0
2015-12-10,1000000.0,1000000.0
2015-12-11,1000000.0,1000000.0
2015-12-14,1000000.0,1000000.0
2015-12-15,1000000.0,1000000.0
2015-12-16,1000000.0,1000000.0
2015-12-17,1000000.0,1000000.0
2015-12-18,1000000.0,1000000.0
2015-12-21,1000000.0,1000000.0
2015-12-22,1000000.0,1000000.0
2015-12-23,1000000.0,1000000.0
2015-12-24,1000000.0,1000000.0
2015-12-25,1000000.0,1000000.0
2015-12-28,1000000.0,1000000.0
2015-12-29,1000000.0,1000000.0
2015-12-30,1000000.0,1000000.0
2015-12-31,1000000.0,1000000.0
2015-12-31,1000000.0,1000000.0
2016-01-04,1000000.0,1000000.0
2016-01-05,1000000.0,1000000.0
2016-01-06,1000000.0,1000000.0
2016-01-07,1000000.0,1000000.0
2016-01-08,1000000.0,1000000.0
2016-01-11,1000000.0,1000000.0
2016-01-12,1000000.0,1000000.0
2016-01-13,1000000.0,1000000.0
2016-01-14,1000000.0,1000000.0
2016-01-15,1000000.0,1000000.0
2016-01-18,1000000.0,1000000.0
2016-01-19,1000000.0,1000000.0
2016-01-20,1000000.0,1000000.0
2016-01-21,1000000.0,1000000.0
2016-01-22,1000000.0,1000000.0
2016-01-25,1000000.0,1000000.0
2016-01-26,1000000.0,1000000.0
2016-01-27,1000000.0,1000000.0
2016-01-28,1000000.0,1000000.0
2016-01-29,1000000.0,1000000.0
2016-02-01,1000000.0,1000000.0
2016-02-02,1000000.0,1000000.0
2016-02-03,1000000.0,1000000.0
2016-02-04,1000000.0,1000000.0
2016-02-05,1000000.0,1000000.0
2016-02-08,1000000.0,1000000.0
2016-02-09,1000000.0,1000000.0
2016-02-10,1000000.0,1000000.0
2016-02-11,1000000.0,1000000.0
2016-02-12,1000000.0,1000000.0
2016-02-15,1000000.0,1000000.0
2016-02-16,1000000.0,1000000.0
2016-02-17,1000000.0,1000000.0
2016-02-18,1000000.0,1000000.0
2016-02-19,1000000.0,1000000.0
2016-02-22,1000000.0,1000000.0
2016-02-23,1000000.0,1000000.0
2016-02-24,1000000.0,1000000.0
2016-02-25,1000000.0,1000000.0
2016-02-26,1000000.0,1000000.0
2016-02-29,1000000.0,1000000.0
2016-03-01,1000000.0,1000000.0
2016-03-02,1000000.0,1000000.0
2016-03-03,1000000.0,1000000.0
2016-03-04,1000000.0,1000000.0
2016-03-07,1000000.0,1000000.0
2016-03-08,1000000.0,1000000.0
2016-03-09,1000000.0,1000000.0
2016-03-10,1000000.0,1000000.0
2016-03-11,1000000.0,1000000.0
2016-03-14,1000000.0,1000000.0
2016-03-15,1000000.0,1000000.0
2016-03-16,1000000.0,1000000.0
2016-03-17,1000000.0,1000000.0
2016-03-18,1000000.0,1000000.0
2016-03-21,1000000.0,1000000.0
2016-03-22,1000000.0,1000000.0
2016-03-23,1000000.0,1000000.0
2016-03-24,1000000.0,1000000.0
2016-03-25,1000000.0,1000000.0
2016-03-28,1000000.0,1000000.0
2016-03-29,1000000.0,1000000.0
2016-03-30,1000000.0,1000000.0
2016-03-31,1000000.0,1000000.0
2016-04-01,1000000.0,1000000.0
2016-04-04,1000000.0,1000000.0
2016-04-05,1000000.0,1000000.0
2016-04-06,1000000.0,1000000.0
2016-04-07,1000000.0,1000000.0
2016-04-08,1000000.0,1000000.0
2016-04-11,1000000.0,1000000.0
2016-04-12,1000000.0,1000000.0
2016-04-13,1000000.0,1000000.0
2016-04-14,1000000.0,1000000.0
2016-04-15,1000000.0,1000000.0
2016-04-18,1000000.0,1000000.0
2016-04-19,1000000.0,1000000.0
2016-04-20,1000000.0,1000000.0
2016-04-21,1000000.0,1000000.0
2016-04-22,1000000.0,1000000.0
2016-04-25,1000000.0,1000000.0
2016-04-26,1000000.0,1000000.0
2016-04-27,1000000.0,1000000.0
2016-04-28,1000000.0,1000000.0
2016-04-29,1000000.0,1000000.0
2016-05-02,1000000.0,1000000.0
2016-05-03,1000000.0,1000000.0
2016-05-04,1000000.0,1000000.0
2016-05-05,1000000.0,1000000.0
2016-05-06,1000000.0,1000000.0
2016-05-09,1000000.0,1000000.0
2016-05-10,1000000.0,1000000.0
2016-05-11,1000000.0,1000000.0
2016-05-12,1000000.0,1000000.0
2016-05-13,1000000.0,1000000.0
2016-05-16,1000000.0,1000000.0
2016-05-17,1000000.0,1000000.0
2016-05-18,1000000.0,1000000.0
2016-05-18,1000000.0,1000000.0
2016-05-20,1000000.0,1000000.0
2016-05-23,1000000.0,1000000.0
2016-05-24,1000000.0,1000000.0
2016-05-25,1000000.0,1000000.0
2016-05-26,1000000.0,1000000.0
2016-05-27,1000000.0,1000000.0
2016-05-30,1000000.0,1000000.0
2016-05-31,1000000.0,1000000.0
2016-06-01,1000000.0,1000000.0
2016-06-02,1000000.0,1000000.0
2016-06-03,1000000.0,1000000.0
2016-06-06,1000000.0,1000000.0
2016-06-07,1000000.0,1000000.0
2016-06-08,1000000.0,1000000.0
2016-06-09,1000000.0,1000000.0
2016-06-10,1000000.0,1000000.0
2016-06-13,1000000.0,1000000.0
2016-06-14,1000000.0,1000000.0
2016-06-15,1000000.0,1000000.0
2016-06-16,1000000.0,1000000.0
2016-06-17,1000000.0,1000000.0
2016-06-20,1000000.0,1000000.0
2016-06-21,1000000.0,1000000.0
2016-06-22,1000000.0,1000000.0
2016-06-23,1000000.0,1000000.0
2016-06-24,1000000.0,1000000.0
2016-06-27,1000000.0,1000000.0
2016-06-28,1000000.0,1000000.0
2016-06-29,1000000.0,1000000.0
2016-06-30,1000000.0,1000000.0
2016-07-01,1000000.0,1000000.0
2016-07-04,1000000.0,1000000.0
2016-07-04,1000000.0,1000000.0
2016-07-04,1000000.0,1000000.0
2016-07-04,1000000.0,1000000.0
2016-07-08,1000000.0,1000000.0
2016-07-11,1000000.0,1000000.0
2016-07-12,1000000.0,1000000.0
2016-07-13,1000000.0,1000000.0
2016-07-14,1000000.0,1000000.0
2016-07-15,1000000.0,1000000.0
2016-07-18,1000000.0,1000000.0
2016-07-19,1000000.0,1000000.0
2016-07-20,1000000.0,1000000.0
2016-07-21,1000000.0,1000000.0
2016-07-22,1000000.0,1000000.0
2016-07-25,1000000.0,1000000.0
2016-07-26,1000000.0,1000000.0
2016-07-27,1000000.0,1000000.0
2016-07-28,1000000.0,1000000.0
2016-07-29,1000000.0,1000000.0
2016-08-01,1000000.0,1000000.0
2016-08-02,1000000.0,1000000.0
2016-08-03,1000000.0,1000000.0
2016-08-04,1000000.0,1000000.0
2016-08-05,1000000.0,1000000.0
2016-08-08,1000000.0,1000000.0
2016-08-09,1000000.0,1000000.0
2016-08-10,1000000.0,1000000.0
2016-08-11,1000000.0,1000000.0
2016-08-12,1000000.0,1000000.0
2016-08-15,1000000.0,1000000.0
2016-08-16,1000000.0,1000000.0
2016-08-17,1000000.0,1000000.0
2016-08-18,1000000.0,1000000.0
2016-08-19,1000000.0,1000000.0
2016-08-22,1000000.0,1000000.0
2016-08-23,1000000.0,1000000.0
2016-08-24,1000000.0,1000000.0
2016-08-25,1000000.0,1000000.0
2016-08-26,1000000.0,1000000.0
2016-08-29,1000000.0,1000000.0
2016-08-29,1000000.0,1000000.0
2016-08-31,1000000.0,1000000.0
2016-09-01,1000000.0,1000000.0
2016-09-02,1000000.0,1000000.0
2016-09-05,1000000.0,1000000.0
2016-09-06,1000000.0,1000000.0
2016-09-07,1000000.0,1000000.0
2016-09-08,1000000.0,1000000.0
2016-09-09,1000000.0,1000000.0
2016-09-09,1000000.0,1000000.0
2016-09-09,1000000.0,1000000.0
2016-09-09,1000000.0,1000000.0
2016-09-09,1000000.0,1000000.0
2016-09-16,1000000.0,1000000.0
2016-09-19,1000000.0,1000000.0
2016-09-20,1000000.0,1000000.0
2016-09-21,1000000.0,1000000.0
2016-09-22,1000000.0,1000000.0
2016-09-23,1000000.0,1000000.0
2016-09-26,1000000.0,1000000.0
2016-09-27,1000000.0,1000000.0
2016-09-28,1000000.0,1000000.0
2016-09-29,1000000.0,1000000.0
2016-09-30,1000000.0,1000000.0
2016-10-03,1000000.0,1000000.0
2016-10-04,1000000.0,1000000.0
2016-10-05,1000000.0,1000000.0
2016-10-06,1000000.0,1000000.0
2016-10-07,1000000.0,1000000.0
2016-10-10,1000000.0,1000000.0
2016-10-11,1000000.0,1000000.0
2016-10-12,1000000.0,1000000.0
2016-10-13,1000000.0,1000000.0
2016-10-14,1000000.0,1000000.0
2016-10-17,1000000.0,1000000.0
2016-10-18,1000000.0,1000000.0
2016-10-19,1000000.0,1000000.0
2016-10-20,1000000.0,1000000.0
2016-10-21,1000000.0,1000000.0
2016-10-24,1000000.0,1000000.0
2016-10-25,1000000.0,1000000.0
2016-10-26,1000000.0,1000000.0
2016-10-27,1000000.0,1000000.0
2016-10-28,1000000.0,1000000.0
2016-10-31,1000000.0,1000000.0
2016-11-01,1000000.0,1000000.0
2016-11-02,1000000.0,1000000.0
2016-11-03,1000000.0,1000000.0
2016-11-04,1000000.0,1000000.0
2016-11-07,1000000.0,1000000.0
2016-11-08,1000000.0,1000000.0
2016-11-09,1000000.0,1000000.0
2016-11-10,1000000.0,1000000.0
2016-11-11,1000000.0,1000000.0
2016-11-14,1000000.0,1000000.0
2016-11-15,1000000.0,1000000.0
2016-11-16,1000000.0,1000000.0
2016-11-17,1000000.0,1000000.0
2016-11-18,1000000.0,1000000.0
2016-11-21,1000000.0,1000000.0
2016-11-22,1000000.0,1000000.0
2016-11-23,1000000.0,1000000.0
2016-11-24,1000000.0,1000000.0
2016-11-25,1000000.0,1000000.0
2016-11-28,1000000.0,1000000.0
2016-11-29,1000000.0,1000000.0
2016-11-30,1000000.0,1000000.0
2016-12-01,1000000.0,1000000.0
2016-12-02,1000000.0,1000000.0
2016-12-05,1000000.0,1000000.0
2016-12-06,1000000.0,1000000.0
2016-12-07,1000000.0,1000000.0
2016-12-08,1000000.0,1000000.0
2016-12-09,1000000.0,1000000.0
2016-12-12,1000000.0,1000000.0
2016-12-13,1000000.0,1000000.0
2016-12-14,1000000.0,1000000.0
2016-12-15,1000000.0,1000000.0
2016-12-16,1000000.0,1000000.0
2016-12-19,1000000.0,1000000.0
2016-12-20,1000000.0,1000000.0
2016-12-21,1000000.0,1000000.0
2016-12-22,1000000.0,1000000.0
2016-12-23,1000000.0,1000000.0
2016-12-26,1000000.0,1000000.0
2016-12-27,1000000.0,1000000.0
2016-12-28,1000000.0,1000000.0
2016-12-29,1000000.0,1000000.0
2016-12-30,1000000.0,1000000.0
2017-01-02,1000000.0,1000000.0
2017-01-03,1000000.0,1000000.0
2017-01-04,1000000.0,1000000.0
2017-01-05,1000000.0,1000000.0
2017-01-06,1000000.0,1000000.0
2017-01-09,1000000.0,1000000.0
2017-01-10,1000000.0,1000000.0
2017-01-11,1000000.0,1000000.0
2017-01-12,1000000.0,1000000.0
2017-01-13,1000000.0,1000000.0
2017-01-16,1000000.0,1000000.0
2017-01-17,1000000.0,1000000.0
2017-01-18,1000000.0,1000000.0
2017-01-19,1000000.0,1000000.0
2017-01-20,1000000.0,1000000.0
2017-01-23,1000000.0,1000000.0
2017-01-24,1000000.0,1000000.0
2017-01-25,1000000.0,1000000.0
2017-01-26,1000000.0,1000000.0
2017-01-27,1000000.0,1000000.0
2017-01-30,1000000.0,1000000.0
2017-01-31,1000000.0,1000000.0
2017-02-01,1000000.0,1000000.0
2017-02-02,1000000.0,1000000.0
2017-02-03,1000000.0,1000000.0
2017-02-06,1000000.0,1000000.0
2017-02-07,1000000.0,1000000.0
2017-02-08,1000000.0,1000000.0
2017-02-09,1000000.0,1000000.0
2017-02-10,1000000.0,1000000.0
2017-02-13,1000000.0,1000000.0
2017-02-14,1000000.0,1000000.0
2017-02-15,1000000.0,1000000.0
2017-02-16,1000000.0,1000000.0
2017-02-17,1000000.0,1000000.0
2017-02-20,1000000.0,1000000.0
2017-02-21,1000000.0,1000000.0
2017-02-22,1000000.0,1000000.0
2017-02-23,1000000.0,1000000.0
2017-02-24,1000000.0,1000000.0
2017-02-27,1000000.0,1000000.0
2017-02-28,1000000.0,1000000.0
2017-03-01,1000000.0,1000000.0
2017-03-02,1000000.0,1000000.0
2017-03-03,1000000.0,1000000.0
2017-03-06,1000000.0,1000000.0
2017-03-07,1000000.0,1000000.0
2017-03-08,1000000.0,1000000.0
2017-03-09,1000000.0,1000000.0
2017-03-10,1000000.0,1000000.0
2017-03-13,1000000.0,1000000.0
2017-03-14,1000000.0,1000000.0
2017-03-15,1000000.0,1000000.0
2017-03-16,1000000.0,1000000.0
2017-03-17,1000000.0,1000000.0
2017-03-20,1000000.0,1000000.0
2017-03-21,1000000.0,1000000.0
2017-03-22,1000000.0,1000000.0
2017-03-23,1000000.0,1000000.0
2017-03-24,1000000.0,1000000.0
2017-03-27,1000000.0,1000000.0
2017-03-28,1000000.0,1000000.0
2017-03-29,1000000.0,1000000.0
2017-03-30,1000000.0,1000000.0
2017-03-31,1000000.0,1000000.0
2017-04-03,1000000.0,1000000.0
2017-04-04,1000000.0,1000000.0
2017-04-05,1000000.0,1000000.0
2017-04-06,1000000.0,1000000.0
2017-04-07,1000000.0,1000000.0
2017-04-10,1000000.0,1000000.0
2017-04-11,1000000.0,1000000.0
2017-04-12,1000000.0,1000000.0
2017-04-13,1000000.0,1000000.0
2017-04-14,1000000.0,1000000.0
2017-04-17,1000000.0,1000000.0
2017-04-18,1000000.0,1000000.0
2017-04-19,1000000.0,1000000.0
2017-04-20,1000000.0,1000000.0
2017-04-21,1000000.0,1000000.0
2017-04-24,1000000.0,1000000.0
2017-04-25,1000000.0,1000000.0
2017-04-26,1000000.0,1000000.0
2017-04-27,1000000.0,1000000.0
2017-04-28,1000000.0,1000000.0
2017-04-28,1000000.0,1000000.0
2017-05-02,1000000.0,1000000.0
2017-05-03,1000000.0,1000000.0
2017-05-04,1000000.0,1000000.0
2017-05-05,1000000.0,1000000.0
2017-05-08,1000000.0,1000000.0
2017-05-09,1000000.0,1000000.0
2017-05-10,1000000.0,1000000.0
2017-05-11,1000000.0,1000000.0
2017-05-12,1000000.0,1000000.0
2017-05-15,1000000.0,1000000.0
2017-05-16,1000000.0,1000000.0
2017-05-17,1000000.0,1000000.0
2017-05-18,1000000.0,1000000.0
2017-05-18,1000000.0,1000000.0
2017-05-22,1000000.0,1000000.0
2017-05-23,1000000.0,1000000.0
2017-05-24,1000000.0,1000000.0
2017-05-25,1000000.0,1000000.0
2017-05-26,1000000.0,1000000.0
2017-05-29,1000000.0,1000000.0
2017-05-30,1000000.0,1000000.0
2017-05-31,1000000.0,1000000.0
2017-06-01,1000000.0,1000000.0
2017-06-02,1000000.0,1000000.0
2017-06-05,1000000.0,1000000.0
2017-06-06,1000000.0,1000000.0
2017-06-07,1000000.0,1000000.0
2017-06-08,1000000.0,1000000.0
2017-06-09,1000000.0,1000000.0
2017-06-12,1000000.0,1000000.0
2017-06-13,1000000.0,1000000.0
2017-06-14,1000000.0,1000000.0
2017-06-15,1000000.0,1000000.0
2017-06-16,1000000.0,1000000.0
2017-06-19,1000000.0,1000000.0
2017-06-20,1000000.0,1000000.0
2017-06-21,1000000.0,1000000.0
2017-06-22,1000000.0,1000000.0
2017-06-23,1000000.0,1000000.0
2017-06-23,1000000.0,1000000.0
2017-06-23,1000000.0,1000000.0
2017-06-28,1000000.0,1000000.0
2017-06-29,1000000.0,1000000.0
2017-06-30,1000000.0,1000000.0
2017-07-03,1000000.0,1000000.0
2017-07-04,1000000.0,1000000.0
2017-07-05,1000000.0,1000000.0
2017-07-06,1000000.0,1000000.0
2017-07-07,1000000.0,1000000.0
2017-07-10,1000000.0,1000000.0
2017-07-11,1000000.0,1000000.0
2017-07-12,1000000.0,1000000.0
2017-07-13,1000000.0,1000000.0
2017-07-14,1000000.0,1000000.0
2017-07-17,1000000.0,1000000.0
2017-07-18,1000000.0,1000000.0
2017-07-19,1000000.0,1000000.0
2017-07-20,1000000.0,1000000.0
2017-07-21,1000000.0,1000000.0
2017-07-24,1000000.0,1000000.0
2017-07-25,1000000.0,1000000.0
2017-07-26,1000000.0,1000000.0
2017-07-27,1000000.0,1000000.0
2017-07-28,1000000.0,1000000.0
2017-07-31,1000000.0,1000000.0
2017-08-01,1000000.0,1000000.0
2017-08-02,1000000.0,1000000.0
2017-08-03,1000000.0,1000000.0
2017-08-04,1000000.0,1000000.0
2017-08-07,1000000.0,1000000.0
2017-08-08,1000000.0,1000000.0
2017-08-09,1000000.0,1000000.0
2017-08-10,1000000.0,1000000.0
2017-08-11,1000000.0,1000000.0
2017-08-14,1000000.0,1000000.0
2017-08-15,1000000.0,1000000.0
2017-08-16,1000000.0,1000000.0
2017-08-17,1000000.0,1000000.0
2017-08-18,1000000.0,1000000.0
2017-08-21,1000000.0,1000000.0
2017-08-22,1000000.0,1000000.0
2017-08-23,1000000.0,1000000.0
2017-08-24,1000000.0,1000000.0
2017-08-25,1000000.0,1000000.0
2017-08-28,1000000.0,1000000.0
2017-08-29,1000000.0,1000000.0
2017-08-29,1000000.0,1000000.0
2017-08-31,1000000.0,1000000.0
2017-08-31,1000000.0,1000000.0
2017-08-31,1000000.0,1000000.0
2017-09-05,1000000.0,1000000.0
2017-09-06,1000000.0,1000000.0
2017-09-07,1000000.0,1000000.0
2017-09-08,1000000.0,1000000.0
2017-09-11,1000000.0,1000000.0
2017-09-12,1000000.0,1000000.0
2017-09-13,1000000.0,1000000.0
2017-09-14,1000000.0,1000000.0
2017-09-15,1000000.0,1000000.0
2017-09-18,1000000.0,1000000.0
2017-09-19,1000000.0,1000000.0
2017-09-20,1000000.0,1000000.0
2017-09-21,1000000.0,1000000.0
2017-09-22,1000000.0,1000000.0
2017-09-25,1000000.0,1000000.0
2017-09-26,1000000.0,1000000.0
2017-09-27,1000000.0,1000000.0
2017-09-28,1000000.0,1000000.0
2017-09-29,1000000.0,1000000.0
2017-10-02,1000000.0,1000000.0
2017-10-03,1000000.0,1000000.0
2017-10-04,1000000.0,1000000.0
2017-10-05,1000000.0,1000000.0
2017-10-06,1000000.0,1000000.0
2017-10-09,1000000.0,1000000.0
2017-10-10,1000000.0,1000000.0
2017-10-11,1000000.0,1000000.0
2017-10-12,1000000.0,1000000.0
2017-10-13,1000000.0,1000000.0
2017-10-16,1000000.0,1000000.0
2017-10-17,1000000.0,1000000.0
2017-10-18,1000000.0,1000000.0
2017-10-19,1000000.0,1000000.0
2017-10-20,1000000.0,1000000.0
2017-10-23,1000000.0,1000000.0
2017-10-24,1000000.0,1000000.0
2017-10-25,1000000.0,1000000.0
2017-10-26,1000000.0,1000000.0
2017-10-27,1000000.0,1000000.0
2017-10-30,1000000.0,1000000.0
2017-10-31,1000000.0,1000000.0
2017-11-01,1000000.0,1000000.0
2017-11-02,1000000.0,1000000.0
2017-11-03,1000000.0,1000000.0
2017-11-06,1000000.0,1000000.0
2017-11-07,1000000.0,1000000.0
2017-11-08,1000000.0,1000000.0
2017-11-09,1000000.0,1000000.0
2017-11-10,1000000.0,1000000.0
2017-11-13,1000000.0,1000000.0
2017-11-14,1000000.0,1000000.0
2017-11-15,1000000.0,1000000.0
2017-11-16,1000000.0,1000000.0
2017-11-17,1000000.0,1000000.0
2017-11-20,1000000.0,1000000.0
2017-11-21,1000000.0,1000000.0
2017-11-22,1000000.0,1000000.0
2017-11-23,1000000.0,1000000.0
2017-11-24,1000000.0,1000000.0
2017-11-27,1000000.0,1000000.0
2017-11-28,1000000.0,1000000.0
2017-11-29,1000000.0,1000000.0
2017-11-30,1000000.0,1000000.0
2017-12-01,1000000.0,1000000.0
2017-12-04,1000000.0,1000000.0
2017-12-05,1000000.0,1000000.0
2017-12-06,1000000.0,1000000.0
2017-12-07,1000000.0,1000000.0
2017-12-08,1000000.0,1000000.0
2017-12-11,1000000.0,1000000.0
2017-12-12,1000000.0,1000000.0
2017-12-13,1000000.0,1000000.0
2017-12-14,1000000.0,1000000.0
2017-12-15,1000000.0,1000000.0
2017-12-18,1000000.0,1000000.0
2017-12-19,1000000.0,1000000.0
2017-12-20,1000000.0,1000000.0
2017-12-21,1000000.0,1000000.0
2017-12-22,1000000.0,1000000.0
2017-12-22,1000000.0,1000000.0
2017-12-26,1000000.0,1000000.0
2017-12-27,1000000.0,1000000.0
2017-12-28,1000000.0,1000000.0
2017-12-29,1000000.0,1000000.0
2017-12-29,1000000.0,1000000.0
2018-01-02,1000000.0,1000000.0
2018-01-03,1000000.0,1000000.0
2018-01-04,1000000.0,1000000.0
2018-01-05,1000000.0,1000000.0
2018-01-08,1000000.0,1000000.0
2018-01-09,1000000.0,1000000.0
2018-01-10,1000000.0,1000000.0
2018-01-11,1000000.0,1000000.0
2018-01-12,1000000.0,1000000.0
2018-01-15,1000000.0,1000000.0
2018-01-16,1000000.0,1000000.0
2018-01-17,1000000.0,1000000.0
2018-01-18,1000000.0,1000000.0
2018-01-19,1000000.0,1000000.0
2018-01-22,1000000.0,1000000.0
2018-01-23,1000000.0,1000000.0
2018-01-24,1000000.0,1000000.0
2018-01-25,1000000.0,1000000.0
2018-01-26,1000000.0,1000000.0
2018-01-29,1000000.0,1000000.0
2018-01-30,1000000.0,1000000.0
2018-01-31,1000000.0,1000000.0
2018-02-01,1000000.0,1000000.0
2018-02-02,1000000.0,1000000.0
2018-02-05,1000000.0,1000000.0
2018-02-06,1000000.0,1000000.0
2018-02-07,1000000.0,1000000.0
2018-02-08,1000000.0,1000000.0
2018-02-09,1000000.0,1000000.0
2018-02-12,1000000.0,1000000.0
2018-02-13,1000000.0,1000000.0
2018-02-14,1000000.0,1000000.0
2018-02-15,1000000.0,1000000.0
2018-02-16,1000000.0,1000000.0
2018-02-19,1000000.0,1000000.0
2018-02-20,1000000.0,1000000.0
2018-02-21,1000000.0,1000000.0
2018-02-22,1000000.0,1000000.0
2018-02-23,1000000.0,1000000.0
2018-02-26,1000000.0,1000000.0
2018-02-27,1000000.0,1000000.0
2018-02-28,1000000.0,1000000.0
2018-03-01,1000000.0,1000000.0
2018-03-02,1000000.0,1000000.0
2018-03-05,1000000.0,1000000.0
2018-03-06,1000000.0,1000000.0
2018-03-07,1000000.0,1000000.0
2018-03-08,1000000.0,1000000.0
2018-03-09,1000000.0,1000000.0
2018-03-12,1000000.0,1000000.0
2018-03-13,1000000.0,1000000.0
2018-03-14,1000000.0,1000000.0
2018-03-15,1000000.0,1000000.0
2018-03-16,1000000.0,1000000.0
2018-03-19,1000000.0,1000000.0
2018-03-20,1000000.0,1000000.0
2018-03-21,1000000.0,1000000.0
2018-03-22,1000000.0,1000000.0
2018-03-23,1000000.0,1000000.0
2018-03-26,1000000.0,1000000.0
2018-03-27,1000000.0,1000000.0
2018-03-28,1000000.0,1000000.0
2018-03-29,1000000.0,1000000.0
2018-03-30,1000000.0,1000000.0
2018-04-02,1000000.0,1000000.0
2018-04-03,1000000.0,1000000.0
2018-04-04,1000000.0,1000000.0
2018-04-05,1000000.0,1000000.0
2018-04-06,1000000.0,1000000.0
2018-04-09,1000000.0,1000000.0
2018-04-10,1000000.0,1000000.0
2018-04-11,1000000.0,1000000.0
2018-04-12,1000000.0,1000000.0
2018-04-13,1000000.0,1000000.0
2018-04-16,1000000.0,1000000.0
2018-04-17,1000000.0,1000000.0
2018-04-18,1000000.0,1000000.0
2018-04-19,1000000.0,1000000.0
2018-04-20,1000000.0,1000000.0
2018-04-20,1000000.0,1000000.0
2018-04-24,1000000.0,1000000.0
2018-04-25,1000000.0,1000000.0
2018-04-26,1000000.0,1000000.0
2018-04-27,1000000.0,1000000.0
2018-04-30,1000000.0,1000000.0
2018-04-30,1000000.0,1000000.0
2018-05-02,1000000.0,1000000.0
2018-05-03,1000000.0,1000000.0
2018-05-04,1000000.0,1000000.0
2018-05-07,1000000.0,1000000.0
2018-05-08,1000000.0,1000000.0
2018-05-09,1000000.0,1000000.0
2018-05-10,1000000.0,1000000.0
2018-05-11,1000000.0,1000000.0
2018-05-14,1000000.0,1000000.0
2018-05-15,1000000.0,1000000.0
2018-05-16,1000000.0,1000000.0
2018-05-17,1000000.0,1000000.0
2018-05-18,1000000.0,1000000.0
2018-05-21,1000000.0,1000000.0
2018-05-22,1000000.0,1000000.0
2018-05-23,1000000.0,1000000.0
2018-05-24,1000000.0,1000000.0
2018-05-25,1000000.0,1000000.0
2018-05-28,1000000.0,1000000.0
2018-05-29,1000000.0,1000000.0
2018-05-30,1000000.0,1000000.0
2018-05-31,1000000.0,1000000.0
2018-06-01,1000000.0,1000000.0
2018-06-04,1000000.0,1000000.0
2018-06-05,1000000.0,1000000.0
2018-06-06,1000000.0,1000000.0
2018-06-07,1000000.0,1000000.0
2018-06-08,1000000.0,1000000.0
2018-06-11,1000000.0,1000000.0
2018-06-12,1000000.0,1000000.0
2018-06-13,1000000.0,1000000.0
2018-06-14,1000000.0,1000000.0
2018-06-14,1000000.0,1000000.0
2018-06-18,1000000.0,1000000.0
2018-06-19,1000000.0,1000000.0
2018-06-20,1000000.0,1000000.0
2018-06-21,1000000.0,1000000.0
2018-06-22,1000000.0,1000000.0
2018-06-25,1000000.0,1000000.0
2018-06-26,1000000.0,1000000.0
2018-06-27,1000000.0,1000000.0
2018-06-28,1000000.0,1000000.0
2018-06-29,1000000.0,1000000.0
2018-07-02,1000000.0,1000000.0
2018-07-03,1000000.0,1000000.0
2018-07-04,1000000.0,1000000.0
2018-07-05,1000000.0,1000000.0
2018-07-06,1000000.0,1000000.0
2018-07-09,1000000.0,1000000.0
2018-07-10,1000000.0,1000000.0
2018-07-11,1000000.0,1000000.0
2018-07-12,1000000.0,1000000.0
2018-07-13,1000000.0,1000000.0
2018-07-16,1000000.0,1000000.0
2018-07-17,1000000.0,1000000.0
2018-07-18,1000000.0,1000000.0
2018-07-19,1000000.0,1000000.0
2018-07-20,1000000.0,1000000.0
2018-07-23,1000000.0,1000000.0
2018-07-24,1000000.0,1000000.0
2018-07-25,1000000.0,1000000.0
2018-07-26,1000000.0,1000000.0
2018-07-27,1000000.0,1000000.0
2018-07-30,1000000.0,1000000.0
2018-07-31,1000000.0,1000000.0
2018-08-01,1000000.0,1000000.0
2018-08-02,1000000.0,1000000.0
2018-08-03,1000000.0,1000000.0
2018-08-06,1000000.0,1000000.0
2018-08-07,1000000.0,1000000.0
2018-08-08,1000000.0,1000000.0
2018-08-09,1000000.0,1000000.0
2018-08-10,1000000.0,1000000.0
2018-08-13,1000000.0,1000000.0
2018-08-14,1000000.0,1000000.0
2018-08-15,1000000.0,1000000.0
2018-08-16,1000000.0,1000000.0
2018-08-17,1000000.0,1000000.0
2018-08-20,1000000.0,1000000.0
2018-08-20,1000000.0,1000000.0
2018-08-20,1000000.0,1000000.0
2018-08-20,1000000.0,1000000.0
2018-08-20,1000000.0,1000000.0
2018-08-27,1000000.0,1000000.0
2018-08-28,1000000.0,1000000.0
2018-08-29,1000000.0,1000000.0
2018-08-29,1000000.0,1000000.0
2018-08-31,1000000.0,1000000.0
2018-09-03,1000000.0,1000000.0
2018-09-04,1000000.0,1000000.0
2018-09-05,1000000.0,1000000.0
2018-09-06,1000000.0,1000000.0
2018-09-07,1000000.0,1000000.0
2018-09-10,1000000.0,1000000.0
2018-09-11,1000000.0,1000000.0
2018-09-12,1000000.0,1000000.0
2018-09-13,1000000.0,1000000.0
2018-09-14,1000000.0,1000000.0
2018-09-17,1000000.0,1000000.0
2018-09-18,1000000.0,1000000.0
2018-09-19,1000000.0,1000000.0
2018-09-20,1000000.0,1000000.0
2018-09-21,1000000.0,1000000.0
2018-09-24,1000000.0,1000000.0
2018-09-25,1000000.0,1000000.0
2018-09-26,1000000.0,1000000.0
2018-09-27,1000000.0,1000000.0
2018-09-28,1000000.0,1000000.0
2018-10-01,1000000.0,1000000.0
2018-10-02,1000000.0,1000000.0
2018-10-03,1000000.0,1000000.0
2018-10-04,1000000.0,1000000.0
2018-10-05,1000000.0,1000000.0
2018-10-08,1000000.0,1000000.0
2018-10-09,1000000.0,1000000.0
2018-10-10,1000000.0,1000000.0
2018-10-11,1000000.0,1000000.0
2018-10-12,1000000.0,1000000.0
2018-10-15,1000000.0,1000000.0
2018-10-16,1000000.0,1000000.0
2018-10-17,1000000.0,1000000.0
2018-10-18,1000000.0,1000000.0
2018-10-19,1000000.0,1000000.0
2018-10-22,1000000.0,1000000.0
2018-10-23,1000000.0,1000000.0
2018-10-24,1000000.0,1000000.0
2018-10-25,1000000.0,1000000.0
2018-10-26,1000000.0,1000000.0
2018-10-26,1000000.0,1000000.0
2018-10-30,1000000.0,1000000.0
2018-10-31,1000000.0,1000000.0
2018-11-01,1000000.0,1000000.0
2018-11-02,1000000.0,1000000.0
2018-11-05,1000000.0,1000000.0
2018-11-06,1000000.0,1000000.0
2018-11-07,1000000.0,1000000.0
2018-11-08,1000000.0,1000000.0
2018-11-09,1000000.0,1000000.0
2018-11-12,1000000.0,1000000.0
2018-11-13,1000000.0,1000000.0
2018-11-14,1000000.0,1000000.0
2018-11-15,1000000.0,1000000.0
2018-11-16,1000000.0,1000000.0
2018-11-19,1000000.0,1000000.0
2018-11-20,1000000.0,1000000.0
2018-11-21,1000000.0,1000000.0
2018-11-22,1000000.0,1000000.0
2018-11-23,1000000.0,1000000.0
2018-11-26,1000000.0,1000000.0
2018-11-27,1000000.0,1000000.0
2018-11-28,1000000.0,1000000.0
2018-11-29,1000000.0,1000000.0
2018-11-30,1000000.0,1000000.0
2018-12-03,1000000.0,1000000.0
2018-12-04,1000000.0,1000000.0
2018-12-05,1000000.0,1000000.0
2018-12-06,1000000.0,1000000.0
2018-12-07,1000000.0,1000000.0
2018-12-10,1000000.0,1000000.0
2018-12-11,1000000.0,1000000.0
2018-12-12,1000000.0,1000000.0
2018-12-13,1000000.0,1000000.0
2018-12-14,1000000.0,1000000.0
2018-12-17,1000000.0,1000000.0
2018-12-18,1000000.0,1000000.0
2018-12-19,1000000.0,1000000.0
2018-12-20,1000000.0,1000000.0
2018-12-21,1000000.0,1000000.0
2018-12-24,1000000.0,1000000.0
2018-12-24,1000000.0,1000000.0
2018-12-26,1000000.0,1000000.0
2018-12-27,1000000.0,1000000.0
2018-12-28,1000000.0,1000000.0
2018-12-31,1000000.0,1000000.0
2018-12-31,1000000.0,1000000.0
2019-01-02,1000000.0,1000000.0
2019-01-03,1000000.0,1000000.0
2019-01-04,1000000.0,1000000.0
2019-01-07,1000000.0,1000000.0
2019-01-08,1000000.0,1000000.0
2019-01-09,1000000.0,1000000.0
2019-01-10,1000000.0,1000000.0
2019-01-11,1000000.0,1000000.0
2019-01-14,1000000.0,1000000.0
2019-01-15,1000000.0,1000000.0
2019-01-16,1000000.0,1000000.0
2019-01-17,1000000.0,1000000.0
2019-01-18,1000000.0,1000000.0
2019-01-21,1000000.0,1000000.0
2019-01-22,1000000.0,1000000.0
2019-01-23,1000000.0,1000000.0
2019-01-24,1000000.0,1000000.0
2019-01-25,1000000.0,1000000.0
2019-01-28,1000000.0,1000000.0
2019-01-29,1000000.0,1000000.0
2019-01-30,1000000.0,1000000.0
2019-01-31,1000000.0,1000000.0
2019-02-01,1000000.0,1000000.0
2019-02-04,1000000.0,1000000.0
2019-02-05,1000000.0,1000000.0
2019-02-06,1000000.0,1000000.0
2019-02-07,1000000.0,1000000.0
2019-02-08,1000000.0,1000000.0
2019-02-11,1000000.0,1000000.0
2019-02-12,1000000.0,1000000.0
2019-02-13,1000000.0,1000000.0
2019-02-14,1000000.0,1000000.0
2019-02-15,1000000.0,1000000.0
2019-02-18,1000000.0,1000000.0
2019-02-19,1000000.0,1000000.0
2019-02-20,1000000.0,1000000.0
2019-02-21,1000000.0,1000000.0
2019-02-22,1000000.0,1000000.0
2019-02-25,1000000.0,1000000.0
2019-02-26,1000000.0,1000000.0
2019-02-27,1000000.0,1000000.0
2019-02-28,1000000.0,1000000.0
2019-03-01,1000000.0,1000000.0
2019-03-04,1000000.0,1000000.0
2019-03-05,1000000.0,1000000.0
2019-03-06,1000000.0,1000000.0
2019-03-07,1000000.0,1000000.0
2019-03-08,1000000.0,1000000.0
2019-03-11,1000000.0,1000000.0
2019-03-12,1000000.0,1000000.0
2019-03-13,1000000.0,1000000.0
2019-03-14,1000000.0,1000000.0
2019-03-15,1000000.0,1000000.0
2019-03-18,1000000.0,1000000.0
2019-03-19,1000000.0,1000000.0
2019-03-20,1000000.0,1000000.0
2019-03-21,1000000.0,1000000.0
2019-03-22,1000000.0,1000000.0
2019-03-25,1000000.0,1000000.0
2019-03-26,1000000.0,1000000.0
2019-03-27,1000000.0,1000000.0
2019-03-28,1000000.0,1000000.0
2019-03-29,1000000.0,1000000.0
2019-04-01,1000000.0,1000000.0
2019-04-02,1000000.0,1000000.0
2019-04-03,1000000.0,1000000.0
2019-04-04,1000000.0,1000000.0
2019-04-05,1000000.0,1000000.0
2019-04-08,1000000.0,1000000.0
2019-04-09,1000000.0,1000000.0
2019-04-10,1000000.0,1000000.0
2019-04-11,1000000.0,1000000.0
2019-04-12,1000000.0,1000000.0
2019-04-15,1000000.0,1000000.0
2019-04-16,1000000.0,1000000.0
2019-04-17,1000000.0,1000000.0
2019-04-18,1000000.0,1000000.0
2019-04-19,1000000.0,1000000.0
2019-04-22,1000000.0,1000000.0
2019-04-22,1000000.0,1000000.0
2019-04-24,1000000.0,1000000.0
2019-04-25,1000000.0,1000000.0
2019-04-26,1000000.0,1000000.0
2019-04-29,1000000.0,1000000.0
2019-04-30,1000000.0,1000000.0
2019-04-30,1000000.0,1000000.0
2019-05-02,1000000.0,1000000.0
2019-05-03,1000000.0,1000000.0
2019-05-06,1000000.0,1000000.0
2019-05-07,1000000.0,1000000.0
2019-05-08,1000000.0,1000000.0
2019-05-09,1000000.0,1000000.0
2019-05-10,1000000.0,1000000.0
2019-05-13,1000000.0,1000000.0
2019-05-14,1000000.0,1000000.0
2019-05-15,1000000.0,1000000.0
2019-05-16,1000000.0,1000000.0
2019-05-17,1000000.0,1000000.0
2019-05-20,1000000.0,1000000.0
2019-05-21,1000000.0,1000000.0
2019-05-22,1000000.0,1000000.0
2019-05-23,1000000.0,1000000.0
2019-05-24,1000000.0,1000000.0
2019-05-27,1000000.0,1000000.0
2019-05-28,1000000.0,1000000.0
2019-05-29,1000000.0,1000000.0
2019-05-30,1000000.0,1000000.0
2019-05-31,1000000.0,1000000.0
2019-06-03,1000000.0,1000000.0
2019-06-03,1000000.0,1000000.0
2019-06-03,1000000.0,1000000.0
2019-06-03,1000000.0,1000000.0
2019-06-07,1000000.0,1000000.0
2019-06-10,1000000.0,1000000.0
2019-06-11,1000000.0,1000000.0
2019-06-12,1000000.0,1000000.0
2019-06-13,1000000.0,1000000.0
2019-06-14,1000000.0,1000000.0
2019-06-17,1000000.0,1000000.0
2019-06-18,1000000.0,1000000.0
2019-06-19,1000000.0,1000000.0
2019-06-20,1000000.0,1000000.0
2019-06-21,1000000.0,1000000.0
2019-06-24,1000000.0,1000000.0
2019-06-25,1000000.0,1000000.0
2019-06-26,1000000.0,1000000.0
2019-06-27,1000000.0,1000000.0
2019-06-28,1000000.0,1000000.0
2019-07-01,1000000.0,1000000.0
2019-07-02,1000000.0,1000000.0
2019-07-03,1000000.0,1000000.0
2019-07-04,1000000.0,1000000.0
2019-07-05,1000000.0,1000000.0
2019-07-08,1000000.0,1000000.0
2019-07-09,1000000.0,1000000.0
2019-07-10,1000000.0,1000000.0
2019-07-11,1000000.0,1000000.0
2019-07-12,1000000.0,1000000.0
2019-07-12,1000000.0,1000000.0
2019-07-16,1000000.0,1000000.0
2019-07-17,1000000.0,1000000.0
2019-07-18,1000000.0,1000000.0
2019-07-19,1000000.0,1000000.0
2019-07-22,1000000.0,1000000.0
2019-07-23,1000000.0,1000000.0
2019-07-24,1000000.0,1000000.0
2019-07-25,1000000.0,1000000.0
2019-07-26,1000000.0,1000000.0
2019-07-29,1000000.0,1000000.0
2019-07-30,1000000.0,1000000.0
2019-07-31,1000000.0,1000000.0
2019-08-01,1000000.0,1000000.0
2019-08-02,1000000.0,1000000.0
2019-08-05,1000000.0,1000000.0
2019-08-06,1000000.0,1000000.0
2019-08-07,1000000.0,1000000.0
2019-08-08,1000000.0,1000000.0
2019-08-09,1000000.0,1000000.0
2019-08-09,1000000.0,1000000.0
2019-08-09,1000000.0,1000000.0
2019-08-09,1000000.0,1000000.0
2019-08-15,1000000.0,1000000.0
2019-08-16,1000000.0,1000000.0
2019-08-19,1000000.0,1000000.0
2019-08-20,1000000.0,1000000.0
2019-08-21,1000000.0,1000000.0
2019-08-22,1000000.0,1000000.0
2019-08-23,1000000.0,1000000.0
2019-08-26,1000000.0,1000000.0
2019-08-27,1000000.0,1000000.0
2019-08-28,1000000.0,1000000.0
2019-08-29,1000000.0,1000000.0
2019-08-29,1000000.0,1000000.0
2019-09-02,1000000.0,1000000.0
2019-09-03,1000000.0,1000000.0
2019-09-04,1000000.0,1000000.0
2019-09-05,1000000.0,1000000.0
2019-09-06,1000000.0,1000000.0
2019-09-09,1000000.0,1000000.0
2019-09-10,1000000.0,1000000.0
2019-09-11,1000000.0,1000000.0
2019-09-12,1000000.0,1000000.0
2019-09-13,1000000.0,1000000.0
2019-09-16,1000000.0,1000000.0
2019-09-17,1000000.0,1000000.0
2019-09-18,1000000.0,1000000.0
2019-09-19,1000000.0,1000000.0
2019-09-20,1000000.0,1000000.0
2019-09-23,1000000.0,1000000.0
2019-09-24,1000000.0,1000000.0
2019-09-25,1000000.0,1000000.0
2019-09-26,1000000.0,1000000.0
2019-09-27,1000000.0,1000000.0
2019-09-30,1000000.0,1000000.0
2019-10-01,1000000.0,1000000.0
2019-10-02,1000000.0,1000000.0
2019-10-03,1000000.0,1000000.0
2019-10-04,1000000.0,1000000.0
2019-10-07,1000000.0,1000000.0
2019-10-08,1000000.0,1000000.0
2019-10-09,1000000.0,1000000.0
2019-10-10,1000000.0,1000000.0
2019-10-11,1000000.0,1000000.0
2019-10-14,1000000.0,1000000.0
2019-10-15,1000000.0,1000000.0
2019-10-16,1000000.0,1000000.0
2019-10-17,1000000.0,1000000.0
2019-10-18,1000000.0,1000000.0
2019-10-21,1000000.0,1000000.0
2019-10-22,1000000.0,1000000.0
2019-10-23,1000000.0,1000000.0
2019-10-24,1000000.0,1000000.0
2019-10-25,1000000.0,1000000.0
2019-10-28,1000000.0,1000000.0
2019-10-30,1000000.0,1000000.0
2019-10-31,1000000.0,1000000.0
2019-11-01,1000000.0,1000000.0
2019-11-04,1000000.0,1000000.0
2019-11-05,1000000.0,1000000.0
2019-11-06,1000000.0,1000000.0
2019-11-07,1000000.0,1000000.0
2019-11-08,1000000.0,1000000.0
2019-11-11,1000000.0,1000000.0
2019-11-12,1000000.0,1000000.0
2019-11-13,1000000.0,1000000.0
2019-11-14,1000000.0,1000000.0
2019-11-15,1000000.0,1000000.0
2019-11-18,1000000.0,1000000.0
2019-11-19,1000000.0,1000000.0
2019-11-20,1000000.0,1000000.0
2019-11-21,1000000.0,1000000.0
2019-11-22,1000000.0,1000000.0
2019-11-25,1000000.0,1000000.0
2019-11-26,1000000.0,1000000.0
2019-11-27,1000000.0,1000000.0
2019-11-28,1000000.0,1000000.0
2019-11-29,1000000.0,1000000.0
2019-12-02,1000000.0,1000000.0
2019-12-03,1000000.0,1000000.0
2019-12-04,1000000.0,1000000.0
2019-12-05,1000000.0,1000000.0
2019-12-06,1000000.0,1000000.0
2019-12-09,1000000.0,1000000.0
2019-12-10,1000000.0,1000000.0
2019-12-11,1000000.0,1000000.0
2019-12-12,1000000.0,1000000.0
2019-12-13,1000000.0,1000000.0
2019-12-16,1000000.0,1000000.0
2019-12-17,1000000.0,1000000.0
2019-12-18,1000000.0,1000000.0
2019-12-19,1000000.0,1000000.0
2019-12-20,1000000.0,1000000.0
2019-12-23,1000000.0,1000000.0
2019-12-24,1000000.0,1000000.0
2019-12-24,1000000.0,1000000.0
2019-12-26,1000000.0,1000000.0
2019-12-27,1000000.0,1000000.0
2019-12-30,1000000.0,1000000.0
2019-12-31,1000000.0,1000000.0
2020-01-02,1000000.0,1000000.0
2020-01-03,1000000.0,1000000.0
2020-01-06,1000000.0,1000000.0
2020-01-07,1000000.0,1000000.0
2020-01-08,1000000.0,1000000.0
2020-01-09,1000000.0,1000000.0
2020-01-10,1000000.0,1000000.0
2020-01-13,1000000.0,1000000.0
2020-01-14,1000000.0,1000000.0
2020-01-15,1000000.0,1000000.0
2020-01-16,1000000.0,1000000.0
2020-01-17,1000000.0,1000000.0
2020-01-20,1000000.0,1000000.0
2020-01-21,1000000.0,1000000.0
2020-01-22,1000000.0,1000000.0
2020-01-23,1000000.0,1000000.0
2020-01-24,1000000.0,1000000.0
2020-01-27,1000000.0,1000000.0
2020-01-28,1000000.0,1000000.0
2020-01-29,1000000.0,1000000.0
2020-01-30,1000000.0,1000000.0
2020-01-31,1000000.0,1000000.0
2020-02-03,1000000.0,1000000.0
2020-02-04,1000000.0,1000000.0
2020-02-05,1000000.0,1000000.0
2020-02-06,1000000.0,1000000.0
2020-02-07,1000000.0,1000000.0
2020-02-10,1000000.0,1000000.0
2020-02-11,1000000.0,1000000.0
2020-02-12,1000000.0,1000000.0
2020-02-13,1000000.0,1000000.0
2020-02-14,1000000.0,1000000.0
2020-02-17,1000000.0,1000000.0
2020-02-18,1000000.0,1000000.0
2020-02-19,1000000.0,1000000.0
2020-02-20,1000000.0,1000000.0
2020-02-21,1000000.0,1000000.0
2020-02-24,1000000.0,1000000.0
2020-02-25,1000000.0,1000000.0
2020-02-26,1000000.0,1000000.0
2020-02-27,1000000.0,1000000.0
2020-02-28,1000000.0,1000000.0
2020-03-02,1000000.0,1000000.0
2020-03-03,1000000.0,1000000.0
2020-03-04,1000000.0,1000000.0
2020-03-05,1000000.0,1000000.0
2020-03-06,1000000.0,1000000.0
2020-03-09,1000000.0,1000000.0
2020-03-10,1000000.0,1000000.0
2020-03-11,1000000.0,1000000.0
2020-03-12,1000000.0,1000000.0
2020-03-13,1000000.0,1000000.0
2020-03-16,1000000.0,1000000.0
2020-03-17,1000000.0,1000000.0
2020-03-18,1000000.0,1000000.0
2020-03-19,1000000.0,1000000.0
2020-03-20,1000000.0,1000000.0
2020-03-23,1000000.0,1000000.0
2020-03-24,1000000.0,1000000.0
2020-03-25,1000000.0,1000000.0
2020-03-26,1000000.0,1000000.0
2020-03-27,1000000.0,1000000.0
2020-03-30,1000000.0,1000000.0
2020-03-31,1000000.0,1000000.0
2020-04-01,1000000.0,1000000.0
2020-04-02,1000000.0,1000000.0
2020-04-03,1000000.0,1000000.0
2020-04-06,1000000.0,1000000.0
2020-04-07,1000000.0,1000000.0
2020-04-08,1000000.0,1000000.0
2020-04-09,1000000.0,1000000.0
2020-04-10,1000000.0,1000000.0
2020-04-13,1000000.0,1000000.0
2020-04-14,1000000.0,1000000.0
2020-04-15,1000000.0,1000000.0
2020-04-16,1000000.0,1000000.0
2020-04-17,1000000.0,1000000.0
2020-04-20,1000000.0,1000000.0
2020-04-21,1000000.0,1000000.0
2020-04-22,1000000.0,1000000.0
2020-04-24,1000000.0,1000000.0
2020-04-27,1000000.0,1000000.0
2020-04-28,1000000.0,1000000.0
2020-04-29,1000000.0,1000000.0
2020-04-30,1000000.0,1000000.0
2020-05-04,1000000.0,1000000.0
2020-05-05,1000000.0,1000000.0
2020-05-06,1000000.0,1000000.0
2020-05-07,1000000.0,1000000.0
2020-05-08,1000000.0,1000000.0
2020-05-11,1000000.0,1000000.0
2020-05-12,1000000.0,1000000.0
2020-05-13,1000000.0,1000000.0
2020-05-14,1000000.0,1000000.0
2020-05-15,1000000.0,1000000.0
2020-05-18,1000000.0,1000000.0
2020-05-20,1000000.0,1000000.0
2020-05-21,1000000.0,1000000.0
2020-05-22,1000000.0,1000000.0
2020-05-27,1000000.0,1000000.0
2020-05-28,1000000.0,1000000.0
2020-05-29,1000000.0,1000000.0
2020-06-01,1000000.0,1000000.0
2020-06-02,1000000.0,1000000.0
2020-06-03,1000000.0,1000000.0
2020-06-04,1000000.0,1000000.0
2020-06-05,1000000.0,1000000.0
2020-06-08,1000000.0,1000000.0
2020-06-09,1000000.0,1000000.0
2020-06-10,1000000.0,1000000.0
2020-06-11,1000000.0,1000000.0
2020-06-12,1000000.0,1000000.0
2020-06-15,1000000.0,1000000.0
2020-06-16,1000000.0,1000000.0
2020-06-17,1000000.0,1000000.0
2020-06-18,1000000.0,1000000.0
2020-06-19,1000000.0,1000000.0
2020-06-22,1000000.0,1000000.0
2020-06-23,1000000.0,1000000.0
2020-06-24,1000000.0,1000000.0
2020-06-25,1000000.0,1000000.0
2020-06-26,1000000.0,1000000.0
2020-06-29,1000000.0,1000000.0
2020-06-30,1000000.0,1000000.0
2020-07-01,1000000.0,1000000.0
2020-07-02,1000000.0,1000000.0
2020-07-03,1000000.0,1000000.0
2020-07-06,1000000.0,1000000.0
2020-07-07,1000000.0,1000000.0
2020-07-08,1000000.0,1000000.0
2020-07-09,1000000.0,1000000.0
2020-07-10,1000000.0,1000000.0
2020-07-13,1000000.0,1000000.0
2020-07-14,1000000.0,1000000.0
2020-07-16,1000000.0,1000000.0
2020-07-17,1000000.0,1000000.0
2020-07-20,1000000.0,1000000.0
2020-07-21,1000000.0,1000000.0
2020-07-22,1000000.0,1000000.0
2020-07-23,1000000.0,1000000.0
2020-07-24,1000000.0,1000000.0
2020-07-27,1000000.0,1000000.0
2020-07-28,1000000.0,1000000.0
2020-07-29,1000000.0,1000000.0
2020-07-30,1000000.0,1000000.0
2020-08-04,1000000.0,1000000.0
2020-08-05,1000000.0,1000000.0
2020-08-06,1000000.0,1000000.0
2020-08-07,1000000.0,1000000.0
2020-08-10,1000000.0,1000000.0
2020-08-11,1000000.0,1000000.0
2020-08-12,1000000.0,1000000.0
2020-08-13,1000000.0,1000000.0
2020-08-14,1000000.0,1000000.0
2020-08-17,1000000.0,1000000.0
2020-08-18,1000000.0,1000000.0
2020-08-19,1000000.0,1000000.0
2020-08-20,1000000.0,1000000.0
2020-08-21,1000000.0,1000000.0
2020-08-24,1000000.0,1000000.0
2020-08-25,1000000.0,1000000.0
2020-08-26,1000000.0,1000000.0
2020-08-27,1000000.0,1000000.0
2020-08-28,1000000.0,1000000.0
2020-08-31,1000000.0,1000000.0
2020-09-01,1000000.0,1000000.0
2020-09-02,1000000.0,1000000.0
2020-09-03,1000000.0,1000000.0
2020-09-04,1000000.0,1000000.0
2020-09-07,1000000.0,1000000.0
2020-09-08,1000000.0,1000000.0
2020-09-09,1000000.0,1000000.0
2020-09-10,1000000.0,1000000.0
2020-09-11,1000000.0,1000000.0
2020-09-14,1000000.0,1000000.0
2020-09-15,1000000.0,1000000.0
2020-09-16,1000000.0,1000000.0
2020-09-17,1000000.0,1000000.0
2020-09-18,1000000.0,1000000.0
2020-09-21,1000000.0,1000000.0
2020-09-22,1000000.0,1000000.0
2020-09-23,1000000.0,1000000.0
2020-09-24,1000000.0,1000000.0
2020-09-25,1000000.0,1000000.0
2020-09-28,1000000.0,1000000.0
2020-09-29,1000000.0,1000000.0
2020-09-30,1000000.0,1000000.0
2020-10-01,1000000.0,1000000.0
2020-10-02,1000000.0,1000000.0
2020-10-05,1000000.0,1000000.0
2020-10-06,1000000.0,1000000.0
2020-10-07,1000000.0,1000000.0
2020-10-08,1000000.0,1000000.0
2020-10-09,1000000.0,1000000.0
2020-10-12,1000000.0,1000000.0
2020-10-13,1000000.0,1000000.0
2020-10-14,1000000.0,1000000.0
2020-10-15,1000000.0,1000000.0
2020-10-16,1000000.0,1000000.0
2020-10-19,1000000.0,1000000.0
2020-10-20,1000000.0,1000000.0
2020-10-21,1000000.0,1000000.0
2020-10-22,1000000.0,1000000.0
2020-10-23,1000000.0,1000000.0
2020-10-26,1000000.0,1000000.0
2020-10-27,1000000.0,1000000.0
2020-10-28,1000000.0,1000000.0
2020-10-30,1000000.0,1000000.0
2020-11-02,1000000.0,1000000.0
2020-11-03,1000000.0,1000000.0
2020-11-04,1000000.0,1000000.0
2020-11-05,1000000.0,1000000.0
2020-11-06,1000000.0,1000000.0
2020-11-09,1000000.0,1000000.0
2020-11-10,1000000.0,1000000.0
2020-11-11,1000000.0,1000000.0
2020-11-12,1000000.0,1000000.0
2020-11-13,1000000.0,1000000.0
2020-11-16,1000000.0,1000000.0
2020-11-17,1000000.0,1000000.0
2020-11-18,1000000.0,1000000.0
2020-11-19,1000000.0,1000000.0
2020-11-20,1000000.0,1000000.0
2020-11-23,1000000.0,1000000.0
2020-11-24,1000000.0,1000000.0
2020-11-25,1000000.0,1000000.0
2020-11-26,1000000.0,1000000.0
2020-11-27,1000000.0,1000000.0
2020-11-30,1000000.0,1000000.0
2020-12-01,1000000.0,1000000.0
2020-12-02,1000000.0,1000000.0
2020-12-03,1000000.0,1000000.0
2020-12-04,1000000.0,1000000.0
2020-12-07,1000000.0,1000000.0
2020-12-08,1000000.0,1000000.0
2020-12-09,1000000.0,1000000.0
2020-12-10,1000000.0,1000000.0
2020-12-11,1000000.0,1000000.0
2020-12-14,1000000.0,1000000.0
2020-12-15,1000000.0,1000000.0
2020-12-16,1000000.0,1000000.0
2020-12-17,1000000.0,1000000.0
2020-12-18,1000000.0,1000000.0
2020-12-21,1000000.0,1000000.0
2020-12-22,1000000.0,1000000.0
2020-12-23,1000000.0,1000000.0
2020-12-24,1000000.0,1000000.0
2020-12-24,1000000.0,1000000.0
2020-12-28,1000000.0,1000000.0
2020-12-29,1000000.0,1000000.0
2020-12-30,1000000.0,1000000.0
2020-12-31,1000000.0,1000000.0
2021-01-04,1000000.0,1000000.0
2021-01-05,1000000.0,1000000.0
2021-01-06,1000000.0,1000000.0
2021-01-07,1000000.0,1000000.0
2021-01-08,1000000.0,1000000.0
2021-01-11,1000000.0,1000000.0
2021-01-12,1000000.0,1000000.0
2021-01-13,1000000.0,1000000.0
2021-01-14,1000000.0,1000000.0
2021-01-15,1000000.0,1000000.0
2021-01-18,1000000.0,1000000.0
2021-01-19,1000000.0,1000000.0
2021-01-20,1000000.0,1000000.0
2021-01-21,1000000.0,1000000.0
2021-01-22,1000000.0,1000000.0
2021-01-25,1000000.0,1000000.0
2021-01-26,1000000.0,1000000.0
2021-01-27,1000000.0,1000000.0
2021-01-28,1000000.0,1000000.0
2021-01-29,1000000.0,1000000.0
2021-02-01,1000000.0,1000000.0
2021-02-02,1000000.0,1000000.0
2021-02-03,1000000.0,1000000.0
2021-02-04,1000000.0,1000000.0
2021-02-05,1000000.0,1000000.0
2021-02-08,1000000.0,1000000.0
2021-02-09,1000000.0,1000000.0
2021-02-10,1000000.0,1000000.0
2021-02-11,1000000.0,1000000.0
2021-02-12,1000000.0,1000000.0
2021-02-15,1000000.0,1000000.0
2021-02-16,1000000.0,1000000.0
2021-02-17,1000000.0,1000000.0
2021-02-18,1000000.0,1000000.0
2021-02-19,1000000.0,1000000.0
2021-02-22,1000000.0,1000000.0
2021-02-23,1000000.0,1000000.0
2021-02-24,1000000.0,1000000.0
2021-02-25,1000000.0,1000000.0
2021-02-26,1000000.0,1000000.0
2021-03-01,1000000.0,1000000.0
2021-03-02,1000000.0,1000000.0
2021-03-03,1000000.0,1000000.0
2021-03-04,1000000.0,1000000.0
2021-03-05,1000000.0,1000000.0
2021-03-08,1000000.0,1000000.0
2021-03-09,1000000.0,1000000.0
2021-03-10,1000000.0,1000000.0
2021-03-11,1000000.0,1000000.0
2021-03-12,1000000.0,1000000.0
2021-03-15,1000000.0,1000000.0
2021-03-16,1000000.0,1000000.0
2021-03-17,1000000.0,1000000.0
2021-03-18,1000000.0,1000000.0
2021-03-19,1000000.0,1000000.0
2021-03-22,1000000.0,1000000.0
2021-03-23,1000000.0,1000000.0
2021-03-24,1000000.0,1000000.0
2021-03-25,1000000.0,1000000.0
2021-03-26,1000000.0,1000000.0
2021-03-29,1000000.0,1000000.0
2021-03-30,1000000.0,1000000.0
2021-03-31,1000000.0,1000000.0
2021-04-01,1000000.0,1000000.0
2021-04-01,1000000.0,1000000.0
2021-04-05,1000000.0,1000000.0
2021-04-06,1000000.0,1000000.0
2021-04-07,1000000.0,1000000.0
2021-04-08,1000000.0,1000000.0
2021-04-09,1000000.0,1000000.0
2021-04-12,1000000.0,1000000.0
2021-04-13,1000000.0,1000000.0
2021-04-14,1000000.0,1000000.0
2021-04-15,1000000.0,1000000.0
2021-04-16,1000000.0,1000000.0
2021-04-19,1000000.0,1000000.0
2021-04-20,1000000.0,1000000.0
2021-04-21,1000000.0,1000000.0
2021-04-22,1000000.0,1000000.0
2021-04-26,1000000.0,1000000.0
2021-04-27,1000000.0,1000000.0
2021-04-28,1000000.0,1000000.0
2021-04-29,1000000.0,1000000.0
2021-04-30,1000000.0,1000000.0
2021-05-03,1000000.0,1000000.0
2021-05-04,1000000.0,1000000.0
2021-05-05,1000000.0,1000000.0
2021-05-06,1000000.0,1000000.0
2021-05-07,1000000.0,1000000.0
2021-05-10,1000000.0,1000000.0
2021-05-11,1000000.0,1000000.0
2021-05-12,1000000.0,1000000.0
2021-05-17,1000000.0,1000000.0
2021-05-18,1000000.0,1000000.0
2021-05-20,1000000.0,1000000.0
2021-05-21,1000000.0,1000000.0
2021-05-24,1000000.0,1000000.0
2021-05-25,1000000.0,1000000.0
2021-05-26,1000000.0,1000000.0
2021-05-27,1000000.0,1000000.0
2021-05-28,1000000.0,1000000.0
2021-05-31,1000000.0,1000000.0
2021-06-01,1000000.0,1000000.0
2021-06-02,1000000.0,1000000.0
2021-06-03,1000000.0,1000000.0
2021-06-04,1000000.0,1000000.0
2021-06-07,1000000.0,1000000.0
2021-06-08,1000000.0,1000000.0
2021-06-09,1000000.0,1000000.0
2021-06-10,1000000.0,1000000.0
2021-06-11,1000000.0,1000000.0
2021-06-14,1000000.0,1000000.0
2021-06-15,1000000.0,1000000.0
2021-06-16,1000000.0,1000000.0
2021-06-17,1000000.0,1000000.0
2021-06-18,1000000.0,1000000.0
2021-06-21,1000000.0,1000000.0
2021-06-22,1000000.0,1000000.0
2021-06-23,1000000.0,1000000.0
2021-06-24,1000000.0,1000000.0
2021-06-25,1000000.0,1000000.0
2021-06-28,1000000.0,1000000.0
2021-06-29,1000000.0,1000000.0
2021-06-30,1000000.0,1000000.0
2021-07-01,1000000.0,1000000.0
2021-07-02,1000000.0,1000000.0
2021-07-05,1000000.0,1000000.0
2021-07-06,1000000.0,1000000.0
2021-07-07,1000000.0,1000000.0
2021-07-08,1000000.0,1000000.0
2021-07-09,1000000.0,1000000.0
2021-07-12,1000000.0,1000000.0
2021-07-13,1000000.0,1000000.0
2021-07-14,1000000.0,1000000.0
2021-07-16,1000000.0,1000000.0
2021-07-19,1000000.0,1000000.0
2021-07-26,1000000.0,1000000.0
2021-07-27,1000000.0,1000000.0
2021-07-28,1000000.0,1000000.0
2021-07-29,1000000.0,1000000.0
2021-07-30,1000000.0,1000000.0
2021-08-02,1000000.0,1000000.0
2021-08-03,1000000.0,1000000.0
2021-08-04,1000000.0,1000000.0
2021-08-05,1000000.0,1000000.0
2021-08-06,1000000.0,1000000.0
2021-08-09,1000000.0,1000000.0
2021-08-10,1000000.0,1000000.0
2021-08-11,1000000.0,1000000.0
2021-08-12,1000000.0,1000000.0
2021-08-13,1000000.0,1000000.0
2021-08-16,1000000.0,1000000.0
2021-08-17,1000000.0,1000000.0
2021-08-18,1000000.0,1000000.0
2021-08-19,1000000.0,1000000.0
2021-08-20,1000000.0,1000000.0
2021-08-23,1000000.0,1000000.0
2021-08-24,1000000.0,1000000.0
2021-08-25,1000000.0,1000000.0
2021-08-26,1000000.0,1000000.0
2021-08-27,1000000.0,1000000.0
2021-08-31,1000000.0,1000000.0
2021-09-01,1000000.0,1000000.0
2021-09-02,1000000.0,1000000.0
2021-09-03,1000000.0,1000000.0
2021-09-06,1000000.0,1000000.0
2021-09-07,1000000.0,1000000.0
2021-09-08,1000000.0,1000000.0
2021-09-09,1000000.0,1000000.0
2021-09-10,1000000.0,1000000.0
2021-09-13,1000000.0,1000000.0
2021-09-14,1000000.0,1000000.0
2021-09-15,1000000.0,1000000.0
2021-09-16,1000000.0,1000000.0
2021-09-17,1000000.0,1000000.0
2021-09-20,1000000.0,1000000.0
2021-09-21,1000000.0,1000000.0
2021-09-22,1000000.0,1000000.0
2021-09-23,1000000.0,1000000.0
2021-09-24,1000000.0,1000000.0
2021-09-27,1000000.0,1000000.0
2021-09-28,1000000.0,1000000.0
2021-09-29,1000000.0,1000000.0
2021-09-30,1000000.0,1000000.0
2021-10-01,1000000.0,1000000.0
2021-10-04,1000000.0,1000000.0
2021-10-05,1000000.0,1000000.0
2021-10-06,1000000.0,1000000.0
2021-10-07,1000000.0,1000000.0
2021-10-08,1000000.0,1000000.0
2021-10-11,1000000.0,1000000.0
2021-10-12,1000000.0,1000000.0
2021-10-13,1000000.0,1000000.0
2021-10-14,1000000.0,1000000.0
2021-10-15,1000000.0,1000000.0
2021-10-18,1000000.0,1000000.0
2021-10-19,1000000.0,1000000.0
2021-10-20,1000000.0,1000000.0
2021-10-21,1000000.0,1000000.0
2021-10-22,1000000.0,1000000.0
2021-10-25,1000000.0,1000000.0
2021-10-26,1000000.0,1000000.0
2021-10-27,1000000.0,1000000.0
2021-10-28,1000000.0,1000000.0
2021-11-01,1000000.0,1000000.0
2021-11-02,1000000.0,1000000.0
2021-11-03,1000000.0,1000000.0
2021-11-04,1000000.0,1000000.0
2021-11-05,1000000.0,1000000.0
2021-11-08,1000000.0,1000000.0
2021-11-09,1000000.0,1000000.0
2021-11-10,1000000.0,1000000.0
2021-11-11,1000000.0,1000000.0
2021-11-12,1000000.0,1000000.0
2021-11-15,1000000.0,1000000.0
2021-11-16,1000000.0,1000000.0
2021-11-17,1000000.0,1000000.0
2021-11-18,1000000.0,1000000.0
2021-11-19,1000000.0,1000000.0
2021-11-22,1000000.0,1000000.0
2021-11-23,1000000.0,1000000.0
2021-11-24,1000000.0,1000000.0
2021-11-25,1000000.0,1000000.0
2021-11-26,1000000.0,1000000.0
2021-11-29,1000000.0,1000000.0
2021-11-30,1000000.0,1000000.0
2021-12-01,1000000.0,1000000.0
2021-12-02,1000000.0,1000000.0
2021-12-03,1000000.0,1000000.0
2021-12-06,1000000.0,1000000.0
2021-12-07,1000000.0,1000000.0
2021-12-08,1000000.0,1000000.0
2021-12-09,1000000.0,1000000.0
2021-12-10,1000000.0,1000000.0
2021-12-13,1000000.0,1000000.0
2021-12-14,1000000.0,1000000.0
2021-12-15,1000000.0,1000000.0
2021-12-16,1000000.0,1000000.0
2021-12-17,1000000.0,1000000.0
2021-12-20,1000000.0,1000000.0
2021-12-21,1000000.0,1000000.0
2021-12-22,1000000.0,1000000.0
2021-12-23,1000000.0,1000000.0
2021-12-24,1000000.0,1000000.0
2021-12-27,1000000.0,1000000.0
2021-12-28,1000000.0,1000000.0
2021-12-29,1000000.0,1000000.0
2021-12-30,1000000.0,1000000.0
2021-12-31,1000000.0,1000000.0
2022-01-03,1000000.0,1000000.0
2022-01-04,1000000.0,1000000.0
2022-01-05,1000000.0,1000000.0
2022-01-06,1000000.0,1000000.0
2022-01-07,1000000.0,1000000.0
2022-01-10,1000000.0,1000000.0
2022-01-11,1000000.0,1000000.0
2022-01-12,1000000.0,1000000.0
2022-01-13,1000000.0,1000000.0
2022-01-14,1000000.0,1000000.0
2022-01-17,1000000.0,1000000.0
2022-01-18,1000000.0,1000000.0
2022-01-19,1000000.0,1000000.0
2022-01-20,1000000.0,1000000.0
2022-01-21,1000000.0,1000000.0
2022-01-24,1000000.0,1000000.0
2022-01-25,1000000.0,1000000.0
2022-01-26,1000000.0,1000000.0
2022-01-27,1000000.0,1000000.0
2022-01-28,1000000.0,1000000.0
2022-01-31,1000000.0,1000000.0
2022-02-01,1000000.0,1000000.0
2022-02-02,1000000.0,1000000.0
2022-02-03,1000000.0,1000000.0
2022-02-04,1000000.0,1000000.0
2022-02-07,1000000.0,1000000.0
2022-02-08,1000000.0,1000000.0
2022-02-09,1000000.0,1000000.0
2022-02-10,1000000.0,1000000.0
2022-02-11,1000000.0,1000000.0
2022-02-14,1000000.0,1000000.0
2022-02-15,1000000.0,1000000.0
2022-02-16,1000000.0,1000000.0
2022-02-17,1000000.0,1000000.0
2022-02-18,1000000.0,1000000.0
2022-02-21,1000000.0,1000000.0
2022-02-22,1000000.0,1000000.0
2022-02-23,1000000.0,1000000.0
2022-02-24,1000000.0,1000000.0
2022-02-25,1000000.0,1000000.0
2022-02-28,1000000.0,1000000.0
2022-03-01,1000000.0,1000000.0
2022-03-02,1000000.0,1000000.0
2022-03-03,1000000.0,1000000.0
2022-03-04,1000000.0,1000000.0
2022-03-07,1000000.0,1000000.0
2022-03-08,1000000.0,1000000.0
2022-03-09,1000000.0,1000000.0
2022-03-10,1000000.0,1000000.0
2022-03-11,1000000.0,1000000.0
2022-03-14,1000000.0,1000000.0
2022-03-15,1000000.0,1000000.0
2022-03-16,1000000.0,1000000.0
2022-03-17,1000000.0,1000000.0
2022-03-18,1000000.0,1000000.0
2022-03-21,1000000.0,1000000.0
2022-03-22,1000000.0,1000000.0
2022-03-23,1000000.0,1000000.0
2022-03-24,1000000.0,1000000.0
2022-03-25,1000000.0,1000000.0
2022-03-28,1000000.0,1000000.0
2022-03-29,1000000.0,1000000.0
2022-03-30,1000000.0,1000000.0
2022-03-31,1000000.0,1000000.0
2022-04-01,1000000.0,1000000.0
2022-04-04,698680.1258057822,1006299.9851868618
2022-04-05,698680.1258057822,1004882.8059877623
2022-04-06,698680.1258057822,1007672.9718158711
2022-04-07,698680.1258057822,1010778.5344524849
2022-04-08,698680.1258057822,1014382.4561101664
2022-04-11,698680.1258057822,1017856.8469169606
2022-04-12,698680.1258057822,1016123.549660014
2022-04-13,698680.1258057822,1018352.833440112
2022-04-14,698680.1258057822,1022923.0526738632
2022-04-15,698680.1258057822,1023656.8083825577
2022-04-18,698680.1258057822,1027166.3327787388
2022-04-19,698680.1258057822,1027828.1450151671
2022-04-20,698680.1258057822,1026797.5516685713
2022-04-21,698680.1258057822,1029241.0963753927
2022-04-22,698680.1258057822,1015681.5441405047
2022-04-25,698680.1258057822,1016588.1686941851
2022-04-26,698680.1258057822,1014801.5183836687
2022-04-27,698680.1258057822,1011666.4633115996
2022-04-28,698680.1258057822,1015430.2299164999
2022-04-29,698680.1258057822,1010688.788768338
2022-05-05,698680.1258057822,1012272.4912500847
2022-05-06,698680.1258057822,1008693.9334068764
2022-05-09,698680.1258057822,1007866.236400174
2022-05-10,698680.1258057822,1011183.9180589188
2022-05-11,698680.1258057822,1005435.6233586539
2022-05-12,698680.1258057822,998953.7349328268
2022-05-13,698680.1258057822,1005773.662315296
2022-05-16,698680.1258057822,1014199.5764587391
2022-05-17,698680.1258057822,1016070.5572937
2022-05-18,698680.1258057822,1018788.7859848011
2022-05-20,698680.1258057822,1014082.4090912808
2022-05-23,698680.1258057822,1014720.7139703501
2022-05-24,698680.1258057822,1016312.8444310892
2022-05-25,698680.1258057822,1013831.2930337656
2022-05-26,698680.1258057822,1015569.7293030489
2022-05-27,698680.1258057822,1016760.3226620425
2022-05-30,698680.1258057822,1018150.5250518788
2022-05-31,698680.1258057822,1012236.1115594376
2022-06-01,698680.1258057822,1008800.3138614167
2022-06-02,698680.1258057822,1009253.5016886462
2022-06-03,698680.1258057822,1010177.0622098912
2022-06-06,698680.1258057822,1014831.413726138
2022-06-07,698680.1258057822,1012429.8630519379
2022-06-08,698680.1258057822,1001940.2201986779
2022-06-09,698680.1258057822,1004640.7821482886
2022-06-10,698680.1258057822,999908.467617916
2022-06-13,698680.1258057822,995737.7726115454
2022-06-14,698680.1258057822,995563.0420148838
2022-06-15,698680.1258057822,994500.5263492335
2022-06-16,698680.1258057822,990094.0994440783
2022-06-17,698680.1258057822,992562.6510062683
2022-06-20,698680.1258057822,990771.9604731072
2022-06-21,698680.1258057822,993241.1709609497
2022-06-22,698680.1258057822,998579.1822906006
2022-06-23,698680.1258057822,998596.7886238564
2022-06-24,698680.1258057822,996059.4010121096
2022-06-27,698680.1258057822,991696.993741082
2022-06-28,698680.1258057822,988300.4534565676
2022-06-29,698680.1258057822,979332.4876199234
2022-06-30,698680.1258057822,976442.9030213822
2022-07-01,698680.1258057822,980788.0848141182
2022-07-04,599540.7289990877,978841.3775690292
2022-07-05,599540.7289990877,969456.5397641157
2022-07-06,599540.7289990877,975386.6235733723
2022-07-07,599540.7289990877,976437.2225518917
2022-07-08,599540.7289990877,977956.8026816343
2022-07-13,599540.7289990877,973350.2829353308
2022-07-14,599540.7289990877,974512.3330016827
2022-07-18,599540.7289990877,991948.2305466627
2022-07-19,599540.7289990877,1001986.2149722074
2022-07-20,599540.7289990877,1000081.9903127644
2022-07-21,599540.7289990877,1001437.0096785519
2022-07-22,599540.7289990877,1001136.1716806386
2022-07-25,599540.7289990877,1002358.8539279196
2022-07-26,599540.7289990877,1003264.9647057747
2022-07-27,599540.7289990877,1007212.8856470082
2022-07-28,599540.7289990877,1012913.2618060801
2022-07-29,599540.7289990877,1014483.8744445537
2022-08-01,599540.7289990877,1029277.0034023022
2022-08-02,599540.7289990877,1021346.1059269403
2022-08-03,599540.7289990877,1024426.074552605
2022-08-04,599540.7289990877,1030310.0554323887
2022-08-05,599540.7289990877,1032512.318158338
2022-08-08,599540.7289990877,1036651.1148330664
2022-08-09,599540.7289990877,1034423.1592952703
2022-08-10,599540.7289990877,1041153.80827255
2022-08-11,599540.7289990877,1038456.137434194
2022-08-12,599540.7289990877,1047275.452166984
2022-08-15,599540.7289990877,1050762.518286178
2022-08-16,599540.7289990877,1050712.7939767335
2022-08-17,599540.7289990877,1053924.6464315152
2022-08-18,599540.7289990877,1059947.891700456
2022-08-19,599540.7289990877,1067425.9317258094
2022-08-22,599540.7289990877,1069108.138149092
2022-08-23,599540.7289990877,1073733.6103939507
2022-08-24,599540.7289990877,1070778.104446838
2022-08-25,599540.7289990877,1081631.328430841
2022-08-26,599540.7289990877,1082409.0741508696
2022-08-29,599540.7289990877,1098439.9836741183
2022-08-31,599540.7289990877,1100985.7351065371
2022-09-01,599540.7289990877,1104724.287604401
2022-09-02,599540.7289990877,1113085.0178718064
2022-09-05,599540.7289990877,1120773.1964188311
2022-09-06,599540.7289990877,1119352.3081589434
2022-09-07,599540.7289990877,1124505.8708629105
2022-09-08,599540.7289990877,1119764.4633016083
2022-09-09,599540.7289990877,1119766.432896087
2022-09-12,599540.7289990877,1138826.0916747544
2022-09-13,599540.7289990877,1111556.5387927983
2022-09-14,599540.7289990877,1112749.1438924763
2022-09-15,599540.7289990877,1120305.0274373982
2022-09-16,599540.7289990877,1118117.3247718308
2022-09-19,599540.7289990877,1102844.8320376372
2022-09-20,599540.7289990877,1107319.167173097
2022-09-21,599540.7289990877,1110965.2633614037
2022-09-22,599540.7289990877,1114287.572282264
2022-09-23,599540.7289990877,1126839.3938974831
2022-09-26,599540.7289990877,1116806.7468668912
2022-09-27,599540.7289990877,1127639.598504493
2022-09-28,599540.7289990877,1120214.7573217843
2022-09-29,599540.7289990877,1105725.8058924172
2022-09-30,599540.7289990877,1106869.1187934373
2022-10-03,599540.7289990877,1124342.3301364873
2022-10-04,599540.7289990877,1142522.2459272835
2022-10-05,599540.7289990877,1146110.8374235127
2022-10-06,599540.7289990877,1161330.5883278344
2022-10-07,599540.7289990877,1176099.8947174046
2022-10-10,599540.7289990877,1173229.5290493462
2022-10-11,599540.7289990877,1179034.8611320946
2022-10-12,599540.7289990877,1168607.4608427975
2022-10-13,599540.7289990877,1164929.369305322
2022-10-14,599540.7289990877,1171388.0116859172
2022-10-17,599540.7289990877,1193033.282733867
2022-10-18,599540.7289990877,1191574.9979595637
2022-10-19,599540.7289990877,1200707.6247770283
2022-10-20,599540.7289990877,1210780.9110359643
2022-10-21,599540.7289990877,1210189.370217273
2022-10-24,599540.7289990877,1221453.1288580392
2022-10-25,599540.7289990877,1215249.9195241425
2022-10-26,599540.7289990877,1225570.8109602425
2022-10-27,599540.7289990877,1227569.855870435
2022-10-28,599540.7289990877,1231466.5415379498
2022-10-31,599540.7289990877,1240909.0177962277
2022-11-01,599540.7289990877,1260834.4328119254
2022-11-02,599540.7289990877,1275253.3821508382
2022-11-03,599540.7289990877,1279362.5731262658
2022-11-04,599540.7289990877,1301626.7723538373
2022-11-07,599540.7289990877,1305381.2730209325
2022-11-08,599540.7289990877,1320914.057415435
2022-11-09,599540.7289990877,1323173.8976141904
2022-11-10,599540.7289990877,1348236.2850038505
2022-11-11,599540.7289990877,1361843.0642969105
2022-11-14,599540.7289990877,1386955.0680272076
2022-11-15,599540.7289990877,1386838.3338379357
2022-11-16,599540.7289990877,1381636.4158174489
2022-11-17,599540.7289990877,1362833.4018856976
2022-11-18,599540.7289990877,1396101.0700866673
2022-11-21,599540.7289990877,1407588.0003056023
2022-11-22,599540.7289990877,1417332.2601756547
2022-11-23,599540.7289990877,1422638.6766871903
2022-11-24,599540.7289990877,1439457.319266746
2022-11-25,599540.7289990877,1447413.3481692765
2022-11-28,599540.7289990877,1467215.8052312825
2022-11-29,599540.7289990877,1460637.4198364709
2022-11-30,599540.7289990877,1479632.744006822
2022-12-01,599540.7289990877,1487106.936333606
2022-12-02,599540.7289990877,1474417.6938178036
2022-12-05,599540.7289990877,1478356.5951179955
2022-12-06,599540.7289990877,1498335.3832332585
2022-12-07,599540.7289990877,1471748.1171361897
2022-12-08,599540.7289990877,1487509.564033458
2022-12-09,599540.7289990877,1484460.3789371941
2022-12-12,599540.7289990877,1509022.544498155
2022-12-13,599540.7289990877,1523137.9371506665
2022-12-14,599540.7289990877,1492508.5887608025
2022-12-15,599540.7289990877,1505957.1390234923
2022-12-16,599540.7289990877,1504259.0610558484
2022-12-19,599540.7289990877,1497926.1756305192
2022-12-20,599540.7289990877,1494294.6599385235
2022-12-21,599540.7289990877,1492349.2958633397
2022-12-22,599540.7289990877,1500663.3303939796
2022-12-23,599540.7289990877,1493888.90157027
2022-12-26,599540.7289990877,1507528.5535156224
2022-12-27,599540.7289990877,1479477.7959012485
2022-12-28,599540.7289990877,1449028.0340637658
2022-12-29,599540.7289990877,1456472.467725942
2022-12-30,599540.7289990877,1466680.5570215676
2023-01-02,599540.7289990877,1494237.5322613213
2023-01-03,599540.7289990877,1505654.4087378478
2023-01-04,599540.7289990877,1511711.0276669953
2023-01-05,599540.7289990877,1478884.4359461758
2023-01-06,599540.7289990877,1493559.163526008
2023-01-09,599540.7289990877,1485636.930371711
2023-01-10,599540.7289990877,1464961.8417806122
2023-01-11,599540.7289990877,1429699.6005725358
2023-01-12,599540.7289990877,1434502.4067024682
2023-01-13,599540.7289990877,1439477.254122207
2023-01-16,599540.7289990877,1468542.0122289155
2023-01-17,599540.7289990877,1494275.8058223221
2023-01-18,599540.7289990877,1495296.5180863831
2023-01-19,599540.7289990877,1497216.887462566
2023-01-20,599540.7289990877,1507100.6122636292
2023-01-23,599540.7289990877,1506450.9333838916
2023-01-24,599540.7289990877,1493470.6964716408
2023-01-25,599540.7289990877,1486659.7436441872
2023-01-26,599540.7289990877,1470742.2723378632
2023-01-27,599540.7289990877,1460454.3664993737
2023-01-30,599540.7289990877,1452886.8672699425
2023-01-31,599540.7289990877,1433894.7246973012
2023-02-01,599540.7289990877,1391104.4412497971
2023-02-02,599540.7289990877,1399784.963975856
2023-02-03,599540.7289990877,1430368.682531068
2023-02-06,599540.7289990877,1404739.0406174157
2023-02-07,599540.7289990877,1360464.068649957
2023-02-08,599540.7289990877,1310091.517149398
2023-02-15,599540.7289990877,1416101.1086608863
2023-02-16,599540.7289990877,1393788.3253223395
2023-02-17,599540.7289990877,1383393.2727610564
2023-02-20,599540.7289990877,1414834.3544895146
2023-02-21,599540.7289990877,1412828.1134376023
2023-02-22,599540.7289990877,1403552.6736316178
2023-02-23,599540.7289990877,1420389.714698026
2023-02-24,599540.7289990877,1410656.2749645207
2023-02-27,599540.7289990877,1412851.5921327567
2023-02-28,599540.7289990877,1415088.2153436635
2023-03-01,599540.7289990877,1420728.3211054301
2023-03-02,599540.7289990877,1422417.7052778695
2023-03-03,599540.7289990877,1421773.553317735
2023-03-06,599540.7289990877,1446448.0244323704
2023-03-07,599540.7289990877,1443996.3924178574
2023-03-08,599540.7289990877,1465019.0229377244
2023-03-09,599540.7289990877,1465872.986186931
2023-03-10,599540.7289990877,1473278.9501733277
2023-03-13,599540.7289990877,1461605.75605149
2023-03-14,599540.7289990877,1445954.081643531
2023-03-15,599540.7289990877,1421409.4572863076
2023-03-16,599540.7289990877,1417628.9223679993
2023-03-17,599540.7289990877,1416677.246256778
2023-03-20,599540.7289990877,1407219.7516698334
2023-03-21,599540.7289990877,1407136.6269597504
2023-03-22,599540.7289990877,1414315.8945893738
2023-03-23,599540.7289990877,1419448.283015201
2023-03-24,599540.7289990877,1409318.4553501105
2023-03-27,599540.7289990877,1414595.858916471
2023-03-28,599540.7289990877,1400164.8169033027
2023-03-29,599540.7289990877,1403587.5013484454
2023-03-30,599540.7289990877,1408760.4417576287
2023-03-31,599540.7289990877,1404293.0009793735
2023-04-03,599540.7289990877,1406461.4666146731
2023-04-04,406828.40010365966,1432644.186567397
2023-04-05,406828.40010365966,1431889.2847381544
2023-04-06,406828.40010365966,1435415.0594201994
2023-04-07,406828.40010365966,1436643.6378761244
2023-04-10,406828.40010365966,1458436.6686631155
2023-04-11,406828.40010365966,1471464.3827949476
2023-04-12,406828.40010365966,1484413.5125089597
2023-04-13,406828.40010365966,1494092.4759593916
2023-04-14,406828.40010365966,1494591.9153667402
2023-04-17,406828.40010365966,1480355.9133068037
2023-04-18,406828.40010365966,1486955.9475551557
2023-04-19,406828.40010365966,1494178.7945328665
2023-04-20,406828.40010365966,1504506.095213027
2023-04-24,406828.40010365966,1519138.4680887174
2023-04-25,406828.40010365966,1483833.9242635677
2023-04-26,406828.40010365966,1468001.246338458
2023-04-27,406828.40010365966,1454942.861192317
2023-04-28,406828.40010365966,1408462.854195447
2023-05-02,406828.40010365966,1370956.614539237
2023-05-03,383999.5660677393,1356420.8845491845
2023-05-04,383999.5660677393,1370765.365414663
2023-05-05,383999.5660677393,1363991.2155886132
2023-05-08,383999.5660677393,1381959.1103792626
2023-05-09,383999.5660677393,1395802.5068026024
2023-05-10,383999.5660677393,1399522.410222097
2023-05-11,383999.5660677393,1468442.3383837184
2023-05-12,383999.5660677393,1445372.9043627223
2023-05-15,383999.5660677393,1407049.7010927636
2023-05-16,383999.5660677393,1457770.995862051
2023-05-17,383999.5660677393,1489619.6778231105
2023-05-18,383999.5660677393,1464877.313740774
2023-05-22,383999.5660677393,1464390.8734255275
2023-05-23,383999.5660677393,1444016.4371843776
2023-05-24,383999.5660677393,1446386.5288057765
2023-05-25,383999.5660677393,1463037.8252840475
2023-05-26,383999.5660677393,1494789.21941094
2023-05-29,383999.5660677393,1531997.462002798
2023-05-30,383999.5660677393,1570613.781163259
2023-05-31,383999.5660677393,1576015.9273043112
2023-06-01,383999.5660677393,1604930.8727236227
2023-06-02,380903.0130146656,1623881.8188370378
2023-06-05,380903.0130146656,1688787.1845348985
2023-06-06,380903.0130146656,1681512.7837742479
2023-06-07,380903.0130146656,1739635.6168583543
2023-06-08,380903.0130146656,1745088.3751934678
2023-06-09,380903.0130146656,1791789.2390049607
2023-06-12,380903.0130146656,1781822.555571428
2023-06-13,380903.0130146656,1737867.1221321733
2023-06-14,380903.0130146656,1744473.9172905595
2023-06-15,380903.0130146656,1767595.071349016
2023-06-16,380903.0130146656,1764624.2462834031
2023-06-19,380903.0130146656,1716684.6964787156
2023-06-20,380903.0130146656,1700382.9365490586
2023-06-21,380903.0130146656,1677717.782090059
2023-06-22,380903.0130146656,1771715.874071947
2023-06-23,380903.0130146656,1824303.9050892503
2023-06-26,380903.0130146656,1861997.3370960862
2023-06-27,380903.0130146656,1884367.246538988
2023-07-03,380903.0130146656,1966854.6141880665
2023-07-04,453773.5463237664,1938400.885931005
2023-07-05,453773.5463237664,1968822.5092944999
2023-07-06,453773.5463237664,1995710.4583301444
2023-07-07,453773.5463237664,2021236.711107244
2023-07-10,453773.5463237664,2040464.901330938
2023-07-11,453773.5463237664,2040199.0232028863
2023-07-12,453773.5463237664,2027777.6823100944
2023-07-13,453773.5463237664,2031220.5457096
2023-07-14,453773.5463237664,2069557.2206287289
2023-07-17,453773.5463237664,2106275.7517146966
2023-07-18,453773.5463237664,2060951.1707172296
2023-07-19,453773.5463237664,2125884.7905788324
2023-07-20,453773.5463237664,2165244.8632259266
2023-07-21,453773.5463237664,2192559.015737524
2023-07-24,453773.5463237664,2201763.963430395
2023-07-25,453773.5463237664,2196653.802873601
2023-07-26,453773.5463237664,2236205.2596568963
2023-07-27,453773.5463237664,2267495.424146642
2023-07-28,453773.5463237664,2329222.413164129
2023-07-31,453773.5463237664,2375884.3440074823
2023-08-01,453773.5463237664,2345383.183210363
2023-08-02,453773.5463237664,2372614.774610509
2023-08-03,453773.5463237664,2387526.1320056817
2023-08-04,453773.5463237664,2448426.4878826044
2023-08-07,453773.5463237664,2502122.521341314
2023-08-08,453773.5463237664,2479713.2158565423
2023-08-09,453773.5463237664,2511194.203424444
2023-08-10,453773.5463237664,2504743.4204311273
2023-08-11,453773.5463237664,2606254.1781139276
2023-08-14,453773.5463237664,2600707.40489768
2023-08-15,453773.5463237664,2575380.5641269586
2023-08-16,453773.5463237664,2596222.833185186
2023-08-17,453773.5463237664,2620418.3006687067
2023-08-18,453773.5463237664,2552540.7709178827
2023-08-21,453773.5463237664,2664115.1600856683
2023-08-22,453773.5463237664,2760808.409334173
2023-08-23,453773.5463237664,2712187.4199123285
2023-08-24,453773.5463237664,2634787.080236425
2023-08-25,453773.5463237664,2731737.0770702264
2023-08-28,453773.5463237664,2802569.219507207
2023-08-29,453773.5463237664,2856796.0765132806
2023-08-31,453773.5463237664,2989839.7958202264
2023-09-01,453773.5463237664,3095603.4507808588
2023-09-04,648266.3336717981,3152285.8357164757
2023-09-05,648266.3336717981,3070673.8327448266
2023-09-06,648266.3336717981,3002722.390514602
2023-09-07,648266.3336717981,3076621.3126079934
2023-09-08,648266.3336717981,3038441.9426348107
2023-09-11,648266.3336717981,2964354.894689788
2023-09-12,648266.3336717981,3019694.6160499947
2023-09-13,648266.3336717981,2931872.098265876
2023-09-14,648266.3336717981,3001639.4665853875
2023-09-15,648266.3336717981,3033527.5730030434
2023-09-18,648266.3336717981,2981005.379006614
2023-09-19,648266.3336717981,2950067.821261634
2023-09-20,648266.3336717981,2955863.446086158
2023-09-21,648266.3336717981,3034735.5674660103
2023-09-22,648266.3336717981,3042637.89576744
2023-09-25,648266.3336717981,3085488.2674047844
2023-09-26,648266.3336717981,3057153.778873672
2023-09-27,648266.3336717981,3033256.3819038766
2023-09-28,648266.3336717981,3026016.036027183
2023-09-29,648266.3336717981,3028726.709995498
2023-10-02,648266.3336717981,3104474.752879371
2023-10-03,881867.2593380511,3121303.631269127
2023-10-04,881867.2593380511,3077966.991362244
2023-10-05,881867.2593380511,3091340.707274109
2023-10-06,881867.2593380511,3163616.3827797472
2023-10-09,881867.2593380511,3047161.901755005
2023-10-10,881867.2593380511,3168666.1312243044
2023-10-11,881867.2593380511,3206903.177486092
2023-10-12,881867.2593380511,3283698.015698105
2023-10-13,881867.2593380511,3259462.424894005
2023-10-16,881867.2593380511,3134759.996486336
2023-10-17,881867.2593380511,3266417.6573521197
2023-10-18,881867.2593380511,3181848.8830038607
2023-10-19,881867.2593380511,3236580.01061216
2023-10-20,881867.2593380511,3130851.2691957057
2023-10-23,881867.2593380511,3180687.3318831027
2023-10-24,881867.2593380511,3242083.089451462
2023-10-25,881867.2593380511,3083120.8994003832
2023-10-26,881867.2593380511,3237820.064927727
2023-10-27,881867.2593380511,3208883.860455185
2023-10-30,881867.2593380511,3201116.0844070017
2023-10-31,881867.2593380511,3123803.9195219576
2023-11-01,881867.2593380511,3057682.873797089
2023-11-02,842581.9434927952,3124573.7697142614
2023-11-03,842581.9434927952,3107989.465499784
2023-11-06,842581.9434927952,3090849.817653562
2023-11-07,842581.9434927952,3073776.8411044134
2023-11-08,842581.9434927952,3042435.4307335867
2023-11-09,842581.9434927952,3048655.2571667684
2023-11-10,842581.9434927952,3021110.6883238805
2023-11-13,842581.9434927952,2941066.8278540624
2023-11-14,842581.9434927952,2934139.6783541692
2023-11-15,842581.9434927952,2907940.036518003
2023-11-16,842581.9434927952,2912795.4523495687
2023-11-17,842581.9434927952,2934111.6606873525
2023-11-20,842581.9434927952,3031591.738257314
2023-11-21,842581.9434927952,2986228.5625418676
2023-11-22,842581.9434927952,2971805.2801884664
2023-11-23,842581.9434927952,2957611.8020180715
2023-11-24,842581.9434927952,2978595.121230985
2023-11-27,842581.9434927952,2968785.790754224
2023-11-28,842581.9434927952,2932973.2973765386
2023-11-29,842581.9434927952,2874226.1870974554
2023-11-30,842581.9434927952,2858024.187610532
2023-12-01,842581.9434927952,2855322.4656523718
2023-12-04,803985.0125732663,2847046.22422173
2023-12-05,803985.0125732663,2823353.0072307824
2023-12-06,803985.0125732663,2776366.794072175
2023-12-07,803985.0125732663,2802395.7088613748
2023-12-08,803985.0125732663,2824456.2315917253
2023-12-11,803985.0125732663,2759990.492535138
2023-12-12,803985.0125732663,2751607.647595906
2023-12-13,803985.0125732663,2679036.2936320542
2023-12-14,803985.0125732663,2718781.4358291863
2023-12-15,803985.0125732663,2778906.621482873
2023-12-18,803985.0125732663,2701040.4068246125
2023-12-19,803985.0125732663,2697374.6031704186
2023-12-20,803985.0125732663,2618515.772669816
2023-12-21,803985.0125732663,2642123.590402627
2023-12-22,803985.0125732663,2600537.748184705
2023-12-22,803985.0125732663,2501016.227217221
2023-12-26,803985.0125732663,2559606.7475562333
2023-12-27,803985.0125732663,2548566.666304135
2023-12-28,803985.0125732663,2617226.1566434144
2023-12-29,803985.0125732663,2677091.4122362374
2024-01-02,803985.0125732663,2750855.3160848855
2024-01-03,853579.2804236438,2715156.2246861486
2024-01-04,853579.2804236438,2723494.513709548
2024-01-05,853579.2804236438,2738176.309954169
2024-01-08,853579.2804236438,2753656.4984173803
2024-01-09,853579.2804236438,2714183.846691611
2024-01-10,853579.2804236438,2733200.2324900655
2024-01-11,853579.2804236438,2729903.0631604223
2024-01-12,853579.2804236438,2743760.787179473
2024-01-15,853579.2804236438,2752211.8243098287
2024-01-16,853579.2804236438,2732645.446319106
2024-01-17,853579.2804236438,2720147.977126601
2024-01-18,853579.2804236438,2718614.4813952474
2024-01-19,853579.2804236438,2731000.434366706
2024-01-22,853579.2804236438,2718873.097295287
2024-01-23,853579.2804236438,2686562.756394866
2024-01-24,853579.2804236438,2704706.6479258565
2024-01-25,853579.2804236438,2761043.5743689565
2024-01-26,853579.2804236438,2775309.183532241
2024-01-29,853579.2804236438,2807308.1968894033
2024-01-30,853579.2804236438,2831135.8006701497
2024-01-31,853579.2804236438,2839980.1728796987
2024-02-01,853579.2804236438,2882962.587567809
2024-02-02,1008519.6778658752,2876379.578777206
2024-02-05,1008519.6778658752,2898919.9007929685
2024-02-06,1008519.6778658752,2890549.727842224
2024-02-07,1008519.6778658752,2861066.593696487
2024-02-08,1008519.6778658752,2923919.1239117505
2024-02-09,1008519.6778658752,2922201.516565216
2024-02-12,1008519.6778658752,2952479.6804856183
2024-02-13,1008519.6778658752,2924868.1055582883
2024-02-14,1008519.6778658752,2926130.917462242
2024-02-15,1008519.6778658752,2993114.061615837
2024-02-16,1008519.6778658752,3000153.9774416806
2024-02-19,1008519.6778658752,3013189.0338190915
2024-02-20,1008519.6778658752,3017354.1479262235
2024-02-21,1008519.6778658752,3004438.767325294
2024-02-22,1008519.6778658752,3012380.466430557
2024-02-23,1008519.6778658752,3021354.6577032926
2024-02-26,1008519.6778658752,3022454.3328169705
2024-02-27,1008519.6778658752,2979422.393224609
2024-02-28,1008519.6778658752,2962911.392780197
2024-02-29,1008519.6778658752,3021578.931847465
2024-03-01,1008519.6778658752,3034722.102121246
2024-03-04,1007742.068647349,2956741.9083671216
2024-03-05,1007742.068647349,2956280.8539580945
2024-03-06,1007742.068647349,2898337.990373576
2024-03-07,1007742.068647349,2976923.1223353986
2024-03-08,1007742.068647349,2981066.9740790967
2024-03-11,1007742.068647349,2977435.131446803
2024-03-12,1007742.068647349,2959697.7507762555
2024-03-13,1007742.068647349,2945197.502065623
2024-03-14,1007742.068647349,2963087.304492915
2024-03-15,1007742.068647349,2951949.973812068
2024-03-18,1007742.068647349,2898812.982446635
2024-03-19,1007742.068647349,2939353.0099792127
2024-03-20,1007742.068647349,2958675.3312492017
2024-03-21,1007742.068647349,3018813.6208190564
2024-03-22,1007742.068647349,3025574.930082286
2024-03-25,1007742.068647349,2973996.0692767743
2024-03-26,1007742.068647349,2926061.502001727
2024-03-27,1007742.068647349,2926534.6030187253
2024-03-28,1007742.068647349,2971631.7201823834
2024-03-29,1007742.068647349,3001372.5346240643
2024-04-01,1007742.068647349,3012564.853421176
2024-04-02,1048036.0023105295,2990027.413121
2024-04-03,1048036.0023105295,2967429.6343963295
2024-04-04,1048036.0023105295,2977431.8215739876
2024-04-05,1048036.0023105295,3059525.4676425606
2024-04-08,1048036.0023105295,3129788.6460101753
2024-04-09,1048036.0023105295,3129788.6460101753
2024-04-15,1048036.0023105295,3166433.653433576
2024-04-16,1048036.0023105295,3140986.2847201973
2024-04-17,1048036.0023105295,3178931.2363746315
2024-04-18,1048036.0023105295,3193801.9462440163
2024-04-19,1048036.0023105295,3205486.429993406
2024-04-22,1048036.0023105295,3174501.193167463
2024-04-24,1048036.0023105295,3153182.7915828377
2024-04-25,1048036.0023105295,3166771.981640592
2024-04-26,1048036.0023105295,3172133.6879832894
2024-04-29,1048036.0023105295,3181658.692576185
2024-04-30,1048036.0023105295,3176242.4696014076
2024-05-02,1048036.0023105295,3177816.560377851
2024-05-03,1048734.3570074555,3188483.045258951
2024-05-06,1048734.3570074555,3200177.278087091
2024-05-07,1048734.3570074555,3202085.4056162355
2024-05-08,1048734.3570074555,3223005.369058084
2024-05-09,1048734.3570074555,3183322.360763025
2024-05-10,1048734.3570074555,3156052.709596109
2024-05-13,1048734.3570074555,3115950.845527124
2024-05-14,1048734.3570074555,3128957.852025461
2024-05-15,1048734.3570074555,3151150.904033136
2024-05-16,1048734.3570074555,3208588.793622446
2024-05-17,1048734.3570074555,3277146.9948687074
2024-05-20,1048734.3570074555,3292581.968474817
2024-05-21,1048734.3570074555,3296803.6543421266
2024-05-22,1048734.3570074555,3315031.258687448
2024-05-23,1048734.3570074555,3307859.5189966676
2024-05-24,1048734.3570074555,3281880.6686491487
2024-05-27,1048734.3570074555,3248175.4917063233
2024-05-28,1048734.3570074555,3234800.5733942506
2024-05-29,1048734.3570074555,3216226.842320871
2024-05-30,1048734.3570074555,3204215.911242914
2024-05-31,1048734.3570074555,3207244.890130472
2024-06-03,1048734.3570074555,3235002.5215677735
2024-06-04,1464191.6559392137,3222705.7361088917
2024-06-05,1464191.6559392137,3235106.858684651
2024-06-06,1464191.6559392137,3220842.4507161304
2024-06-07,1464191.6559392137,3175525.8881283924
2024-06-10,1464191.6559392137,3161935.9108105823
2024-06-11,1464191.6559392137,3180122.060476415
2024-06-12,1464191.6559392137,3196614.4067841694
2024-06-13,1464191.6559392137,3251772.3867512867
2024-06-14,1464191.6559392137,3247148.703794591
2024-06-20,1464191.6559392137,3272494.447912328
2024-06-21,1464191.6559392137,3273216.9854146168
2024-06-24,1464191.6559392137,3264102.636522405
2024-06-25,1464191.6559392137,3272147.988166921
2024-06-26,1464191.6559392137,3249825.2568417713
2024-06-27,1464191.6559392137,3295761.3178921863
2024-06-28,1464191.6559392137,3271642.9481393024
2024-07-01,1464191.6559392137,3201635.450058095
2024-07-02,1528357.2877488974,3245753.774752224
2024-07-03,1528357.2877488974,3263006.1610093955
2024-07-04,1528357.2877488974,3269402.162680233
2024-07-05,1528357.2877488974,3248078.624838436
2024-07-08,1528357.2877488974,3243684.569597805
2024-07-09,1528357.2877488974,3254030.6874223594
2024-07-10,1528357.2877488974,3270353.384876812
2024-07-11,1528357.2877488974,3271936.5052038077
2024-07-12,1528357.2877488974,3289089.036778057
2024-07-16,1528357.2877488974,3298978.67412051
2024-07-17,1528357.2877488974,3290818.2397428397
2024-07-18,1528357.2877488974,3274866.229256237
2024-07-19,1528357.2877488974,3273353.0417142753
2024-07-22,1528357.2877488974,3263625.6003976706
2024-07-23,1528357.2877488974,3251192.916723812
2024-07-24,1528357.2877488974,3215466.113710964
2024-07-25,1528357.2877488974,3194164.279797161
2024-07-26,1528357.2877488974,3177725.715464199
2024-07-29,1528357.2877488974,3137329.2296205405
2024-07-30,1528357.2877488974,3107211.6674600486
2024-07-31,1528357.2877488974,3124883.855125988
2024-08-01,1528357.2877488974,3012288.0001474265
2024-08-02,1720643.113245605,2976277.149212478
2024-08-05,1720643.113245605,2921032.6910768733
2024-08-06,1720643.113245605,2887441.6165319667
2024-08-07,1720643.113245605,2895862.087084411
2024-08-08,1720643.113245605,2890732.8533140407
2024-08-09,1720643.113245605,2878730.5223165737
2024-08-12,1720643.113245605,2867063.239010452
2024-08-13,1720643.113245605,2872385.718155502
2024-08-14,1720643.113245605,2873709.0092016445
2024-08-15,1720643.113245605,2912614.91390097
2024-08-16,1720643.113245605,2884118.6931940303
2024-08-19,1720643.113245605,2899140.687168716
2024-08-20,1720643.113245605,2877219.5247217403
2024-08-21,1720643.113245605,2885047.8715749965
2024-08-22,1720643.113245605,2867338.0802160488
2024-08-23,1720643.113245605,2827801.9978014217
2024-08-26,1720643.113245605,2825990.3563390956
2024-08-27,1720643.113245605,2837955.5890604244
2024-08-28,1720643.113245605,2830891.2411314235
2024-08-29,1720643.113245605,2845558.1231886134
2024-09-02,1720643.113245605,2873668.9031091915
2024-09-03,1622968.148338212,2878845.732509507
2024-09-04,1622968.148338212,2870651.453908814
2024-09-05,1622968.148338212,2868459.432357682
2024-09-06,1622968.148338212,2855263.186647309
2024-09-09,1622968.148338212,2852063.6805056464
2024-09-10,1622968.148338212,2833802.2064226996
2024-09-11,1622968.148338212,2805773.5101202857
2024-09-12,1622968.148338212,2819424.2767409217
2024-09-13,1622968.148338212,2849423.1252211463
2024-09-16,1622968.148338212,2842503.6171702277
2024-09-17,1622968.148338212,2862516.054595841
2024-09-18,1622968.148338212,2883091.7586954962
2024-09-19,1622968.148338212,2902263.453578843
2024-09-20,1622968.148338212,2895229.9619368445
2024-09-23,1622968.148338212,2890249.0560816657
2024-09-24,1622968.148338212,2888288.3634280097
2024-09-25,1622968.148338212,2866330.112642182
2024-09-26,1622968.148338212,2869779.7003878485
2024-09-27,1622968.148338212,2850518.118238343
2024-09-30,1622968.148338212,2853750.061778916
2024-10-01,1622968.148338212,2802459.001100434
2024-10-02,1602383.6377526142,2762219.3253861284
2024-10-03,1602383.6377526142,2762295.361381612
2024-10-04,1602383.6377526142,2796050.4657383775
2024-10-07,1602383.6377526142,2788231.9453202104
2024-10-08,1602383.6377526142,2791552.4024601793
2024-10-09,1602383.6377526142,2804583.859554372
2024-10-10,1602383.6377526142,2788627.5760422563
2024-10-11,1602383.6377526142,2779669.7823696947
2024-10-14,1602383.6377526142,2739915.3298569536
2024-10-15,1602383.6377526142,2756437.7471581316
2024-10-16,1602383.6377526142,2774564.5062657213
2024-10-17,1602383.6377526142,2775948.4476662492
2024-10-18,1602383.6377526142,2738789.455072484
2024-10-21,1602383.6377526142,2715862.3271313524
2024-10-22,1602383.6377526142,2741824.0970726823
2024-10-23,1602383.6377526142,2726099.575897298
2024-10-24,1602383.6377526142,2741613.3089848375
2024-10-25,1602383.6377526142,2744616.4684735155
2024-10-28,1602383.6377526142,2749110.300075612
2024-10-30,1602383.6377526142,2767111.310957036
2024-10-31,1602383.6377526142,2772647.8495293474
2024-11-01,1602383.6377526142,2759775.7211533403
2024-11-04,1579419.92494099,2728042.832090305
2024-11-05,1579419.92494099,2713756.1097764242
2024-11-06,1579419.92494099,2740753.18617432
2024-11-07,1579419.92494099,2759692.7454585303
2024-11-08,1579419.92494099,2794821.199322628
2024-11-11,1579419.92494099,2801905.291938709
2024-11-12,1579419.92494099,2806004.564141201
2024-11-13,1579419.92494099,2804746.779251026
2024-11-14,1579419.92494099,2816430.3312758673
2024-11-15,1579419.92494099,2809208.994982647
2024-11-18,1579419.92494099,2801613.826192783
2024-11-19,1579419.92494099,2778496.3910989035
2024-11-20,1579419.92494099,2757017.7887305487
2024-11-21,1579419.92494099,2795308.3766984213
2024-11-22,1579419.92494099,2800541.8988551367
2024-11-25,1579419.92494099,2819800.3660191763
2024-11-26,1579419.92494099,2825097.9827260245
2024-11-27,1579419.92494099,2821182.6934117544
2024-11-28,1579419.92494099,2806259.673960613
2024-11-29,1579419.92494099,2827779.89301865
2024-12-02,1579419.92494099,2815764.266474651
2024-12-03,1570342.745012734,2830461.5225043036
2024-12-04,1570342.745012734,2832430.2899057604
2024-12-05,1570342.745012734,2851137.6656501032
2024-12-06,1570342.745012734,2870302.984974835
2024-12-09,1570342.745012734,2878039.985145066
2024-12-10,1570342.745012734,2861069.9604780413
2024-12-11,1570342.745012734,2852314.466026757
2024-12-12,1570342.745012734,2850680.4992711283
2024-12-13,1570342.745012734,2862893.253920052
2024-12-16,1570342.745012734,2849170.1794297434
2024-12-17,1570342.745012734,2839303.863847945
2024-12-18,1570342.745012734,2833989.6602534987
2024-12-19,1570342.745012734,2821364.0555803515
2024-12-20,1570342.745012734,2823530.054757092
2024-12-23,1570342.745012734,2823650.131153796
2024-12-24,1570342.745012734,2834891.288359139
2024-12-24,1570342.745012734,2858855.7938883044
2024-12-26,1570342.745012734,2850813.708324883
2024-12-27,1570342.745012734,2865825.9118334986
2024-12-30,1570342.745012734,2869997.111536
2024-12-31,1570342.745012734,2854635.5895969607
2025-01-02,1570342.745012734,2851688.084524844
2025-01-03,1542205.6063871668,2843062.68602994
2025-01-06,1542205.6063871668,2857112.4765861323
2025-01-07,1542205.6063871668,2846514.554014235
2025-01-08,1542205.6063871668,2828533.08504632
2025-01-09,1542205.6063871668,2844568.0593173793
2025-01-10,1542205.6063871668,2848522.843234091
2025-01-13,1542205.6063871668,2843495.0965733817
2025-01-14,1542205.6063871668,2838933.4630391886
2025-01-15,1542205.6063871668,2832002.885726004
2025-01-16,1542205.6063871668,2862766.0859880736
2025-01-17,1542205.6063871668,2886750.6845424464
2025-01-20,1542205.6063871668,2890504.051034718
2025-01-21,1542205.6063871668,2885271.7881596377
2025-01-22,1542205.6063871668,2902974.426039248
2025-01-23,1542205.6063871668,2889796.8953228286
2025-01-24,1542205.6063871668,2885946.290145426
2025-01-27,1542205.6063871668,2865529.078746586
2025-01-28,1542205.6063871668,2879295.9623196414
2025-01-29,1542205.6063871668,2878445.013972788
2025-01-30,1542205.6063871668,2873344.086077242
2025-01-31,1542205.6063871668,2855487.892774611
2025-02-03,1542205.6063871668,2830066.67790535
2025-02-04,1522940.6056639482,2854476.757403069
2025-02-05,1522940.6056639482,2832031.7011515433
2025-02-06,1522940.6056639482,2832942.7580439383
2025-02-07,1522940.6056639482,2835067.5570875937
2025-02-10,1522940.6056639482,2834209.9402777483
2025-02-11,1522940.6056639482,2849977.597555809
2025-02-12,1522940.6056639482,2830135.803818398
2025-02-13,1522940.6056639482,2837591.0833861167
2025-02-14,1522940.6056639482,2830722.0692374045
2025-02-17,1522940.6056639482,2830927.7088286215
2025-02-18,1522940.6056639482,2857789.910101586
2025-02-19,1522940.6056639482,2843591.3231875235
2025-02-20,1522940.6056639482,2865430.2706610495
2025-02-21,1522940.6056639482,2838915.9824892813
2025-02-24,1522940.6056639482,2820340.3554941947
2025-02-25,1522940.6056639482,2796077.1147600943
2025-02-26,1522940.6056639482,2809895.601158791
2025-02-27,1522940.6056639482,2820352.215313607
2025-02-28,1522940.6056639482,2809394.0651289755
2025-03-03,1522940.6056639482,2832490.0596472556
2025-03-04,1500139.0217089541,2839807.9564490207
2025-03-05,1500139.0217089541,2869571.7073254474
2025-03-06,1500139.0217089541,2878234.6306939013
2025-03-07,1500139.0217089541,2877733.2923636325
2025-03-10,1500139.0217089541,2869096.5820498355
2025-03-11,1500139.0217089541,2851885.409380425
2025-03-12,1500139.0217089541,2881682.405976761
2025-03-13,1500139.0217089541,2907149.278075684
2025-03-14,1500139.0217089541,2931936.852891434
2025-03-17,1500139.0217089541,2933979.90252446
2025-03-18,1500139.0217089541,2930925.9771904834
2025-03-19,1500139.0217089541,2801563.7802052386
2025-03-20,1500139.0217089541,2786450.877640236
2025-03-21,1500139.0217089541,2692030.8047671206
2025-03-24,1500139.0217089541,2718225.7960677035
2025-03-25,1500139.0217089541,2789159.044309128
2025-03-26,1500139.0217089541,2779523.8656124957
2025-03-27,1500139.0217089541,2775953.1986451037
2025-03-28,1500139.0217089541,2766925.771000374
2025-04-02,1500139.0217089541,2766448.460319031
2025-04-03,1432738.2387238205,2779949.0585628212
2025-04-04,1432738.2387238205,2769745.213139123
2025-04-07,1432738.2387238205,2775240.3412712277
2025-04-08,1432738.2387238205,2769652.2543049515
2025-04-09,1432738.2387238205,2743390.702944106
2025-04-10,1432738.2387238205,2748817.397874898
2025-04-11,1432738.2387238205,2725286.794933623
2025-04-14,1432738.2387238205,2723274.055453843
2025-04-15,1432738.2387238205,2700879.2593105496
2025-04-16,1432738.2387238205,2690625.626530236
2025-04-17,1432738.2387238205,2728744.8645678223
2025-04-18,1432738.2387238205,2733522.3484788598
2025-04-21,1432738.2387238205,2741908.523758954
2025-04-22,1432738.2387238205,2725910.9811323346
2025-04-24,1432738.2387238205,2751790.098897761
2025-04-25,1432738.2387238205,2731476.6473320187
2025-04-28,1432738.2387238205,2735343.05529601
2025-04-29,1432738.2387238205,2721039.8422463597
2025-04-30,1432738.2387238205,2701312.623752183
2025-05-02,1432738.2387238205,2716706.6332624615
2025-05-05,1413094.6388245285,2696439.1966305436
2025-05-06,1413094.6388245285,2693162.3771792115
2025-05-07,1413094.6388245285,2671112.636951274
2025-05-08,1413094.6388245285,2682284.7534847916
2025-05-09,1413094.6388245285,2710021.7514713467
2025-05-12,1413094.6388245285,2747981.0629954995
2025-05-13,1413094.6388245285,2739658.604966706
2025-05-14,1413094.6388245285,2745597.4322875203
2025-05-15,1413094.6388245285,2721451.130720681
2025-05-16,1413094.6388245285,2719109.557790345
2025-05-20,1413094.6388245285,2711688.70659191
2025-05-21,1413094.6388245285,2691995.367785281
2025-05-22,1413094.6388245285,2689739.580555743
2025-05-23,1413094.6388245285,2680128.0798087777
2025-05-26,1413094.6388245285,2675425.8428569497
2025-05-27,1413094.6388245285,2655398.9113829792
2025-05-28,1413094.6388245285,2639280.1797888936
2025-05-29,1413094.6388245285,2627472.60631091
2025-05-30,1413094.6388245285,2617874.299704856
2025-06-02,1413094.6388245285,2605177.3046270073
2025-06-03,1427969.8495291283,2625158.1702521853
2025-06-04,1427969.8495291283,2647852.334580522
2025-06-05,1427969.8495291283,2653005.7153514437
2025-06-10,1427969.8495291283,2685390.596136909
2025-06-11,1427969.8495291283,2685290.4819508605
2025-06-12,1427969.8495291283,2670658.373839479
2025-06-13,1427969.8495291283,2641631.266467195
2025-06-16,1427969.8495291283,2650594.1495083384
2025-06-17,1427969.8495291283,2640526.591878038
2025-06-18,1427969.8495291283,2612405.037795406
2025-06-19,1427969.8495291283,2600117.2762626223
2025-06-20,1427969.8495291283,2625867.2894981913
2025-06-23,1427969.8495291283,2614613.5848740153
2025-06-24,1427969.8495291283,2663539.390020471
2025-06-25,1427969.8495291283,2667346.3744252734
2025-06-26,1427969.8495291283,2661048.792396646
2025-06-27,1427969.8495291283,2668813.2582014613
2025-06-30,1427969.8495291283,2741634.830236297
2025-07-01,1427969.8495291283,2762643.827525478
2025-07-02,1472262.1825968425,2762915.8337985678
2025-07-03,1472262.1825968425,2763458.8082863493
2025-07-04,1472262.1825968425,2765462.4287931127
2025-07-07,1472262.1825968425,2750315.603771369
2025-07-08,1472262.1825968425,2747102.207975547
2025-07-09,1472262.1825968425,2757496.2012678785
2025-07-10,1472262.1825968425,2778122.5364500685
2025-07-11,1472262.1825968425,2787362.4363924665
2025-07-14,1472262.1825968425,2772997.2616297407
2025-07-16,1472262.1825968425,2777811.292761962
2025-07-17,1472262.1825968425,2805398.541979949
2025-07-18,1472262.1825968425,2817592.6594530744
2025-07-21,1472262.1825968425,2853441.598582904
2025-07-22,1472262.1825968425,2850234.473082225
2025-07-23,1472262.1825968425,2836425.5454799337
2025-07-24,1472262.1825968425,2849941.493169944
2025-07-25,1472262.1825968425,2852117.684469859
2025-07-28,1472262.1825968425,2840280.5767132444
2025-07-29,1472262.1825968425,2835078.4178415937
2025-07-30,1472262.1825968425,2848656.3538490934
2025-07-31,1472262.1825968425,2866241.725063483
2025-08-01,1472262.1825968425,2860756.4557487173
2025-08-04,1479902.7594912997,2857213.960290765
2025-08-05,1479902.7594912997,2851392.2978199474
2025-08-06,1479902.7594912997,2840294.107153272
2025-08-07,1479902.7594912997,2835005.1987308017
2025-08-08,1479902.7594912997,2831838.855794286
2025-08-11,1479902.7594912997,2826185.1778882495
2025-08-12,1479902.7594912997,2810753.512784337
2025-08-13,1479902.7594912997,2812302.102098321
2025-08-14,1479902.7594912997,2794398.1161650172
2025-08-15,1479902.7594912997,2792921.447795247
2025-08-18,1479902.7594912997,2791340.0953482143
2025-08-19,1479902.7594912997,2789398.3885849467
2025-08-20,1479902.7594912997,2809982.400270318
2025-08-21,1479902.7594912997,2826369.7410582057
2025-08-22,1479902.7594912997,2835491.3308208934
2025-08-25,1479902.7594912997,2837007.7552288524
2025-08-26,1479902.7594912997,2846158.73944745
2025-08-27,1479902.7594912997,2830210.043431138
2025-08-28,1479902.7594912997,2831760.357571458
2025-08-29,1479902.7594912997,2821011.95520482
2025-09-01,1479902.7594912997,2828865.672120904
2025-09-02,1612475.3232414247,2800996.6635691645
2025-09-03,1612475.3232414247,2760547.3697506906
2025-09-04,1612475.3232414247,2783738.4000346186
2025-09-05,1612475.3232414247,2769461.5441090586
2025-09-08,1612475.3232414247,2739119.1141407015
2025-09-09,1612475.3232414247,2751490.446263504
2025-09-10,1612475.3232414247,2771796.8893992426
2025-09-11,1612475.3232414247,2728171.196670723
2025-09-12,1612475.3232414247,2737525.9560663225
2025-09-15,1612475.3232414247,2808771.693880272
2025-09-16,1612475.3232414247,2826742.6110631945
2025-09-17,1612475.3232414247,2811567.7023560526
2025-09-18,1612475.3232414247,2782668.425022793
2025-09-19,1612475.3232414247,2819146.4400956156
2025-09-22,1612475.3232414247,2836416.759349537
2025-09-23,1612475.3232414247,2816908.4646894457
2025-09-24,1612475.3232414247,2826369.553129864
2025-09-25,1612475.3232414247,2821040.8739239695
2025-09-26,1612475.3232414247,2789634.6734478
2025-09-29,1612475.3232414247,2789405.402259064
2025-09-30,1612475.3232414247,2783034.6210510256
2025-10-01,1612475.3232414247,2821327.6655108454
2025-10-02,1565786.2404818845,2811917.374878914
2025-10-03,1565786.2404818845,2793119.808649094
2025-10-06,1565786.2404818845,2771967.764799149
2025-10-07,1565786.2404818845,2771972.396430523
2025-10-08,1565786.2404818845,2785445.0968165705
2025-10-09,1565786.2404818845,2777717.976227314
2025-10-10,1565786.2404818845,2787243.5752468416
2025-10-13,1565786.2404818845,2768460.0365486452
2025-10-14,1565786.2404818845,2744110.8243451426
2025-10-15,1565786.2404818845,2766809.1236043284
2025-10-16,1565786.2404818845,2762979.464775116
2025-10-17,1565786.2404818845,2734640.5510931322
2025-10-20,1565786.2404818845,2762723.517828972
2025-10-21,1565786.2404818845,2770613.0686064074
2025-10-22,1565786.2404818845,2785576.500116856
2025-10-23,1565786.2404818845,2778579.848967106
2025-10-24,1565786.2404818845,2800718.2272010157
2025-10-27,1565786.2404818845,2794067.2853155443
2025-10-28,1565786.2404818845,2794949.5146708796
2025-10-30,1565786.2404818845,2796465.436922104
2025-10-31,1565786.2404818845,2809653.3930244753
2025-11-03,1565786.2404818845,2820577.7776260683
2025-11-04,1594206.7663550696,2819583.6218843777
2025-11-05,1594206.7663550696,2824274.2366624195
2025-11-06,1594206.7663550696,2822800.3260617573
2025-11-07,1594206.7663550696,2806721.0375376064
2025-11-10,1594206.7663550696,2789872.670717271
2025-11-11,1594206.7663550696,2761072.6475339253
2025-11-12,1594206.7663550696,2760931.2961817104
2025-11-13,1594206.7663550696,2754565.5939579327
2025-11-14,1594206.7663550696,2756543.5687194187
2025-11-17,1594206.7663550696,2789269.3720836956
2025-11-18,1594206.7663550696,2787996.2431550343
2025-11-19,1594206.7663550696,2802236.4067302067
2025-11-20,1594206.7663550696,2808081.898319753
2025-11-21,1594206.7663550696,2802377.245234521
2025-11-24,1594206.7663550696,2807149.5186472256
2025-11-25,1594206.7663550696,2799795.2508735973
2025-11-26,1594206.7663550696,2808489.4959917385
2025-11-27,1594206.7663550696,2816303.2388973553
2025-11-28,1594206.7663550696,2818672.0982451756
2025-12-01,1594206.7663550696,2857045.5261206944
2025-12-02,1588297.859368239,2865718.2048071963
2025-12-03,1588297.859368239,2864819.6378997904
2025-12-04,1588297.859368239,2832141.845896159
2025-12-05,1588297.859368239,2837058.4774159533
2025-12-08,1588297.859368239,2839042.596294318
2025-12-09,1588297.859368239,2844647.1490677935
2025-12-10,1588297.859368239,2837178.9959005457
2025-12-11,1588297.859368239,2834651.639391814
2025-12-12,1588297.859368239,2837115.1252473933
2025-12-15,1588297.859368239,2842067.746412669
2025-12-16,1588297.859368239,2825475.170726691
2025-12-17,1588297.859368239,2821477.447745238
2025-12-18,1588297.859368239,2832183.517814074
2025-12-19,1588297.859368239,2831482.666521941
2025-12-22,1588297.859368239,2827915.7583898646
2025-12-23,1588297.859368239,2835979.2383174044
2025-12-24,1588297.859368239,2834726.098291312
2025-12-24,1588297.859368239,2832407.336417113
2025-12-26,1588297.859368239,2836207.9403123003
2025-12-29,1588297.859368239,2819282.720403109
2025-12-30,1588297.859368239,2830777.958503638
2025-12-31,1588297.859368239,2842612.372475539
2026-01-02,1588297.859368239,2862874.668878947
2026-01-05,1636088.6957528216,2877264.2754194364
2026-01-06,1636088.6957528216,2911978.529464923
2026-01-07,1636088.6957528216,2900455.337065421
2026-01-08,1636088.6957528216,2915162.0989877805
2026-01-09,1636088.6957528216,2923037.6464011297
2026-01-12,1636088.6957528216,2944717.984996997
2026-01-13,1636088.6957528216,2957515.014311038
2026-01-14,1636088.6957528216,2945219.527101718
2026-01-15,1636088.6957528216,2978456.0138647184
2026-01-16,1636088.6957528216,2997013.0674574003
2026-01-19,1636088.6957528216,3022419.323979102
2026-01-20,1636088.6957528216,3030413.289337836
2026-01-21,1636088.6957528216,3021843.1575090513
2026-01-22,1636088.6957528216,3031529.630285941
2026-01-23,1636088.6957528216,3043335.4010340795
2026-01-26,1636088.6957528216,3074317.277523242
2026-01-27,1636088.6957528216,3070540.3886510953
2026-01-28,1636088.6957528216,3075453.478033744
2026-01-29,1636088.6957528216,3095882.81657096
2026-01-30,1636088.6957528216,3096082.075343333
2026-02-02,1636088.6957528216,3076453.8189208135
2026-02-03,1697857.4114205106,3093804.2264444097
2026-02-04,1697857.4114205106,3081856.0193368657
2026-02-05,1697857.4114205106,3046330.046231435
2026-02-06,1697857.4114205106,3036963.2928187116
2026-02-09,1697857.4114205106,3084129.3200980886
2026-02-10,1697857.4114205106,3090827.2306081518
2026-02-11,1697857.4114205106,3098561.7986819013
2026-02-12,1697857.4114205106,3143857.421448873
2026-02-13,1697857.4114205106,3152484.7800289853
2026-02-16,1697857.4114205106,3154693.142784284
2026-02-17,1697857.4114205106,3150921.5488311513
2026-02-18,1697857.4114205106,3161963.639443086
2026-02-19,1697857.4114205106,3114690.882400201
2026-02-20,1697857.4114205106,3132706.096506284
2026-02-23,1697857.4114205106,3155924.3148419126
2026-02-24,1697857.4114205106,3142354.931809114
2026-02-25,1697857.4114205106,3119932.7906543477
2026-02-26,1697857.4114205106,3130354.4572235807
2026-02-27,1697857.4114205106,3128776.1137763723
2026-03-02,1697857.4114205106,3111732.305394338
2026-03-03,1707886.1068492115,3066106.8953719316
2026-03-04,1707886.1068492115,3046373.1790232835
2026-03-05,1707886.1068492115,3065793.213767546
2026-03-06,1707886.1068492115,3049020.6501460252
2026-03-09,1707886.1068492115,3035124.417251128
2026-03-10,1707886.1068492115,3076515.879142302
2026-03-11,1707886.1068492115,3070538.5271563707
2026-03-12,1707886.1068492115,3058890.7401061235
2026-03-13,1707886.1068492115,3042189.685792464
2026-03-16,1707886.1068492115,3011820.322261351
2026-03-17,1707886.1068492115,3047466.1724810777
2026-03-18,1707886.1068492115,3047238.0461344896
2026-03-19,1707886.1068492115,3021863.592507857
2026-03-23,1707886.1068492115,3036062.979966658
2026-03-24,1707886.1068492115,3017829.678216475
2026-03-25,1707886.1068492115,3013247.024985808
2026-03-26,1707886.1068492115,2989759.9390349565
2026-03-27,1707886.1068492115,2967545.6922507463
2026-03-30,1707886.1068492115,2954407.5339179216
2026-03-31,1707886.1068492115,2958050.765542525
2026-04-01,1707886.1068492115,2985395.210795897
2026-04-02,1712319.9139652795,2998933.4929447714
2026-04-03,1712319.9139652795,2990437.601469094
2026-04-06,1712319.9139652795,3007389.042409951
2026-04-07,1712319.9139652795,3007960.786348397
2026-04-08,1712319.9139652795,3054687.120611245
2026-04-09,1712319.9139652795,3073319.25341993
2026-04-10,1712319.9139652795,3100803.2309303824
2026-04-13,1712319.9139652795,3128468.7004757468
2026-04-14,1712319.9139652795,3118243.4763184134
2026-04-15,1712319.9139652795,3122658.87035566
2026-04-16,1712319.9139652795,3113309.8243694846
2026-04-17,1712319.9139652795,3121387.2350616995
2026-04-20,1712319.9139652795,3110348.143913323
2026-04-21,1712319.9139652795,3095124.6846027914
2026-04-22,1712319.9139652795,3095633.319547707
2026-04-22,1712319.9139652795,3095633.319547707
2026-04-24,1712319.9139652795,3106000.1842251364
2026-04-27,1712319.9139652795,3128489.558734948
2026-04-28,1712319.9139652795,3111128.4785080496
2026-04-29,1712319.9139652795,3120091.8909130637
2026-04-30,1712319.9139652795,3115665.8835545126
2026-04-30,1712319.9139652795,3115665.8835545126
2026-05-04,1712319.9139652795,3126100.3016586844
2026-05-05,1711015.2153263635,3135350.551044518
2026-05-06,1711015.2153263635,3167431.9271832053
2026-05-07,1711015.2153263635,3192736.0306282584
2026-05-08,1711015.2153263635,3194672.424686486
2026-05-11,1711015.2153263635,3196223.9711914603
2026-05-12,1711015.2153263635,3167801.6990032736
2026-05-13,1711015.2153263635,3148990.3460941855
2026-05-14,1711015.2153263635,3177882.4437504355
2026-05-15,1711015.2153263635,3165877.47280317
2026-05-18,1711015.2153263635,3127730.321159417
2026-05-20,1711015.2153263635,3111245.915693337
2026-05-21,1711015.2153263635,3027522.0315208975
2026-05-22,1711015.2153263635,3100537.1734085623
2026-05-25,1711015.2153263635,3104246.1923065726
2026-05-26,1711015.2153263635,3078262.442007119
