date,cash,value
2013-07-23,1000000.0,1000000.0
2013-07-24,1000000.0,1000000.0
2013-07-25,1000000.0,1000000.0
2013-07-26,1000000.0,1000000.0
2013-07-29,1000000.0,1000000.0
2013-07-30,1000000.0,1000000.0
2013-07-31,1000000.0,1000000.0
2013-08-01,1000000.0,1000000.0
2013-08-02,1000000.0,1000000.0
2013-08-05,1000000.0,1000000.0
2013-08-06,1000000.0,1000000.0
2013-08-07,1000000.0,1000000.0
2013-08-07,1000000.0,1000000.0
2013-08-07,1000000.0,1000000.0
2013-08-12,1000000.0,1000000.0
2013-08-13,1000000.0,1000000.0
2013-08-14,1000000.0,1000000.0
2013-08-15,1000000.0,1000000.0
2013-08-16,1000000.0,1000000.0
2013-08-19,1000000.0,1000000.0
2013-08-20,1000000.0,1000000.0
2013-08-21,1000000.0,1000000.0
2013-08-22,1000000.0,1000000.0
2013-08-23,1000000.0,1000000.0
2013-08-26,1000000.0,1000000.0
2013-08-27,1000000.0,1000000.0
2013-08-28,1000000.0,1000000.0
2013-08-29,1000000.0,1000000.0
2013-08-29,1000000.0,1000000.0
2013-09-02,1000000.0,1000000.0
2013-09-03,1000000.0,1000000.0
2013-09-04,1000000.0,1000000.0
2013-09-05,1000000.0,1000000.0
2013-09-06,1000000.0,1000000.0
2013-09-09,1000000.0,1000000.0
2013-09-10,1000000.0,1000000.0
2013-09-11,1000000.0,1000000.0
2013-09-12,1000000.0,1000000.0
2013-09-13,1000000.0,1000000.0
2013-09-16,1000000.0,1000000.0
2013-09-17,1000000.0,1000000.0
2013-09-18,1000000.0,1000000.0
2013-09-19,1000000.0,1000000.0
2013-09-20,1000000.0,1000000.0
2013-09-23,1000000.0,1000000.0
2013-09-24,1000000.0,1000000.0
2013-09-25,1000000.0,1000000.0
2013-09-26,1000000.0,1000000.0
2013-09-27,1000000.0,1000000.0
2013-09-30,1000000.0,1000000.0
2013-10-01,1000000.0,1000000.0
2013-10-02,1000000.0,1000000.0
2013-10-03,1000000.0,1000000.0
2013-10-04,1000000.0,1000000.0
2013-10-07,1000000.0,1000000.0
2013-10-08,1000000.0,1000000.0
2013-10-09,1000000.0,1000000.0
2013-10-10,1000000.0,1000000.0
2013-10-11,1000000.0,1000000.0
2013-10-14,1000000.0,1000000.0
2013-10-14,1000000.0,1000000.0
2013-10-14,1000000.0,1000000.0
2013-10-14,1000000.0,1000000.0
2013-10-14,1000000.0,1000000.0
2013-10-21,1000000.0,1000000.0
2013-10-22,1000000.0,1000000.0
2013-10-23,1000000.0,1000000.0
2013-10-24,1000000.0,1000000.0
2013-10-25,1000000.0,1000000.0
2013-10-28,1000000.0,1000000.0
2013-10-28,1000000.0,1000000.0
2013-10-30,1000000.0,1000000.0
2013-10-31,1000000.0,1000000.0
2013-11-01,1000000.0,1000000.0
2013-11-04,1000000.0,1000000.0
2013-11-05,1000000.0,1000000.0
2013-11-06,1000000.0,1000000.0
2013-11-07,1000000.0,1000000.0
2013-11-08,1000000.0,1000000.0
2013-11-11,1000000.0,1000000.0
2013-11-12,1000000.0,1000000.0
2013-11-13,1000000.0,1000000.0
2013-11-14,1000000.0,1000000.0
2013-11-15,1000000.0,1000000.0
2013-11-18,1000000.0,1000000.0
2013-11-19,1000000.0,1000000.0
2013-11-20,1000000.0,1000000.0
2013-11-21,1000000.0,1000000.0
2013-11-22,1000000.0,1000000.0
2013-11-25,1000000.0,1000000.0
2013-11-26,1000000.0,1000000.0
2013-11-27,1000000.0,1000000.0
2013-11-28,1000000.0,1000000.0
2013-11-29,1000000.0,1000000.0
2013-12-02,1000000.0,1000000.0
2013-12-03,1000000.0,1000000.0
2013-12-04,1000000.0,1000000.0
2013-12-05,1000000.0,1000000.0
2013-12-06,1000000.0,1000000.0
2013-12-09,1000000.0,1000000.0
2013-12-10,1000000.0,1000000.0
2013-12-11,1000000.0,1000000.0
2013-12-12,1000000.0,1000000.0
2013-12-13,1000000.0,1000000.0
2013-12-16,1000000.0,1000000.0
2013-12-17,1000000.0,1000000.0
2013-12-18,1000000.0,1000000.0
2013-12-19,1000000.0,1000000.0
2013-12-20,1000000.0,1000000.0
2013-12-23,1000000.0,1000000.0
2013-12-24,1000000.0,1000000.0
2013-12-25,1000000.0,1000000.0
2013-12-26,1000000.0,1000000.0
2013-12-27,1000000.0,1000000.0
2013-12-30,1000000.0,1000000.0
2013-12-31,1000000.0,1000000.0
2013-12-31,1000000.0,1000000.0
2014-01-02,1000000.0,1000000.0
2014-01-03,1000000.0,1000000.0
2014-01-06,1000000.0,1000000.0
2014-01-07,1000000.0,1000000.0
2014-01-08,1000000.0,1000000.0
2014-01-09,1000000.0,1000000.0
2014-01-10,1000000.0,1000000.0
2014-01-13,1000000.0,1000000.0
2014-01-14,1000000.0,1000000.0
2014-01-15,1000000.0,1000000.0
2014-01-16,1000000.0,1000000.0
2014-01-17,1000000.0,1000000.0
2014-01-20,1000000.0,1000000.0
2014-01-21,1000000.0,1000000.0
2014-01-22,1000000.0,1000000.0
2014-01-23,1000000.0,1000000.0
2014-01-24,1000000.0,1000000.0
2014-01-27,1000000.0,1000000.0
2014-01-28,1000000.0,1000000.0
2014-01-29,1000000.0,1000000.0
2014-01-30,1000000.0,1000000.0
2014-01-31,1000000.0,1000000.0
2014-02-03,1000000.0,1000000.0
2014-02-04,1000000.0,1000000.0
2014-02-05,1000000.0,1000000.0
2014-02-06,1000000.0,1000000.0
2014-02-07,1000000.0,1000000.0
2014-02-10,1000000.0,1000000.0
2014-02-11,1000000.0,1000000.0
2014-02-12,1000000.0,1000000.0
2014-02-13,1000000.0,1000000.0
2014-02-14,1000000.0,1000000.0
2014-02-17,1000000.0,1000000.0
2014-02-18,1000000.0,1000000.0
2014-02-19,1000000.0,1000000.0
2014-02-20,1000000.0,1000000.0
2014-02-21,1000000.0,1000000.0
2014-02-24,1000000.0,1000000.0
2014-02-25,1000000.0,1000000.0
2014-02-26,1000000.0,1000000.0
2014-02-27,1000000.0,1000000.0
2014-02-28,1000000.0,1000000.0
2014-03-03,1000000.0,1000000.0
2014-03-04,1000000.0,1000000.0
2014-03-05,1000000.0,1000000.0
2014-03-06,1000000.0,1000000.0
2014-03-07,1000000.0,1000000.0
2014-03-10,1000000.0,1000000.0
2014-03-11,1000000.0,1000000.0
2014-03-12,1000000.0,1000000.0
2014-03-13,1000000.0,1000000.0
2014-03-14,1000000.0,1000000.0
2014-03-17,1000000.0,1000000.0
2014-03-18,1000000.0,1000000.0
2014-03-19,1000000.0,1000000.0
2014-03-20,1000000.0,1000000.0
2014-03-21,1000000.0,1000000.0
2014-03-24,1000000.0,1000000.0
2014-03-25,1000000.0,1000000.0
2014-03-26,1000000.0,1000000.0
2014-03-27,1000000.0,1000000.0
2014-03-28,1000000.0,1000000.0
2014-03-31,1000000.0,1000000.0
2014-04-01,1000000.0,1000000.0
2014-04-02,1000000.0,1000000.0
2014-04-03,1000000.0,1000000.0
2014-04-04,1000000.0,1000000.0
2014-04-07,1000000.0,1000000.0
2014-04-08,1000000.0,1000000.0
2014-04-09,1000000.0,1000000.0
2014-04-10,1000000.0,1000000.0
2014-04-11,1000000.0,1000000.0
2014-04-14,1000000.0,1000000.0
2014-04-15,1000000.0,1000000.0
2014-04-16,1000000.0,1000000.0
2014-04-17,1000000.0,1000000.0
2014-04-18,1000000.0,1000000.0
2014-04-21,1000000.0,1000000.0
2014-04-22,1000000.0,1000000.0
2014-04-22,1000000.0,1000000.0
2014-04-24,1000000.0,1000000.0
2014-04-25,1000000.0,1000000.0
2014-04-28,1000000.0,1000000.0
2014-04-29,1000000.0,1000000.0
2014-04-30,1000000.0,1000000.0
2014-04-30,1000000.0,1000000.0
2014-05-02,1000000.0,1000000.0
2014-05-05,1000000.0,1000000.0
2014-05-06,1000000.0,1000000.0
2014-05-07,1000000.0,1000000.0
2014-05-08,1000000.0,1000000.0
2014-05-09,1000000.0,1000000.0
2014-05-12,1000000.0,1000000.0
2014-05-13,1000000.0,1000000.0
2014-05-14,1000000.0,1000000.0
2014-05-15,1000000.0,1000000.0
2014-05-16,1000000.0,1000000.0
2014-05-16,1000000.0,1000000.0
2014-05-20,1000000.0,1000000.0
2014-05-21,1000000.0,1000000.0
2014-05-22,1000000.0,1000000.0
2014-05-23,1000000.0,1000000.0
2014-05-26,1000000.0,1000000.0
2014-05-27,1000000.0,1000000.0
2014-05-28,1000000.0,1000000.0
2014-05-29,1000000.0,1000000.0
2014-05-30,1000000.0,1000000.0
2014-06-02,1000000.0,1000000.0
2014-06-03,1000000.0,1000000.0
2014-06-04,1000000.0,1000000.0
2014-06-05,1000000.0,1000000.0
2014-06-06,1000000.0,1000000.0
2014-06-09,1000000.0,1000000.0
2014-06-10,1000000.0,1000000.0
2014-06-11,1000000.0,1000000.0
2014-06-12,1000000.0,1000000.0
2014-06-13,1000000.0,1000000.0
2014-06-16,1000000.0,1000000.0
2014-06-17,1000000.0,1000000.0
2014-06-18,1000000.0,1000000.0
2014-06-19,1000000.0,1000000.0
2014-06-20,1000000.0,1000000.0
2014-06-23,1000000.0,1000000.0
2014-06-24,1000000.0,1000000.0
2014-06-25,1000000.0,1000000.0
2014-06-26,1000000.0,1000000.0
2014-06-27,1000000.0,1000000.0
2014-06-30,1000000.0,1000000.0
2014-07-01,1000000.0,1000000.0
2014-07-02,1000000.0,1000000.0
2014-07-03,1000000.0,1000000.0
2014-07-04,1000000.0,1000000.0
2014-07-07,1000000.0,1000000.0
2014-07-08,1000000.0,1000000.0
2014-07-09,1000000.0,1000000.0
2014-07-10,1000000.0,1000000.0
2014-07-11,1000000.0,1000000.0
2014-07-14,1000000.0,1000000.0
2014-07-15,1000000.0,1000000.0
2014-07-16,1000000.0,1000000.0
2014-07-17,1000000.0,1000000.0
2014-07-18,1000000.0,1000000.0
2014-07-21,1000000.0,1000000.0
2014-07-22,1000000.0,1000000.0
2014-07-23,1000000.0,1000000.0
2014-07-24,1000000.0,1000000.0
2014-07-25,1000000.0,1000000.0
2014-07-25,1000000.0,1000000.0
2014-07-25,1000000.0,1000000.0
2014-07-25,1000000.0,1000000.0
2014-07-31,1000000.0,1000000.0
2014-08-01,1000000.0,1000000.0
2014-08-04,1000000.0,1000000.0
2014-08-05,1000000.0,1000000.0
2014-08-06,1000000.0,1000000.0
2014-08-07,1000000.0,1000000.0
2014-08-08,1000000.0,1000000.0
2014-08-11,1000000.0,1000000.0
2014-08-12,1000000.0,1000000.0
2014-08-13,1000000.0,1000000.0
2014-08-14,1000000.0,1000000.0
2014-08-15,1000000.0,1000000.0
2014-08-18,1000000.0,1000000.0
2014-08-19,1000000.0,1000000.0
2014-08-20,1000000.0,1000000.0
2014-08-21,1000000.0,1000000.0
2014-08-22,1000000.0,1000000.0
2014-08-25,1000000.0,1000000.0
2014-08-26,1000000.0,1000000.0
2014-08-27,1000000.0,1000000.0
2014-08-28,1000000.0,1000000.0
2014-08-29,1000000.0,1000000.0
2014-09-01,1000000.0,1000000.0
2014-09-02,1000000.0,1000000.0
2014-09-03,1000000.0,1000000.0
2014-09-04,1000000.0,1000000.0
2014-09-05,1000000.0,1000000.0
2014-09-08,1000000.0,1000000.0
2014-09-09,1000000.0,1000000.0
2014-09-10,1000000.0,1000000.0
2014-09-11,1000000.0,1000000.0
2014-09-12,1000000.0,1000000.0
2014-09-15,1000000.0,1000000.0
2014-09-16,1000000.0,1000000.0
2014-09-17,1000000.0,1000000.0
2014-09-18,1000000.0,1000000.0
2014-09-19,1000000.0,1000000.0
2014-09-22,1000000.0,1000000.0
2014-09-23,1000000.0,1000000.0
2014-09-24,1000000.0,1000000.0
2014-09-25,1000000.0,1000000.0
2014-09-26,1000000.0,1000000.0
2014-09-29,1000000.0,1000000.0
2014-09-30,1000000.0,1000000.0
2014-10-01,1000000.0,1000000.0
2014-10-02,1000000.0,1000000.0
2014-10-03,1000000.0,1000000.0
2014-10-03,1000000.0,1000000.0
2014-10-03,1000000.0,1000000.0
2014-10-08,1000000.0,1000000.0
2014-10-09,1000000.0,1000000.0
2014-10-10,1000000.0,1000000.0
2014-10-13,1000000.0,1000000.0
2014-10-14,1000000.0,1000000.0
2014-10-15,1000000.0,1000000.0
2014-10-16,1000000.0,1000000.0
2014-10-17,1000000.0,1000000.0
2014-10-20,1000000.0,1000000.0
2014-10-21,1000000.0,1000000.0
2014-10-22,1000000.0,1000000.0
2014-10-23,1000000.0,1000000.0
2014-10-24,1000000.0,1000000.0
2014-10-27,1000000.0,1000000.0
2014-10-28,1000000.0,1000000.0
2014-10-28,1000000.0,1000000.0
2014-10-30,1000000.0,1000000.0
2014-10-31,1000000.0,1000000.0
2014-11-03,1000000.0,1000000.0
2014-11-04,1000000.0,1000000.0
2014-11-05,1000000.0,1000000.0
2014-11-06,1000000.0,1000000.0
2014-11-07,1000000.0,1000000.0
2014-11-10,1000000.0,1000000.0
2014-11-11,1000000.0,1000000.0
2014-11-12,1000000.0,1000000.0
2014-11-13,1000000.0,1000000.0
2014-11-14,1000000.0,1000000.0
2014-11-17,1000000.0,1000000.0
2014-11-18,1000000.0,1000000.0
2014-11-19,1000000.0,1000000.0
2014-11-20,1000000.0,1000000.0
2014-11-21,1000000.0,1000000.0
2014-11-24,1000000.0,1000000.0
2014-11-25,1000000.0,1000000.0
2014-11-26,1000000.0,1000000.0
2014-11-27,1000000.0,1000000.0
2014-11-28,1000000.0,1000000.0
2014-12-01,1000000.0,1000000.0
2014-12-02,1000000.0,1000000.0
2014-12-03,1000000.0,1000000.0
2014-12-04,1000000.0,1000000.0
2014-12-05,1000000.0,1000000.0
2014-12-08,1000000.0,1000000.0
2014-12-09,1000000.0,1000000.0
2014-12-10,1000000.0,1000000.0
2014-12-11,1000000.0,1000000.0
2014-12-12,1000000.0,1000000.0
2014-12-15,1000000.0,1000000.0
2014-12-16,1000000.0,1000000.0
2014-12-17,1000000.0,1000000.0
2014-12-18,1000000.0,1000000.0
2014-12-19,1000000.0,1000000.0
2014-12-22,1000000.0,1000000.0
2014-12-23,1000000.0,1000000.0
2014-12-24,1000000.0,1000000.0
2014-12-25,1000000.0,1000000.0
2014-12-26,1000000.0,1000000.0
2014-12-29,1000000.0,1000000.0
2014-12-30,1000000.0,1000000.0
2014-12-31,1000000.0,1000000.0
2014-12-31,1000000.0,1000000.0
2015-01-02,1000000.0,1000000.0
2015-01-05,1000000.0,1000000.0
2015-01-06,1000000.0,1000000.0
2015-01-07,1000000.0,1000000.0
2015-01-08,1000000.0,1000000.0
2015-01-09,1000000.0,1000000.0
2015-01-12,1000000.0,1000000.0
2015-01-13,1000000.0,1000000.0
2015-01-14,1000000.0,1000000.0
2015-01-15,1000000.0,1000000.0
2015-01-16,1000000.0,1000000.0
2015-01-19,1000000.0,1000000.0
2015-01-20,1000000.0,1000000.0
2015-01-21,1000000.0,1000000.0
2015-01-22,1000000.0,1000000.0
2015-01-23,1000000.0,1000000.0
2015-01-26,1000000.0,1000000.0
2015-01-27,1000000.0,1000000.0
2015-01-28,1000000.0,1000000.0
2015-01-29,1000000.0,1000000.0
2015-01-30,1000000.0,1000000.0
2015-02-02,1000000.0,1000000.0
2015-02-03,1000000.0,1000000.0
2015-02-04,1000000.0,1000000.0
2015-02-05,1000000.0,1000000.0
2015-02-06,1000000.0,1000000.0
2015-02-09,1000000.0,1000000.0
2015-02-10,1000000.0,1000000.0
2015-02-11,1000000.0,1000000.0
2015-02-12,1000000.0,1000000.0
2015-02-13,1000000.0,1000000.0
2015-02-16,1000000.0,1000000.0
2015-02-17,1000000.0,1000000.0
2015-02-18,1000000.0,1000000.0
2015-02-19,1000000.0,1000000.0
2015-02-20,1000000.0,1000000.0
2015-02-23,1000000.0,1000000.0
2015-02-24,1000000.0,1000000.0
2015-02-25,1000000.0,1000000.0
2015-02-26,1000000.0,1000000.0
2015-02-27,1000000.0,1000000.0
2015-03-02,1000000.0,1000000.0
2015-03-03,1000000.0,1000000.0
2015-03-04,1000000.0,1000000.0
2015-03-05,1000000.0,1000000.0
2015-03-06,1000000.0,1000000.0
2015-03-09,1000000.0,1000000.0
2015-03-10,1000000.0,1000000.0
2015-03-11,1000000.0,1000000.0
2015-03-12,1000000.0,1000000.0
2015-03-13,1000000.0,1000000.0
2015-03-16,1000000.0,1000000.0
2015-03-17,1000000.0,1000000.0
2015-03-18,1000000.0,1000000.0
2015-03-19,1000000.0,1000000.0
2015-03-20,1000000.0,1000000.0
2015-03-23,1000000.0,1000000.0
2015-03-24,1000000.0,1000000.0
2015-03-25,1000000.0,1000000.0
2015-03-26,1000000.0,1000000.0
2015-03-27,1000000.0,1000000.0
2015-03-30,1000000.0,1000000.0
2015-03-31,1000000.0,1000000.0
2015-04-01,1000000.0,1000000.0
2015-04-02,1000000.0,1000000.0
2015-04-03,1000000.0,1000000.0
2015-04-06,1000000.0,1000000.0
2015-04-07,1000000.0,1000000.0
2015-04-08,1000000.0,1000000.0
2015-04-09,1000000.0,1000000.0
2015-04-10,1000000.0,1000000.0
2015-04-13,1000000.0,1000000.0
2015-04-14,1000000.0,1000000.0
2015-04-15,1000000.0,1000000.0
2015-04-16,1000000.0,1000000.0
2015-04-17,1000000.0,1000000.0
2015-04-20,1000000.0,1000000.0
2015-04-21,1000000.0,1000000.0
2015-04-22,1000000.0,1000000.0
2015-04-22,1000000.0,1000000.0
2015-04-24,1000000.0,1000000.0
2015-04-27,1000000.0,1000000.0
2015-04-28,1000000.0,1000000.0
2015-04-29,1000000.0,1000000.0
2015-04-30,1000000.0,1000000.0
2015-04-30,1000000.0,1000000.0
2015-05-04,1000000.0,1000000.0
2015-05-05,1000000.0,1000000.0
2015-05-06,1000000.0,1000000.0
2015-05-07,1000000.0,1000000.0
2015-05-08,1000000.0,1000000.0
2015-05-11,1000000.0,1000000.0
2015-05-12,1000000.0,1000000.0
2015-05-13,1000000.0,1000000.0
2015-05-14,1000000.0,1000000.0
2015-05-15,1000000.0,1000000.0
2015-05-18,1000000.0,1000000.0
2015-05-18,1000000.0,1000000.0
2015-05-20,1000000.0,1000000.0
2015-05-21,1000000.0,1000000.0
2015-05-22,1000000.0,1000000.0
2015-05-25,1000000.0,1000000.0
2015-05-26,1000000.0,1000000.0
2015-05-27,1000000.0,1000000.0
2015-05-28,1000000.0,1000000.0
2015-05-29,1000000.0,1000000.0
2015-06-01,1000000.0,1000000.0
2015-06-02,1000000.0,1000000.0
2015-06-03,1000000.0,1000000.0
2015-06-04,1000000.0,1000000.0
2015-06-05,1000000.0,1000000.0
2015-06-08,1000000.0,1000000.0
2015-06-09,1000000.0,1000000.0
2015-06-10,1000000.0,1000000.0
2015-06-11,1000000.0,1000000.0
2015-06-12,1000000.0,1000000.0
2015-06-15,1000000.0,1000000.0
2015-06-16,1000000.0,1000000.0
2015-06-17,1000000.0,1000000.0
2015-06-18,1000000.0,1000000.0
2015-06-19,1000000.0,1000000.0
2015-06-22,1000000.0,1000000.0
2015-06-23,1000000.0,1000000.0
2015-06-24,1000000.0,1000000.0
2015-06-25,1000000.0,1000000.0
2015-06-26,1000000.0,1000000.0
2015-06-29,1000000.0,1000000.0
2015-06-30,1000000.0,1000000.0
2015-07-01,1000000.0,1000000.0
2015-07-02,1000000.0,1000000.0
2015-07-03,1000000.0,1000000.0
2015-07-06,1000000.0,1000000.0
2015-07-07,1000000.0,1000000.0
2015-07-08,1000000.0,1000000.0
2015-07-09,1000000.0,1000000.0
2015-07-10,1000000.0,1000000.0
2015-07-13,1000000.0,1000000.0
2015-07-14,1000000.0,1000000.0
2015-07-15,1000000.0,1000000.0
2015-07-16,1000000.0,1000000.0
2015-07-16,1000000.0,1000000.0
2015-07-20,1000000.0,1000000.0
2015-07-21,1000000.0,1000000.0
2015-07-22,1000000.0,1000000.0
2015-07-23,1000000.0,1000000.0
2015-07-24,1000000.0,1000000.0
2015-07-27,1000000.0,1000000.0
2015-07-28,1000000.0,1000000.0
2015-07-29,1000000.0,1000000.0
2015-07-30,1000000.0,1000000.0
2015-07-31,1000000.0,1000000.0
2015-08-03,1000000.0,1000000.0
2015-08-04,1000000.0,1000000.0
2015-08-05,1000000.0,1000000.0
2015-08-06,1000000.0,1000000.0
2015-08-07,1000000.0,1000000.0
2015-08-10,1000000.0,1000000.0
2015-08-11,1000000.0,1000000.0
2015-08-12,1000000.0,1000000.0
2015-08-13,1000000.0,1000000.0
2015-08-14,1000000.0,1000000.0
2015-08-17,1000000.0,1000000.0
2015-08-18,1000000.0,1000000.0
2015-08-19,1000000.0,1000000.0
2015-08-20,1000000.0,1000000.0
2015-08-21,1000000.0,1000000.0
2015-08-24,1000000.0,1000000.0
2015-08-25,1000000.0,1000000.0
2015-08-26,1000000.0,1000000.0
2015-08-27,1000000.0,1000000.0
2015-08-28,1000000.0,1000000.0
2015-08-31,1000000.0,1000000.0
2015-09-01,1000000.0,1000000.0
2015-09-02,1000000.0,1000000.0
2015-09-03,1000000.0,1000000.0
2015-09-04,1000000.0,1000000.0
2015-09-07,1000000.0,1000000.0
2015-09-08,1000000.0,1000000.0
2015-09-09,1000000.0,1000000.0
2015-09-10,1000000.0,1000000.0
2015-09-11,1000000.0,1000000.0
2015-09-14,1000000.0,1000000.0
2015-09-15,1000000.0,1000000.0
2015-09-16,1000000.0,1000000.0
2015-09-17,1000000.0,1000000.0
2015-09-18,1000000.0,1000000.0
2015-09-21,1000000.0,1000000.0
2015-09-22,1000000.0,1000000.0
2015-09-23,1000000.0,1000000.0
2015-09-23,1000000.0,1000000.0
2015-09-23,1000000.0,1000000.0
2015-09-28,1000000.0,1000000.0
2015-09-29,1000000.0,1000000.0
2015-09-30,1000000.0,1000000.0
2015-10-01,1000000.0,1000000.0
2015-10-02,1000000.0,1000000.0
2015-10-05,1000000.0,1000000.0
2015-10-06,1000000.0,1000000.0
2015-10-07,1000000.0,1000000.0
2015-10-08,1000000.0,1000000.0
2015-10-09,1000000.0,1000000.0
2015-10-12,1000000.0,1000000.0
2015-10-13,1000000.0,1000000.0
2015-10-14,1000000.0,1000000.0
2015-10-15,1000000.0,1000000.0
2015-10-16,1000000.0,1000000.0
2015-10-19,1000000.0,1000000.0
2015-10-20,1000000.0,1000000.0
2015-10-21,1000000.0,1000000.0
2015-10-22,1000000.0,1000000.0
2015-10-23,1000000.0,1000000.0
2015-10-26,1000000.0,1000000.0
2015-10-27,1000000.0,1000000.0
2015-10-28,1000000.0,1000000.0
2015-10-28,1000000.0,1000000.0
2015-10-30,1000000.0,1000000.0
2015-11-02,1000000.0,1000000.0
2015-11-03,1000000.0,1000000.0
2015-11-04,1000000.0,1000000.0
2015-11-05,1000000.0,1000000.0
2015-11-06,1000000.0,1000000.0
2015-11-09,1000000.0,1000000.0
2015-11-10,1000000.0,1000000.0
2015-11-11,1000000.0,1000000.0
2015-11-12,1000000.0,1000000.0
2015-11-13,1000000.0,1000000.0
2015-11-16,1000000.0,1000000.0
2015-11-17,1000000.0,1000000.0
2015-11-18,1000000.0,1000000.0
2015-11-19,1000000.0,1000000.0
2015-11-20,1000000.0,1000000.0
2015-11-23,1000000.0,1000000.0
2015-11-24,1000000.0,1000000.0
2015-11-25,1000000.0,1000000.0
2015-11-26,1000000.0,1000000.0
2015-11-27,1000000.0,1000000.0
2015-11-30,1000000.0,1000000.0
2015-12-01,1000000.0,1000000.0
2015-12-02,1000000.0,1000000.0
2015-12-03,1000000.0,1000000.0
2015-12-04,1000000.0,1000000.0
2015-12-07,1000000.0,1000000.0
2015-12-08,1000000.0,1000000.0
2015-12-09,1000000.0,1000000.0
2015-12-10,1000000.0,1000000.0
2015-12-11,1000000.0,1000000.0
2015-12-14,1000000.0,1000000.0
2015-12-15,1000000.0,1000000.0
2015-12-16,1000000.0,1000000.0
2015-12-17,1000000.0,1000000.0
2015-12-18,1000000.0,1000000.0
2015-12-21,1000000.0,1000000.0
2015-12-22,1000000.0,1000000.0
2015-12-23,1000000.0,1000000.0
2015-12-24,1000000.0,1000000.0
2015-12-25,1000000.0,1000000.0
2015-12-28,1000000.0,1000000.0
2015-12-29,1000000.0,1000000.0
2015-12-30,1000000.0,1000000.0
2015-12-31,1000000.0,1000000.0
2015-12-31,1000000.0,1000000.0
2016-01-04,1000000.0,1000000.0
2016-01-05,1000000.0,1000000.0
2016-01-06,1000000.0,1000000.0
2016-01-07,1000000.0,1000000.0
2016-01-08,1000000.0,1000000.0
2016-01-11,1000000.0,1000000.0
2016-01-12,1000000.0,1000000.0
2016-01-13,1000000.0,1000000.0
2016-01-14,1000000.0,1000000.0
2016-01-15,1000000.0,1000000.0
2016-01-18,1000000.0,1000000.0
2016-01-19,1000000.0,1000000.0
2016-01-20,1000000.0,1000000.0
2016-01-21,1000000.0,1000000.0
2016-01-22,1000000.0,1000000.0
2016-01-25,1000000.0,1000000.0
2016-01-26,1000000.0,1000000.0
2016-01-27,1000000.0,1000000.0
2016-01-28,1000000.0,1000000.0
2016-01-29,1000000.0,1000000.0
2016-02-01,1000000.0,1000000.0
2016-02-02,1000000.0,1000000.0
2016-02-03,1000000.0,1000000.0
2016-02-04,1000000.0,1000000.0
2016-02-05,1000000.0,1000000.0
2016-02-08,1000000.0,1000000.0
2016-02-09,1000000.0,1000000.0
2016-02-10,1000000.0,1000000.0
2016-02-11,1000000.0,1000000.0
2016-02-12,1000000.0,1000000.0
2016-02-15,1000000.0,1000000.0
2016-02-16,1000000.0,1000000.0
2016-02-17,1000000.0,1000000.0
2016-02-18,1000000.0,1000000.0
2016-02-19,1000000.0,1000000.0
2016-02-22,1000000.0,1000000.0
2016-02-23,1000000.0,1000000.0
2016-02-24,1000000.0,1000000.0
2016-02-25,1000000.0,1000000.0
2016-02-26,1000000.0,1000000.0
2016-02-29,1000000.0,1000000.0
2016-03-01,1000000.0,1000000.0
2016-03-02,1000000.0,1000000.0
2016-03-03,1000000.0,1000000.0
2016-03-04,1000000.0,1000000.0
2016-03-07,1000000.0,1000000.0
2016-03-08,1000000.0,1000000.0
2016-03-09,1000000.0,1000000.0
2016-03-10,1000000.0,1000000.0
2016-03-11,1000000.0,1000000.0
2016-03-14,1000000.0,1000000.0
2016-03-15,1000000.0,1000000.0
2016-03-16,1000000.0,1000000.0
2016-03-17,1000000.0,1000000.0
2016-03-18,1000000.0,1000000.0
2016-03-21,1000000.0,1000000.0
2016-03-22,1000000.0,1000000.0
2016-03-23,1000000.0,1000000.0
2016-03-24,1000000.0,1000000.0
2016-03-25,1000000.0,1000000.0
2016-03-28,1000000.0,1000000.0
2016-03-29,1000000.0,1000000.0
2016-03-30,1000000.0,1000000.0
2016-03-31,1000000.0,1000000.0
2016-04-01,1000000.0,1000000.0
2016-04-04,1000000.0,1000000.0
2016-04-05,1000000.0,1000000.0
2016-04-06,1000000.0,1000000.0
2016-04-07,1000000.0,1000000.0
2016-04-08,1000000.0,1000000.0
2016-04-11,1000000.0,1000000.0
2016-04-12,1000000.0,1000000.0
2016-04-13,1000000.0,1000000.0
2016-04-14,1000000.0,1000000.0
2016-04-15,1000000.0,1000000.0
2016-04-18,1000000.0,1000000.0
2016-04-19,1000000.0,1000000.0
2016-04-20,1000000.0,1000000.0
2016-04-21,1000000.0,1000000.0
2016-04-22,1000000.0,1000000.0
2016-04-25,1000000.0,1000000.0
2016-04-26,1000000.0,1000000.0
2016-04-27,1000000.0,1000000.0
2016-04-28,1000000.0,1000000.0
2016-04-29,1000000.0,1000000.0
2016-05-02,1000000.0,1000000.0
2016-05-03,1000000.0,1000000.0
2016-05-04,1000000.0,1000000.0
2016-05-05,1000000.0,1000000.0
2016-05-06,1000000.0,1000000.0
2016-05-09,1000000.0,1000000.0
2016-05-10,1000000.0,1000000.0
2016-05-11,1000000.0,1000000.0
2016-05-12,1000000.0,1000000.0
2016-05-13,1000000.0,1000000.0
2016-05-16,1000000.0,1000000.0
2016-05-17,1000000.0,1000000.0
2016-05-18,1000000.0,1000000.0
2016-05-18,1000000.0,1000000.0
2016-05-20,1000000.0,1000000.0
2016-05-23,1000000.0,1000000.0
2016-05-24,1000000.0,1000000.0
2016-05-25,1000000.0,1000000.0
2016-05-26,1000000.0,1000000.0
2016-05-27,1000000.0,1000000.0
2016-05-30,1000000.0,1000000.0
2016-05-31,1000000.0,1000000.0
2016-06-01,1000000.0,1000000.0
2016-06-02,1000000.0,1000000.0
2016-06-03,1000000.0,1000000.0
2016-06-06,1000000.0,1000000.0
2016-06-07,1000000.0,1000000.0
2016-06-08,1000000.0,1000000.0
2016-06-09,1000000.0,1000000.0
2016-06-10,1000000.0,1000000.0
2016-06-13,1000000.0,1000000.0
2016-06-14,1000000.0,1000000.0
2016-06-15,1000000.0,1000000.0
2016-06-16,1000000.0,1000000.0
2016-06-17,1000000.0,1000000.0
2016-06-20,1000000.0,1000000.0
2016-06-21,1000000.0,1000000.0
2016-06-22,1000000.0,1000000.0
2016-06-23,1000000.0,1000000.0
2016-06-24,1000000.0,1000000.0
2016-06-27,1000000.0,1000000.0
2016-06-28,1000000.0,1000000.0
2016-06-29,1000000.0,1000000.0
2016-06-30,1000000.0,1000000.0
2016-07-01,1000000.0,1000000.0
2016-07-04,1000000.0,1000000.0
2016-07-04,1000000.0,1000000.0
2016-07-04,1000000.0,1000000.0
2016-07-04,1000000.0,1000000.0
2016-07-08,1000000.0,1000000.0
2016-07-11,1000000.0,1000000.0
2016-07-12,1000000.0,1000000.0
2016-07-13,1000000.0,1000000.0
2016-07-14,1000000.0,1000000.0
2016-07-15,1000000.0,1000000.0
2016-07-18,1000000.0,1000000.0
2016-07-19,1000000.0,1000000.0
2016-07-20,1000000.0,1000000.0
2016-07-21,1000000.0,1000000.0
2016-07-22,1000000.0,1000000.0
2016-07-25,1000000.0,1000000.0
2016-07-26,1000000.0,1000000.0
2016-07-27,1000000.0,1000000.0
2016-07-28,1000000.0,1000000.0
2016-07-29,1000000.0,1000000.0
2016-08-01,1000000.0,1000000.0
2016-08-02,1000000.0,1000000.0
2016-08-03,1000000.0,1000000.0
2016-08-04,1000000.0,1000000.0
2016-08-05,1000000.0,1000000.0
2016-08-08,1000000.0,1000000.0
2016-08-09,1000000.0,1000000.0
2016-08-10,1000000.0,1000000.0
2016-08-11,1000000.0,1000000.0
2016-08-12,1000000.0,1000000.0
2016-08-15,1000000.0,1000000.0
2016-08-16,1000000.0,1000000.0
2016-08-17,1000000.0,1000000.0
2016-08-18,1000000.0,1000000.0
2016-08-19,1000000.0,1000000.0
2016-08-22,1000000.0,1000000.0
2016-08-23,1000000.0,1000000.0
2016-08-24,1000000.0,1000000.0
2016-08-25,1000000.0,1000000.0
2016-08-26,1000000.0,1000000.0
2016-08-29,1000000.0,1000000.0
2016-08-29,1000000.0,1000000.0
2016-08-31,1000000.0,1000000.0
2016-09-01,1000000.0,1000000.0
2016-09-02,1000000.0,1000000.0
2016-09-05,1000000.0,1000000.0
2016-09-06,1000000.0,1000000.0
2016-09-07,1000000.0,1000000.0
2016-09-08,1000000.0,1000000.0
2016-09-09,1000000.0,1000000.0
2016-09-09,1000000.0,1000000.0
2016-09-09,1000000.0,1000000.0
2016-09-09,1000000.0,1000000.0
2016-09-09,1000000.0,1000000.0
2016-09-16,1000000.0,1000000.0
2016-09-19,1000000.0,1000000.0
2016-09-20,1000000.0,1000000.0
2016-09-21,1000000.0,1000000.0
2016-09-22,1000000.0,1000000.0
2016-09-23,1000000.0,1000000.0
2016-09-26,1000000.0,1000000.0
2016-09-27,1000000.0,1000000.0
2016-09-28,1000000.0,1000000.0
2016-09-29,1000000.0,1000000.0
2016-09-30,1000000.0,1000000.0
2016-10-03,1000000.0,1000000.0
2016-10-04,1000000.0,1000000.0
2016-10-05,1000000.0,1000000.0
2016-10-06,1000000.0,1000000.0
2016-10-07,1000000.0,1000000.0
2016-10-10,1000000.0,1000000.0
2016-10-11,1000000.0,1000000.0
2016-10-12,1000000.0,1000000.0
2016-10-13,1000000.0,1000000.0
2016-10-14,1000000.0,1000000.0
2016-10-17,1000000.0,1000000.0
2016-10-18,1000000.0,1000000.0
2016-10-19,1000000.0,1000000.0
2016-10-20,1000000.0,1000000.0
2016-10-21,1000000.0,1000000.0
2016-10-24,1000000.0,1000000.0
2016-10-25,1000000.0,1000000.0
2016-10-26,1000000.0,1000000.0
2016-10-27,1000000.0,1000000.0
2016-10-28,1000000.0,1000000.0
2016-10-31,1000000.0,1000000.0
2016-11-01,1000000.0,1000000.0
2016-11-02,1000000.0,1000000.0
2016-11-03,1000000.0,1000000.0
2016-11-04,1000000.0,1000000.0
2016-11-07,1000000.0,1000000.0
2016-11-08,1000000.0,1000000.0
2016-11-09,1000000.0,1000000.0
2016-11-10,1000000.0,1000000.0
2016-11-11,1000000.0,1000000.0
2016-11-14,1000000.0,1000000.0
2016-11-15,1000000.0,1000000.0
2016-11-16,1000000.0,1000000.0
2016-11-17,1000000.0,1000000.0
2016-11-18,1000000.0,1000000.0
2016-11-21,1000000.0,1000000.0
2016-11-22,1000000.0,1000000.0
2016-11-23,1000000.0,1000000.0
2016-11-24,1000000.0,1000000.0
2016-11-25,1000000.0,1000000.0
2016-11-28,1000000.0,1000000.0
2016-11-29,1000000.0,1000000.0
2016-11-30,1000000.0,1000000.0
2016-12-01,1000000.0,1000000.0
2016-12-02,1000000.0,1000000.0
2016-12-05,1000000.0,1000000.0
2016-12-06,1000000.0,1000000.0
2016-12-07,1000000.0,1000000.0
2016-12-08,1000000.0,1000000.0
2016-12-09,1000000.0,1000000.0
2016-12-12,1000000.0,1000000.0
2016-12-13,1000000.0,1000000.0
2016-12-14,1000000.0,1000000.0
2016-12-15,1000000.0,1000000.0
2016-12-16,1000000.0,1000000.0
2016-12-19,1000000.0,1000000.0
2016-12-20,1000000.0,1000000.0
2016-12-21,1000000.0,1000000.0
2016-12-22,1000000.0,1000000.0
2016-12-23,1000000.0,1000000.0
2016-12-26,1000000.0,1000000.0
2016-12-27,1000000.0,1000000.0
2016-12-28,1000000.0,1000000.0
2016-12-29,1000000.0,1000000.0
2016-12-30,1000000.0,1000000.0
2017-01-02,1000000.0,1000000.0
2017-01-03,1000000.0,1000000.0
2017-01-04,1000000.0,1000000.0
2017-01-05,1000000.0,1000000.0
2017-01-06,1000000.0,1000000.0
2017-01-09,1000000.0,1000000.0
2017-01-10,1000000.0,1000000.0
2017-01-11,1000000.0,1000000.0
2017-01-12,1000000.0,1000000.0
2017-01-13,1000000.0,1000000.0
2017-01-16,1000000.0,1000000.0
2017-01-17,1000000.0,1000000.0
2017-01-18,1000000.0,1000000.0
2017-01-19,1000000.0,1000000.0
2017-01-20,1000000.0,1000000.0
2017-01-23,1000000.0,1000000.0
2017-01-24,1000000.0,1000000.0
2017-01-25,1000000.0,1000000.0
2017-01-26,1000000.0,1000000.0
2017-01-27,1000000.0,1000000.0
2017-01-30,1000000.0,1000000.0
2017-01-31,1000000.0,1000000.0
2017-02-01,1000000.0,1000000.0
2017-02-02,1000000.0,1000000.0
2017-02-03,1000000.0,1000000.0
2017-02-06,1000000.0,1000000.0
2017-02-07,1000000.0,1000000.0
2017-02-08,1000000.0,1000000.0
2017-02-09,1000000.0,1000000.0
2017-02-10,1000000.0,1000000.0
2017-02-13,1000000.0,1000000.0
2017-02-14,1000000.0,1000000.0
2017-02-15,1000000.0,1000000.0
2017-02-16,1000000.0,1000000.0
2017-02-17,1000000.0,1000000.0
2017-02-20,1000000.0,1000000.0
2017-02-21,1000000.0,1000000.0
2017-02-22,1000000.0,1000000.0
2017-02-23,1000000.0,1000000.0
2017-02-24,1000000.0,1000000.0
2017-02-27,1000000.0,1000000.0
2017-02-28,1000000.0,1000000.0
2017-03-01,1000000.0,1000000.0
2017-03-02,1000000.0,1000000.0
2017-03-03,1000000.0,1000000.0
2017-03-06,1000000.0,1000000.0
2017-03-07,1000000.0,1000000.0
2017-03-08,1000000.0,1000000.0
2017-03-09,1000000.0,1000000.0
2017-03-10,1000000.0,1000000.0
2017-03-13,1000000.0,1000000.0
2017-03-14,1000000.0,1000000.0
2017-03-15,1000000.0,1000000.0
2017-03-16,1000000.0,1000000.0
2017-03-17,1000000.0,1000000.0
2017-03-20,1000000.0,1000000.0
2017-03-21,1000000.0,1000000.0
2017-03-22,1000000.0,1000000.0
2017-03-23,1000000.0,1000000.0
2017-03-24,1000000.0,1000000.0
2017-03-27,1000000.0,1000000.0
2017-03-28,1000000.0,1000000.0
2017-03-29,1000000.0,1000000.0
2017-03-30,1000000.0,1000000.0
2017-03-31,1000000.0,1000000.0
2017-04-03,1000000.0,1000000.0
2017-04-04,1000000.0,1000000.0
2017-04-05,1000000.0,1000000.0
2017-04-06,1000000.0,1000000.0
2017-04-07,1000000.0,1000000.0
2017-04-10,1000000.0,1000000.0
2017-04-11,1000000.0,1000000.0
2017-04-12,1000000.0,1000000.0
2017-04-13,1000000.0,1000000.0
2017-04-14,1000000.0,1000000.0
2017-04-17,1000000.0,1000000.0
2017-04-18,1000000.0,1000000.0
2017-04-19,1000000.0,1000000.0
2017-04-20,1000000.0,1000000.0
2017-04-21,1000000.0,1000000.0
2017-04-24,1000000.0,1000000.0
2017-04-25,1000000.0,1000000.0
2017-04-26,1000000.0,1000000.0
2017-04-27,1000000.0,1000000.0
2017-04-28,1000000.0,1000000.0
2017-04-28,1000000.0,1000000.0
2017-05-02,1000000.0,1000000.0
2017-05-03,1000000.0,1000000.0
2017-05-04,1000000.0,1000000.0
2017-05-05,1000000.0,1000000.0
2017-05-08,1000000.0,1000000.0
2017-05-09,1000000.0,1000000.0
2017-05-10,1000000.0,1000000.0
2017-05-11,1000000.0,1000000.0
2017-05-12,1000000.0,1000000.0
2017-05-15,1000000.0,1000000.0
2017-05-16,1000000.0,1000000.0
2017-05-17,1000000.0,1000000.0
2017-05-18,1000000.0,1000000.0
2017-05-18,1000000.0,1000000.0
2017-05-22,1000000.0,1000000.0
2017-05-23,1000000.0,1000000.0
2017-05-24,1000000.0,1000000.0
2017-05-25,1000000.0,1000000.0
2017-05-26,1000000.0,1000000.0
2017-05-29,1000000.0,1000000.0
2017-05-30,1000000.0,1000000.0
2017-05-31,1000000.0,1000000.0
2017-06-01,1000000.0,1000000.0
2017-06-02,1000000.0,1000000.0
2017-06-05,1000000.0,1000000.0
2017-06-06,1000000.0,1000000.0
2017-06-07,1000000.0,1000000.0
2017-06-08,1000000.0,1000000.0
2017-06-09,1000000.0,1000000.0
2017-06-12,1000000.0,1000000.0
2017-06-13,1000000.0,1000000.0
2017-06-14,1000000.0,1000000.0
2017-06-15,1000000.0,1000000.0
2017-06-16,1000000.0,1000000.0
2017-06-19,1000000.0,1000000.0
2017-06-20,1000000.0,1000000.0
2017-06-21,1000000.0,1000000.0
2017-06-22,1000000.0,1000000.0
2017-06-23,1000000.0,1000000.0
2017-06-23,1000000.0,1000000.0
2017-06-23,1000000.0,1000000.0
2017-06-28,1000000.0,1000000.0
2017-06-29,1000000.0,1000000.0
2017-06-30,1000000.0,1000000.0
2017-07-03,1000000.0,1000000.0
2017-07-04,1000000.0,1000000.0
2017-07-05,1000000.0,1000000.0
2017-07-06,1000000.0,1000000.0
2017-07-07,1000000.0,1000000.0
2017-07-10,1000000.0,1000000.0
2017-07-11,1000000.0,1000000.0
2017-07-12,1000000.0,1000000.0
2017-07-13,1000000.0,1000000.0
2017-07-14,1000000.0,1000000.0
2017-07-17,1000000.0,1000000.0
2017-07-18,1000000.0,1000000.0
2017-07-19,1000000.0,1000000.0
2017-07-20,1000000.0,1000000.0
2017-07-21,1000000.0,1000000.0
2017-07-24,1000000.0,1000000.0
2017-07-25,1000000.0,1000000.0
2017-07-26,1000000.0,1000000.0
2017-07-27,1000000.0,1000000.0
2017-07-28,1000000.0,1000000.0
2017-07-31,1000000.0,1000000.0
2017-08-01,1000000.0,1000000.0
2017-08-02,1000000.0,1000000.0
2017-08-03,1000000.0,1000000.0
2017-08-04,1000000.0,1000000.0
2017-08-07,1000000.0,1000000.0
2017-08-08,1000000.0,1000000.0
2017-08-09,1000000.0,1000000.0
2017-08-10,1000000.0,1000000.0
2017-08-11,1000000.0,1000000.0
2017-08-14,1000000.0,1000000.0
2017-08-15,1000000.0,1000000.0
2017-08-16,1000000.0,1000000.0
2017-08-17,1000000.0,1000000.0
2017-08-18,1000000.0,1000000.0
2017-08-21,1000000.0,1000000.0
2017-08-22,1000000.0,1000000.0
2017-08-23,1000000.0,1000000.0
2017-08-24,1000000.0,1000000.0
2017-08-25,1000000.0,1000000.0
2017-08-28,1000000.0,1000000.0
2017-08-29,1000000.0,1000000.0
2017-08-29,1000000.0,1000000.0
2017-08-31,1000000.0,1000000.0
2017-08-31,1000000.0,1000000.0
2017-08-31,1000000.0,1000000.0
2017-09-05,1000000.0,1000000.0
2017-09-06,1000000.0,1000000.0
2017-09-07,1000000.0,1000000.0
2017-09-08,1000000.0,1000000.0
2017-09-11,1000000.0,1000000.0
2017-09-12,1000000.0,1000000.0
2017-09-13,1000000.0,1000000.0
2017-09-14,1000000.0,1000000.0
2017-09-15,1000000.0,1000000.0
2017-09-18,1000000.0,1000000.0
2017-09-19,1000000.0,1000000.0
2017-09-20,1000000.0,1000000.0
2017-09-21,1000000.0,1000000.0
2017-09-22,1000000.0,1000000.0
2017-09-25,1000000.0,1000000.0
2017-09-26,1000000.0,1000000.0
2017-09-27,1000000.0,1000000.0
2017-09-28,1000000.0,1000000.0
2017-09-29,1000000.0,1000000.0
2017-10-02,1000000.0,1000000.0
2017-10-03,1000000.0,1000000.0
2017-10-04,1000000.0,1000000.0
2017-10-05,1000000.0,1000000.0
2017-10-06,1000000.0,1000000.0
2017-10-09,1000000.0,1000000.0
2017-10-10,1000000.0,1000000.0
2017-10-11,1000000.0,1000000.0
2017-10-12,1000000.0,1000000.0
2017-10-13,1000000.0,1000000.0
2017-10-16,1000000.0,1000000.0
2017-10-17,1000000.0,1000000.0
2017-10-18,1000000.0,1000000.0
2017-10-19,1000000.0,1000000.0
2017-10-20,1000000.0,1000000.0
2017-10-23,1000000.0,1000000.0
2017-10-24,1000000.0,1000000.0
2017-10-25,1000000.0,1000000.0
2017-10-26,1000000.0,1000000.0
2017-10-27,1000000.0,1000000.0
2017-10-30,1000000.0,1000000.0
2017-10-31,1000000.0,1000000.0
2017-11-01,1000000.0,1000000.0
2017-11-02,1000000.0,1000000.0
2017-11-03,1000000.0,1000000.0
2017-11-06,1000000.0,1000000.0
2017-11-07,1000000.0,1000000.0
2017-11-08,1000000.0,1000000.0
2017-11-09,1000000.0,1000000.0
2017-11-10,1000000.0,1000000.0
2017-11-13,1000000.0,1000000.0
2017-11-14,1000000.0,1000000.0
2017-11-15,1000000.0,1000000.0
2017-11-16,1000000.0,1000000.0
2017-11-17,1000000.0,1000000.0
2017-11-20,1000000.0,1000000.0
2017-11-21,1000000.0,1000000.0
2017-11-22,1000000.0,1000000.0
2017-11-23,1000000.0,1000000.0
2017-11-24,1000000.0,1000000.0
2017-11-27,1000000.0,1000000.0
2017-11-28,1000000.0,1000000.0
2017-11-29,1000000.0,1000000.0
2017-11-30,1000000.0,1000000.0
2017-12-01,1000000.0,1000000.0
2017-12-04,1000000.0,1000000.0
2017-12-05,1000000.0,1000000.0
2017-12-06,1000000.0,1000000.0
2017-12-07,1000000.0,1000000.0
2017-12-08,1000000.0,1000000.0
2017-12-11,1000000.0,1000000.0
2017-12-12,1000000.0,1000000.0
2017-12-13,1000000.0,1000000.0
2017-12-14,1000000.0,1000000.0
2017-12-15,1000000.0,1000000.0
2017-12-18,1000000.0,1000000.0
2017-12-19,1000000.0,1000000.0
2017-12-20,1000000.0,1000000.0
2017-12-21,1000000.0,1000000.0
2017-12-22,1000000.0,1000000.0
2017-12-22,1000000.0,1000000.0
2017-12-26,1000000.0,1000000.0
2017-12-27,1000000.0,1000000.0
2017-12-28,1000000.0,1000000.0
2017-12-29,1000000.0,1000000.0
2017-12-29,1000000.0,1000000.0
2018-01-02,1000000.0,1000000.0
2018-01-03,1000000.0,1000000.0
2018-01-04,1000000.0,1000000.0
2018-01-05,1000000.0,1000000.0
2018-01-08,1000000.0,1000000.0
2018-01-09,1000000.0,1000000.0
2018-01-10,1000000.0,1000000.0
2018-01-11,1000000.0,1000000.0
2018-01-12,1000000.0,1000000.0
2018-01-15,1000000.0,1000000.0
2018-01-16,1000000.0,1000000.0
2018-01-17,1000000.0,1000000.0
2018-01-18,1000000.0,1000000.0
2018-01-19,1000000.0,1000000.0
2018-01-22,1000000.0,1000000.0
2018-01-23,1000000.0,1000000.0
2018-01-24,1000000.0,1000000.0
2018-01-25,1000000.0,1000000.0
2018-01-26,1000000.0,1000000.0
2018-01-29,1000000.0,1000000.0
2018-01-30,1000000.0,1000000.0
2018-01-31,1000000.0,1000000.0
2018-02-01,1000000.0,1000000.0
2018-02-02,1000000.0,1000000.0
2018-02-05,1000000.0,1000000.0
2018-02-06,1000000.0,1000000.0
2018-02-07,1000000.0,1000000.0
2018-02-08,1000000.0,1000000.0
2018-02-09,1000000.0,1000000.0
2018-02-12,1000000.0,1000000.0
2018-02-13,1000000.0,1000000.0
2018-02-14,1000000.0,1000000.0
2018-02-15,1000000.0,1000000.0
2018-02-16,1000000.0,1000000.0
2018-02-19,1000000.0,1000000.0
2018-02-20,1000000.0,1000000.0
2018-02-21,1000000.0,1000000.0
2018-02-22,1000000.0,1000000.0
2018-02-23,1000000.0,1000000.0
2018-02-26,1000000.0,1000000.0
2018-02-27,1000000.0,1000000.0
2018-02-28,1000000.0,1000000.0
2018-03-01,1000000.0,1000000.0
2018-03-02,1000000.0,1000000.0
2018-03-05,1000000.0,1000000.0
2018-03-06,1000000.0,1000000.0
2018-03-07,1000000.0,1000000.0
2018-03-08,1000000.0,1000000.0
2018-03-09,1000000.0,1000000.0
2018-03-12,1000000.0,1000000.0
2018-03-13,1000000.0,1000000.0
2018-03-14,1000000.0,1000000.0
2018-03-15,1000000.0,1000000.0
2018-03-16,1000000.0,1000000.0
2018-03-19,1000000.0,1000000.0
2018-03-20,1000000.0,1000000.0
2018-03-21,1000000.0,1000000.0
2018-03-22,1000000.0,1000000.0
2018-03-23,1000000.0,1000000.0
2018-03-26,1000000.0,1000000.0
2018-03-27,1000000.0,1000000.0
2018-03-28,1000000.0,1000000.0
2018-03-29,1000000.0,1000000.0
2018-03-30,1000000.0,1000000.0
2018-04-02,1000000.0,1000000.0
2018-04-03,1000000.0,1000000.0
2018-04-04,1000000.0,1000000.0
2018-04-05,1000000.0,1000000.0
2018-04-06,1000000.0,1000000.0
2018-04-09,1000000.0,1000000.0
2018-04-10,1000000.0,1000000.0
2018-04-11,1000000.0,1000000.0
2018-04-12,1000000.0,1000000.0
2018-04-13,1000000.0,1000000.0
2018-04-16,1000000.0,1000000.0
2018-04-17,1000000.0,1000000.0
2018-04-18,1000000.0,1000000.0
2018-04-19,1000000.0,1000000.0
2018-04-20,1000000.0,1000000.0
2018-04-20,1000000.0,1000000.0
2018-04-24,1000000.0,1000000.0
2018-04-25,1000000.0,1000000.0
2018-04-26,1000000.0,1000000.0
2018-04-27,1000000.0,1000000.0
2018-04-30,1000000.0,1000000.0
2018-04-30,1000000.0,1000000.0
2018-05-02,1000000.0,1000000.0
2018-05-03,1000000.0,1000000.0
2018-05-04,1000000.0,1000000.0
2018-05-07,1000000.0,1000000.0
2018-05-08,1000000.0,1000000.0
2018-05-09,1000000.0,1000000.0
2018-05-10,1000000.0,1000000.0
2018-05-11,1000000.0,1000000.0
2018-05-14,1000000.0,1000000.0
2018-05-15,1000000.0,1000000.0
2018-05-16,1000000.0,1000000.0
2018-05-17,1000000.0,1000000.0
2018-05-18,1000000.0,1000000.0
2018-05-21,1000000.0,1000000.0
2018-05-22,1000000.0,1000000.0
2018-05-23,1000000.0,1000000.0
2018-05-24,1000000.0,1000000.0
2018-05-25,1000000.0,1000000.0
2018-05-28,1000000.0,1000000.0
2018-05-29,1000000.0,1000000.0
2018-05-30,1000000.0,1000000.0
2018-05-31,1000000.0,1000000.0
2018-06-01,1000000.0,1000000.0
2018-06-04,1000000.0,1000000.0
2018-06-05,1000000.0,1000000.0
2018-06-06,1000000.0,1000000.0
2018-06-07,1000000.0,1000000.0
2018-06-08,1000000.0,1000000.0
2018-06-11,1000000.0,1000000.0
2018-06-12,1000000.0,1000000.0
2018-06-13,1000000.0,1000000.0
2018-06-14,1000000.0,1000000.0
2018-06-14,1000000.0,1000000.0
2018-06-18,1000000.0,1000000.0
2018-06-19,1000000.0,1000000.0
2018-06-20,1000000.0,1000000.0
2018-06-21,1000000.0,1000000.0
2018-06-22,1000000.0,1000000.0
2018-06-25,1000000.0,1000000.0
2018-06-26,1000000.0,1000000.0
2018-06-27,1000000.0,1000000.0
2018-06-28,1000000.0,1000000.0
2018-06-29,1000000.0,1000000.0
2018-07-02,1000000.0,1000000.0
2018-07-03,1000000.0,1000000.0
2018-07-04,1000000.0,1000000.0
2018-07-05,1000000.0,1000000.0
2018-07-06,1000000.0,1000000.0
2018-07-09,1000000.0,1000000.0
2018-07-10,1000000.0,1000000.0
2018-07-11,1000000.0,1000000.0
2018-07-12,1000000.0,1000000.0
2018-07-13,1000000.0,1000000.0
2018-07-16,1000000.0,1000000.0
2018-07-17,1000000.0,1000000.0
2018-07-18,1000000.0,1000000.0
2018-07-19,1000000.0,1000000.0
2018-07-20,1000000.0,1000000.0
2018-07-23,1000000.0,1000000.0
2018-07-24,1000000.0,1000000.0
2018-07-25,1000000.0,1000000.0
2018-07-26,1000000.0,1000000.0
2018-07-27,1000000.0,1000000.0
2018-07-30,1000000.0,1000000.0
2018-07-31,1000000.0,1000000.0
2018-08-01,1000000.0,1000000.0
2018-08-02,1000000.0,1000000.0
2018-08-03,1000000.0,1000000.0
2018-08-06,1000000.0,1000000.0
2018-08-07,1000000.0,1000000.0
2018-08-08,1000000.0,1000000.0
2018-08-09,1000000.0,1000000.0
2018-08-10,1000000.0,1000000.0
2018-08-13,1000000.0,1000000.0
2018-08-14,1000000.0,1000000.0
2018-08-15,1000000.0,1000000.0
2018-08-16,1000000.0,1000000.0
2018-08-17,1000000.0,1000000.0
2018-08-20,1000000.0,1000000.0
2018-08-20,1000000.0,1000000.0
2018-08-20,1000000.0,1000000.0
2018-08-20,1000000.0,1000000.0
2018-08-20,1000000.0,1000000.0
2018-08-27,1000000.0,1000000.0
2018-08-28,1000000.0,1000000.0
2018-08-29,1000000.0,1000000.0
2018-08-29,1000000.0,1000000.0
2018-08-31,1000000.0,1000000.0
2018-09-03,1000000.0,1000000.0
2018-09-04,1000000.0,1000000.0
2018-09-05,1000000.0,1000000.0
2018-09-06,1000000.0,1000000.0
2018-09-07,1000000.0,1000000.0
2018-09-10,1000000.0,1000000.0
2018-09-11,1000000.0,1000000.0
2018-09-12,1000000.0,1000000.0
2018-09-13,1000000.0,1000000.0
2018-09-14,1000000.0,1000000.0
2018-09-17,1000000.0,1000000.0
2018-09-18,1000000.0,1000000.0
2018-09-19,1000000.0,1000000.0
2018-09-20,1000000.0,1000000.0
2018-09-21,1000000.0,1000000.0
2018-09-24,1000000.0,1000000.0
2018-09-25,1000000.0,1000000.0
2018-09-26,1000000.0,1000000.0
2018-09-27,1000000.0,1000000.0
2018-09-28,1000000.0,1000000.0
2018-10-01,1000000.0,1000000.0
2018-10-02,1000000.0,1000000.0
2018-10-03,1000000.0,1000000.0
2018-10-04,1000000.0,1000000.0
2018-10-05,1000000.0,1000000.0
2018-10-08,1000000.0,1000000.0
2018-10-09,1000000.0,1000000.0
2018-10-10,1000000.0,1000000.0
2018-10-11,1000000.0,1000000.0
2018-10-12,1000000.0,1000000.0
2018-10-15,1000000.0,1000000.0
2018-10-16,1000000.0,1000000.0
2018-10-17,1000000.0,1000000.0
2018-10-18,1000000.0,1000000.0
2018-10-19,1000000.0,1000000.0
2018-10-22,1000000.0,1000000.0
2018-10-23,1000000.0,1000000.0
2018-10-24,1000000.0,1000000.0
2018-10-25,1000000.0,1000000.0
2018-10-26,1000000.0,1000000.0
2018-10-26,1000000.0,1000000.0
2018-10-30,1000000.0,1000000.0
2018-10-31,1000000.0,1000000.0
2018-11-01,1000000.0,1000000.0
2018-11-02,1000000.0,1000000.0
2018-11-05,1000000.0,1000000.0
2018-11-06,1000000.0,1000000.0
2018-11-07,1000000.0,1000000.0
2018-11-08,1000000.0,1000000.0
2018-11-09,1000000.0,1000000.0
2018-11-12,1000000.0,1000000.0
2018-11-13,1000000.0,1000000.0
2018-11-14,1000000.0,1000000.0
2018-11-15,1000000.0,1000000.0
2018-11-16,1000000.0,1000000.0
2018-11-19,1000000.0,1000000.0
2018-11-20,1000000.0,1000000.0
2018-11-21,1000000.0,1000000.0
2018-11-22,1000000.0,1000000.0
2018-11-23,1000000.0,1000000.0
2018-11-26,1000000.0,1000000.0
2018-11-27,1000000.0,1000000.0
2018-11-28,1000000.0,1000000.0
2018-11-29,1000000.0,1000000.0
2018-11-30,1000000.0,1000000.0
2018-12-03,1000000.0,1000000.0
2018-12-04,1000000.0,1000000.0
2018-12-05,1000000.0,1000000.0
2018-12-06,1000000.0,1000000.0
2018-12-07,1000000.0,1000000.0
2018-12-10,1000000.0,1000000.0
2018-12-11,1000000.0,1000000.0
2018-12-12,1000000.0,1000000.0
2018-12-13,1000000.0,1000000.0
2018-12-14,1000000.0,1000000.0
2018-12-17,1000000.0,1000000.0
2018-12-18,1000000.0,1000000.0
2018-12-19,1000000.0,1000000.0
2018-12-20,1000000.0,1000000.0
2018-12-21,1000000.0,1000000.0
2018-12-24,1000000.0,1000000.0
2018-12-24,1000000.0,1000000.0
2018-12-26,1000000.0,1000000.0
2018-12-27,1000000.0,1000000.0
2018-12-28,1000000.0,1000000.0
2018-12-31,1000000.0,1000000.0
2018-12-31,1000000.0,1000000.0
2019-01-02,1000000.0,1000000.0
2019-01-03,1000000.0,1000000.0
2019-01-04,1000000.0,1000000.0
2019-01-07,1000000.0,1000000.0
2019-01-08,1000000.0,1000000.0
2019-01-09,1000000.0,1000000.0
2019-01-10,1000000.0,1000000.0
2019-01-11,1000000.0,1000000.0
2019-01-14,1000000.0,1000000.0
2019-01-15,1000000.0,1000000.0
2019-01-16,1000000.0,1000000.0
2019-01-17,1000000.0,1000000.0
2019-01-18,1000000.0,1000000.0
2019-01-21,1000000.0,1000000.0
2019-01-22,1000000.0,1000000.0
2019-01-23,1000000.0,1000000.0
2019-01-24,1000000.0,1000000.0
2019-01-25,1000000.0,1000000.0
2019-01-28,1000000.0,1000000.0
2019-01-29,1000000.0,1000000.0
2019-01-30,1000000.0,1000000.0
2019-01-31,1000000.0,1000000.0
2019-02-01,1000000.0,1000000.0
2019-02-04,1000000.0,1000000.0
2019-02-05,1000000.0,1000000.0
2019-02-06,1000000.0,1000000.0
2019-02-07,1000000.0,1000000.0
2019-02-08,1000000.0,1000000.0
2019-02-11,1000000.0,1000000.0
2019-02-12,1000000.0,1000000.0
2019-02-13,1000000.0,1000000.0
2019-02-14,1000000.0,1000000.0
2019-02-15,1000000.0,1000000.0
2019-02-18,1000000.0,1000000.0
2019-02-19,1000000.0,1000000.0
2019-02-20,1000000.0,1000000.0
2019-02-21,1000000.0,1000000.0
2019-02-22,1000000.0,1000000.0
2019-02-25,1000000.0,1000000.0
2019-02-26,1000000.0,1000000.0
2019-02-27,1000000.0,1000000.0
2019-02-28,1000000.0,1000000.0
2019-03-01,1000000.0,1000000.0
2019-03-04,1000000.0,1000000.0
2019-03-05,1000000.0,1000000.0
2019-03-06,1000000.0,1000000.0
2019-03-07,1000000.0,1000000.0
2019-03-08,1000000.0,1000000.0
2019-03-11,1000000.0,1000000.0
2019-03-12,1000000.0,1000000.0
2019-03-13,1000000.0,1000000.0
2019-03-14,1000000.0,1000000.0
2019-03-15,1000000.0,1000000.0
2019-03-18,1000000.0,1000000.0
2019-03-19,1000000.0,1000000.0
2019-03-20,1000000.0,1000000.0
2019-03-21,1000000.0,1000000.0
2019-03-22,1000000.0,1000000.0
2019-03-25,1000000.0,1000000.0
2019-03-26,1000000.0,1000000.0
2019-03-27,1000000.0,1000000.0
2019-03-28,1000000.0,1000000.0
2019-03-29,1000000.0,1000000.0
2019-04-01,1000000.0,1000000.0
2019-04-02,1000000.0,1000000.0
2019-04-03,1000000.0,1000000.0
2019-04-04,1000000.0,1000000.0
2019-04-05,1000000.0,1000000.0
2019-04-08,1000000.0,1000000.0
2019-04-09,1000000.0,1000000.0
2019-04-10,1000000.0,1000000.0
2019-04-11,1000000.0,1000000.0
2019-04-12,1000000.0,1000000.0
2019-04-15,1000000.0,1000000.0
2019-04-16,1000000.0,1000000.0
2019-04-17,1000000.0,1000000.0
2019-04-18,1000000.0,1000000.0
2019-04-19,1000000.0,1000000.0
2019-04-22,1000000.0,1000000.0
2019-04-22,1000000.0,1000000.0
2019-04-24,1000000.0,1000000.0
2019-04-25,1000000.0,1000000.0
2019-04-26,1000000.0,1000000.0
2019-04-29,1000000.0,1000000.0
2019-04-30,1000000.0,1000000.0
2019-04-30,1000000.0,1000000.0
2019-05-02,1000000.0,1000000.0
2019-05-03,1000000.0,1000000.0
2019-05-06,1000000.0,1000000.0
2019-05-07,1000000.0,1000000.0
2019-05-08,1000000.0,1000000.0
2019-05-09,1000000.0,1000000.0
2019-05-10,1000000.0,1000000.0
2019-05-13,1000000.0,1000000.0
2019-05-14,1000000.0,1000000.0
2019-05-15,1000000.0,1000000.0
2019-05-16,1000000.0,1000000.0
2019-05-17,1000000.0,1000000.0
2019-05-20,1000000.0,1000000.0
2019-05-21,1000000.0,1000000.0
2019-05-22,1000000.0,1000000.0
2019-05-23,1000000.0,1000000.0
2019-05-24,1000000.0,1000000.0
2019-05-27,1000000.0,1000000.0
2019-05-28,1000000.0,1000000.0
2019-05-29,1000000.0,1000000.0
2019-05-30,1000000.0,1000000.0
2019-05-31,1000000.0,1000000.0
2019-06-03,1000000.0,1000000.0
2019-06-03,1000000.0,1000000.0
2019-06-03,1000000.0,1000000.0
2019-06-03,1000000.0,1000000.0
2019-06-07,1000000.0,1000000.0
2019-06-10,1000000.0,1000000.0
2019-06-11,1000000.0,1000000.0
2019-06-12,1000000.0,1000000.0
2019-06-13,1000000.0,1000000.0
2019-06-14,1000000.0,1000000.0
2019-06-17,1000000.0,1000000.0
2019-06-18,1000000.0,1000000.0
2019-06-19,1000000.0,1000000.0
2019-06-20,1000000.0,1000000.0
2019-06-21,1000000.0,1000000.0
2019-06-24,1000000.0,1000000.0
2019-06-25,1000000.0,1000000.0
2019-06-26,1000000.0,1000000.0
2019-06-27,1000000.0,1000000.0
2019-06-28,1000000.0,1000000.0
2019-07-01,1000000.0,1000000.0
2019-07-02,1000000.0,1000000.0
2019-07-03,1000000.0,1000000.0
2019-07-04,1000000.0,1000000.0
2019-07-05,1000000.0,1000000.0
2019-07-08,1000000.0,1000000.0
2019-07-09,1000000.0,1000000.0
2019-07-10,1000000.0,1000000.0
2019-07-11,1000000.0,1000000.0
2019-07-12,1000000.0,1000000.0
2019-07-12,1000000.0,1000000.0
2019-07-16,1000000.0,1000000.0
2019-07-17,1000000.0,1000000.0
2019-07-18,1000000.0,1000000.0
2019-07-19,1000000.0,1000000.0
2019-07-22,1000000.0,1000000.0
2019-07-23,1000000.0,1000000.0
2019-07-24,1000000.0,1000000.0
2019-07-25,1000000.0,1000000.0
2019-07-26,1000000.0,1000000.0
2019-07-29,1000000.0,1000000.0
2019-07-30,1000000.0,1000000.0
2019-07-31,1000000.0,1000000.0
2019-08-01,1000000.0,1000000.0
2019-08-02,1000000.0,1000000.0
2019-08-05,1000000.0,1000000.0
2019-08-06,1000000.0,1000000.0
2019-08-07,1000000.0,1000000.0
2019-08-08,1000000.0,1000000.0
2019-08-09,1000000.0,1000000.0
2019-08-09,1000000.0,1000000.0
2019-08-09,1000000.0,1000000.0
2019-08-09,1000000.0,1000000.0
2019-08-15,1000000.0,1000000.0
2019-08-16,1000000.0,1000000.0
2019-08-19,1000000.0,1000000.0
2019-08-20,1000000.0,1000000.0
2019-08-21,1000000.0,1000000.0
2019-08-22,1000000.0,1000000.0
2019-08-23,1000000.0,1000000.0
2019-08-26,1000000.0,1000000.0
2019-08-27,1000000.0,1000000.0
2019-08-28,1000000.0,1000000.0
2019-08-29,1000000.0,1000000.0
2019-08-29,1000000.0,1000000.0
2019-09-02,1000000.0,1000000.0
2019-09-03,1000000.0,1000000.0
2019-09-04,1000000.0,1000000.0
2019-09-05,1000000.0,1000000.0
2019-09-06,1000000.0,1000000.0
2019-09-09,1000000.0,1000000.0
2019-09-10,1000000.0,1000000.0
2019-09-11,1000000.0,1000000.0
2019-09-12,1000000.0,1000000.0
2019-09-13,1000000.0,1000000.0
2019-09-16,1000000.0,1000000.0
2019-09-17,1000000.0,1000000.0
2019-09-18,1000000.0,1000000.0
2019-09-19,1000000.0,1000000.0
2019-09-20,1000000.0,1000000.0
2019-09-23,1000000.0,1000000.0
2019-09-24,1000000.0,1000000.0
2019-09-25,1000000.0,1000000.0
2019-09-26,1000000.0,1000000.0
2019-09-27,1000000.0,1000000.0
2019-09-30,1000000.0,1000000.0
2019-10-01,1000000.0,1000000.0
2019-10-02,1000000.0,1000000.0
2019-10-03,1000000.0,1000000.0
2019-10-04,1000000.0,1000000.0
2019-10-07,1000000.0,1000000.0
2019-10-08,1000000.0,1000000.0
2019-10-09,1000000.0,1000000.0
2019-10-10,1000000.0,1000000.0
2019-10-11,1000000.0,1000000.0
2019-10-14,1000000.0,1000000.0
2019-10-15,1000000.0,1000000.0
2019-10-16,1000000.0,1000000.0
2019-10-17,1000000.0,1000000.0
2019-10-18,1000000.0,1000000.0
2019-10-21,1000000.0,1000000.0
2019-10-22,1000000.0,1000000.0
2019-10-23,1000000.0,1000000.0
2019-10-24,1000000.0,1000000.0
2019-10-25,1000000.0,1000000.0
2019-10-28,1000000.0,1000000.0
2019-10-30,1000000.0,1000000.0
2019-10-31,1000000.0,1000000.0
2019-11-01,1000000.0,1000000.0
2019-11-04,1000000.0,1000000.0
2019-11-05,1000000.0,1000000.0
2019-11-06,1000000.0,1000000.0
2019-11-07,1000000.0,1000000.0
2019-11-08,1000000.0,1000000.0
2019-11-11,1000000.0,1000000.0
2019-11-12,1000000.0,1000000.0
2019-11-13,1000000.0,1000000.0
2019-11-14,1000000.0,1000000.0
2019-11-15,1000000.0,1000000.0
2019-11-18,1000000.0,1000000.0
2019-11-19,1000000.0,1000000.0
2019-11-20,1000000.0,1000000.0
2019-11-21,1000000.0,1000000.0
2019-11-22,1000000.0,1000000.0
2019-11-25,1000000.0,1000000.0
2019-11-26,1000000.0,1000000.0
2019-11-27,1000000.0,1000000.0
2019-11-28,1000000.0,1000000.0
2019-11-29,1000000.0,1000000.0
2019-12-02,1000000.0,1000000.0
2019-12-03,1000000.0,1000000.0
2019-12-04,1000000.0,1000000.0
2019-12-05,1000000.0,1000000.0
2019-12-06,1000000.0,1000000.0
2019-12-09,1000000.0,1000000.0
2019-12-10,1000000.0,1000000.0
2019-12-11,1000000.0,1000000.0
2019-12-12,1000000.0,1000000.0
2019-12-13,1000000.0,1000000.0
2019-12-16,1000000.0,1000000.0
2019-12-17,1000000.0,1000000.0
2019-12-18,1000000.0,1000000.0
2019-12-19,1000000.0,1000000.0
2019-12-20,1000000.0,1000000.0
2019-12-23,1000000.0,1000000.0
2019-12-24,1000000.0,1000000.0
2019-12-24,1000000.0,1000000.0
2019-12-26,1000000.0,1000000.0
2019-12-27,1000000.0,1000000.0
2019-12-30,1000000.0,1000000.0
2019-12-31,1000000.0,1000000.0
2020-01-02,1000000.0,1000000.0
2020-01-03,1000000.0,1000000.0
2020-01-06,1000000.0,1000000.0
2020-01-07,1000000.0,1000000.0
2020-01-08,1000000.0,1000000.0
2020-01-09,1000000.0,1000000.0
2020-01-10,1000000.0,1000000.0
2020-01-13,1000000.0,1000000.0
2020-01-14,1000000.0,1000000.0
2020-01-15,1000000.0,1000000.0
2020-01-16,1000000.0,1000000.0
2020-01-17,1000000.0,1000000.0
2020-01-20,1000000.0,1000000.0
2020-01-21,1000000.0,1000000.0
2020-01-22,1000000.0,1000000.0
2020-01-23,1000000.0,1000000.0
2020-01-24,1000000.0,1000000.0
2020-01-27,1000000.0,1000000.0
2020-01-28,1000000.0,1000000.0
2020-01-29,1000000.0,1000000.0
2020-01-30,1000000.0,1000000.0
2020-01-31,1000000.0,1000000.0
2020-02-03,1000000.0,1000000.0
2020-02-04,1000000.0,1000000.0
2020-02-05,1000000.0,1000000.0
2020-02-06,1000000.0,1000000.0
2020-02-07,1000000.0,1000000.0
2020-02-10,1000000.0,1000000.0
2020-02-11,1000000.0,1000000.0
2020-02-12,1000000.0,1000000.0
2020-02-13,1000000.0,1000000.0
2020-02-14,1000000.0,1000000.0
2020-02-17,1000000.0,1000000.0
2020-02-18,1000000.0,1000000.0
2020-02-19,1000000.0,1000000.0
2020-02-20,1000000.0,1000000.0
2020-02-21,1000000.0,1000000.0
2020-02-24,1000000.0,1000000.0
2020-02-25,1000000.0,1000000.0
2020-02-26,1000000.0,1000000.0
2020-02-27,1000000.0,1000000.0
2020-02-28,1000000.0,1000000.0
2020-03-02,1000000.0,1000000.0
2020-03-03,1000000.0,1000000.0
2020-03-04,1000000.0,1000000.0
2020-03-05,1000000.0,1000000.0
2020-03-06,1000000.0,1000000.0
2020-03-09,1000000.0,1000000.0
2020-03-10,1000000.0,1000000.0
2020-03-11,1000000.0,1000000.0
2020-03-12,1000000.0,1000000.0
2020-03-13,1000000.0,1000000.0
2020-03-16,1000000.0,1000000.0
2020-03-17,1000000.0,1000000.0
2020-03-18,1000000.0,1000000.0
2020-03-19,1000000.0,1000000.0
2020-03-20,1000000.0,1000000.0
2020-03-23,1000000.0,1000000.0
2020-03-24,1000000.0,1000000.0
2020-03-25,1000000.0,1000000.0
2020-03-26,1000000.0,1000000.0
2020-03-27,1000000.0,1000000.0
2020-03-30,1000000.0,1000000.0
2020-03-31,1000000.0,1000000.0
2020-04-01,1000000.0,1000000.0
2020-04-02,1000000.0,1000000.0
2020-04-03,1000000.0,1000000.0
2020-04-06,1000000.0,1000000.0
2020-04-07,1000000.0,1000000.0
2020-04-08,1000000.0,1000000.0
2020-04-09,1000000.0,1000000.0
2020-04-10,1000000.0,1000000.0
2020-04-13,1000000.0,1000000.0
2020-04-14,1000000.0,1000000.0
2020-04-15,1000000.0,1000000.0
2020-04-16,1000000.0,1000000.0
2020-04-17,1000000.0,1000000.0
2020-04-20,1000000.0,1000000.0
2020-04-21,1000000.0,1000000.0
2020-04-22,1000000.0,1000000.0
2020-04-24,1000000.0,1000000.0
2020-04-27,1000000.0,1000000.0
2020-04-28,1000000.0,1000000.0
2020-04-29,1000000.0,1000000.0
2020-04-30,1000000.0,1000000.0
2020-05-04,1000000.0,1000000.0
2020-05-05,1000000.0,1000000.0
2020-05-06,1000000.0,1000000.0
2020-05-07,1000000.0,1000000.0
2020-05-08,1000000.0,1000000.0
2020-05-11,1000000.0,1000000.0
2020-05-12,1000000.0,1000000.0
2020-05-13,1000000.0,1000000.0
2020-05-14,1000000.0,1000000.0
2020-05-15,1000000.0,1000000.0
2020-05-18,1000000.0,1000000.0
2020-05-20,1000000.0,1000000.0
2020-05-21,1000000.0,1000000.0
2020-05-22,1000000.0,1000000.0
2020-05-27,1000000.0,1000000.0
2020-05-28,1000000.0,1000000.0
2020-05-29,1000000.0,1000000.0
2020-06-01,1000000.0,1000000.0
2020-06-02,1000000.0,1000000.0
2020-06-03,1000000.0,1000000.0
2020-06-04,1000000.0,1000000.0
2020-06-05,1000000.0,1000000.0
2020-06-08,1000000.0,1000000.0
2020-06-09,1000000.0,1000000.0
2020-06-10,1000000.0,1000000.0
2020-06-11,1000000.0,1000000.0
2020-06-12,1000000.0,1000000.0
2020-06-15,1000000.0,1000000.0
2020-06-16,1000000.0,1000000.0
2020-06-17,1000000.0,1000000.0
2020-06-18,1000000.0,1000000.0
2020-06-19,1000000.0,1000000.0
2020-06-22,1000000.0,1000000.0
2020-06-23,1000000.0,1000000.0
2020-06-24,1000000.0,1000000.0
2020-06-25,1000000.0,1000000.0
2020-06-26,1000000.0,1000000.0
2020-06-29,1000000.0,1000000.0
2020-06-30,1000000.0,1000000.0
2020-07-01,1000000.0,1000000.0
2020-07-02,1000000.0,1000000.0
2020-07-03,1000000.0,1000000.0
2020-07-06,1000000.0,1000000.0
2020-07-07,1000000.0,1000000.0
2020-07-08,1000000.0,1000000.0
2020-07-09,1000000.0,1000000.0
2020-07-10,1000000.0,1000000.0
2020-07-13,1000000.0,1000000.0
2020-07-14,1000000.0,1000000.0
2020-07-16,1000000.0,1000000.0
2020-07-17,1000000.0,1000000.0
2020-07-20,1000000.0,1000000.0
2020-07-21,1000000.0,1000000.0
2020-07-22,1000000.0,1000000.0
2020-07-23,1000000.0,1000000.0
2020-07-24,1000000.0,1000000.0
2020-07-27,1000000.0,1000000.0
2020-07-28,1000000.0,1000000.0
2020-07-29,1000000.0,1000000.0
2020-07-30,1000000.0,1000000.0
2020-08-04,1000000.0,1000000.0
2020-08-05,1000000.0,1000000.0
2020-08-06,1000000.0,1000000.0
2020-08-07,1000000.0,1000000.0
2020-08-10,1000000.0,1000000.0
2020-08-11,1000000.0,1000000.0
2020-08-12,1000000.0,1000000.0
2020-08-13,1000000.0,1000000.0
2020-08-14,1000000.0,1000000.0
2020-08-17,1000000.0,1000000.0
2020-08-18,1000000.0,1000000.0
2020-08-19,1000000.0,1000000.0
2020-08-20,1000000.0,1000000.0
2020-08-21,1000000.0,1000000.0
2020-08-24,1000000.0,1000000.0
2020-08-25,1000000.0,1000000.0
2020-08-26,1000000.0,1000000.0
2020-08-27,1000000.0,1000000.0
2020-08-28,1000000.0,1000000.0
2020-08-31,1000000.0,1000000.0
2020-09-01,1000000.0,1000000.0
2020-09-02,1000000.0,1000000.0
2020-09-03,1000000.0,1000000.0
2020-09-04,1000000.0,1000000.0
2020-09-07,1000000.0,1000000.0
2020-09-08,1000000.0,1000000.0
2020-09-09,1000000.0,1000000.0
2020-09-10,1000000.0,1000000.0
2020-09-11,1000000.0,1000000.0
2020-09-14,1000000.0,1000000.0
2020-09-15,1000000.0,1000000.0
2020-09-16,1000000.0,1000000.0
2020-09-17,1000000.0,1000000.0
2020-09-18,1000000.0,1000000.0
2020-09-21,1000000.0,1000000.0
2020-09-22,1000000.0,1000000.0
2020-09-23,1000000.0,1000000.0
2020-09-24,1000000.0,1000000.0
2020-09-25,1000000.0,1000000.0
2020-09-28,1000000.0,1000000.0
2020-09-29,1000000.0,1000000.0
2020-09-30,1000000.0,1000000.0
2020-10-01,1000000.0,1000000.0
2020-10-02,1000000.0,1000000.0
2020-10-05,1000000.0,1000000.0
2020-10-06,1000000.0,1000000.0
2020-10-07,1000000.0,1000000.0
2020-10-08,1000000.0,1000000.0
2020-10-09,1000000.0,1000000.0
2020-10-12,1000000.0,1000000.0
2020-10-13,1000000.0,1000000.0
2020-10-14,1000000.0,1000000.0
2020-10-15,1000000.0,1000000.0
2020-10-16,1000000.0,1000000.0
2020-10-19,1000000.0,1000000.0
2020-10-20,1000000.0,1000000.0
2020-10-21,1000000.0,1000000.0
2020-10-22,1000000.0,1000000.0
2020-10-23,1000000.0,1000000.0
2020-10-26,1000000.0,1000000.0
2020-10-27,1000000.0,1000000.0
2020-10-28,1000000.0,1000000.0
2020-10-30,1000000.0,1000000.0
2020-11-02,1000000.0,1000000.0
2020-11-03,1000000.0,1000000.0
2020-11-04,1000000.0,1000000.0
2020-11-05,1000000.0,1000000.0
2020-11-06,1000000.0,1000000.0
2020-11-09,1000000.0,1000000.0
2020-11-10,1000000.0,1000000.0
2020-11-11,1000000.0,1000000.0
2020-11-12,1000000.0,1000000.0
2020-11-13,1000000.0,1000000.0
2020-11-16,1000000.0,1000000.0
2020-11-17,1000000.0,1000000.0
2020-11-18,1000000.0,1000000.0
2020-11-19,1000000.0,1000000.0
2020-11-20,1000000.0,1000000.0
2020-11-23,1000000.0,1000000.0
2020-11-24,1000000.0,1000000.0
2020-11-25,1000000.0,1000000.0
2020-11-26,1000000.0,1000000.0
2020-11-27,1000000.0,1000000.0
2020-11-30,1000000.0,1000000.0
2020-12-01,1000000.0,1000000.0
2020-12-02,1000000.0,1000000.0
2020-12-03,1000000.0,1000000.0
2020-12-04,1000000.0,1000000.0
2020-12-07,1000000.0,1000000.0
2020-12-08,1000000.0,1000000.0
2020-12-09,1000000.0,1000000.0
2020-12-10,1000000.0,1000000.0
2020-12-11,1000000.0,1000000.0
2020-12-14,1000000.0,1000000.0
2020-12-15,1000000.0,1000000.0
2020-12-16,1000000.0,1000000.0
2020-12-17,1000000.0,1000000.0
2020-12-18,1000000.0,1000000.0
2020-12-21,1000000.0,1000000.0
2020-12-22,1000000.0,1000000.0
2020-12-23,1000000.0,1000000.0
2020-12-24,1000000.0,1000000.0
2020-12-24,1000000.0,1000000.0
2020-12-28,1000000.0,1000000.0
2020-12-29,1000000.0,1000000.0
2020-12-30,1000000.0,1000000.0
2020-12-31,1000000.0,1000000.0
2021-01-04,1000000.0,1000000.0
2021-01-05,1000000.0,1000000.0
2021-01-06,1000000.0,1000000.0
2021-01-07,1000000.0,1000000.0
2021-01-08,1000000.0,1000000.0
2021-01-11,1000000.0,1000000.0
2021-01-12,1000000.0,1000000.0
2021-01-13,1000000.0,1000000.0
2021-01-14,1000000.0,1000000.0
2021-01-15,1000000.0,1000000.0
2021-01-18,1000000.0,1000000.0
2021-01-19,1000000.0,1000000.0
2021-01-20,1000000.0,1000000.0
2021-01-21,1000000.0,1000000.0
2021-01-22,1000000.0,1000000.0
2021-01-25,1000000.0,1000000.0
2021-01-26,1000000.0,1000000.0
2021-01-27,1000000.0,1000000.0
2021-01-28,1000000.0,1000000.0
2021-01-29,1000000.0,1000000.0
2021-02-01,1000000.0,1000000.0
2021-02-02,1000000.0,1000000.0
2021-02-03,1000000.0,1000000.0
2021-02-04,1000000.0,1000000.0
2021-02-05,1000000.0,1000000.0
2021-02-08,1000000.0,1000000.0
2021-02-09,1000000.0,1000000.0
2021-02-10,1000000.0,1000000.0
2021-02-11,1000000.0,1000000.0
2021-02-12,1000000.0,1000000.0
2021-02-15,1000000.0,1000000.0
2021-02-16,1000000.0,1000000.0
2021-02-17,1000000.0,1000000.0
2021-02-18,1000000.0,1000000.0
2021-02-19,1000000.0,1000000.0
2021-02-22,1000000.0,1000000.0
2021-02-23,1000000.0,1000000.0
2021-02-24,1000000.0,1000000.0
2021-02-25,1000000.0,1000000.0
2021-02-26,1000000.0,1000000.0
2021-03-01,1000000.0,1000000.0
2021-03-02,1000000.0,1000000.0
2021-03-03,1000000.0,1000000.0
2021-03-04,1000000.0,1000000.0
2021-03-05,1000000.0,1000000.0
2021-03-08,1000000.0,1000000.0
2021-03-09,1000000.0,1000000.0
2021-03-10,1000000.0,1000000.0
2021-03-11,1000000.0,1000000.0
2021-03-12,1000000.0,1000000.0
2021-03-15,1000000.0,1000000.0
2021-03-16,1000000.0,1000000.0
2021-03-17,1000000.0,1000000.0
2021-03-18,1000000.0,1000000.0
2021-03-19,1000000.0,1000000.0
2021-03-22,1000000.0,1000000.0
2021-03-23,1000000.0,1000000.0
2021-03-24,1000000.0,1000000.0
2021-03-25,1000000.0,1000000.0
2021-03-26,1000000.0,1000000.0
2021-03-29,1000000.0,1000000.0
2021-03-30,1000000.0,1000000.0
2021-03-31,1000000.0,1000000.0
2021-04-01,1000000.0,1000000.0
2021-04-01,1000000.0,1000000.0
2021-04-05,1000000.0,1000000.0
2021-04-06,1000000.0,1000000.0
2021-04-07,1000000.0,1000000.0
2021-04-08,1000000.0,1000000.0
2021-04-09,1000000.0,1000000.0
2021-04-12,1000000.0,1000000.0
2021-04-13,1000000.0,1000000.0
2021-04-14,1000000.0,1000000.0
2021-04-15,1000000.0,1000000.0
2021-04-16,1000000.0,1000000.0
2021-04-19,1000000.0,1000000.0
2021-04-20,1000000.0,1000000.0
2021-04-21,1000000.0,1000000.0
2021-04-22,1000000.0,1000000.0
2021-04-26,1000000.0,1000000.0
2021-04-27,1000000.0,1000000.0
2021-04-28,1000000.0,1000000.0
2021-04-29,1000000.0,1000000.0
2021-04-30,1000000.0,1000000.0
2021-05-03,1000000.0,1000000.0
2021-05-04,1000000.0,1000000.0
2021-05-05,1000000.0,1000000.0
2021-05-06,1000000.0,1000000.0
2021-05-07,1000000.0,1000000.0
2021-05-10,1000000.0,1000000.0
2021-05-11,1000000.0,1000000.0
2021-05-12,1000000.0,1000000.0
2021-05-17,1000000.0,1000000.0
2021-05-18,1000000.0,1000000.0
2021-05-20,1000000.0,1000000.0
2021-05-21,1000000.0,1000000.0
2021-05-24,1000000.0,1000000.0
2021-05-25,1000000.0,1000000.0
2021-05-26,1000000.0,1000000.0
2021-05-27,1000000.0,1000000.0
2021-05-28,1000000.0,1000000.0
2021-05-31,1000000.0,1000000.0
2021-06-01,1000000.0,1000000.0
2021-06-02,1000000.0,1000000.0
2021-06-03,1000000.0,1000000.0
2021-06-04,1000000.0,1000000.0
2021-06-07,1000000.0,1000000.0
2021-06-08,1000000.0,1000000.0
2021-06-09,1000000.0,1000000.0
2021-06-10,1000000.0,1000000.0
2021-06-11,1000000.0,1000000.0
2021-06-14,1000000.0,1000000.0
2021-06-15,1000000.0,1000000.0
2021-06-16,1000000.0,1000000.0
2021-06-17,1000000.0,1000000.0
2021-06-18,1000000.0,1000000.0
2021-06-21,1000000.0,1000000.0
2021-06-22,1000000.0,1000000.0
2021-06-23,1000000.0,1000000.0
2021-06-24,1000000.0,1000000.0
2021-06-25,1000000.0,1000000.0
2021-06-28,1000000.0,1000000.0
2021-06-29,1000000.0,1000000.0
2021-06-30,1000000.0,1000000.0
2021-07-01,1000000.0,1000000.0
2021-07-02,1000000.0,1000000.0
2021-07-05,1000000.0,1000000.0
2021-07-06,1000000.0,1000000.0
2021-07-07,1000000.0,1000000.0
2021-07-08,1000000.0,1000000.0
2021-07-09,1000000.0,1000000.0
2021-07-12,1000000.0,1000000.0
2021-07-13,1000000.0,1000000.0
2021-07-14,1000000.0,1000000.0
2021-07-16,1000000.0,1000000.0
2021-07-19,1000000.0,1000000.0
2021-07-26,1000000.0,1000000.0
2021-07-27,1000000.0,1000000.0
2021-07-28,1000000.0,1000000.0
2021-07-29,1000000.0,1000000.0
2021-07-30,1000000.0,1000000.0
2021-08-02,1000000.0,1000000.0
2021-08-03,1000000.0,1000000.0
2021-08-04,1000000.0,1000000.0
2021-08-05,1000000.0,1000000.0
2021-08-06,1000000.0,1000000.0
2021-08-09,1000000.0,1000000.0
2021-08-10,1000000.0,1000000.0
2021-08-11,1000000.0,1000000.0
2021-08-12,1000000.0,1000000.0
2021-08-13,1000000.0,1000000.0
2021-08-16,1000000.0,1000000.0
2021-08-17,1000000.0,1000000.0
2021-08-18,1000000.0,1000000.0
2021-08-19,1000000.0,1000000.0
2021-08-20,1000000.0,1000000.0
2021-08-23,1000000.0,1000000.0
2021-08-24,1000000.0,1000000.0
2021-08-25,1000000.0,1000000.0
2021-08-26,1000000.0,1000000.0
2021-08-27,1000000.0,1000000.0
2021-08-31,1000000.0,1000000.0
2021-09-01,1000000.0,1000000.0
2021-09-02,1000000.0,1000000.0
2021-09-03,1000000.0,1000000.0
2021-09-06,1000000.0,1000000.0
2021-09-07,1000000.0,1000000.0
2021-09-08,1000000.0,1000000.0
2021-09-09,1000000.0,1000000.0
2021-09-10,1000000.0,1000000.0
2021-09-13,1000000.0,1000000.0
2021-09-14,1000000.0,1000000.0
2021-09-15,1000000.0,1000000.0
2021-09-16,1000000.0,1000000.0
2021-09-17,1000000.0,1000000.0
2021-09-20,1000000.0,1000000.0
2021-09-21,1000000.0,1000000.0
2021-09-22,1000000.0,1000000.0
2021-09-23,1000000.0,1000000.0
2021-09-24,1000000.0,1000000.0
2021-09-27,1000000.0,1000000.0
2021-09-28,1000000.0,1000000.0
2021-09-29,1000000.0,1000000.0
2021-09-30,1000000.0,1000000.0
2021-10-01,1000000.0,1000000.0
2021-10-04,1000000.0,1000000.0
2021-10-05,1000000.0,1000000.0
2021-10-06,1000000.0,1000000.0
2021-10-07,1000000.0,1000000.0
2021-10-08,1000000.0,1000000.0
2021-10-11,1000000.0,1000000.0
2021-10-12,1000000.0,1000000.0
2021-10-13,1000000.0,1000000.0
2021-10-14,1000000.0,1000000.0
2021-10-15,1000000.0,1000000.0
2021-10-18,1000000.0,1000000.0
2021-10-19,1000000.0,1000000.0
2021-10-20,1000000.0,1000000.0
2021-10-21,1000000.0,1000000.0
2021-10-22,1000000.0,1000000.0
2021-10-25,1000000.0,1000000.0
2021-10-26,1000000.0,1000000.0
2021-10-27,1000000.0,1000000.0
2021-10-28,1000000.0,1000000.0
2021-11-01,1000000.0,1000000.0
2021-11-02,1000000.0,1000000.0
2021-11-03,1000000.0,1000000.0
2021-11-04,1000000.0,1000000.0
2021-11-05,1000000.0,1000000.0
2021-11-08,1000000.0,1000000.0
2021-11-09,1000000.0,1000000.0
2021-11-10,1000000.0,1000000.0
2021-11-11,1000000.0,1000000.0
2021-11-12,1000000.0,1000000.0
2021-11-15,1000000.0,1000000.0
2021-11-16,1000000.0,1000000.0
2021-11-17,1000000.0,1000000.0
2021-11-18,1000000.0,1000000.0
2021-11-19,1000000.0,1000000.0
2021-11-22,1000000.0,1000000.0
2021-11-23,1000000.0,1000000.0
2021-11-24,1000000.0,1000000.0
2021-11-25,1000000.0,1000000.0
2021-11-26,1000000.0,1000000.0
2021-11-29,1000000.0,1000000.0
2021-11-30,1000000.0,1000000.0
2021-12-01,1000000.0,1000000.0
2021-12-02,1000000.0,1000000.0
2021-12-03,1000000.0,1000000.0
2021-12-06,1000000.0,1000000.0
2021-12-07,1000000.0,1000000.0
2021-12-08,1000000.0,1000000.0
2021-12-09,1000000.0,1000000.0
2021-12-10,1000000.0,1000000.0
2021-12-13,1000000.0,1000000.0
2021-12-14,1000000.0,1000000.0
2021-12-15,1000000.0,1000000.0
2021-12-16,1000000.0,1000000.0
2021-12-17,1000000.0,1000000.0
2021-12-20,1000000.0,1000000.0
2021-12-21,1000000.0,1000000.0
2021-12-22,1000000.0,1000000.0
2021-12-23,1000000.0,1000000.0
2021-12-24,1000000.0,1000000.0
2021-12-27,1000000.0,1000000.0
2021-12-28,1000000.0,1000000.0
2021-12-29,1000000.0,1000000.0
2021-12-30,1000000.0,1000000.0
2021-12-31,1000000.0,1000000.0
2022-01-03,1000000.0,1000000.0
2022-01-04,1000000.0,1000000.0
2022-01-05,1000000.0,1000000.0
2022-01-06,1000000.0,1000000.0
2022-01-07,1000000.0,1000000.0
2022-01-10,1000000.0,1000000.0
2022-01-11,1000000.0,1000000.0
2022-01-12,1000000.0,1000000.0
2022-01-13,1000000.0,1000000.0
2022-01-14,1000000.0,1000000.0
2022-01-17,1000000.0,1000000.0
2022-01-18,1000000.0,1000000.0
2022-01-19,1000000.0,1000000.0
2022-01-20,1000000.0,1000000.0
2022-01-21,1000000.0,1000000.0
2022-01-24,1000000.0,1000000.0
2022-01-25,1000000.0,1000000.0
2022-01-26,1000000.0,1000000.0
2022-01-27,1000000.0,1000000.0
2022-01-28,1000000.0,1000000.0
2022-01-31,1000000.0,1000000.0
2022-02-01,1000000.0,1000000.0
2022-02-02,1000000.0,1000000.0
2022-02-03,1000000.0,1000000.0
2022-02-04,1000000.0,1000000.0
2022-02-07,1000000.0,1000000.0
2022-02-08,1000000.0,1000000.0
2022-02-09,1000000.0,1000000.0
2022-02-10,1000000.0,1000000.0
2022-02-11,1000000.0,1000000.0
2022-02-14,1000000.0,1000000.0
2022-02-15,1000000.0,1000000.0
2022-02-16,1000000.0,1000000.0
2022-02-17,1000000.0,1000000.0
2022-02-18,1000000.0,1000000.0
2022-02-21,1000000.0,1000000.0
2022-02-22,1000000.0,1000000.0
2022-02-23,1000000.0,1000000.0
2022-02-24,1000000.0,1000000.0
2022-02-25,1000000.0,1000000.0
2022-02-28,1000000.0,1000000.0
2022-03-01,1000000.0,1000000.0
2022-03-02,1000000.0,1000000.0
2022-03-03,1000000.0,1000000.0
2022-03-04,1000000.0,1000000.0
2022-03-07,1000000.0,1000000.0
2022-03-08,1000000.0,1000000.0
2022-03-09,1000000.0,1000000.0
2022-03-10,1000000.0,1000000.0
2022-03-11,1000000.0,1000000.0
2022-03-14,1000000.0,1000000.0
2022-03-15,1000000.0,1000000.0
2022-03-16,1000000.0,1000000.0
2022-03-17,1000000.0,1000000.0
2022-03-18,1000000.0,1000000.0
2022-03-21,1000000.0,1000000.0
2022-03-22,1000000.0,1000000.0
2022-03-23,1000000.0,1000000.0
2022-03-24,1000000.0,1000000.0
2022-03-25,1000000.0,1000000.0
2022-03-28,1000000.0,1000000.0
2022-03-29,1000000.0,1000000.0
2022-03-30,1000000.0,1000000.0
2022-03-31,1000000.0,1000000.0
2022-04-01,1000000.0,1000000.0
2022-04-04,698680.1258057822,1006299.9851868618
2022-04-05,698680.1258057822,1004882.8059877623
2022-04-06,698680.1258057822,1007672.9718158711
2022-04-07,698680.1258057822,1010778.5344524849
2022-04-08,698680.1258057822,1014382.4561101664
2022-04-11,698680.1258057822,1017856.8469169606
2022-04-12,698680.1258057822,1016123.549660014
2022-04-13,698680.1258057822,1018352.833440112
2022-04-14,698680.1258057822,1022923.0526738632
2022-04-15,698680.1258057822,1023656.8083825577
2022-04-18,698680.1258057822,1027166.3327787388
2022-04-19,698680.1258057822,1027828.1450151671
2022-04-20,698680.1258057822,1026797.5516685713
2022-04-21,698680.1258057822,1029241.0963753927
2022-04-22,698680.1258057822,1015681.5441405047
2022-04-25,698680.1258057822,1016588.1686941851
2022-04-26,698680.1258057822,1014801.5183836687
2022-04-27,698680.1258057822,1011666.4633115996
2022-04-28,698680.1258057822,1015430.2299164999
2022-04-29,698680.1258057822,1010688.788768338
2022-05-05,698680.1258057822,1012272.4912500847
2022-05-06,698680.1258057822,1008693.9334068764
2022-05-09,698680.1258057822,1007866.236400174
2022-05-10,698680.1258057822,1011183.9180589188
2022-05-11,698680.1258057822,1005435.6233586539
2022-05-12,698680.1258057822,998953.7349328268
2022-05-13,788768.7853956299,1006719.5891170579
2022-05-16,788768.7853956299,1016181.5264538603
2022-05-17,788768.7853956299,1019223.6668957549
2022-05-18,788768.7853956299,1022662.5972470122
2022-05-20,788768.7853956299,1020298.5201581793
2022-05-23,788768.7853956299,1018324.2621100026
2022-05-24,788768.7853956299,1021763.2051317769
2022-05-25,915744.8572370731,1023019.7341398918
2022-05-26,915744.8572370731,1023579.4268026077
2022-05-27,915744.8572370731,1023579.4268026077
2022-05-30,915744.8572370731,1024325.6934662783
2022-05-31,915744.8572370731,1022086.903255316
2022-06-01,915744.8572370731,1022460.0316971266
2022-06-02,715401.3747377286,1022799.5285498986
2022-06-03,715401.3747377286,1023711.2968062053
2022-06-06,715401.3747377286,1028311.5835889468
2022-06-07,715401.3747377286,1025964.3408027778
2022-06-08,715401.3747377286,1015612.5302630553
2022-06-09,715401.3747377286,1017940.3305606733
2022-06-10,715401.3747377286,1013298.7142009626
2022-06-13,715401.3747377286,1009281.3316106687
2022-06-14,715401.3747377286,1009079.1232155452
2022-06-15,715401.3747377286,1007995.6568395982
2022-06-16,715401.3747377286,1003533.6285579095
2022-06-17,805647.1863792416,1004262.1452497718
2022-06-20,805647.1863792416,1003366.1993836638
2022-06-21,805647.1863792416,1004148.2065862891
2022-06-22,805647.1863792416,1008643.5976003882
2022-06-23,805647.1863792416,1010146.155685353
2022-06-24,805647.1863792416,1007597.9616160867
2022-06-27,805647.1863792416,1004240.9316949126
2022-06-28,805647.1863792416,1002646.772285032
2022-06-29,894812.2007598986,1001527.3752199521
2022-06-30,894812.2007598986,1001527.3752199521
2022-07-01,894812.2007598986,1001713.9394408574
2022-07-04,594194.0476724802,998831.867856115
2022-07-05,594194.0476724802,989492.1877889334
2022-07-06,594194.0476724802,996361.587725967
2022-07-07,594194.0476724802,997442.0165050923
2022-07-08,594194.0476724802,998667.0761556326
2022-07-13,594194.0476724802,993741.087533444
2022-07-14,594194.0476724802,994411.1778820454
2022-07-18,594194.0476724802,1012344.2664823233
2022-07-19,594194.0476724802,1023387.7749023137
2022-07-20,594194.0476724802,1022059.0709299741
2022-07-21,594194.0476724802,1022867.0039748845
2022-07-22,594194.0476724802,1022489.5050005612
2022-07-25,594194.0476724802,1023549.1763111053
2022-07-26,594194.0476724802,1024369.7328172622
2022-07-27,594194.0476724802,1028017.7707285581
2022-07-28,594194.0476724802,1033337.2346561847
2022-07-29,594194.0476724802,1035202.1569412648
2022-08-01,594194.0476724802,1050499.657576412
2022-08-02,594194.0476724802,1042246.9154774843
2022-08-03,594194.0476724802,1045592.87782225
2022-08-04,594194.0476724802,1051609.4651530683
2022-08-05,594194.0476724802,1054039.8243183792
2022-08-08,720871.6817898451,1059238.6771969497
2022-08-09,720871.6817898451,1056504.003391713
2022-08-10,720871.6817898451,1063597.7910122573
2022-08-11,720871.6817898451,1058443.477558583
2022-08-12,720871.6817898451,1065593.0203747451
2022-08-15,853099.4058464067,1064337.3301704424
2022-08-16,853099.4058464067,1065303.692963411
2022-08-17,853099.4058464067,1068443.4808090227
2022-08-18,853099.4058464067,1072632.3109062212
2022-08-19,853099.4058464067,1077160.3847053545
2022-08-22,853099.4058464067,1082261.8554161089
2022-08-23,853099.4058464067,1087466.7029121416
2022-08-24,982206.9402498251,1086392.0039705283
2022-08-25,982206.9402498251,1086654.587832833
2022-08-26,982206.9402498251,1086640.3826326376
2022-08-29,982206.9402498251,1087023.6023592001
2022-08-31,982206.9402498251,1086512.6485017783
2022-09-01,982206.9402498251,1084553.986270333
2022-09-02,679163.3192790528,1088197.3443654557
2022-09-05,679163.3192790528,1095289.912209012
2022-09-06,679163.3192790528,1094863.6915936251
2022-09-07,679163.3192790528,1100793.3209889908
2022-09-08,679163.3192790528,1096544.5074008484
2022-09-09,679163.3192790528,1095941.0959070702
2022-09-12,679163.3192790528,1111278.459557869
2022-09-13,679163.3192790528,1088699.714657404
2022-09-14,765991.4282563822,1087884.6276155608
2022-09-15,765991.4282563822,1088655.1406007903
2022-09-16,765991.4282563822,1088515.0894302027
2022-09-19,765991.4282563822,1079364.8746596472
2022-09-20,765991.4282563822,1083917.8755265372
2022-09-21,765991.4282563822,1076108.6357983248
2022-09-22,765991.4282563822,1072676.9970415728
2022-09-23,765991.4282563822,1070449.9109648364
2022-09-26,765991.4282563822,1067705.9045745032
2022-09-27,765991.4282563822,1067400.54023539
2022-09-28,765991.4282563822,1059573.0661867755
2022-09-29,854485.9270036998,1060117.6333049121
2022-09-30,854485.9270036998,1057948.7781303707
2022-10-03,854485.9270036998,1069611.1732407394
2022-10-04,653862.8542847658,1081722.5650186562
2022-10-05,653862.8542847658,1083554.3842771077
2022-10-06,653862.8542847658,1094731.9707813286
2022-10-07,653862.8542847658,1104314.8078715827
2022-10-10,783459.179403172,1107438.5921529392
2022-10-11,783459.179403172,1116496.6684125522
2022-10-12,783459.179403172,1107297.2546840766
2022-10-13,783459.179403172,1107821.4410949806
2022-10-14,783459.179403172,1109103.7033057073
2022-10-17,783459.179403172,1121809.5774754146
2022-10-18,783459.179403172,1126011.524546967
2022-10-19,783459.179403172,1131224.6193324188
2022-10-20,783459.179403172,1127050.1775449375
2022-10-21,783459.179403172,1126228.7970427135
2022-10-24,783459.179403172,1136489.6994212726
2022-10-25,783459.179403172,1134962.3994005779
2022-10-26,783459.179403172,1137134.4503825763
2022-10-27,783459.179403172,1136723.497388945
2022-10-28,783459.179403172,1130648.0692907432
2022-10-31,783459.179403172,1133759.4638496498
2022-11-01,783459.179403172,1138956.0249720672
2022-11-02,683158.5058211681,1148554.7539226408
2022-11-03,813812.930961448,1153325.1099923432
2022-11-04,939737.7178086567,1157500.2735871603
2022-11-07,939737.7178086567,1159248.0887574484
2022-11-08,939737.7178086567,1165588.205243044
2022-11-09,939737.7178086567,1158456.471058779
2022-11-10,939737.7178086567,1160759.7829713156
2022-11-11,939737.7178086567,1170127.2530564596
2022-11-14,939737.7178086567,1186661.2629746725
2022-11-15,1079992.3562127703,1191981.0500985736
2022-11-16,1079992.3562127703,1188016.3939782733
2022-11-17,1079992.3562127703,1182661.5399133319
2022-11-18,1079992.3562127703,1186059.808132326
2022-11-21,1079992.3562127703,1185699.3875390643
2022-11-22,1079992.3562127703,1185853.8506890887
2022-11-23,1079992.3562127703,1187604.4790917987
2022-11-24,1079992.3562127703,1188222.3514215106
2022-11-25,1079992.3562127703,1191208.7146188372
2022-11-28,1079992.3562127703,1189921.4953958148
2022-11-29,1079992.3562127703,1192444.459278261
2022-11-30,1079992.3562127703,1192238.4919702166
2022-12-01,1079992.3562127703,1191620.6295053118
2022-12-02,780339.6388040946,1184242.4938467906
2022-12-05,780339.6388040946,1187955.0051604675
2022-12-06,780339.6388040946,1193841.258952515
2022-12-07,780339.6388040946,1181958.625223534
2022-12-08,780339.6388040946,1188458.1436764167
2022-12-09,780339.6388040946,1189435.785023825
2022-12-12,780339.6388040946,1202474.3187416957
2022-12-13,780339.6388040946,1207613.806280987
2022-12-14,780339.6388040946,1192911.9333316253
2022-12-15,780339.6388040946,1200870.898101704
2022-12-16,780339.6388040946,1199418.286070721
2022-12-19,780339.6388040946,1196321.273536341
2022-12-20,780339.6388040946,1195114.5292748378
2022-12-21,780339.6388040946,1193769.7826017307
2022-12-22,780339.6388040946,1196348.4490884708
2022-12-23,780339.6388040946,1195796.4965216087
2022-12-26,780339.6388040946,1201280.011687653
2022-12-27,780339.6388040946,1191849.0321604179
2022-12-28,780339.6388040946,1178655.9919825958
2022-12-29,780339.6388040946,1183078.2955249713
2022-12-30,780339.6388040946,1185999.5705796645
2023-01-02,780339.6388040946,1199151.9207831786
2023-01-03,780339.6388040946,1204053.5421980785
2023-01-04,780339.6388040946,1203715.6997171806
2023-01-05,780339.6388040946,1189337.43075742
2023-01-06,780339.6388040946,1193619.536382811
2023-01-09,780339.6388040946,1187165.4845448898
2023-01-10,780339.6388040946,1178756.5842958854
2023-01-11,870342.5043065666,1169472.9511935827
2023-01-12,870342.5043065666,1174085.2701285002
2023-01-13,870342.5043065666,1176110.0006029722
2023-01-16,870342.5043065666,1186738.7668416617
2023-01-17,870342.5043065666,1196029.9064796087
2023-01-18,870342.5043065666,1198107.0641191122
2023-01-19,870342.5043065666,1195542.7098300576
2023-01-20,870342.5043065666,1204558.0618760702
2023-01-23,870342.5043065666,1201462.6381862282
2023-01-24,870342.5043065666,1202300.6528103468
2023-01-25,870342.5043065666,1203290.5066235182
2023-01-26,870342.5043065666,1195824.6909406302
2023-01-27,870342.5043065666,1193586.2019178984
2023-01-30,870342.5043065666,1193179.5019266722
2023-01-31,870342.5043065666,1187608.9775958178
2023-02-01,870342.5043065666,1177446.0738246557
2023-02-02,770582.3231677614,1182342.0840711198
2023-02-03,770582.3231677614,1196222.4605371556
2023-02-06,770582.3231677614,1184575.4118828378
2023-02-07,770582.3231677614,1162723.05727311
2023-02-08,770582.3231677614,1138943.2895626626
2023-02-15,1057871.9695160668,1172134.6037934106
2023-02-16,1057871.9695160668,1168033.5655854028
2023-02-17,1057871.9695160668,1168484.348056106
2023-02-20,1057871.9695160668,1177346.0954926293
2023-02-21,1057871.9695160668,1177505.5229828637
2023-02-22,1057871.9695160668,1171667.3186371606
2023-02-23,1057871.9695160668,1171689.3132660668
2023-02-24,1057871.9695160668,1175048.2073090356
2023-02-27,1057871.9695160668,1176015.7292816918
2023-02-28,1057871.9695160668,1175740.87698677
2023-03-01,1057871.9695160668,1176444.530551223
2023-03-02,757422.6316698715,1175735.6646417305
2023-03-03,757422.6316698715,1175562.2597924396
2023-03-06,757422.6316698715,1186012.8867860958
2023-03-07,757422.6316698715,1183524.120798938
2023-03-08,757422.6316698715,1194539.8839214966
2023-03-09,757422.6316698715,1195134.0627163574
2023-03-10,757422.6316698715,1200221.4399946854
2023-03-13,757422.6316698715,1191421.3997949287
2023-03-14,757422.6316698715,1183538.6516374275
2023-03-15,757422.6316698715,1168368.115416877
2023-03-16,757422.6316698715,1167632.8981741592
2023-03-17,757422.6316698715,1166100.530366771
2023-03-20,757422.6316698715,1161536.4145029709
2023-03-21,846963.4144776063,1164069.0863392549
2023-03-22,846963.4144776063,1166020.0477574067
2023-03-23,846963.4144776063,1168664.3105290132
2023-03-24,846963.4144776063,1161714.2405071454
2023-03-27,846963.4144776063,1166185.1967907147
2023-03-28,846963.4144776063,1161320.0579872327
2023-03-29,846963.4144776063,1166840.2167437272
2023-03-30,846963.4144776063,1172447.1913373666
2023-03-31,846963.4144776063,1172622.5311863618
2023-04-03,846963.4144776063,1178988.190823813
2023-04-04,304058.4461112128,1202835.753571044
2023-04-05,304058.4461112128,1204340.2426109419
2023-04-06,304058.4461112128,1208514.711140643
2023-04-07,304058.4461112128,1210188.5801239118
2023-04-10,304058.4461112128,1233828.730051528
2023-04-11,304058.4461112128,1242859.8536071882
2023-04-12,304058.4461112128,1256468.6610555754
2023-04-13,304058.4461112128,1266048.6755313978
2023-04-14,304058.4461112128,1266207.2787571058
2023-04-17,432954.4461112128,1258349.6016483412
2023-04-18,432954.4461112128,1252061.2761859999
2023-04-19,432954.4461112128,1256557.0117745504
2023-04-20,432954.4461112128,1254948.2469334707
2023-04-24,432954.4461112128,1268026.4381685362
2023-04-25,432954.4461112128,1251044.342738162
2023-04-26,432954.4461112128,1228150.6867857084
2023-04-27,432954.4461112128,1226217.4649086103
2023-04-28,432954.4461112128,1191067.3108933077
2023-05-02,610370.5727747648,1169218.39163768
2023-05-03,390138.42641949886,1155624.7925159954
2023-05-04,390138.42641949886,1170824.792508366
2023-05-05,390138.42641949886,1160748.5886967205
2023-05-08,390138.42641949886,1172764.9726536297
2023-05-09,390138.42641949886,1189060.7801334881
2023-05-10,390138.42641949886,1192121.957341435
2023-05-11,515823.42641949886,1245832.9699223065
2023-05-12,515823.42641949886,1227377.9090321087
2023-05-15,515823.42641949886,1184447.8338978314
2023-05-16,605143.3482944989,1220784.8856480145
2023-05-17,605143.3482944989,1243521.979504826
2023-05-18,605143.3482944989,1228340.128384831
2023-05-22,605143.3482944989,1219193.5483829998
2023-05-23,605143.3482944989,1215895.7061970257
2023-05-24,605143.3482944989,1216397.5920536541
2023-05-25,605143.3482944989,1214779.7013218426
2023-05-26,605143.3482944989,1244012.392697575
2023-05-29,605143.3482944989,1275830.759961369
2023-05-30,605143.3482944989,1305061.3877995037
2023-05-31,862121.5665875592,1302114.799238316
2023-06-01,862121.5665875592,1299939.238905064
2023-06-02,357073.99712245073,1303448.8517729482
2023-06-05,357073.99712245073,1357197.3359858235
2023-06-06,746007.115248637,1349327.1823720501
2023-06-07,746007.115248637,1364518.9873494671
2023-06-08,746007.115248637,1362749.659678416
2023-06-09,746007.115248637,1383902.5305165814
2023-06-12,886567.115248637,1384277.8031682537
2023-06-13,1015050.0626363324,1379439.766175227
2023-06-14,1015050.0626363324,1370500.3056726025
2023-06-15,1015050.0626363324,1376896.767996745
2023-06-16,1015050.0626363324,1371655.1422872113
2023-06-19,1015050.0626363324,1346171.505911784
2023-06-20,1015050.0626363324,1364801.595629649
2023-06-21,1015050.0626363324,1350596.6253137158
2023-06-22,1015050.0626363324,1371401.4238843487
2023-06-23,1015050.0626363324,1385818.2095708416
2023-06-26,1015050.0626363324,1404061.4156941937
2023-06-27,1273485.675859163,1411687.532109926
2023-07-03,1273485.675859163,1433391.765123079
2023-07-04,590962.133276763,1415035.5059650564
2023-07-05,590962.133276763,1440654.6847179555
2023-07-06,590962.133276763,1464816.6390178823
2023-07-07,718363.0150739504,1483038.5321485354
2023-07-10,843953.6349858893,1488964.8874120368
2023-07-11,843953.6349858893,1488240.7793264044
2023-07-12,843953.6349858893,1475590.064688648
2023-07-13,843953.6349858893,1473411.9633702887
2023-07-14,843953.6349858893,1493638.5385656012
2023-07-17,843953.6349858893,1507472.346304859
2023-07-18,843953.6349858893,1479582.8358144416
2023-07-19,843953.6349858893,1515592.9224233283
2023-07-20,843953.6349858893,1531618.171355213
2023-07-21,971760.2591021119,1547335.2291033326
2023-07-24,1097244.2226641236,1558211.1866381227
2023-07-25,1227593.8696781108,1564913.0918308208
2023-07-26,1227593.8696781108,1582558.1886859844
2023-07-27,1227593.8696781108,1600388.4673419902
2023-07-28,1227593.8696781108,1608309.9256092021
2023-07-31,1357614.3234287212,1614588.3325077007
2023-08-01,1357614.3234287212,1618464.1572986552
2023-08-02,755075.3152668367,1624363.9147541414
2023-08-03,755075.3152668367,1631547.9386627565
2023-08-04,755075.3152668367,1662342.2684833894
2023-08-07,755075.3152668367,1693318.9042961488
2023-08-08,882170.1066758425,1682652.3726670535
2023-08-09,882170.1066758425,1695595.7852704318
2023-08-10,882170.1066758425,1670581.1407487185
2023-08-11,1019370.1066758425,1724019.4175736697
2023-08-14,1019370.1066758425,1719845.2208497317
2023-08-15,1019370.1066758425,1708928.1805074008
2023-08-16,1019370.1066758425,1718357.2475850375
2023-08-17,1019370.1066758425,1739817.9291341095
2023-08-18,1019370.1066758425,1704675.773706177
2023-08-21,1019370.1066758425,1745862.6953141482
2023-08-22,1019370.1066758425,1768997.161765793
2023-08-23,1146258.3384731757,1759264.0038517462
2023-08-24,1281063.7506853468,1736662.8445993788
2023-08-25,1281063.7506853468,1746316.2939058668
2023-08-28,1281063.7506853468,1763644.4294515974
2023-08-29,1281063.7506853468,1756107.8521601087
2023-08-31,1281063.7506853468,1772894.1561952955
2023-09-01,1281063.7506853468,1786847.3257852918
2023-09-04,895490.3986942413,1784357.2813923005
2023-09-05,895490.3986942413,1783402.0872470979
2023-09-06,895490.3986942413,1780560.860575879
2023-09-07,1100341.72703468,1782242.5367432754
2023-09-08,1100341.72703468,1800246.9863425414
2023-09-11,1229575.9480908385,1794960.1855004302
2023-09-12,1229575.9480908385,1797985.3159716597
2023-09-13,1229575.9480908385,1782157.0736239424
2023-09-14,1229575.9480908385,1791347.4861405364
2023-09-15,1229575.9480908385,1775927.3903029433
2023-09-18,1229575.9480908385,1745119.3780158034
2023-09-19,1229575.9480908385,1753802.2452471724
2023-09-20,1229575.9480908385,1747404.1067317
2023-09-21,1318508.8158607811,1773418.169581446
2023-09-22,1318508.8158607811,1770917.91214374
2023-09-25,1446643.0348106974,1778159.2340180033
2023-09-26,1446643.0348106974,1775787.5425087565
2023-09-27,1446643.0348106974,1776337.9940849894
2023-09-28,1446643.0348106974,1771240.246785795
2023-09-29,1446643.0348106974,1780297.3799111003
2023-10-02,1446643.0348106974,1779524.5401741618
2023-10-03,959173.3754713115,1782776.1961299954
2023-10-04,959173.3754713115,1772238.7273523388
2023-10-05,959173.3754713115,1784571.7267686902
2023-10-06,959173.3754713115,1793766.7207500516
2023-10-09,959173.3754713115,1754481.7357418118
2023-10-10,1049116.2398595097,1782515.9312142613
2023-10-11,1049116.2398595097,1764993.0080937627
2023-10-12,1049116.2398595097,1776002.0370282414
2023-10-13,1049116.2398595097,1760373.1889580968
2023-10-16,1049116.2398595097,1731565.052695203
2023-10-17,1319475.7951871983,1766368.1698324317
2023-10-18,1319475.7951871983,1748623.53965398
2023-10-19,1319475.7951871983,1762776.8573133582
2023-10-20,1319475.7951871983,1734395.532842838
2023-10-23,1406296.3777425536,1747101.535915161
2023-10-24,1406296.3777425536,1756723.9830758818
2023-10-25,1406296.3777425536,1727962.7386110076
2023-10-26,1406296.3777425536,1758089.2386319884
2023-10-27,1406296.3777425536,1744752.24456575
2023-10-30,1406296.3777425536,1747609.1105230101
2023-10-31,1406296.3777425536,1732255.7802388915
2023-11-01,1406296.3777425536,1722072.8809297332
2023-11-02,900156.1475732565,1719988.2285859825
2023-11-03,900156.1475732565,1714318.0677278282
2023-11-06,988958.5156784205,1730325.3731994778
2023-11-07,988958.5156784205,1725943.8915634304
2023-11-08,988958.5156784205,1727293.9100837857
2023-11-09,988958.5156784205,1724623.227153793
2023-11-10,988958.5156784205,1719463.0725574642
2023-11-13,988958.5156784205,1683630.4394169003
2023-11-14,1164910.7880351457,1674442.7630984697
2023-11-15,1164910.7880351457,1667047.1969935808
2023-11-16,1164910.7880351457,1664323.7026145372
2023-11-17,1164910.7880351457,1667520.7472579393
2023-11-20,1164910.7880351457,1689165.0421225938
2023-11-21,1164910.7880351457,1683154.18667101
2023-11-22,1164910.7880351457,1681645.0728843126
2023-11-23,1164910.7880351457,1686898.4159514818
2023-11-24,1164910.7880351457,1682370.5619761858
2023-11-27,1290969.3487001054,1681480.1658235185
2023-11-28,1290969.3487001054,1678689.5061555498
2023-11-29,1290969.3487001054,1667563.855032503
2023-11-30,1380882.3487001054,1669702.9566102617
2023-12-01,1380882.3487001054,1665114.2206025713
2023-12-04,879384.8422345436,1668979.6329769408
2023-12-05,879384.8422345436,1658676.0162801063
2023-12-06,969859.7012038282,1651590.8301501325
2023-12-07,1060303.5134546824,1646949.57979799
2023-12-08,1060303.5134546824,1645169.7471540042
2023-12-11,1060303.5134546824,1623480.5921304293
2023-12-12,1060303.5134546824,1609803.3148191043
2023-12-13,1238745.7553600555,1589306.834060598
2023-12-14,1329694.7509976828,1589128.3939687216
2023-12-15,1329694.7509976828,1603409.6862698996
2023-12-18,1329694.7509976828,1589888.849792143
2023-12-19,1417747.7509976828,1588458.659797808
2023-12-20,1417747.7509976828,1583460.9784194434
2023-12-21,1417747.7509976828,1580565.713919779
2023-12-22,1417747.7509976828,1568381.0628372633
2023-12-22,1506209.6000653217,1574423.2884655902
2023-12-26,1506209.6000653217,1571504.0727520892
2023-12-27,1506209.6000653217,1567838.7447033832
2023-12-28,1506209.6000653217,1572167.6604290912
2023-12-29,1506209.6000653217,1562058.1948224017
2024-01-02,1506209.6000653217,1571905.6444683978
2024-01-03,810142.1084831591,1552926.7953966495
2024-01-04,810142.1084831591,1566076.3573368427
2024-01-05,810142.1084831591,1578647.859283292
2024-01-08,810142.1084831591,1597118.7375086185
2024-01-09,810142.1084831591,1584133.7032297486
2024-01-10,901636.1084831591,1606501.3126133317
2024-01-11,901636.1084831591,1605590.0854166383
2024-01-12,901636.1084831591,1618010.3299759263
2024-01-15,901636.1084831591,1630383.9778278703
2024-01-16,901636.1084831591,1625730.3619144792
2024-01-17,901636.1084831591,1622200.8210667009
2024-01-18,901636.1084831591,1615618.0765102739
2024-01-19,901636.1084831591,1613916.531493985
2024-01-22,901636.1084831591,1624683.6505211229
2024-01-23,901636.1084831591,1610210.4868896836
2024-01-24,901636.1084831591,1630498.3323658342
2024-01-25,901636.1084831591,1628053.39211353
2024-01-26,901636.1084831591,1642424.960768544
2024-01-29,901636.1084831591,1648222.3438728685
2024-01-30,901636.1084831591,1653536.6155117387
2024-01-31,901636.1084831591,1652532.54168781
2024-02-01,901636.1084831591,1673618.1059196824
2024-02-02,820447.2718504664,1653131.1912440057
2024-02-05,820447.2718504664,1677147.9510077233
2024-02-06,820447.2718504664,1680212.9182089563
2024-02-07,820447.2718504664,1668628.8388537164
2024-02-08,820447.2718504664,1674039.8064068551
2024-02-09,820447.2718504664,1673590.7910612817
2024-02-12,820447.2718504664,1686063.8963936563
2024-02-13,820447.2718504664,1671208.9568670983
2024-02-14,820447.2718504664,1680573.432610392
2024-02-15,950386.8768133346,1685207.9160408203
2024-02-16,950386.8768133346,1683399.959470195
2024-02-19,950386.8768133346,1692250.702439708
2024-02-20,950386.8768133346,1701049.6249307815
2024-02-21,950386.8768133346,1706799.8350567047
2024-02-22,950386.8768133346,1700532.0478281204
2024-02-23,950386.8768133346,1705945.0349077408
2024-02-26,950386.8768133346,1699734.2747186844
2024-02-27,1085668.8287443344,1684719.3060697739
2024-02-28,1085668.8287443344,1676345.4200281324
2024-02-29,1174799.0402335958,1689297.4237756566
2024-03-01,1174799.0402335958,1685789.865192397
2024-03-04,886853.507032542,1637675.1584397838
2024-03-05,886853.507032542,1647690.5252954052
2024-03-06,886853.507032542,1613478.207132487
2024-03-07,886853.507032542,1653564.4321500347
2024-03-08,1015768.4993112906,1671975.0561903343
2024-03-11,1015768.4993112906,1678780.7730368003
2024-03-12,1015768.4993112906,1664704.7699869499
2024-03-13,1015768.4993112906,1644918.0738581046
2024-03-14,1015768.4993112906,1648380.609771572
2024-03-15,1015768.4993112906,1663277.2930219993
2024-03-18,1105371.3723842842,1659268.9409763557
2024-03-19,1105371.3723842842,1677961.2027427894
2024-03-20,1105371.3723842842,1694068.3482696754
2024-03-21,1105371.3723842842,1721355.0839836341
2024-03-22,1236533.7714877897,1706881.947543698
2024-03-25,1410647.6543161066,1694058.0639154108
2024-03-26,1410647.6543161066,1680385.1850692423
2024-03-27,1410647.6543161066,1701157.0807296427
2024-03-28,1410647.6543161066,1708249.5417367609
2024-03-29,1410647.6543161066,1714457.1649362238
2024-04-01,1540747.6614507649,1725877.8339485142
2024-04-02,953459.1637865416,1717870.201948773
2024-04-03,953459.1637865416,1712139.4386583678
2024-04-04,1045768.8427537335,1725891.4546025647
2024-04-05,1045768.8427537335,1754637.7617181195
2024-04-08,1172617.1137860776,1790534.2294610501
2024-04-09,1172617.1137860776,1790534.2294610501
2024-04-15,1172617.1137860776,1837860.1458390714
2024-04-16,1451917.4669354917,1835868.5453008176
2024-04-17,1451917.4669354917,1843187.8518975736
2024-04-18,1451917.4669354917,1841855.4025071622
2024-04-19,1451917.4669354917,1845442.6386388303
2024-04-22,1583596.1103870147,1839834.623923468
2024-04-24,1583596.1103870147,1843362.494656729
2024-04-25,1583596.1103870147,1836021.2623969787
2024-04-26,1583596.1103870147,1840594.8050185912
2024-04-29,1583596.1103870147,1843436.9561340087
2024-04-30,1583596.1103870147,1840460.4059650176
2024-05-02,1583596.1103870147,1842250.7545997375
2024-05-03,1074432.0871139872,1833593.9167782175
2024-05-06,1074432.0871139872,1837578.0240417826
2024-05-07,1074432.0871139872,1838418.354390751
2024-05-08,1171784.1907020914,1860339.9285942423
2024-05-09,1171784.1907020914,1845556.3828503
2024-05-10,1171784.1907020914,1828311.4045959818
2024-05-13,1262096.1907020914,1818823.99953426
2024-05-14,1351432.1922890055,1826685.5976616251
2024-05-15,1351432.1922890055,1846075.8110348093
2024-05-16,1351432.1922890055,1874719.9437652933
2024-05-17,1351432.1922890055,1899097.001399647
2024-05-20,1480134.4567319017,1902078.3186570269
2024-05-21,1606930.8000928026,1903235.790870772
2024-05-22,1606930.8000928026,1912355.931451903
2024-05-23,1739572.8359842156,1916631.5576314782
2024-05-24,1739572.8359842156,1928294.4483117913
2024-05-27,1739572.8359842156,1921906.557406411
2024-05-28,1739572.8359842156,1923711.6672201012
2024-05-29,1739572.8359842156,1925753.7871942376
2024-05-30,1739572.8359842156,1926928.1715993737
2024-05-31,1739572.8359842156,1936243.3257150506
2024-06-03,1867748.0710764243,1932915.6302271201
2024-06-04,1167651.83720286,1916531.5023086797
2024-06-05,1167651.83720286,1934118.6584976446
2024-06-06,1167651.83720286,1921840.4588497411
2024-06-07,1167651.83720286,1901340.5260627996
2024-06-10,1167651.83720286,1891132.6847618353
2024-06-11,1167651.83720286,1911107.0093696844
2024-06-12,1167651.83720286,1913487.2052753698
2024-06-13,1167651.83720286,1943782.1051567327
2024-06-14,1304682.1428002515,1925104.6830643811
2024-06-20,1304682.1428002515,1933592.733084599
2024-06-21,1435290.445429578,1938230.9030540134
2024-06-24,1524465.6735505061,1931199.0552605586
2024-06-25,1524465.6735505061,1935859.4075936275
2024-06-26,1524465.6735505061,1920706.9624451594
2024-06-27,1524465.6735505061,1931084.315701385
2024-06-28,1524465.6735505061,1926998.9960335689
2024-07-01,1524465.6735505061,1905606.3272217708
2024-07-02,1215983.9414108382,1933150.5054844008
2024-07-03,1215983.9414108382,1948704.8851612196
2024-07-04,1215983.9414108382,1950382.113760768
2024-07-05,1215983.9414108382,1943334.436497508
2024-07-08,1304436.3004043684,1940906.8138759718
2024-07-09,1304436.3004043684,1948605.1756961928
2024-07-10,1304436.3004043684,1952110.7357071028
2024-07-11,1304436.3004043684,1959660.4724205122
2024-07-12,1304436.3004043684,1962316.4005058394
2024-07-16,1304436.3004043684,1977097.6826789961
2024-07-17,1304436.3004043684,1969156.342747508
2024-07-18,1304436.3004043684,1962402.0545185194
2024-07-19,1304436.3004043684,1969481.6216419325
2024-07-22,1304436.3004043684,1970808.2758548842
2024-07-23,1393321.422521634,1965108.3877659272
2024-07-24,1393321.422521634,1952366.7214127015
2024-07-25,1393321.422521634,1939695.371707959
2024-07-26,1393321.422521634,1930437.5444260072
2024-07-29,1481556.7001523362,1918127.5970887528
2024-07-30,1481556.7001523362,1900569.914109169
2024-07-31,1569094.5585520838,1898532.6260073753
2024-08-01,1569094.5585520838,1812657.9426100824
2024-08-02,1180890.3367466035,1793607.5649322572
2024-08-05,1180890.3367466035,1765578.9688190522
2024-08-06,1272405.8697751248,1740157.0304730618
2024-08-07,1361858.4721647222,1744825.2837873418
2024-08-08,1361858.4721647222,1750239.8943601567
2024-08-09,1451724.5564523807,1742171.9329172245
2024-08-12,1451724.5564523807,1742979.6641794315
2024-08-13,1451724.5564523807,1751163.8018213382
2024-08-14,1451724.5564523807,1761587.7756677738
2024-08-15,1451724.5564523807,1767023.7196069828
2024-08-16,1451724.5564523807,1761845.4011331669
2024-08-19,1451724.5564523807,1773208.9257837406
2024-08-20,1451724.5564523807,1770781.9281641117
2024-08-21,1578004.5564523807,1760018.942789661
2024-08-22,1578004.5564523807,1753845.5077310672
2024-08-23,1665952.5417935087,1735918.1642529203
2024-08-26,1754863.9942776395,1741053.0213848783
2024-08-27,1754863.9942776395,1741620.2331234647
2024-08-28,1754863.9942776395,1735742.6895443632
2024-08-29,1754863.9942776395,1735224.1763378812
2024-09-02,1754863.9942776395,1751660.7863308622
2024-09-03,1052398.316125542,1757987.8013092577
2024-09-04,1052398.316125542,1748887.9946819842
2024-09-05,1140789.1537932479,1748924.2498816573
2024-09-06,1140789.1537932479,1741608.3111628615
2024-09-09,1140789.1537932479,1735917.799325856
2024-09-10,1140789.1537932479,1725223.9370440566
2024-09-11,1230178.5921782576,1705013.2225455367
2024-09-12,1230178.5921782576,1715892.0789145553
2024-09-13,1230178.5921782576,1731601.2796553695
2024-09-16,1230178.5921782576,1730191.8960513198
2024-09-17,1230178.5921782576,1749286.7583884322
2024-09-18,1230178.5921782576,1762450.5606974685
2024-09-19,1230178.5921782576,1776604.9432067
2024-09-20,1230178.5921782576,1778387.9635275924
2024-09-23,1230178.5921782576,1767770.2135562026
2024-09-24,1230178.5921782576,1765589.2566012465
2024-09-25,1230178.5921782576,1753124.8115023696
2024-09-26,1230178.5921782576,1755792.2593020522
2024-09-27,1230178.5921782576,1745885.1164073073
2024-09-30,1230178.5921782576,1753769.281703862
2024-10-01,1230178.5921782576,1724394.304780873
2024-10-02,1102495.497277494,1689624.1789734322
2024-10-03,1189945.700831504,1677888.0143423988
2024-10-04,1279607.7901626644,1678946.2786518154
2024-10-07,1279607.7901626644,1667487.9996658382
2024-10-08,1368965.7067352352,1664324.9846378383
2024-10-09,1368965.7067352352,1669858.142417532
2024-10-10,1368965.7067352352,1665577.5496555385
2024-10-11,1458034.4635940609,1663264.4695659694
2024-10-14,1637109.3166023311,1672115.0388294277
2024-10-15,1637109.3166023311,1656753.4259296474
2024-10-16,1637109.3166023311,1655929.7259555873
2024-10-17,1637109.3166023311,1650714.4670673427
2024-10-18,1637109.3166023311,1636294.3465782222
2024-10-21,1637109.3166023311,1635315.4630561885
2024-10-22,1727286.737725946,1650181.906511041
2024-10-23,1727286.737725946,1658853.5592801298
2024-10-24,1727286.737725946,1665765.0112549986
2024-10-25,1727286.737725946,1663591.1462647642
2024-10-28,1727286.737725946,1654771.715022775
2024-10-30,1727286.737725946,1659711.5755727019
2024-10-31,1727286.737725946,1661558.5046441283
2024-11-01,1727286.737725946,1661198.7132813658
2024-11-04,1658054.2246868603,1658054.2246868603
2024-11-05,1658054.2246868603,1658054.2246868603
2024-11-06,1658054.2246868603,1658054.2246868603
2024-11-07,1658054.2246868603,1658054.2246868603
2024-11-08,1658054.2246868603,1658054.2246868603
2024-11-11,1658054.2246868603,1658054.2246868603
2024-11-12,1658054.2246868603,1658054.2246868603
2024-11-13,1658054.2246868603,1658054.2246868603
2024-11-14,1658054.2246868603,1658054.2246868603
2024-11-15,1658054.2246868603,1658054.2246868603
2024-11-18,1658054.2246868603,1658054.2246868603
2024-11-19,1658054.2246868603,1658054.2246868603
2024-11-20,1658054.2246868603,1658054.2246868603
2024-11-21,1658054.2246868603,1658054.2246868603
2024-11-22,1658054.2246868603,1658054.2246868603
2024-11-25,1658054.2246868603,1658054.2246868603
2024-11-26,1658054.2246868603,1658054.2246868603
2024-11-27,1658054.2246868603,1658054.2246868603
2024-11-28,1658054.2246868603,1658054.2246868603
2024-11-29,1658054.2246868603,1658054.2246868603
2024-12-02,1658054.2246868603,1658054.2246868603
2024-12-03,1658054.2246868603,1658054.2246868603
2024-12-04,1658054.2246868603,1658054.2246868603
2024-12-05,1658054.2246868603,1658054.2246868603
2024-12-06,1658054.2246868603,1658054.2246868603
2024-12-09,1658054.2246868603,1658054.2246868603
2024-12-10,1658054.2246868603,1658054.2246868603
2024-12-11,1658054.2246868603,1658054.2246868603
2024-12-12,1658054.2246868603,1658054.2246868603
2024-12-13,1658054.2246868603,1658054.2246868603
2024-12-16,1658054.2246868603,1658054.2246868603
2024-12-17,1658054.2246868603,1658054.2246868603
2024-12-18,1658054.2246868603,1658054.2246868603
2024-12-19,1658054.2246868603,1658054.2246868603
2024-12-20,1658054.2246868603,1658054.2246868603
2024-12-23,1658054.2246868603,1658054.2246868603
2024-12-24,1658054.2246868603,1658054.2246868603
2024-12-24,1658054.2246868603,1658054.2246868603
2024-12-26,1658054.2246868603,1658054.2246868603
2024-12-27,1658054.2246868603,1658054.2246868603
2024-12-30,1658054.2246868603,1658054.2246868603
2024-12-31,1658054.2246868603,1658054.2246868603
2025-01-02,1658054.2246868603,1658054.2246868603
2025-01-03,1658054.2246868603,1658054.2246868603
2025-01-06,1658054.2246868603,1658054.2246868603
2025-01-07,1658054.2246868603,1658054.2246868603
2025-01-08,1658054.2246868603,1658054.2246868603
2025-01-09,1658054.2246868603,1658054.2246868603
2025-01-10,1658054.2246868603,1658054.2246868603
2025-01-13,1658054.2246868603,1658054.2246868603
2025-01-14,1658054.2246868603,1658054.2246868603
2025-01-15,1658054.2246868603,1658054.2246868603
2025-01-16,1658054.2246868603,1658054.2246868603
2025-01-17,1658054.2246868603,1658054.2246868603
2025-01-20,1658054.2246868603,1658054.2246868603
2025-01-21,1658054.2246868603,1658054.2246868603
2025-01-22,1658054.2246868603,1658054.2246868603
2025-01-23,1658054.2246868603,1658054.2246868603
2025-01-24,1658054.2246868603,1658054.2246868603
2025-01-27,1658054.2246868603,1658054.2246868603
2025-01-28,1658054.2246868603,1658054.2246868603
2025-01-29,1658054.2246868603,1658054.2246868603
2025-01-30,1658054.2246868603,1658054.2246868603
2025-01-31,1658054.2246868603,1658054.2246868603
2025-02-03,1658054.2246868603,1658054.2246868603
2025-02-04,657692.5383154422,1671645.0721174746
2025-02-05,657692.5383154422,1652671.8152081042
2025-02-06,657692.5383154422,1655626.2132898837
2025-02-07,657692.5383154422,1657118.188314107
2025-02-10,657692.5383154422,1652620.7276569873
2025-02-11,657692.5383154422,1660908.3955732852
2025-02-12,657692.5383154422,1644381.9404503375
2025-02-13,657692.5383154422,1651950.5208088427
2025-02-14,657692.5383154422,1648331.5834929019
2025-02-17,657692.5383154422,1648320.6981026202
2025-02-18,657692.5383154422,1662699.2438704043
2025-02-19,748261.7085965192,1650875.1373646772
2025-02-20,748261.7085965192,1664406.3981421506
2025-02-21,748261.7085965192,1645939.90043383
2025-02-24,838224.3832755636,1637152.8212247442
2025-02-25,838224.3832755636,1624694.0360684942
2025-02-26,925767.8860354971,1633705.1300426077
2025-02-27,925767.8860354971,1636792.8010650228
2025-02-28,925767.8860354971,1630255.1061187338
2025-03-03,925767.8860354971,1649234.4303031515
2025-03-04,1651185.8949402655,1651185.8949402655
2025-03-05,1651185.8949402655,1651185.8949402655
2025-03-06,1651185.8949402655,1651185.8949402655
2025-03-07,1651185.8949402655,1651185.8949402655
2025-03-10,1651185.8949402655,1651185.8949402655
2025-03-11,1651185.8949402655,1651185.8949402655
2025-03-12,1651185.8949402655,1651185.8949402655
2025-03-13,1651185.8949402655,1651185.8949402655
2025-03-14,1651185.8949402655,1651185.8949402655
2025-03-17,1651185.8949402655,1651185.8949402655
2025-03-18,1651185.8949402655,1651185.8949402655
2025-03-19,1651185.8949402655,1651185.8949402655
2025-03-20,1651185.8949402655,1651185.8949402655
2025-03-21,1651185.8949402655,1651185.8949402655
2025-03-24,1651185.8949402655,1651185.8949402655
2025-03-25,1651185.8949402655,1651185.8949402655
2025-03-26,1651185.8949402655,1651185.8949402655
2025-03-27,1651185.8949402655,1651185.8949402655
2025-03-28,1651185.8949402655,1651185.8949402655
2025-04-02,1651185.8949402655,1651185.8949402655
2025-04-03,1651185.8949402655,1651185.8949402655
2025-04-04,1651185.8949402655,1651185.8949402655
2025-04-07,1651185.8949402655,1651185.8949402655
2025-04-08,1651185.8949402655,1651185.8949402655
2025-04-09,1651185.8949402655,1651185.8949402655
2025-04-10,1651185.8949402655,1651185.8949402655
2025-04-11,1651185.8949402655,1651185.8949402655
2025-04-14,1651185.8949402655,1651185.8949402655
2025-04-15,1651185.8949402655,1651185.8949402655
2025-04-16,1651185.8949402655,1651185.8949402655
2025-04-17,1651185.8949402655,1651185.8949402655
2025-04-18,1651185.8949402655,1651185.8949402655
2025-04-21,1651185.8949402655,1651185.8949402655
2025-04-22,1651185.8949402655,1651185.8949402655
2025-04-24,1651185.8949402655,1651185.8949402655
2025-04-25,1651185.8949402655,1651185.8949402655
2025-04-28,1651185.8949402655,1651185.8949402655
2025-04-29,1651185.8949402655,1651185.8949402655
2025-04-30,1651185.8949402655,1651185.8949402655
2025-05-02,1651185.8949402655,1651185.8949402655
2025-05-05,1651185.8949402655,1651185.8949402655
2025-05-06,1651185.8949402655,1651185.8949402655
2025-05-07,1651185.8949402655,1651185.8949402655
2025-05-08,1651185.8949402655,1651185.8949402655
2025-05-09,1651185.8949402655,1651185.8949402655
2025-05-12,1651185.8949402655,1651185.8949402655
2025-05-13,1651185.8949402655,1651185.8949402655
2025-05-14,1651185.8949402655,1651185.8949402655
2025-05-15,1651185.8949402655,1651185.8949402655
2025-05-16,1651185.8949402655,1651185.8949402655
2025-05-20,1651185.8949402655,1651185.8949402655
2025-05-21,1651185.8949402655,1651185.8949402655
2025-05-22,1651185.8949402655,1651185.8949402655
2025-05-23,1651185.8949402655,1651185.8949402655
2025-05-26,1651185.8949402655,1651185.8949402655
2025-05-27,1651185.8949402655,1651185.8949402655
2025-05-28,1651185.8949402655,1651185.8949402655
2025-05-29,1651185.8949402655,1651185.8949402655
2025-05-30,1651185.8949402655,1651185.8949402655
2025-06-02,1651185.8949402655,1651185.8949402655
2025-06-03,1651185.8949402655,1651185.8949402655
2025-06-04,1651185.8949402655,1651185.8949402655
2025-06-05,1651185.8949402655,1651185.8949402655
2025-06-10,1651185.8949402655,1651185.8949402655
2025-06-11,1651185.8949402655,1651185.8949402655
2025-06-12,1651185.8949402655,1651185.8949402655
2025-06-13,1651185.8949402655,1651185.8949402655
2025-06-16,1651185.8949402655,1651185.8949402655
2025-06-17,1651185.8949402655,1651185.8949402655
2025-06-18,1651185.8949402655,1651185.8949402655
2025-06-19,1651185.8949402655,1651185.8949402655
2025-06-20,1651185.8949402655,1651185.8949402655
2025-06-23,1651185.8949402655,1651185.8949402655
2025-06-24,1651185.8949402655,1651185.8949402655
2025-06-25,1651185.8949402655,1651185.8949402655
2025-06-26,1651185.8949402655,1651185.8949402655
2025-06-27,1651185.8949402655,1651185.8949402655
2025-06-30,1651185.8949402655,1651185.8949402655
2025-07-01,1651185.8949402655,1651185.8949402655
2025-07-02,650676.2916808415,1647113.1251530934
2025-07-03,650676.2916808415,1649041.4590602207
2025-07-04,650676.2916808415,1651667.8152566242
2025-07-07,650676.2916808415,1642019.0739045432
2025-07-08,650676.2916808415,1642170.270768671
2025-07-09,650676.2916808415,1649465.3840108204
2025-07-10,650676.2916808415,1666040.457132845
2025-07-11,650676.2916808415,1673108.7822947789
2025-07-14,650676.2916808415,1662334.4521756459
2025-07-16,650676.2916808415,1664234.3012767124
2025-07-17,650676.2916808415,1685119.3575520802
2025-07-18,650676.2916808415,1691307.3519749928
2025-07-21,650676.2916808415,1721320.5565009404
2025-07-22,650676.2916808415,1718883.221144228
2025-07-23,650676.2916808415,1706863.149157076
2025-07-24,650676.2916808415,1716317.713378458
2025-07-25,650676.2916808415,1715926.473436861
2025-07-28,650676.2916808415,1708837.6839108753
2025-07-29,650676.2916808415,1702835.18137887
2025-07-30,650676.2916808415,1712843.5449805546
2025-07-31,650676.2916808415,1726382.0212436009
2025-08-01,777227.0502032147,1722310.2164419997
2025-08-04,677422.7214893661,1722537.9442943893
2025-08-05,677422.7214893661,1720743.3978409134
2025-08-06,677422.7214893661,1711971.3768667541
2025-08-07,677422.7214893661,1706205.4038833939
2025-08-08,677422.7214893661,1703526.4990743957
2025-08-11,677422.7214893661,1698308.2787784897
2025-08-12,677422.7214893661,1687757.657815393
2025-08-13,677422.7214893661,1687885.5065397583
2025-08-14,677422.7214893661,1675723.104864534
2025-08-15,677422.7214893661,1676698.1874365173
2025-08-18,677422.7214893661,1674951.0596079193
2025-08-19,677422.7214893661,1673780.899077829
2025-08-20,677422.7214893661,1689655.455882486
2025-08-21,677422.7214893661,1701653.567227777
2025-08-22,677422.7214893661,1712516.9970831238
2025-08-25,677422.7214893661,1714439.701150354
2025-08-26,677422.7214893661,1718832.526879724
2025-08-27,677422.7214893661,1706413.2681497894
2025-08-28,677422.7214893661,1707418.056282457
2025-08-29,677422.7214893661,1696252.0138077103
2025-09-01,677422.7214893661,1703571.203276094
2025-09-02,665456.1708154196,1679452.2937459464
2025-09-03,755934.4271211447,1644710.0879802527
2025-09-04,843144.2668504538,1662746.6403751196
2025-09-05,843144.2668504538,1652526.6735372366
2025-09-08,843144.2668504538,1631717.5345544638
2025-09-09,843144.2668504538,1641379.3754272284
2025-09-10,843144.2668504538,1656591.481380445
2025-09-11,843144.2668504538,1629125.9018459143
2025-09-12,930294.7478112997,1631196.618491155
2025-09-15,930294.7478112997,1674689.7851648154
2025-09-16,930294.7478112997,1685558.680774671
2025-09-17,930294.7478112997,1671303.8303060355
2025-09-18,930294.7478112997,1652719.0214099707
2025-09-19,930294.7478112997,1676002.6212482275
2025-09-22,930294.7478112997,1683067.0276746573
2025-09-23,930294.7478112997,1671410.9449291052
2025-09-24,930294.7478112997,1679429.7929906668
2025-09-25,930294.7478112997,1676366.5443038763
2025-09-26,930294.7478112997,1658998.355355245
2025-09-29,930294.7478112997,1658791.0784387412
2025-09-30,1019968.944903356,1662441.4673700156
2025-10-01,1019968.944903356,1679574.8865051093
2025-10-02,619488.1933144381,1672039.9604018978
2025-10-03,619488.1933144381,1657805.6666663936
2025-10-06,619488.1933144381,1638468.5095409206
2025-10-07,709059.015158539,1638336.6362403682
2025-10-08,709059.015158539,1645571.3817805103
2025-10-09,709059.015158539,1640116.1315163425
2025-10-10,709059.015158539,1649027.356443768
2025-10-13,709059.015158539,1632761.7371162227
2025-10-14,709059.015158539,1620634.0233835033
2025-10-15,796747.2432045419,1641619.5995764215
2025-10-16,796747.2432045419,1638335.7448143442
2025-10-17,925144.1011322613,1630463.4243725415
2025-10-20,925144.1011322613,1652936.58902775
2025-10-21,925144.1011322613,1662263.700402605
2025-10-22,925144.1011322613,1672872.862219679
2025-10-23,925144.1011322613,1668594.2510264989
2025-10-24,925144.1011322613,1681580.8084272023
2025-10-27,925144.1011322613,1679729.720985281
2025-10-28,925144.1011322613,1682411.7186058636
2025-10-30,925144.1011322613,1682764.7645181294
2025-10-31,925144.1011322613,1689178.1819828625
2025-11-03,925144.1011322613,1699954.5050371762
2025-11-04,625389.4856517267,1701165.4055859996
2025-11-05,625389.4856517267,1705824.9333045436
2025-11-06,625389.4856517267,1705061.7548644496
2025-11-07,625389.4856517267,1693577.5600502444
2025-11-10,625389.4856517267,1679037.2843511058
2025-11-11,625389.4856517267,1655280.2081530048
2025-11-12,625389.4856517267,1654543.411900754
2025-11-13,625389.4856517267,1650926.3951294376
2025-11-14,625389.4856517267,1652720.256538148
2025-11-17,625389.4856517267,1680951.5752866222
2025-11-18,625389.4856517267,1680001.4328219844
2025-11-19,625389.4856517267,1692862.0821936084
2025-11-20,625389.4856517267,1698809.9094836665
2025-11-21,625389.4856517267,1692414.8508608295
2025-11-24,625389.4856517267,1696580.8280274821
2025-11-25,625389.4856517267,1691561.2713105632
2025-11-26,625389.4856517267,1698242.0435297443
2025-11-27,625389.4856517267,1704861.5571749164
2025-11-28,752192.7589061212,1704130.630094762
2025-12-01,752192.7589061212,1725057.569960351
2025-12-02,644510.0891934606,1729278.2790747853
2025-12-03,644510.0891934606,1729730.0544654103
2025-12-04,644510.0891934606,1702753.633683321
2025-12-05,644510.0891934606,1707213.7753850194
2025-12-08,644510.0891934606,1706124.8112794133
2025-12-09,644510.0891934606,1710437.296952364
2025-12-10,644510.0891934606,1703369.2828565808
2025-12-11,644510.0891934606,1701339.098199007
2025-12-12,644510.0891934606,1704623.0046187611
2025-12-15,644510.0891934606,1706530.0906549664
2025-12-16,644510.0891934606,1693008.9685393544
2025-12-17,733574.8930875036,1690210.5830022069
2025-12-18,733574.8930875036,1698970.0956755849
2025-12-19,733574.8930875036,1697344.0221806737
2025-12-22,733574.8930875036,1691391.9370428296
2025-12-23,733574.8930875036,1692444.7843004437
2025-12-24,733574.8930875036,1692439.0077382298
2025-12-24,733574.8930875036,1690757.4247776242
2025-12-26,733574.8930875036,1693566.2727891179
2025-12-29,733574.8930875036,1679200.1108332844
2025-12-30,733574.8930875036,1688069.3231021138
2025-12-31,733574.8930875036,1698331.7880002232
2026-01-02,733574.8930875036,1710862.251205084
2026-01-05,638014.3148680899,1720726.041582224
2026-01-06,768094.3148680899,1736944.6854058476
2026-01-07,768094.3148680899,1721550.9731160374
2026-01-08,768094.3148680899,1735361.4658004018
2026-01-09,768094.3148680899,1728454.0952569218
2026-01-12,768094.3148680899,1747534.9501887532
2026-01-13,768094.3148680899,1754349.7546111317
2026-01-14,768094.3148680899,1745629.1431161137
2026-01-15,768094.3148680899,1765831.6460944386
2026-01-16,768094.3148680899,1775315.4711400243
2026-01-19,897388.4744406912,1793099.4728556843
2026-01-20,897388.4744406912,1788025.9909087392
2026-01-21,897388.4744406912,1805079.1132775517
2026-01-22,897388.4744406912,1816313.7582951756
2026-01-23,1035796.7163106124,1821455.991198651
2026-01-26,1035796.7163106124,1828853.602579228
2026-01-27,1035796.7163106124,1830326.2123547713
2026-01-28,1035796.7163106124,1839552.2298613708
2026-01-29,1163373.143168607,1850836.3431178716
2026-01-30,1163373.143168607,1864829.4729272511
2026-02-02,1292165.0376483586,1854670.3316127446
2026-02-03,819665.311448465,1863786.8814643724
2026-02-04,819665.311448465,1853164.2070993287
2026-02-05,819665.311448465,1831896.5985692842
2026-02-06,819665.311448465,1823904.302174936
2026-02-09,819665.311448465,1858277.779891382
2026-02-10,819665.311448465,1862628.0267680984
2026-02-11,819665.311448465,1871690.0956634386
2026-02-12,819665.311448465,1906730.958673845
2026-02-13,819665.311448465,1911353.1345876558
2026-02-16,948327.7074903351,1918097.136320482
2026-02-17,948327.7074903351,1913009.666407953
2026-02-18,948327.7074903351,1918578.6757310731
2026-02-19,1078276.1957525117,1888354.076405893
2026-02-20,1078276.1957525117,1892410.389386545
2026-02-23,1078276.1957525117,1898616.7868417604
2026-02-24,1078276.1957525117,1892066.1803335054
2026-02-25,1078276.1957525117,1876078.9107736452
2026-02-26,1078276.1957525117,1882385.2161477907
2026-02-27,1078276.1957525117,1881916.5430177553
2026-03-02,1078276.1957525117,1871588.8886026246
2026-03-03,948819.6795499142,1847283.5739819822
2026-03-04,948819.6795499142,1828118.7985989866
2026-03-05,1125542.1449506101,1840426.83068822
2026-03-06,1125542.1449506101,1836520.0111539182
2026-03-09,1125542.1449506101,1813978.9479596433
2026-03-10,1125542.1449506101,1833971.2052686033
2026-03-11,1125542.1449506101,1840184.4844128904
2026-03-12,1125542.1449506101,1847033.322158557
2026-03-13,1125542.1449506101,1848988.5448071775
2026-03-16,1125542.1449506101,1829246.4011456785
2026-03-17,1215816.046839363,1843350.1097589796
2026-03-18,1215816.046839363,1846222.8309046095
2026-03-19,1215816.046839363,1834434.2498956984
2026-03-23,1215816.046839363,1836161.7613779372
2026-03-24,1215816.046839363,1832502.5102793043
2026-03-25,1215816.046839363,1827658.6077600783
2026-03-26,1215816.046839363,1816945.7955576247
2026-03-27,1215816.046839363,1807297.615664131
2026-03-30,1215816.046839363,1804510.3661142653
2026-03-31,1215816.046839363,1809468.4552027052
2026-04-01,1215816.046839363,1823806.921106941
2026-04-02,817900.8014665907,1834833.3638178175
2026-04-03,817900.8014665907,1829277.4175134962
2026-04-06,817900.8014665907,1841741.458532936
2026-04-07,817900.8014665907,1840152.3821131056
2026-04-08,817900.8014665907,1870571.3761659926
2026-04-09,817900.8014665907,1881953.8887392348
2026-04-10,817900.8014665907,1895960.2338625258
2026-04-13,950684.5514665907,1908690.5327364272
2026-04-14,950684.5514665907,1903220.5924364394
2026-04-15,1037345.0035372808,1911189.9514933662
2026-04-16,1037345.0035372808,1909882.7345172004
2026-04-17,1037345.0035372808,1911140.5956393317
2026-04-20,1037345.0035372808,1906647.990483387
2026-04-21,1037345.0035372808,1903572.429658039
2026-04-22,1037345.0035372808,1907765.6818438605
2026-04-22,1037345.0035372808,1907765.6818438605
2026-04-24,1037345.0035372808,1918683.8466540412
2026-04-27,1037345.0035372808,1924052.767460926
2026-04-28,1037345.0035372808,1911140.2392283515
2026-04-29,1037345.0035372808,1913230.642346485
2026-04-30,1037345.0035372808,1912981.0435267524
2026-04-30,1037345.0035372808,1912981.0435267524
2026-05-04,1037345.0035372808,1915639.0033198432
2026-05-05,835610.3321416972,1925706.1987417338
2026-05-06,835610.3321416972,1952045.9762418864
2026-05-07,962258.6283035646,1969688.289451636
2026-05-08,1090286.1496658693,1974679.7148552309
2026-05-11,1090286.1496658693,1977544.3436775575
2026-05-12,1216152.1496658693,1964036.368923224
2026-05-13,1216152.1496658693,1954658.8995743166
2026-05-14,1216152.1496658693,1961816.8624496828
2026-05-15,1216152.1496658693,1955273.7520218263
2026-05-18,1216152.1496658693,1937730.1495743166
2026-05-20,1216152.1496658693,1930766.5144615541
2026-05-21,1216152.1496658693,1888346.9928551088
2026-05-22,1301737.6496658693,1912915.1169357668
2026-05-25,1301737.6496658693,1914817.3122749696
2026-05-26,1301737.6496658693,1921929.2486648927
