factor,signal_date,date,n_stocks,Q1,Q2,Q3,Q4,Q5,long_short
roe,2023-03-31,2023-04-30,73,-0.0622008362937637,-0.03190727305513539,-0.0401664419150547,-0.02054283768106126,-0.031552087529263306,0.030648748764500397
roe,2023-04-30,2023-05-31,73,0.06301130481165122,0.0828982949799152,0.07376255599755152,0.018583825012000493,0.08458644757464416,0.021575142762992938
roe,2023-05-31,2023-06-30,73,0.14791540826783214,0.23905953247089723,0.15643280588687122,0.14136333109401958,0.21391184848948755,0.0659964402216554
roe,2023-06-30,2023-07-31,73,0.21788468280902304,0.19261827314040708,0.2330854423205896,0.2760995135781816,0.369852492988029,0.15196781017900599
roe,2023-07-31,2023-08-31,73,0.19054647355370977,0.28901884216444085,0.04169935253318547,0.19877876469526837,0.12282720069532638,-0.06771927285838339
roe,2023-08-31,2023-09-30,73,0.09011333701891514,0.09724649529014066,0.12869127468685318,0.19045760774102335,0.060494044176283644,-0.02961929284263149
roe,2023-09-30,2023-10-31,73,-0.08931915292530651,-0.10981463582649596,-0.07918852755774371,-0.07434570454419383,-0.07982894770459238,0.009490205220714129
roe,2023-10-31,2023-11-30,73,0.07575315632250854,0.0484063901104296,0.013858623803583877,0.07286264199712059,0.020974950630511833,-0.054778205691996706
roe,2023-11-30,2023-12-31,73,-0.18364756380635544,-0.06197366903089252,-0.038417827855112406,-0.046885780921311404,-0.050985525506172934,0.1326620383001825
roe,2023-12-31,2024-01-31,73,0.11920676432218837,0.17450840406222307,0.11223817885375571,0.12728082029748697,0.13864856565701042,0.019441801334822054
roe,2024-01-31,2024-02-29,73,0.14552340621359686,0.14442094079707282,0.09086712330057782,0.07473979524263899,0.10981887905211889,-0.03570452716147797
roe,2024-02-29,2024-03-31,73,-0.06764270680874228,-0.04821745832555962,0.066878415017297,-0.04195940183177958,0.061454904157149194,0.12909761096589148
roe,2024-03-31,2024-04-30,73,0.05520341692469255,0.09304780764143539,0.13557935332686602,0.1591008103651421,0.17142039002816975,0.1162169731034772
roe,2024-04-30,2024-05-31,73,-0.0009728069989105211,0.008614155765578526,0.03757611911892161,0.14014460106286641,0.053182375233916036,0.05415518223282656
roe,2024-05-31,2024-06-30,73,0.03247689760914545,-0.010875700260113157,0.027764470084125453,0.041458506234814986,0.030071672093812164,-0.0024052255153332834
roe,2024-06-30,2024-07-31,73,0.08191405626301232,-0.0021858976961057447,-0.008880627300985948,0.013549428718655094,-0.0890132984336403,-0.1709273546966526
roe,2024-07-31,2024-08-31,73,-0.06939342878325598,-0.07392196095713989,-0.06157901725494408,-0.09020771076459037,-0.11810188386432831,-0.04870845508107233
roe,2024-08-31,2024-09-30,73,0.0627702247399081,0.027629129288486313,0.03389505063673026,-0.011052592582758211,-0.03515022109503878,-0.09792044583494688
roe,2024-09-30,2024-10-31,73,-0.04482852324697823,-0.05055641325150161,-0.06669190588161376,-0.07998626790376559,-0.03221009879930268,0.012618424447675552
roe,2024-10-31,2024-11-30,73,0.12120637810486876,0.08771158702733173,0.05700563614920546,0.12122073951637628,0.061239128891369274,-0.05996724921349948
roe,2024-11-30,2024-12-31,73,0.013120195024305444,0.06948054175354598,0.014682825649413664,0.02330830509994742,0.041693121244969295,0.02857292622066385
roe,2024-12-31,2025-01-31,73,-0.04736115164416526,0.015604945414750262,0.024163813104127282,-0.008944310437350453,-0.0012154864245293995,0.04614566521963586
roe,2025-01-31,2025-02-28,73,-0.020896753339651093,-0.03904171535025753,-0.081802811918923,-0.012382642937111887,-0.06787583436676795,-0.046979081027116856
roe,2025-02-28,2025-03-31,73,0.050880754731153485,0.08754078499888464,0.005206453938454758,-0.01512168738686616,0.0674533323330266,0.016572577601873112
roe,2025-03-31,2025-04-30,73,-0.062459944664289536,-0.0761556822261457,-0.020203018072692862,-0.06338731778413016,-0.0834108252299554,-0.02095088056566586
roe,2025-04-30,2025-05-31,73,0.015224474991696576,-0.04471938575345262,-0.008244089294053514,0.02882122446481287,-0.02204439232649329,-0.03726886731818987
roe,2025-05-31,2025-06-30,73,0.0651550274577973,0.042112091227637496,0.09136826938558211,0.16517994812045314,0.10683195097372614,0.04167692351592883
roe,2025-06-30,2025-07-31,73,0.15461016649213988,0.10552746860799404,0.0814420091078761,0.051474480890412365,0.0768121742570342,-0.07779799223510568
roe,2025-07-31,2025-08-31,73,0.07515206239205749,0.09822038555255849,0.01762016927567796,0.030251645644959985,0.0377124958713343,-0.03743956652072319
roe,2025-08-31,2025-09-30,73,-0.08615916923010752,-0.01972862446003453,-0.020835198945004636,-0.03446370366943895,-0.07527206016996542,0.010887109060142106
roe,2025-09-30,2025-10-31,73,-0.04775146325164477,0.05167124427671734,0.03211934135166521,-0.0008230900740818146,0.03330775053499145,0.08105921378663622
roe,2025-10-31,2025-11-30,73,-0.05104620496321157,-0.030919560963066712,-0.030249469603566136,0.02918147282201377,-0.01351034158512776,0.03753586337808381
roe,2025-11-30,2025-12-31,73,0.021360781587446566,0.03304970490888735,0.060763480716652454,0.029816300806729343,0.021335087642659005,-2.569394478756093e-05
roe,2025-12-31,2026-01-31,73,0.1192319636763106,0.143291998580616,0.16192756098463976,0.2127908305054746,0.17018621521468486,0.050954251538374254
roe,2026-01-31,2026-02-28,73,-0.0325648762021797,-0.021251249150474265,-0.020172210337159064,0.027008816137374842,-0.0342276976346424,-0.0016628214324626994
roe,2026-02-28,2026-03-31,73,0.008169802747173731,-0.08588418369163321,-0.05050668581072761,-0.07414674856662354,-0.10963975090664033,-0.11780955365381406
roe,2026-03-31,2026-04-30,73,0.2619757487393152,0.09859510837467689,0.074267090928584,0.1028696790744917,0.0619418434295506,-0.20003390530976456
roe,2026-04-30,2026-05-31,73,0.044080385226078475,-7.905940207854543e-05,-0.046916642635442665,-0.005332853033129129,-0.03550652289728243,-0.0795869081233609
pe,2023-03-31,2023-04-30,67,-0.043564972324498304,-0.04325695529575073,-9.973735228034737e-05,-0.056205548195254515,-0.04355335164337536,1.1620681122946619e-05
pe,2023-04-30,2023-05-31,67,0.07164456029226897,0.1032197884452497,0.049549736241632066,0.054960644032010016,0.0569050284010687,-0.014739531891200267
pe,2023-05-31,2023-06-30,67,0.1902951177592897,0.18678272916747013,0.18602737706373912,0.14162269478544032,0.1931399988881562,0.0028448811288664944
pe,2023-06-30,2023-07-31,67,0.1896514356125043,0.21279693138475822,0.3357289548190444,0.25130382913279864,0.3181521393670654,0.12850070375456107
pe,2023-07-31,2023-08-31,67,0.182723644135876,0.14409136962476296,0.14592247174551412,0.1454305860873073,0.13879981547586828,-0.04392382866000771
pe,2023-08-31,2023-09-30,67,0.058035382082346966,0.14378347229142077,0.08325737696530146,0.18215124211664835,0.12243305684810228,0.06439767476575531
pe,2023-09-30,2023-10-31,67,-0.06341605477193417,-0.10121615677583748,-0.07860330750166732,-0.06979511475947173,-0.1313472368716889,-0.06793118209975472
pe,2023-10-31,2023-11-30,67,0.07715092457284238,0.02540073146442776,0.058940425842868335,0.005626307375078043,0.06655306655274279,-0.01059785802009959
pe,2023-11-30,2023-12-31,67,-0.10181406409264733,-0.038880770536717714,-0.11395233288432366,-0.0183398178884124,-0.047308663492432,0.05450540060021533
pe,2023-12-31,2024-01-31,67,0.13562498192199218,0.1573475810272056,0.14588184186191452,0.15581896730268913,0.1096113084678649,-0.02601367345412728
pe,2024-01-31,2024-02-29,67,0.1527987975870193,0.12642595903376222,0.13504709798777387,0.04275480841087503,0.08186149120914561,-0.0709373063778737
pe,2024-02-29,2024-03-31,67,-0.06790267884150604,-0.030674972262267126,-0.05333153061465114,-0.009648041685492773,0.12835576727185913,0.19625844611336518
pe,2024-03-31,2024-04-30,66,0.09224307780597964,0.10327595318184449,0.08698788531816241,0.17540174520784607,0.20408248331269147,0.11183940550671183
pe,2024-04-30,2024-05-31,66,-0.0022940833113062214,0.03053021546693004,0.12225361202191538,0.05177877163766707,0.06500739993775545,0.06730148324906167
pe,2024-05-31,2024-06-30,66,0.04903795535398679,0.04042827524917679,-0.010337065694885674,0.011835930977687382,0.03397069479245016,-0.015067260561536636
pe,2024-06-30,2024-07-31,66,0.02636361585862245,-0.02578733549960758,-0.03176940572880744,-0.025966598205211914,-0.004751055221281275,-0.031114671079903726
pe,2024-07-31,2024-08-31,66,-0.11625906122716863,-0.11857666898021729,-0.0655496127999636,-0.09028237827154591,-0.03555780566913624,0.0807012555580324
pe,2024-08-31,2024-09-30,66,-0.027586547933401682,0.045015467437192105,0.041193342678788374,0.009306136023331276,-0.004687025957759964,0.02289952197564172
pe,2024-09-30,2024-10-31,66,-0.016392353274996725,-0.06767592662171705,-0.07039231004073773,-0.08093264827204796,-0.06249277459640289,-0.04610042132140617
pe,2024-10-31,2024-11-30,66,0.07138691590424558,0.052326721416804646,0.09586637895971531,0.08863246602361062,0.12228064882477754,0.05089373292053197
pe,2024-11-30,2024-12-31,66,0.006415402883627448,0.07133039688004351,0.06296308611619927,0.010948507890947949,0.005779461749626718,-0.0006359411340007299
pe,2024-12-31,2025-01-31,66,-0.011546544843870838,-0.0009377519175690715,0.047876144166986795,-0.011971298504918985,-0.023667581820949798,-0.01212103697707896
pe,2025-01-31,2025-02-28,66,-0.0136324530993666,-0.07839827415481003,-0.024415965996283005,-0.05954908285859692,-0.06960769430608828,-0.055975241206721676
pe,2025-02-28,2025-03-31,66,0.0633765303260247,-0.01678245229393806,-0.02012665394231572,0.01972401676705119,0.09153834902843447,0.028161818702409774
pe,2025-03-31,2025-04-30,55,-0.05385862396510317,-0.06733570072507965,-0.05530402924466984,-0.09117408895028682,-0.04977634202704302,0.0040822819380601505
pe,2025-04-30,2025-05-31,55,-0.018670020344574715,-0.03964890886475008,-0.005276441243514815,-0.013624224402598605,0.038911063155609,0.05758108350018372
pe,2025-05-31,2025-06-30,55,0.07928499940442796,0.07063437514533201,0.05271504676910956,0.15590911646203143,0.17649108424404078,0.09720608483961282
pe,2025-06-30,2025-07-31,55,0.06669992121617294,0.07786913369750748,0.09381428804818123,0.04611753139413468,0.0934100648231773,0.02671014360700437
pe,2025-07-31,2025-08-31,55,0.09817407388783984,0.01990522000542466,-0.011664329385977916,0.033310726789790704,0.049965450402635,-0.04820862348520484
pe,2025-08-31,2025-09-30,55,-0.011323655027083192,-0.025820823713403915,-0.02151115390345848,-0.058219312430010134,-0.08670694811082529,-0.07538329308374209
pe,2025-09-30,2025-10-31,55,0.010537363676213234,0.045539126309954756,0.02124033920429578,0.0328046240417138,0.0295180725579603,0.018980708881747063
pe,2025-10-31,2025-11-30,55,-0.04991587436056765,-0.04265719881906672,0.04706265057924155,-0.008975013517895676,0.017438633046500285,0.06735450740706794
pe,2025-11-30,2025-12-31,58,0.056221236348802724,0.05818046985087726,0.04718191744698444,0.02620387896937508,-0.004788589763659683,-0.061009826112462404
pe,2025-12-31,2026-01-31,58,0.16106937991451895,0.168941741398898,0.17243818998477223,0.1662603283613942,0.1897960536700358,0.02872667375551685
pe,2026-01-31,2026-02-28,58,-0.016691611600289685,-0.008385381894535497,0.0065659652331997165,0.01726438974270449,-0.05929616764043277,-0.042604556040143085
pe,2026-02-28,2026-03-31,51,-0.10880205429631716,-0.05462216190396618,-0.06993670499244839,-0.08082085643713045,-0.09533314806799412,0.013468906228323044
pe,2026-03-31,2026-04-30,51,0.11150731702861617,0.0735201801971355,0.0692227246618616,0.08189810956590762,0.06462982000784534,-0.046877497020770834
pe,2026-04-30,2026-05-31,51,-0.018413005691374437,-0.0032253157727953562,-0.034652112170742974,-0.013575238427388314,-0.05298680268520835,-0.03457379699383391
momentum,2001-05-31,2001-06-30,45,0.08822549287985315,0.15242195558799004,0.055181811972430626,0.07154769044329584,0.15561776594404833,0.06739227306419518
momentum,2001-06-30,2001-07-31,45,-0.1705166922507554,-0.10012340498027869,-0.06282552165130133,-0.09487904207114714,-0.016940572736788246,0.15357611951396713
momentum,2001-07-31,2001-08-31,47,-0.05187402469140784,0.03014862125252682,-0.0031694668610408655,0.010189584866770511,-0.04455305589298788,0.007320968798419959
momentum,2001-08-31,2001-09-30,47,-0.3477848730522905,-0.3137408345584732,-0.3105184537626438,-0.33143714968102284,-0.25542195329092154,0.09236291976136896
momentum,2001-09-30,2001-10-31,47,0.5147159067705667,0.4753705401060013,0.38532668140323767,0.316236128018483,0.31495312279843535,-0.19976278397213132
momentum,2001-10-31,2001-11-30,47,0.22047683850866678,0.3097728903238036,0.0985003072930932,0.15061107301215626,0.10527706891953789,-0.11519976958912889
momentum,2001-11-30,2001-12-31,47,0.18727292829962433,0.2208489854040092,0.2124182762563171,0.24854353787469943,0.02511527501246682,-0.1621576532871575
momentum,2001-12-31,2002-01-31,47,-0.022715504872851632,-0.056397427608532835,-0.08271801122799377,-0.0660213533511263,-0.07432905020887476,-0.05161354533602312
momentum,2002-01-31,2002-02-28,47,-0.1417044836992541,-0.11436004636081654,-0.12972334425525428,-0.09872174837038492,-0.07105106928790668,0.07065341441134741
momentum,2002-02-28,2002-03-31,47,0.027278577337784816,-0.0018487466542343272,0.041832554781416946,0.06917193638972033,-0.01110466698919016,-0.03838324432697497
momentum,2002-03-31,2002-04-30,48,0.03459144308037169,-0.021176930808288887,-0.003782148659582052,-0.02622512375888227,-0.033616541203197924,-0.06820798428356961
momentum,2002-04-30,2002-05-31,48,-0.06632111767335955,-0.07452338855632606,-0.09791162336198764,-0.09254801289248865,-0.10632857080058618,-0.04000745312722663
momentum,2002-05-31,2002-06-30,48,-0.06989191619700247,-0.023864516073873313,-0.10382493944690227,-0.048335636400921964,-0.010739110412589247,0.05915280578441322
momentum,2002-06-30,2002-07-31,48,0.22370404347831058,0.1181202070814931,0.2527972182518248,0.14936386805904334,0.13650074379308824,-0.08720329968522234
momentum,2002-07-31,2002-08-31,48,-0.026042101205546075,0.022198708164674324,-0.035978681828089575,-0.021038937828286045,-0.05287684184500614,-0.026834740639460068
momentum,2002-08-31,2002-09-30,48,-0.11861615767600217,-0.05940880117242896,-0.05448761660165843,-0.09721631775727478,-0.0785025238187515,0.04011363385725067
momentum,2002-09-30,2002-10-31,48,0.23031296976233623,0.19744031333642056,0.1839607875083754,0.0675275454752741,0.13974914363196128,-0.09056382613037495
momentum,2002-10-31,2002-11-30,48,0.21386961715929953,0.36907411052352646,0.31117333670314196,0.27942842711580557,0.2868147476149524,0.07294513045565287
momentum,2002-11-30,2002-12-31,48,-0.22483603455187198,-0.26573062663601177,-0.2233226629902433,-0.2782394382422264,-0.23535260014740705,-0.010516565595535071
momentum,2002-12-31,2003-01-31,48,0.04429908837115857,0.016632918906722693,0.22261406110909016,0.09243186323351145,0.04118344057880323,-0.0031156477923553402
momentum,2003-01-31,2003-02-28,48,0.06822606593411185,0.03748487254291414,0.07736099610008054,0.01830999297874314,0.009348409906516164,-0.05887765602759568
momentum,2003-02-28,2003-03-31,48,-0.13777556827776846,-0.16251460655850603,-0.1323107816681345,-0.18325291750791461,-0.16429414275540927,-0.026518574477640805
momentum,2003-03-31,2003-04-30,48,0.29488489004830093,0.24004061387479314,0.23220187579301207,0.05444212860910515,0.2441411455737677,-0.050743744474533226
momentum,2003-04-30,2003-05-31,48,0.0401129296237312,-0.016273070135755394,-0.024320970449978486,-0.021047220619333024,-0.0373743703362918,-0.07748729996002299
momentum,2003-05-31,2003-06-30,48,-0.0560134567482143,-0.08712997153040046,-0.06534446182439099,-0.07294697105702522,-0.10463508368680714,-0.04862162693859284
momentum,2003-06-30,2003-07-31,48,-0.03555814591122095,-0.050009234603749536,-0.04989258022744837,-0.05418674362469679,-0.10913679589986018,-0.07357864998863922
momentum,2003-07-31,2003-08-31,49,0.1438124662794349,0.037118675086978546,0.07935174190630939,0.08139570642794014,0.0632555788436286,-0.08055688743580629
momentum,2003-08-31,2003-09-30,49,0.08743557113096516,0.06926956975791755,0.08246468883397728,0.08091372297245569,0.1374418289226558,0.05000625779169064
momentum,2003-09-30,2003-10-31,49,0.11078638463541894,0.19793119746824459,0.1437765912470688,0.21490106576452578,0.20350126424347592,0.09271487960805698
momentum,2003-10-31,2003-11-30,49,-0.02926883718047544,-0.00913638777614062,-0.037588472808735895,-0.06209271701563949,-0.06590740053982308,-0.03663856335934764
momentum,2003-11-30,2003-12-31,49,0.1871728980889732,0.33675536611465545,0.2734763882836838,0.2959259934026782,0.28536949235631626,0.09819659426734306
momentum,2003-12-31,2004-01-31,49,-0.04838157800485919,-0.054756048249243974,-0.05686804328024918,-0.07694452942335928,-0.027968311126532232,0.02041326687832696
momentum,2004-01-31,2004-02-29,49,0.061782956383114075,0.09542985986710309,0.08180677578893725,0.07699643367127199,0.07515763538125927,0.0133746789981452
momentum,2004-02-29,2004-03-31,49,0.13152855374978095,0.18129702215955132,-0.04402209499844626,-0.008823750873165137,0.13360624203161092,0.0020776882818299702
momentum,2004-03-31,2004-04-30,49,-0.19241970617306017,-0.2703406231255635,-0.18768867068695747,0.009676695490348775,-0.10431609520342666,0.08810361096963351
momentum,2004-04-30,2004-05-31,49,-0.049305880112111955,-0.32827615382915143,-0.2884712798241983,-0.16559651773541786,-0.163967627405042,-0.11466174729293005
momentum,2004-05-31,2004-06-30,49,0.03431958192721517,-0.012587439698351443,0.007510334348580333,-0.329069956141825,-0.3891758936149345,-0.42349547554214967
momentum,2004-06-30,2004-07-31,49,0.075457686968002,0.06181016580914981,0.011529673129435635,0.09441384406828587,0.13098793257434968,0.055530245606347686
momentum,2004-07-31,2004-08-31,49,-0.034880006266433006,0.06702847479674343,0.013295356445150132,0.042087946012734564,0.05749204532975434,0.09237205159618735
momentum,2004-08-31,2004-09-30,49,0.08158748101670482,0.08673269135818466,0.06766125390822324,0.12017762394546043,0.21749475689056333,0.1359072758738585
momentum,2004-09-30,2004-10-31,49,0.05880855072984167,0.03211206249547668,0.09751346370548718,0.023135091016647857,-0.00039927942439098584,-0.05920783015423265
momentum,2004-10-31,2004-11-30,49,-0.012393928311850589,-0.04766198277617534,0.002468683659220384,-0.05724199652966688,-0.04239714661223491,-0.030003218300384323
momentum,2004-11-30,2004-12-31,49,0.09065056429581751,0.09446987706332952,0.02090546520691061,0.09589986043966693,0.10420809745946365,0.013557533163646135
momentum,2004-12-31,2005-01-31,49,0.01586316505727754,0.0815022066332482,104.30747636599821,0.18963952791135313,0.1630395237707793,0.14717635871350176
momentum,2005-01-31,2005-02-28,49,0.008302489510218669,0.031259648622839295,0.023375238088767427,0.013463682245354214,0.042819077733983454,0.034516588223764785
momentum,2005-02-28,2005-03-31,50,-0.12592887402054126,-0.04624305794179636,-0.06687325661080737,-0.08083257899943705,-0.11872407888689226,0.007204795133648995
momentum,2005-03-31,2005-04-30,50,-0.08981199298875327,-0.12156828058246474,-0.127839149789875,-0.1345739876285211,-0.10811652476652851,-0.018304531777775246
momentum,2005-04-30,2005-05-31,50,0.136023501140794,0.09538419690979445,0.13328823997211872,0.18119039818210267,0.04814981987502751,-0.0878736812657665
momentum,2005-05-31,2005-06-30,50,0.0969538432540639,0.0628196104078186,0.0827278829698615,0.06765434353030368,0.066860398411803,-0.03009344484226091
momentum,2005-06-30,2005-07-31,53,0.06287827720644147,0.09115462289672194,0.0835007767969145,0.1006532204571676,0.14316125989014036,0.08028298268369889
momentum,2005-07-31,2005-08-31,53,-0.0009771560043750703,-0.009595213402809421,0.021726408631856417,0.00975823705544705,-0.010616610211738532,-0.009639454207363462
momentum,2005-08-31,2005-09-30,53,0.051972719286102635,0.027920679617537848,0.0990544554219813,0.08112676609072801,0.07226567255556958,0.020292953269466944
momentum,2005-09-30,2005-10-31,53,0.012592077485508491,-0.023139929507068568,-0.04608822707356182,0.007834030853006147,-0.04467415521862817,-0.057266232704136666
momentum,2005-10-31,2005-11-30,53,0.1636603225339033,0.16161237116350674,0.21949305287731669,0.17441631117842743,0.14675912392708484,-0.016901198606818463
momentum,2005-11-30,2005-12-31,53,0.06240208999145888,0.07157075719960529,0.10222130848517157,0.11104803601411657,0.04090442860807626,-0.02149766138338262
momentum,2005-12-31,2006-01-31,53,0.05754601503577394,0.09147929045421757,0.14190488283698885,0.144372496240529,0.21673574522534542,0.15918973018957147
momentum,2006-01-31,2006-02-28,53,0.10624957943583216,0.09608643368935296,0.12043672856343692,0.14604708562271346,0.07322700791366032,-0.033022571522171834
momentum,2006-02-28,2006-03-31,53,0.10532149294148443,-0.0927097871550988,-0.0770034820991573,-0.09367501708916104,-0.09179876936803591,-0.19712026230952034
momentum,2006-03-31,2006-04-30,53,0.03810001714162934,0.008401854864432522,0.005765479224135173,0.09395960824360412,0.004891806317292398,-0.03320821082433694
momentum,2006-04-30,2006-05-31,53,-0.08331830424206275,-0.11090887936455333,-0.1973073113825891,-0.14180786902580197,-0.18225596130273464,-0.09893765706067188
momentum,2006-05-31,2006-06-30,53,-0.11660182238533766,-0.1020813238652439,-0.07337162419863157,-0.1886598677447501,-0.14764574249325194,-0.031043920107914277
momentum,2006-06-30,2006-07-31,53,0.07015975998324074,0.06996904393223993,0.048142917927488614,0.012965238500674648,0.019796042090070284,-0.05036371789317046
momentum,2006-07-31,2006-08-31,54,0.04785798164299592,0.021959629950250106,0.050193430471590375,0.02513379941317615,0.07337072641863437,0.025512744775638453
momentum,2006-08-31,2006-09-30,54,0.07126925516851484,0.009772355341388235,0.015588278825139834,-0.025740297100464934,0.03283682849921316,-0.03843242666930168
momentum,2006-09-30,2006-10-31,54,0.0850563466945616,0.09160111081976291,0.08854704498173478,0.06551232544453653,0.09311679461130261,0.008060447916741015
momentum,2006-10-31,2006-11-30,54,-0.04889211560601789,-0.020074688343604204,-0.0025187242562908496,-0.06583671126866418,0.02516052714970519,0.07405264275572308
momentum,2006-11-30,2006-12-31,55,0.03169439973686671,0.012526326550605572,0.004050867076208669,0.000866259192526243,0.0034255359971154,-0.02826886373975131
momentum,2006-12-31,2007-01-31,55,0.04591944602550437,0.09581666411716819,0.07275143641241678,0.051666799923807405,0.05940717771743049,0.013487731691926116
momentum,2007-01-31,2007-02-28,55,0.029460093462531412,-0.005338904937586688,-0.0059920958919454925,-0.014205497467025707,-0.020428363771252758,-0.04988845723378417
momentum,2007-02-28,2007-03-31,55,0.07987307192925215,0.03545323678007244,0.04124063239321358,0.054605263910351635,0.10160057744223022,0.02172750551297807
momentum,2007-03-31,2007-04-30,55,-0.027040762925166037,0.027775031717642396,0.015903788385268958,-0.02579757887291464,-0.014507084171274635,0.012533678753891402
momentum,2007-04-30,2007-05-31,56,0.0626913316420353,0.15183703254994388,0.05872798348298349,0.17215202925755363,0.11929833009025598,0.056606998448220675
momentum,2007-05-31,2007-06-30,56,-0.033253814977241135,-0.027055918804731963,-0.09060067412610207,0.003273472301718695,0.023891141508840034,0.05714495648608117
momentum,2007-06-30,2007-07-31,56,0.12049727030868308,0.12357115196603936,0.09364727614677547,0.17005789990824846,0.09037888018531047,-0.030118390123372613
momentum,2007-07-31,2007-08-31,56,-0.08767341470357554,-0.03454470255909718,-0.05591201977532911,-0.049513964086318585,-0.011293527957204891,0.07637988674637064
momentum,2007-08-31,2007-09-30,56,0.04037604734015254,0.07703273789415203,0.06035553749360314,0.016542303856171857,0.07268792051502257,0.032311873174870026
momentum,2007-09-30,2007-10-31,56,-0.023386354502839712,-0.02316155125682824,0.032260768551025734,0.049246044598645095,0.07986676286964675,0.10325311737248646
momentum,2007-10-31,2007-11-30,56,-0.05284418004865091,-0.04279422496633201,-0.05023331756509453,-0.05349076543298465,-0.04691493623786141,0.005929243810789499
momentum,2007-11-30,2007-12-31,56,-0.021062541195762424,-0.01754292496123333,0.05068100258824007,0.024961431796829667,0.0461387924716912,0.06720133366745362
momentum,2007-12-31,2008-01-31,56,-0.21879613036402354,-0.2376450432275328,-0.18980970785573,-0.17018029383879263,-0.11315673729792958,0.10563939306609396
momentum,2008-01-31,2008-02-29,56,0.042591522125453134,0.022228196849359796,0.05872651196104605,0.08905607115086094,0.10709014041086079,0.06449861828540765
momentum,2008-02-29,2008-03-31,57,-0.126248429644238,-0.12424990245853772,-0.1110721824303973,-0.12022837797351359,-0.06687845468918747,0.05936997495505052
momentum,2008-03-31,2008-04-30,57,0.15877266378652583,0.177922193030309,0.11827973586794473,0.0869483647440136,0.13339151252542938,-0.02538115126109644
momentum,2008-04-30,2008-05-31,57,-0.07275187672413831,-0.01165010118657217,0.004846843030486769,-0.06370925377071683,0.10346976743513718,0.1762216441592755
momentum,2008-05-31,2008-06-30,58,-0.11935889277312421,-0.18447399763669103,-0.16786352112932867,-0.15991739197389,-0.042243202295673715,0.0771156904774505
momentum,2008-06-30,2008-07-31,60,0.22419817179064147,0.15002290471968485,0.11545750938476003,0.12386986618473904,-0.020124819612866895,-0.24432299140350835
momentum,2008-07-31,2008-08-31,60,0.04995521984025306,0.03162104204084148,-0.00126044872534752,-0.018417187096067284,-0.03785277574838733,-0.08780799558864039
momentum,2008-08-31,2008-09-30,60,-0.1882436942465101,-0.12486176265303695,-0.19511762069988892,-0.14103881435321627,-0.13652346116018485,0.05172023308632526
momentum,2008-09-30,2008-10-31,60,-0.3164826424574369,-0.28330298285301575,-0.3248398996787268,-0.2890483283166716,-0.2792341580159486,0.037248484441488316
momentum,2008-10-31,2008-11-30,60,-0.08038947883061255,-0.10077787448952986,-0.010841127582148205,-0.003511304097451142,-0.06904736631163529,0.011342112518977265
momentum,2008-11-30,2008-12-31,61,0.08155311890100264,0.09092770107576802,0.0657962082550554,0.05854143738429244,-0.05097048609197744,-0.13252360499298008
momentum,2008-12-31,2009-01-31,62,-0.03208348968760228,-0.03196953851012013,-0.02427623437804058,-0.07372193666544126,0.004224107741157087,0.036307597428759365
momentum,2009-01-31,2009-02-28,62,-0.051932775501993905,-0.015648194073525346,-0.01269624393152057,-0.042218981622548064,-0.027182462591887706,0.0247503129101062
momentum,2009-02-28,2009-03-31,62,0.15092543218835802,0.12127123384257531,0.11282679913498606,0.07071754066799975,0.08458431015258074,-0.06634112203577729
momentum,2009-03-31,2009-04-30,62,0.38950317618744273,0.27083133147933514,0.2662705768934385,0.26163719402206714,0.17139474957362963,-0.2181084266138131
momentum,2009-04-30,2009-05-31,62,0.16587438241582741,0.15545286340181233,0.19747027808634657,0.11485004165920747,0.10161622430055009,-0.06425815811527733
momentum,2009-05-31,2009-06-30,63,0.0631012570736727,0.048931128954749166,0.03632533982989698,0.058317529750650104,0.08703758589999097,0.02393632882631827
momentum,2009-06-30,2009-07-31,63,0.09439202882556702,0.04701341323722816,0.15541277684736082,0.10113729565723643,0.08780427765626407,-0.0065877511693029495
momentum,2009-07-31,2009-08-31,63,0.21180990935663352,0.38549847140179866,0.17394197808477802,0.12880609167033316,0.08350019785602851,-0.128309711500605
momentum,2009-08-31,2009-09-30,63,0.04001564767252938,0.08217969475060093,0.07295814710979606,0.03712445377311166,0.04456251589095773,0.004546868218428347
momentum,2009-09-30,2009-10-31,63,0.03926786243636183,0.0047527884997206615,-0.0028071498451766297,0.0035518991875527575,0.006965273995360647,-0.03230258844100118
momentum,2009-10-31,2009-11-30,63,-0.05270095651006861,-0.05276289589651065,-0.08438951850923249,-0.018743768332850925,-0.046343683925241116,0.006357272584827496
momentum,2009-11-30,2009-12-31,63,0.14599512080665986,0.16595854286007877,0.15897601664469768,0.18228394030845088,0.18074609857873553,0.03475097777207567
momentum,2009-12-31,2010-01-31,63,0.08937922452199833,0.11395406623073424,0.05897194644000983,0.06416762936527116,0.06760994544072153,-0.021769279081276793
momentum,2010-01-31,2010-02-28,63,-0.061890379156180335,-0.04467143609555568,-0.08488142482007836,-0.08680461343430396,-0.10212406976521496,-0.040233690609034624
momentum,2010-02-28,2010-03-31,63,0.12339875561706001,0.16387652615189463,0.09546810743020892,0.13096791810052671,0.11049151877645845,-0.012907236840601563
momentum,2010-03-31,2010-04-30,63,0.08854332705917148,0.09042945912294892,0.1017526458559733,0.04648545907931456,0.037144796622624016,-0.05139853043654746
momentum,2010-04-30,2010-05-31,63,-0.0908175797373258,-0.0992688355127918,-0.07906584878998907,-0.09386787448667178,-0.08927719400909614,0.0015403857282296485
momentum,2010-05-31,2010-06-30,63,0.007944527948836634,0.019446737374951367,0.01342172659534607,0.014868626251573999,0.03635038610508772,0.028405858156251088
momentum,2010-06-30,2010-07-31,63,0.06515965801455428,0.0715854858164875,0.07947718690034893,0.02207325637358475,0.09721288199021805,0.032053223975663764
momentum,2010-07-31,2010-08-31,63,0.0308891034014969,0.011681446651607827,0.020049398314411777,0.017105182298621634,0.06482323899437267,0.03393413559287577
momentum,2010-08-31,2010-09-30,63,0.09454991333963478,0.08572323714929708,0.08151524558604542,0.11019911574696183,0.10625997446213588,0.0117100611225011
momentum,2010-09-30,2010-10-31,63,0.06816124480114688,0.04660171393049602,0.05993585480409063,0.039914314749700495,0.07306946186955643,0.004908217068409548
momentum,2010-10-31,2010-11-30,63,-0.026925665262066342,-0.049807797560753354,-0.023794961918505574,-0.05147568683527165,-0.006841222512958916,0.020084442749107426
momentum,2010-11-30,2010-12-31,63,0.056652308713963796,0.01988252896151001,0.08945750027397961,0.011067129748993265,0.07296982699603947,0.01631751828207568
momentum,2010-12-31,2011-01-31,63,0.0012117389608032368,-0.04844335828829163,-0.003336238995881766,0.038843502768645205,-0.0177475853017181,-0.018959324262521338
momentum,2011-01-31,2011-02-28,63,-0.0445721328620675,-0.08468903135108441,-0.05674046576834567,-0.0034697887687386852,0.005064023854195619,0.04963615671626312
momentum,2011-02-28,2011-03-31,63,0.09768217448806019,0.048348482617789255,0.051335703563915105,0.0888110285562263,0.1122636465211503,0.014581472033090112
momentum,2011-03-31,2011-04-30,63,0.08777825544339699,0.07869742062759495,0.06270718595444477,0.10254634087431773,0.12072377982635597,0.03294552438295899
momentum,2011-04-30,2011-05-31,63,-0.09421737989985764,-0.07365363621541614,-0.09837154217302098,-0.015814256661583464,-0.007357061608710029,0.08686031829114761
momentum,2011-05-31,2011-06-30,64,-0.04649045147237186,-0.0035362067312583348,-0.009961074699874626,-0.004458242923793624,0.023963348920950762,0.07045380039332262
momentum,2011-06-30,2011-07-31,65,-0.024829985936857018,-0.024467625884511696,-0.012709786993104637,-0.004838220591909321,0.006320870173841932,0.03115085611069895
momentum,2011-07-31,2011-08-31,65,-0.19877344895904292,-0.1437601128262226,-0.14411682872189335,-0.12307867573340464,-0.14065815381475666,0.05811529514428626
momentum,2011-08-31,2011-09-30,65,0.10336789090501555,0.08368646470197796,0.07052777100129776,0.08752386111107921,0.029292129704151713,-0.07407576120086384
momentum,2011-09-30,2011-10-31,65,0.026375539654898052,-0.048577571455210126,-0.0037882998841595695,0.005052247310830213,-0.030287597843633295,-0.056663137498531344
momentum,2011-10-31,2011-11-30,66,-0.09778550076407767,-0.09156512456705634,-0.021092077124421883,-0.024765156817613692,-0.07249483075816907,0.025290670005908608
momentum,2011-11-30,2011-12-31,66,-0.05988757675095099,-0.05057690610205826,-0.049920382471156266,-0.006100976135448799,0.0131935912839672,0.07308116803491818
momentum,2011-12-31,2012-01-31,68,0.1494669733350063,0.10993652321934715,0.11019699277749397,0.07436732617303081,0.05554142899298892,-0.09392554434201739
momentum,2012-01-31,2012-02-29,68,0.11005253021872775,0.08906126129703784,0.05288200081672887,0.0689085897298837,0.026936379148740117,-0.08311615106998764
momentum,2012-02-29,2012-03-31,69,0.060537329011952086,0.04245479324277988,0.0364276122489683,0.020840460135242347,0.02308971839953498,-0.03744761061241711
momentum,2012-03-31,2012-04-30,69,-0.026699088185402405,0.09945638253100364,-0.013082910793365833,-0.017163888903432012,0.044876983837643714,0.07157607202304611
momentum,2012-04-30,2012-05-31,69,-0.0962743300796722,-0.06583538807557782,-0.0417329478179506,-0.0963131746217671,-0.06426657488440564,0.032007755195266566
momentum,2012-05-31,2012-06-30,69,0.13553112604839007,0.11633915884812332,0.1368108409937159,0.12430064311155346,0.05177452392340023,-0.08375660212498984
momentum,2012-06-30,2012-07-31,69,0.048052142620822025,0.03489041667547248,0.043537881943486324,0.042999332712630366,0.007000455931783873,-0.04105168668903815
momentum,2012-07-31,2012-08-31,69,0.050832006130282804,0.061757891423403835,0.029524975208039796,0.029252799213926713,0.020952801307184583,-0.02987920482309822
momentum,2012-08-31,2012-09-30,70,-0.005411739711761431,0.007533807187992807,-0.023433207010174897,-0.01759094373216821,-0.02476661269270428,-0.01935487298094285
momentum,2012-09-30,2012-10-31,70,0.02929098984427203,0.05165327094646736,0.030526667233070983,0.06440461999295498,0.06783257278743679,0.03854158294316476
momentum,2012-10-31,2012-11-30,70,0.02070033626678301,0.01879158911628708,0.026622692257491237,-0.0012460136706403193,0.019304934947484236,-0.0013954013192987724
momentum,2012-11-30,2012-12-31,70,0.08230050697141296,0.09976704676236318,0.09946454574017409,0.10608086952225347,0.08882650828454627,0.0065260013131333144
momentum,2012-12-31,2013-01-31,70,0.049360785281309265,0.024934284503637716,0.04253505375823339,0.0511683930323747,0.011108420928316376,-0.03825236435299289
momentum,2013-01-31,2013-02-28,70,-0.012091867944652921,0.02427501715942431,0.011096725106138905,0.03570525906728139,0.03245352245008225,0.044545390394735165
momentum,2013-02-28,2013-03-31,70,0.03820040044012151,0.07286232734130706,0.07633947063498632,0.06718943611910523,0.11669515769708884,0.07849475725696733
momentum,2013-03-31,2013-04-30,70,-0.005222970872527599,0.013037212159254368,-0.009738090254866383,0.019386845863447553,0.06884538091652218,0.07406835178904977
momentum,2013-04-30,2013-05-31,70,0.020119615475825952,0.008333517114102058,0.06831836122822586,0.025175743536065134,-0.00726647742685077,-0.027386092902676722
momentum,2013-05-31,2013-06-30,71,-0.09450516594228545,-0.0977831018434743,-0.0908170845647489,-0.1017665093105724,-0.0963704465427069,-0.0018652806004214595
momentum,2013-06-30,2013-07-31,71,-0.01513336538501066,-0.006451508717007837,-0.05276313663041622,0.00546428290217345,0.00827783549273814,0.023411200877748797
momentum,2013-07-31,2013-08-31,71,-0.15103785947824086,-0.09713590767122089,-0.08685463440138584,-0.11995961844692471,-0.1532368057226105,-0.002198946244369643
momentum,2013-08-31,2013-09-30,71,0.13621282355088205,0.12257769619283458,0.12490480960155317,0.17912143629292093,0.10706751531660129,-0.029145308234280756
momentum,2013-09-30,2013-10-31,71,0.07414660365778784,0.07739491661899481,0.05571248369419814,0.04520563910672797,0.05105663079229526,-0.02308997286549258
momentum,2013-10-31,2013-11-30,71,-0.034761099017497646,-0.01667901258102197,-0.018670581909313644,0.003939905671181227,0.008729728243453845,0.04349082726095149
momentum,2013-11-30,2013-12-31,71,-0.12786906678848922,-0.12302722573013333,-0.09491638945563875,-0.06962569516892679,-0.09526565651458996,0.032603410273899264
momentum,2013-12-31,2014-01-31,71,-0.07004385635428587,-0.0726607851274649,-0.062094951273061125,-0.07333886597159107,-0.023770781508506922,0.046273074845778944
momentum,2014-01-31,2014-02-28,71,0.03832662838809743,0.038678226366588485,0.029391380424280942,0.0185551783743492,-0.0021314757422315317,-0.040458104130328965
momentum,2014-02-28,2014-03-31,71,0.0826204612441346,0.08325433112337224,0.06426724540512242,0.07173339766126892,0.009803398852740777,-0.07281706239139382
momentum,2014-03-31,2014-04-30,71,0.12425832178960144,0.12639518426937596,0.09239838392813275,0.07263984535483156,0.08832206096702458,-0.035936260822576865
momentum,2014-04-30,2014-05-31,72,0.07997243023261705,0.09313529114485622,0.049708202727693766,0.037261038972160286,0.03672740163368111,-0.04324502859893594
momentum,2014-05-31,2014-06-30,71,-0.012769407076795783,-0.005924713249057816,-0.01252031234498578,0.0279613532630931,0.05022902064779503,0.06299842772459081
momentum,2014-06-30,2014-07-31,71,0.021613622098770855,0.03799895071665573,0.05259393833855216,0.07703263475985829,0.019981031512325016,-0.0016325905864458395
momentum,2014-07-31,2014-08-31,73,0.013483403375830316,0.0020695080368221936,-0.018371569392594093,-0.03119449914244347,0.008438843325679598,-0.005044560050150719
momentum,2014-08-31,2014-09-30,73,-0.06308959085097893,-0.0608141392045014,-0.05728186360494245,-0.026438406531091523,0.0006997196780428908,0.06378931052902181
momentum,2014-09-30,2014-10-31,73,0.06570555454856436,0.06283572329162844,0.06894966551883033,0.06768088916407113,0.05710129091595994,-0.008604263632604421
momentum,2014-10-31,2014-11-30,73,0.07448244713153285,0.06555071842352643,0.058476067792141664,0.07409526017912967,0.007099687751577299,-0.06738275937995555
momentum,2014-11-30,2014-12-31,73,-0.0007172618032389148,0.016886128086215226,0.020881182678546824,0.005256904889689979,0.02386637420894542,0.024583636012184332
momentum,2014-12-31,2015-01-31,73,0.01737306443518177,0.11107856327687103,0.029449009517918734,0.0438572365552223,0.06371190011255086,0.046338835677369086
momentum,2015-01-31,2015-02-28,73,-0.030277909047678953,0.004013579315728615,-0.037805967291077734,-0.03985683292834353,-0.022009234678585555,0.008268674369093398
momentum,2015-02-28,2015-03-31,73,-0.05616198370577075,-0.032975140760971966,-0.03834723716222591,-0.03848658715356827,-0.027886190405906806,0.028275793299863947
momentum,2015-03-31,2015-04-30,73,0.05606249074185759,0.043302981162769524,0.055383739400955555,0.06916207758100039,0.012634620133665113,-0.043427870608192476
momentum,2015-04-30,2015-05-31,73,-0.029509137182259487,-0.011313435542361123,-0.00028881326565490065,-0.010680511333610246,0.009712854586634009,0.039221991768893495
momentum,2015-05-31,2015-06-30,73,-0.03973476273253194,-0.0429508228522343,-0.01106162456435779,0.0054698637187760345,-0.004279197353216994,0.03545556537931494
momentum,2015-06-30,2015-07-31,73,-0.02773335073900427,-0.0351675720020511,-0.015769138122659395,-0.021319574635996374,0.013174926366719242,0.04090827710572351
momentum,2015-07-31,2015-08-31,73,-0.058244129029800425,-0.04367073506649638,-0.0831024309349451,-0.041796142326845274,-0.0882171333502892,-0.02997300432048878
momentum,2015-08-31,2015-09-30,73,-0.007298823802613138,-0.005349545570551474,-0.0037955407194420736,0.02489162123111039,-0.016938612367485943,-0.009639788564872805
momentum,2015-09-30,2015-10-31,73,0.08071057071621494,0.034750446972246836,0.06822620833182082,0.045332440187556014,0.04087068957108478,-0.039839881145130165
momentum,2015-10-31,2015-11-30,73,0.0058347980637988295,-0.04452566341709009,-0.016332167174342434,-0.0011355095711842772,0.01906457840398812,0.01322978034018929
momentum,2015-11-30,2015-12-31,73,-0.006975882575685947,-0.010300859388478745,-0.04478267830483776,-0.043342185047836365,0.003513400892752842,0.01048928346843879
momentum,2015-12-31,2016-01-31,73,-0.00670516465317268,0.006223523492689168,-0.01133976103686029,0.008728188761828617,0.03411234641978274,0.04081751107295542
momentum,2016-01-31,2016-02-29,73,0.017291953046800024,0.03207175250635476,0.015554752936261563,0.040916536185464134,0.00248788128744164,-0.014804071759358384
momentum,2016-02-29,2016-03-31,73,0.10416627853933878,0.09888584871040537,0.12592518162605656,0.05966728630130414,0.07645538483297472,-0.027710893706364065
momentum,2016-03-31,2016-04-30,73,0.03285148576395528,0.05800964734774948,0.050900879692912966,0.06092375888053989,0.02956302537171574,-0.0032884603922395395
momentum,2016-04-30,2016-05-31,73,-0.05462303951953961,-0.07566253622724431,-0.0751798126202104,-0.05464668407629105,-0.02196684644275718,0.03265619307678243
momentum,2016-05-31,2016-06-30,73,-0.046460609198729706,-0.04548127634521133,-0.018087111065695462,-0.023819668198953543,-0.0068315623929780704,0.03962904680575163
momentum,2016-06-30,2016-07-31,73,-0.011444921537793825,0.011473361784433351,-0.026833446354415164,0.0006294643215343866,0.0123744007841803,0.023819322321974125
momentum,2016-07-31,2016-08-31,73,0.0018278498894596761,0.012241846700203864,0.07732741875737305,0.045405753415607424,0.01757269215435905,0.015744842264899375
momentum,2016-08-31,2016-09-30,73,0.017645374606469023,-0.00975389278303153,0.00394897920346727,0.018027682820479292,-0.0037543689718197103,-0.02139974357828873
momentum,2016-09-30,2016-10-31,73,0.03046482265425272,0.01682101847026222,0.0024833491964127985,0.027582281125042445,-0.007797322355985825,-0.038262145010238544
momentum,2016-10-31,2016-11-30,73,-0.08911790734663841,-0.07175634174039267,-0.049737296572260344,-0.05162737115494743,-0.032810314792016355,0.05630759255462205
momentum,2016-11-30,2016-12-31,73,0.06942628588003948,0.03547232306968252,0.0516581467477215,0.06378905168119489,0.07053503853048992,0.001108752650450448
momentum,2016-12-31,2017-01-31,73,0.0742594097766199,0.0972213446616711,0.08297734513064983,0.08215009523445845,0.1244591059278495,0.0501996961512296
momentum,2017-01-31,2017-02-28,73,-0.005591091308582707,-0.0003344505053702873,0.009805939578186281,0.010043189953303389,0.017543071595339448,0.023134162903922156
momentum,2017-02-28,2017-03-31,73,-0.023380304340056415,0.01433876453263279,0.014634760958032548,0.07304150673863555,0.04589056981823208,0.06927087415828849
momentum,2017-03-31,2017-04-30,73,0.06465176975899675,0.055221148603451155,0.0781488027219783,0.07758773170527546,0.09171487004129524,0.027063100282298483
momentum,2017-04-30,2017-05-31,73,0.09202226283311012,0.04494028512780649,0.03023150391988072,0.05529565996362335,0.06562441559612635,-0.026397847236983768
momentum,2017-05-31,2017-06-30,73,0.04980544169619773,0.020143765659194783,0.0209033653360653,0.010930666199914492,0.0218405467814213,-0.02796489491477643
momentum,2017-06-30,2017-07-31,73,0.07358903861297802,0.07280496555523916,0.07481217857630845,0.08217186222971695,0.034473597768598645,-0.03911544084437938
momentum,2017-07-31,2017-08-31,73,-0.06190302447998342,0.026435273618684314,0.01915288448276672,0.05146634916034242,0.0850171146851217,0.14692013916510513
momentum,2017-08-31,2017-09-30,73,-0.06023824865718581,-0.04832057145639531,-0.06744403620553431,-0.056437137215296376,-0.07441260378754326,-0.014174355130357454
momentum,2017-09-30,2017-10-31,73,0.029955414288517203,0.059527651203738194,0.025327304184056893,0.06714994823931558,0.1425201272774754,0.1125647129889582
momentum,2017-10-31,2017-11-30,73,-0.08533224168213224,-0.0713926053441704,-0.06810524480968792,-0.05318070198582884,-0.06371540069952676,0.02161684098260548
momentum,2017-11-30,2017-12-31,73,0.12730360019216472,0.11091799619129149,0.11173264346130099,0.09460900231540839,0.16637957610495774,0.03907597591279302
momentum,2017-12-31,2018-01-31,73,0.04888490653483497,0.06946797348976418,0.1030621825483142,0.04922962969917277,-0.004996683344636935,-0.053881589879471906
momentum,2018-01-31,2018-02-28,73,-0.03953471234667177,-0.04651549469806843,-0.03515858109337002,-0.026929085585530404,0.025527609204881566,0.06506232155155334
momentum,2018-02-28,2018-03-31,73,-0.009446164670265185,0.04139107919873554,-0.034453630023027336,0.039086893136829094,-0.03640336798622646,-0.026957203315961277
momentum,2018-03-31,2018-04-30,73,-0.07501196135039923,-0.06416620856864536,-0.08774252684470585,-0.05352959258433543,-0.09338600075104246,-0.018374039400643236
momentum,2018-04-30,2018-05-31,73,-0.0756442148173439,-0.03641848845908458,-0.10048698618507604,-0.09975766534736175,-0.025806783541738383,0.04983743127560552
momentum,2018-05-31,2018-06-30,73,0.03158581126748016,-0.021017761420402212,-0.02357319578839773,-0.005108402617567398,-0.00826889528853596,-0.039854706556016126
momentum,2018-06-30,2018-07-31,73,-0.04084318005666032,-0.02701442784734582,-0.017628670737574244,0.0410592084649276,0.048144689173585394,0.08898786923024571
momentum,2018-07-31,2018-08-31,73,-0.09401068726010388,-0.08564714117365844,-0.06698584873675739,-0.021624206726480768,0.023209617507817058,0.11722030476792093
momentum,2018-08-31,2018-09-30,73,0.1071513065738671,0.05687735902511021,0.03858964318772782,0.026495923832115853,0.018647379645237962,-0.08850392692862913
momentum,2018-09-30,2018-10-31,73,-0.10475362427274826,-0.10108690774120889,-0.14176433249273188,-0.09306938567986675,-0.08881171294054076,0.0159419113322075
momentum,2018-10-31,2018-11-30,73,0.054035001396339315,0.1342083523385061,0.04206014582509942,0.026503380621833043,-0.024136377088534333,-0.07817137848487365
momentum,2018-11-30,2018-12-31,73,-0.03451580518015586,-0.04530160094597629,-0.02971614991071488,-0.0508680022177815,-0.01660477217177901,0.017911033008376848
momentum,2018-12-31,2019-01-31,73,0.14265984286708092,0.15189277885681565,0.143974675556934,0.09624495061314242,0.07826585563718122,-0.0643939872298997
momentum,2019-01-31,2019-02-28,73,0.03625311794478822,0.04815612433509978,0.007871907172041826,0.06803280575024617,0.03214372409042369,-0.004109393854364533
momentum,2019-02-28,2019-03-31,73,-0.12039017645378733,-0.07679042426867658,-0.1085462625801292,-0.061828958265015714,-0.053157347125417774,0.06723282932836955
momentum,2019-03-31,2019-04-30,73,0.0009857380235780125,0.01816132176549669,0.014919244565283825,0.04291011965508025,0.050325459501397204,0.04933972147781919
momentum,2019-04-30,2019-05-31,73,-0.045046005212619325,-0.05547283509257738,-0.06069004612312528,-0.044864284661718726,-0.005584363482954887,0.03946164172966444
momentum,2019-05-31,2019-06-30,73,0.1069431345525937,0.058211603520614566,0.11688571785225571,0.06108913544984805,0.07404214194685796,-0.03290099260573574
momentum,2019-06-30,2019-07-31,73,0.040954547894759566,0.0679458477415328,0.06227563850032451,0.07589180499960592,-0.025934973261298115,-0.06688952115605767
momentum,2019-07-31,2019-08-31,73,-0.025068491648603305,-0.03084753218464918,0.027647142280823708,-0.050893924260398384,0.045281829282429215,0.07035032093103252
momentum,2019-08-31,2019-09-30,73,0.16856070930828312,0.15450861099583366,0.06429697174794494,0.04724795340592968,0.10335637644988796,-0.06520433285839516
momentum,2019-09-30,2019-10-31,73,-0.02838787059849771,-0.038444226164786245,-0.009165696888439356,-0.05292894927169032,0.019903460942364646,0.048291331540862355
momentum,2019-10-31,2019-11-30,73,0.16660304444342586,0.21981233165987538,0.09283271788101884,0.16202625742221968,0.11638681595733481,-0.050216228486091044
momentum,2019-11-30,2019-12-31,73,0.11854154959828063,0.1049889600562295,0.1198931591302445,0.08577570442309054,0.1906574827345603,0.07211593313627966
momentum,2019-12-31,2020-01-31,73,0.06533583343813584,0.11556287847805599,0.0696721385068723,0.07758534900147732,0.10889875952603578,0.04356292608789994
momentum,2020-01-31,2020-02-29,73,-0.11429411665321414,-0.1071499301944882,-0.13512987686725234,-0.11478870474402401,-0.060270684815673554,0.05402343183754058
momentum,2020-02-29,2020-03-31,73,-0.18005596762315873,-0.15957599562874986,-0.19926756075294522,-0.15107040574235628,-0.177278494564621,0.0027774730585377327
momentum,2020-03-31,2020-04-30,73,0.2056767215464851,0.1872512717781347,0.20476744125969862,0.2429188182490212,0.2123681182077635,0.006691396661278409
momentum,2020-04-30,2020-05-31,73,0.043551486269246875,0.03998296401655487,0.03783531279340015,0.10844277499492919,0.12766890563590721,0.08411741936666034
momentum,2020-05-31,2020-06-30,73,0.10715606943949835,0.17359090805832403,0.16599284099775502,0.08740172553307689,0.1740085376627915,0.06685246822329316
momentum,2020-06-30,2020-07-31,73,-0.07876608763871032,1.2596911138648295e-05,0.05134901625254793,0.04101798898945685,0.08723994581530665,0.166006033454017
momentum,2020-07-31,2020-08-31,73,-0.05124088164016193,-0.04332989375875213,-0.04854574387910014,-0.044729680645480274,-0.03276900872244355,0.01847187291771838
momentum,2020-08-31,2020-09-30,73,0.03213412123672151,0.06156280495758025,0.10531046174846347,0.10763903443232725,0.0953329869184107,0.0631988656816892
momentum,2020-09-30,2020-10-31,73,-0.07322464250461959,0.11933107359819435,0.014544255827904928,-0.02811987494874473,0.06831536693492618,0.14154000943954576
momentum,2020-10-31,2020-11-30,73,0.2980173606306216,0.13804055993210643,0.17197653168979052,0.12150529100195698,0.13382094522679586,-0.16419641540382576
momentum,2020-11-30,2020-12-31,73,0.20370515086510863,0.1933412811365174,0.1753702421305228,0.17758412838750812,0.0673993682059743,-0.13630578265913434
momentum,2020-12-31,2021-01-31,73,-0.026169465453637422,0.045919329406539706,0.074951783384453,0.07811446898002125,0.08893604705113488,0.1151055125047723
momentum,2021-01-31,2021-02-28,73,0.01976333625678206,-0.06237340398988372,-0.002197230394011607,-0.017421195210960527,0.033602444757900675,0.013839108501118615
momentum,2021-02-28,2021-03-31,73,-0.11302871195443692,-0.06731457389603507,-0.03537170249718941,0.07368516518226977,0.06801306053231497,0.1810417724867519
momentum,2021-03-31,2021-04-30,73,0.009491180336792497,-0.023938940494067244,-0.035118321360620174,0.0545102084439255,-0.10953408017355723,-0.11902526051034973
momentum,2021-04-30,2021-05-31,73,0.04667731921162252,0.006697129132718511,0.0178508330348473,0.003011271548329935,-0.019461759325958082,-0.06613907853758061
momentum,2021-05-31,2021-06-30,73,-0.00769760869053786,-0.03687053373963517,-0.08700312664021942,-0.05274407414352405,-0.10447435173595257,-0.09677674304541471
momentum,2021-06-30,2021-07-31,73,0.03719780771425753,0.031114937949969817,0.011984236735815975,0.05974234035596158,0.05898840640341926,0.021790598689161736
momentum,2021-07-31,2021-08-31,73,0.050035534753715694,0.04343434879690975,0.07698487278237379,0.049907181618777455,0.014004539462146533,-0.03603099529156916
momentum,2021-08-31,2021-09-30,73,-0.01668411729635604,-0.04577576913504951,0.004462524132252218,0.01782389009762747,-0.03276812350623363,-0.01608400620987759
momentum,2021-09-30,2021-10-31,73,0.06040952916096478,0.05959335602768273,0.06777837873610419,0.06720829138366871,0.0722586466515871,0.01184911749062232
momentum,2021-10-31,2021-11-30,73,0.13232450264387585,0.14269136023600681,0.19542009095514112,0.1988651174599986,0.17021945021999096,0.03789494757611511
momentum,2021-11-30,2021-12-31,73,-0.05717766817518779,0.06656724139631216,0.08357239324296598,0.03349021549345986,0.02511794307778916,0.08229561125297695
momentum,2021-12-31,2022-01-31,73,0.05863012236930564,0.06206315850296445,0.10609663867633325,0.16025948698634584,0.04470218240167746,-0.01392793996762818
momentum,2022-01-31,2022-02-28,73,-0.06427103182637667,-0.10093617526928707,-0.04712100502659304,-0.03348752496980301,-0.0022375361732110597,0.062033495653165606
momentum,2022-02-28,2022-03-31,73,0.11346873187095527,0.1811272811805302,0.1306009301032997,0.12608177380729438,0.24349014945091882,0.13002141757996355
momentum,2022-03-31,2022-04-30,73,0.08300403940094349,0.0657050446802969,0.07843693843783962,0.10435193946633936,0.11593210740604096,0.03292806800509747
momentum,2022-04-30,2022-05-31,73,0.015285770295148705,-0.002619119376148044,0.040903328453261674,0.052944761366092837,0.10566416458721445,0.09037839429206575
momentum,2022-05-31,2022-06-30,73,-0.017719696085767504,-0.03280494970967639,-0.022945203611142443,-0.018532839010041997,-0.02793370981217284,-0.010214013726405336
momentum,2022-06-30,2022-07-31,73,0.10796972168117555,0.1544196088040209,0.12281340001145562,0.08859769834118676,0.08016047649837639,-0.02780924518279916
momentum,2022-07-31,2022-08-31,73,0.34993961503260723,0.263776418741131,0.19749059801827518,0.23409320939625264,0.1626020741127303,-0.18733754091987692
momentum,2022-08-31,2022-09-30,73,0.12543916078287778,-0.005465439994381459,-0.00638693654379799,0.002262088444380496,-0.028972251424654073,-0.15441141220753185
momentum,2022-09-30,2022-10-31,73,0.29208078822154254,0.1573554981286942,0.20103459930295825,0.25526714800523104,0.2824318663641956,-0.009648921857346948
momentum,2022-10-31,2022-11-30,73,0.41183592402051605,0.32269791395241004,0.21921575782249203,0.27510672728464997,0.20789168464398472,-0.20394423937653133
momentum,2022-11-30,2022-12-31,73,0.12319333475642948,0.1608688732106883,0.15535698721800717,0.11363295903890999,0.06411725104295006,-0.059076083713479416
momentum,2022-12-31,2023-01-31,73,-0.11086800358370133,-0.1381462712062779,-0.13389331559494924,-0.08050733223978941,-0.1554745943572423,-0.04460659077354098
momentum,2023-01-31,2023-02-28,73,0.045549778971290915,0.04545020713299656,0.011314032995293507,0.040988677001905886,0.030932809194664932,-0.014616969776625983
momentum,2023-02-28,2023-03-31,73,-0.008920193898545406,-0.019616786099537747,-0.03765635148167834,-0.043360567657070456,-0.13824809293818904,-0.12932789903964365
momentum,2023-03-31,2023-04-30,73,-0.07817416975603644,-0.041030215486439744,-0.03286034862071653,-0.0460207726629574,0.009409304890991729,0.08758347464702818
momentum,2023-04-30,2023-05-31,73,0.030943097155406742,0.09431156627588898,0.0357393808485449,0.070755698886349,0.09533169488759446,0.06438859773218772
momentum,2023-05-31,2023-06-30,73,0.15319685581714293,0.1928242066505177,0.2028077840712111,0.11516624580091997,0.22985900646175078,0.07666215064460785
momentum,2023-06-30,2023-07-31,73,0.2386530743433166,0.2165599746904777,0.2823434054357316,0.2652716979664298,0.28758651146282926,0.048933437119512674
momentum,2023-07-31,2023-08-31,73,0.13302302012772926,0.16213711746768764,0.14703756343428542,0.08605882929364395,0.298640659312026,0.16561763918429673
momentum,2023-08-31,2023-09-30,73,0.15234892259758523,0.08466255150074012,0.08930353503384302,0.12410164464815464,0.11132344467407501,-0.04102547792351022
momentum,2023-09-30,2023-10-31,73,-0.11081233277698364,-0.09260122165614128,-0.05163772418153496,-0.09906434226795661,-0.07888169591260974,0.031930636864373904
momentum,2023-10-31,2023-11-30,73,0.04292871730949969,0.0655525892461281,0.07245822949093933,0.04532943985662398,0.004894320093976797,-0.03803439721552289
momentum,2023-11-30,2023-12-31,73,-0.09941150713653658,-0.11212834332416223,-0.03415234216700412,-0.07996400496008427,-0.06180302942086034,0.03760847771567624
momentum,2023-12-31,2024-01-31,73,0.17135414367494808,0.17662173735663825,0.1445333741728928,0.14047210366435878,0.03992168210124574,-0.13143246157370234
momentum,2024-01-31,2024-02-29,73,0.14461135779206155,0.11375239235542368,0.09882762353793592,0.12424095677274886,0.08519332168706609,-0.059418036104995464
momentum,2024-02-29,2024-03-31,73,-0.06435648238496737,0.02635669433921158,-0.0068266843472127485,0.030789936310071438,-0.005628145654963368,0.058728336730004
momentum,2024-03-31,2024-04-30,73,0.10039444387341095,0.09731995969262178,0.11183424786492066,0.12920604725023974,0.17388890553419825,0.0734944616607873
momentum,2024-04-30,2024-05-31,73,0.011855435953613122,0.023062659709927262,0.08889940446813614,0.03736965628235,0.07146885837926771,0.05961342242565459
momentum,2024-05-31,2024-06-30,73,-0.019595286580406858,0.0174380966485983,-0.0010293583051947496,0.023688664982022593,0.10109665939382688,0.12069194597423374
momentum,2024-06-30,2024-07-31,73,0.0734534728324275,-0.01906477399418381,0.0015938786998136224,-0.03204490820403042,-0.0327188886644757,-0.10617236149690319
momentum,2024-07-31,2024-08-31,73,-0.07954970352111425,-0.05642112473235399,-0.068843521635686,-0.0803858367972228,-0.12618230092507138,-0.04663259740395713
momentum,2024-08-31,2024-09-30,73,0.01843425271379735,0.018431011566324373,0.002239196647029836,0.02764662420862562,0.013307245789498637,-0.005127006924298712
momentum,2024-09-30,2024-10-31,73,-0.03301898615885061,-0.03137333475871414,-0.07931514680610426,-0.04551121750056164,-0.08147731526586512,-0.0484583291070145
momentum,2024-10-31,2024-11-30,73,0.0645742111262574,0.08257138138581452,0.12079890435713611,0.09386238188856043,0.08441002004676083,0.019835808920503434
momentum,2024-11-30,2024-12-31,73,0.05756284537051543,0.027707564871316797,0.03879989294091457,0.04483319478356164,-0.0079683816740343,-0.06553122704454974
momentum,2024-12-31,2025-01-31,73,-0.049115902782639005,-0.03791113630233904,-0.007617413349109489,0.06293557924909933,0.01518093706244467,0.06429683984508368
momentum,2025-01-31,2025-02-28,73,-0.07481334475206076,-0.025269207115098977,-0.07597643246835473,-0.020569205267028157,-0.02499917191648599,0.04981417283557478
momentum,2025-02-28,2025-03-31,73,0.06358143947290411,0.05319113375626341,0.031994873826966766,0.08222379859723217,-0.030831884722614653,-0.09441332419551876
momentum,2025-03-31,2025-04-30,73,-0.021833675893621403,-0.07711163699059385,-0.0932583996158753,-0.07511091543667933,-0.03914746353491026,-0.01731378764128886
momentum,2025-04-30,2025-05-31,73,-0.02341706481621706,-0.038197402870866946,0.006111809936282087,0.0664478338719555,-0.038964104552661666,-0.015547039736444605
momentum,2025-05-31,2025-06-30,73,0.07123943738927481,0.04041812159670514,0.13821657584167277,0.08919783231785967,0.12639691432411543,0.05515747693484062
momentum,2025-06-30,2025-07-31,73,0.11287748512203254,0.12088695046886273,0.09052646762494018,0.0622719982682831,0.08504719782058734,-0.027830287301445197
momentum,2025-07-31,2025-08-31,73,0.07694355068677143,0.07033712720210872,0.048435712375839185,0.05280414880802916,0.01008083598468105,-0.06686271470209038
momentum,2025-08-31,2025-09-30,73,-0.07607368005743369,-0.028943657999940642,-0.03813086928299889,-0.040499045554152936,-0.05382819527499956,0.022245484782434127
momentum,2025-09-30,2025-10-31,73,0.004917363080991858,0.03439493022459324,0.005654507905860602,-0.009053881365675467,0.030910389302296008,0.02599302622130415
momentum,2025-10-31,2025-11-30,73,-0.018661161367921494,0.002507800325463597,-0.034039631155811614,-0.041860549874889,-0.006998206313691405,0.011662955054230088
momentum,2025-11-30,2025-12-31,73,0.029684858828735682,0.04057898710295209,0.03179695216562385,0.03682161198384518,0.028411918472629954,-0.0012729403561057284
momentum,2025-12-31,2026-01-31,73,0.14037472601754708,0.16624339212077271,0.13757733106310172,0.15652830736413456,0.20448407042275749,0.0641093444052104
momentum,2026-01-31,2026-02-28,73,-0.04063897274299466,-0.03899019402209456,-0.03201737828874318,0.01728619881359833,0.011322358240127025,0.05196133098312169
momentum,2026-02-28,2026-03-31,73,-0.03295513941806958,-0.034571735218764145,-0.03340022297132351,-0.15363720316551613,-0.059321799196512544,-0.026366659778442963
momentum,2026-03-31,2026-04-30,73,0.22574273390154076,0.07637930225609299,0.08506583540145568,0.10472026503973976,0.10638365260423341,-0.11935908129730735
momentum,2026-04-30,2026-05-31,73,-0.027557178096487063,0.00021462672973595768,-0.06265033803755962,-0.0017649492951995788,0.04826058528230562,0.07581776337879267
trend,2004-03-31,2004-04-30,50,-0.1395543473015402,-0.16048158314379896,-0.14188921074232347,-0.26279882382472225,-0.03837878899164924,0.10117555830989097
trend,2004-04-30,2004-05-31,50,-0.05901060821679478,-0.21938187307414186,-0.3209139827040216,-0.09764036552456132,-0.26814282512256654,-0.20913221690577177
trend,2004-05-31,2004-06-30,50,0.027812713320837346,-0.08655666557576662,0.009080699563477457,-0.22776480477543704,-0.5027909097709201,-0.5306036230917575
trend,2004-06-30,2004-07-31,53,0.07766596388748291,0.0929433884278949,0.0007733559880058286,0.06989772677085034,0.11228421337024495,0.03461824948276204
trend,2004-07-31,2004-08-31,53,-0.018758373157072194,0.03808382475087091,0.0065301771440636255,0.08487085611159317,0.034569347789499646,0.053327720946571844
trend,2004-08-31,2004-09-30,53,0.07239444251575128,0.06957661955770071,0.05158987030357926,0.15484159360025226,0.18996663399690128,0.11757219148115
trend,2004-09-30,2004-10-31,53,0.05418525988404354,0.027698031391014243,0.04919345798353179,0.014187600472386175,0.03251718745177607,-0.02166807243226747
trend,2004-10-31,2004-11-30,53,-0.007772301655528013,-0.04051226411298622,-0.018741248761779003,-0.013096919753408265,-0.08857936900046642,-0.08080706734493841
trend,2004-11-30,2004-12-31,53,0.09916007175039067,0.11492704867352824,0.011225280530655272,0.04112413417396018,0.10874548169947267,0.009585409949081997
trend,2004-12-31,2005-01-31,53,0.029856541690395047,0.0754264823003093,85.32297981469573,0.21099693905223385,0.1572403615376021,0.12738381984720704
trend,2005-01-31,2005-02-28,53,-0.003364615170477521,0.030822918696370504,0.0571258274002523,0.004581164979009833,0.01996631504335097,0.023330930213828493
trend,2005-02-28,2005-03-31,53,-0.13210949142139075,-0.02060496365540625,-0.10820656774431235,-0.04558682713953295,-0.11206326988645922,0.020046221534931533
trend,2005-03-31,2005-04-30,53,-0.08381683267494457,-0.10148388678055267,-0.12317715350001958,-0.1443213245432351,-0.12979324028963848,-0.04597640761469392
trend,2005-04-30,2005-05-31,53,0.10797211630914663,0.13658984072613062,0.10737847287727656,0.16944126880211083,0.05166898696720532,-0.05630312934194131
trend,2005-05-31,2005-06-30,53,0.08014050584314371,0.08796404401711959,0.07781142491828621,0.04079044987403254,0.07169000396533337,-0.008450501877810337
trend,2005-06-30,2005-07-31,53,0.08751336368110997,0.07639215827120487,0.05501823650249454,0.12401861514085874,0.13918786820246085,0.051674504521350875
trend,2005-07-31,2005-08-31,54,0.023048222642184334,0.02572856449488931,0.0034452376741770816,0.010367799487292696,-0.041537121087092205,-0.06458534372927655
trend,2005-08-31,2005-09-30,54,0.06586200887387988,0.11140113075936489,0.05686628476570815,0.060637677319780134,0.039322982501690466,-0.02653902637218942
trend,2005-09-30,2005-10-31,54,-0.0789037714200091,-0.0029484304266168618,0.04941206821532558,-0.007367370069550774,-0.030045650854318248,0.048858120565690846
trend,2005-10-31,2005-11-30,54,0.20549077176571454,0.15701356376013875,0.11168766793815443,0.22923925701568637,0.12367711005147593,-0.08181366171423861
trend,2005-11-30,2005-12-31,55,0.03851211100226562,0.0683037389924308,0.02609497567636739,0.13027870655036605,0.10177865115067988,0.06326654014841426
trend,2005-12-31,2006-01-31,55,0.12783855472018102,0.09880891218530877,0.11710961191891668,0.13396499323437114,0.19621979248392185,0.06838123776374083
trend,2006-01-31,2006-02-28,55,0.11112864841282476,0.10464096265269299,0.05438807102479402,0.1470956113079549,0.08473185748517086,-0.0263967909276539
trend,2006-02-28,2006-03-31,55,-0.09794251574529592,-0.05416437578480342,0.24428889675870713,-0.07684434228212508,-0.12652977628163142,-0.028587260536335507
trend,2006-03-31,2006-04-30,55,0.03036917889943277,0.050408853173415924,-0.03000684473731181,0.05394096071718317,0.023223357655767884,-0.007145821243664887
trend,2006-04-30,2006-05-31,56,-0.15272230644926096,-0.11972903044821583,-0.08775626809345272,-0.1528728074735044,-0.1626407615313667,-0.009918455082105732
trend,2006-05-31,2006-06-30,56,-0.11038793718301261,-0.11798914158387327,-0.18300089023055424,-0.07928495981604215,-0.14357827636920142,-0.033190339186188814
trend,2006-06-30,2006-07-31,56,0.08027523505047321,0.03359594358570221,0.07030994175392992,0.052073349479022805,-0.006353035413050404,-0.08662827046352362
trend,2006-07-31,2006-08-31,56,0.03561948381189008,0.039983419527331615,0.04302017767355946,0.03539162808899836,0.054379214831613315,0.01875973101972323
trend,2006-08-31,2006-09-30,56,0.016105664711015173,0.03049617022095893,0.02562821505341707,0.018350544870617814,0.006669989156982823,-0.009435675554032349
trend,2006-09-30,2006-10-31,56,0.08094707112573384,0.07136763049048554,0.09175810090425172,0.07182857494009705,0.1041267609009216,0.023179689775187765
trend,2006-10-31,2006-11-30,56,-0.024253018460246845,-0.013832260661070501,-0.044106920266399556,-0.0486776968611391,0.009255757650007412,0.033508776110254254
trend,2006-11-30,2006-12-31,56,0.048945908741175465,0.01926978752472862,-0.0070355237874541905,0.020816421268429922,-0.03425541585448633,-0.08320132459566179
trend,2006-12-31,2007-01-31,56,0.05679395902380357,0.05103928861403788,0.0629204779710233,0.0734476945552921,0.09378027176331645,0.03698631273951288
trend,2007-01-31,2007-02-28,56,-0.018814106122196157,0.004636283538388863,3.0271303786794608e-05,0.03419536833904537,-0.04111182694677263,-0.022297720824576473
trend,2007-02-28,2007-03-31,57,0.0454621221217486,0.10099339534436182,0.07695115587694304,0.04705285842034579,0.05972056311845355,0.014258440996704952
trend,2007-03-31,2007-04-30,57,-0.008359254065201716,-0.008092461116361728,0.001955555504238729,-0.03976126527710084,0.017846455040343,0.026205709105544716
trend,2007-04-30,2007-05-31,57,0.09853238415241768,0.13728714381898344,0.05883243180386564,0.17048760799712578,0.09639522437531249,-0.0021371597771051853
trend,2007-05-31,2007-06-30,58,-0.041848279622616856,-0.004961809499530874,-0.06886823085335803,-0.057684623482532456,0.0008624547398968507,0.04271073436251371
trend,2007-06-30,2007-07-31,60,0.12539161733517654,0.10086417566775845,0.06785747711035055,0.14776912535483114,0.14289590742023392,0.017504290085057383
trend,2007-07-31,2007-08-31,60,-0.03324512704557312,-0.047132903628273964,-0.10747771115539373,-0.06424902247687878,-0.05511468147391362,-0.0218695544283405
trend,2007-08-31,2007-09-30,60,0.053503899946476696,0.09089402119798523,0.06616275674864763,0.04696944687629564,0.025271713032405763,-0.028232186914070933
trend,2007-09-30,2007-10-31,60,0.027382316003870227,0.02924881037455569,-0.0023530314627938456,-0.017075733162549733,0.07087296712718381,0.04349065112331359
trend,2007-10-31,2007-11-30,60,-0.059283959436868185,-0.052674604112739824,-0.03652590098684872,-0.04540127518207975,-0.03938347666477173,0.019900482772096453
trend,2007-11-30,2007-12-31,61,-0.00016467225229796704,-0.004280960461408911,0.05789979307960975,0.010595961230504648,0.04842941969034725,0.04859409194264522
trend,2007-12-31,2008-01-31,62,-0.20561899792808103,-0.1949754080231648,-0.19552106024723598,-0.23011695076598024,-0.11370761976153913,0.0919113781665419
trend,2008-01-31,2008-02-29,62,0.06918903633569021,0.04562354550203316,0.03568228433073289,-0.029534166054787276,0.08112158822550533,0.011932551889815124
trend,2008-02-29,2008-03-31,62,-0.1349466769915869,-0.11505323989675019,-0.0990672884548362,-0.07468285900434254,-0.10552456811858006,0.02942210887300685
trend,2008-03-31,2008-04-30,62,0.12746543326306078,0.1658468406587844,0.10376602580349775,0.20268869950308085,0.11878963449119256,-0.00867579877186822
trend,2008-04-30,2008-05-31,62,-0.04407530873870518,-0.02440104278545132,0.04511182204467309,-0.04788181350283124,0.06462817698620024,0.10870348572490543
trend,2008-05-31,2008-06-30,63,-0.1644149305490658,-0.11025222683342017,-0.13833358012827854,-0.17269624758506183,-0.06322516089874672,0.10118976965031909
trend,2008-06-30,2008-07-31,63,0.18663781241316071,0.1451028854637456,0.10890114161578733,0.1412488809000193,0.008324613862214033,-0.17831319855094668
trend,2008-07-31,2008-08-31,63,0.02874872200911358,0.05398641910629948,0.026018428093205863,-0.03303690646837468,-0.03631801885935409,-0.06506674086846767
trend,2008-08-31,2008-09-30,63,-0.18368348545277174,-0.13073592099468337,-0.1466141714826393,-0.15890950290717584,-0.15027713569286988,0.033406349759901866
trend,2008-09-30,2008-10-31,63,-0.25594323512427863,-0.30371578601631166,-0.3197271789100229,-0.37192822596562497,-0.2785207743486259,-0.022577539224347243
trend,2008-10-31,2008-11-30,63,-0.04922400115031841,-0.07805245949825546,0.002278178492796007,-0.07838156408187189,-0.04772191840318681,0.0015020827471315945
trend,2008-11-30,2008-12-31,63,0.07641188041102212,0.06549689399137806,0.07106691830245064,0.055187663071781,-0.1070956281648998,-0.1835075085759219
trend,2008-12-31,2009-01-31,63,-0.02739328322536915,-0.055204036046759275,-0.01677494618729313,-0.023600335032778592,0.008649005159694245,0.0360422883850634
trend,2009-01-31,2009-02-28,63,-0.046674899158602776,-0.016203625820559304,-0.01380513633276523,-0.04138942877895997,-0.027476028408218778,0.019198870750383998
trend,2009-02-28,2009-03-31,63,0.1258961568117794,0.06973942887979934,0.16913114246021604,0.09418491238296281,0.01476149397253626,-0.11113466283924314
trend,2009-03-31,2009-04-30,63,0.37550836808006655,0.26062303864233716,0.24256077426178588,0.21768485526404022,0.24977125589804594,-0.1257371121820206
trend,2009-04-30,2009-05-31,63,0.1715292721382412,0.17286078998788343,0.12564717376297388,0.1521643396795169,0.09421728920862396,-0.07731198292961725
trend,2009-05-31,2009-06-30,63,0.03523647964125727,0.06645411596066825,0.070318989851861,0.037982411962947785,0.06609252286113518,0.030856043219877907
trend,2009-06-30,2009-07-31,63,0.11511478784527052,0.10603728873470845,0.10269314108904518,0.0690162953053374,0.08460562478858344,-0.030509163056687078
trend,2009-07-31,2009-08-31,63,0.24927848378194772,0.17088657742559024,0.11394919828097949,0.38231000961727385,0.07012407341537534,-0.17915441036657237
trend,2009-08-31,2009-09-30,63,0.08175839694382189,0.0067932105082180345,0.05411355007656133,0.09561435077965985,0.04090123952969685,-0.040857157414125045
trend,2009-09-30,2009-10-31,63,0.045878179279377665,0.02519700394173365,-0.006208218261847391,-0.016594652819351685,0.003481259321223067,-0.042396919958154596
trend,2009-10-31,2009-11-30,63,-0.06860954154344205,-0.07016387590726215,-0.040683413125766794,-0.030978152294151618,-0.046785483685746726,0.021824057857695325
trend,2009-11-30,2009-12-31,63,0.16756281176417195,0.12225238325114109,0.20358399826337517,0.16116090931165458,0.1806690338703184,0.013106222106146453
trend,2009-12-31,2010-01-31,63,0.0635302967436237,0.08951504895436786,0.09341824876829309,0.0704295859911271,0.07579139610666866,0.012261099363044953
trend,2010-01-31,2010-02-28,63,-0.062634039333404,-0.10968162802492624,-0.0816131687085553,-0.0875691152331289,-0.051171654364491156,0.011462384968912845
trend,2010-02-28,2010-03-31,63,0.16373149048991445,0.10070586775081931,0.16318734431224702,0.0875056135631886,0.10086997434933218,-0.06286151614058227
trend,2010-03-31,2010-04-30,63,0.06335532157887229,0.07922666668989292,0.11296749351911782,0.08406529225257438,0.026769916833436682,-0.036585404745435604
trend,2010-04-30,2010-05-31,63,-0.10559157280611722,-0.08881919196168087,-0.04308846718480992,-0.1220542727277969,-0.09410819360085534,0.011483379205261879
trend,2010-05-31,2010-06-30,64,0.03037257909088195,-0.016567386273354377,0.02058069970442324,0.03809918545298298,0.007991115365013264,-0.02238146372586869
trend,2010-06-30,2010-07-31,65,0.06268558169603954,0.042779029527145435,0.0794839946502744,0.05636012233357494,0.07649082533112182,0.013805243635082287
trend,2010-07-31,2010-08-31,65,0.014277385170937174,0.033279703150788695,0.028294051393233335,0.04342724730490988,0.03138172296675254,0.017104337795815366
trend,2010-08-31,2010-09-30,65,0.07926070578855679,0.07700185493712687,0.0833843535017523,0.13148906763086085,0.09285362077775283,0.013592914989196042
trend,2010-09-30,2010-10-31,65,0.041713058693691164,0.07334134383987298,0.05637108664685941,0.03607819054423586,0.07509378231112304,0.03338072361743188
trend,2010-10-31,2010-11-30,66,-0.0384902339398693,-0.033111723885253824,-0.020876983691961535,-0.04499246436742355,-0.013425511878198994,0.025064722061670305
trend,2010-11-30,2010-12-31,66,0.04048577409715603,0.09169436139082138,0.03277492398991854,0.04076646329374859,0.051712183798435715,0.011226409701279687
trend,2010-12-31,2011-01-31,68,0.041211907319704366,-0.007607803563241798,0.0015541232787574244,-0.018021985817656752,-0.006187954052833884,-0.04739986137253825
trend,2011-01-31,2011-02-28,68,-0.07400259620459192,-0.06590968979318614,-0.031130537860449177,-0.04690013996138384,0.007793301412095365,0.08179589761668728
trend,2011-02-28,2011-03-31,69,0.08464316050126473,0.08783027131996148,0.05058812773040046,0.09730579501484389,0.089370282475949,0.004727121974684265
trend,2011-03-31,2011-04-30,69,0.06213279920976128,0.05779935522716188,0.11917462974483928,0.12176635012294121,0.08172707867180448,0.0195942794620432
trend,2011-04-30,2011-05-31,69,-0.09100886933402706,-0.06863557140736283,-0.0783508514330151,-0.05917600512552312,-0.005819883083284849,0.08518898625074221
trend,2011-05-31,2011-06-30,69,-0.013096886638110301,-0.02563962842281396,0.00066421845908441,-0.016827653980229746,0.019279221924092354,0.03237610856220265
trend,2011-06-30,2011-07-31,69,-0.05064551197763933,-0.015405562848259788,7.434440303285464e-05,-0.027729792722423985,0.02374005363582395,0.07438556561346328
trend,2011-07-31,2011-08-31,69,-0.14689639352128867,-0.17254378819967986,-0.14698339828150214,-0.14444258242029573,-0.13559531172972747,0.011301081791561196
trend,2011-08-31,2011-09-30,70,0.07081880898492572,0.07229126366358833,0.08125957439759857,0.0675634915061199,0.0616770651875389,-0.009141743797386824
trend,2011-09-30,2011-10-31,70,0.03140939398033634,0.02072550925753201,-0.05346580873618995,-0.01180453044331565,-0.019367655353599862,-0.0507770493339362
trend,2011-10-31,2011-11-30,70,-0.08374149214827445,-0.12174150694352655,-0.04377556992610807,-0.010976723671503938,-0.0696811808341766,0.01406031131409785
trend,2011-11-30,2011-12-31,70,-0.04950143248254553,-0.059430592018616724,-0.04821034186414321,-0.030998725850773734,0.021638440044381226,0.07113987252692676
trend,2011-12-31,2012-01-31,70,0.12874423744708327,0.10742871875437283,0.0917304256631343,0.11247565945174982,0.04864477932068265,-0.08009945812640062
trend,2012-01-31,2012-02-29,70,0.11393655449575293,0.05901434777460611,0.07162432086640184,0.06051951040039475,0.034564470535126714,-0.07937208396062623
trend,2012-02-29,2012-03-31,70,0.056859774203009875,0.04431953775577055,0.04199458945577396,0.0171124402289182,0.017804581685849887,-0.039055192517159984
trend,2012-03-31,2012-04-30,70,-0.01843287348198653,-0.04155588863949701,-0.029289954867912454,0.018993813128330515,0.14414688255508598,0.1625797560370725
trend,2012-04-30,2012-05-31,70,-0.08145384022993839,-0.09095708584288334,-0.04643395772450857,-0.06515226513263686,-0.07784861718533732,0.0036052230446010636
trend,2012-05-31,2012-06-30,71,0.14517976023866871,0.10021793903516577,0.1222370635667297,0.11696250703738752,0.06081884020415893,-0.08436092003450979
trend,2012-06-30,2012-07-31,71,0.05421660015868373,0.026859601942372278,0.03791433330116622,0.045400186050901715,0.006274561491291186,-0.04794203866739254
trend,2012-07-31,2012-08-31,71,0.025305705516229772,0.06042620032380202,0.021886547386310573,0.02349273789810396,0.06384388493870627,0.0385381794224765
trend,2012-08-31,2012-09-30,71,-0.011560558657318316,-0.0021361709610282736,-0.02436071813331755,-0.008735450415741672,-0.017538145895486485,-0.005977587238168169
trend,2012-09-30,2012-10-31,71,0.02705256235867392,0.04275260581760027,0.071256362950256,0.033842496920155306,0.06668180605591134,0.03962924369723742
trend,2012-10-31,2012-11-30,71,0.015878188674554705,0.024361082696206,0.03583923092070449,-0.006715428191036417,0.014438213301605884,-0.0014399753729488207
trend,2012-11-30,2012-12-31,71,0.10413311424557692,0.10159786929945766,0.05855403592026074,0.10435407598368739,0.09980427101054239,-0.004328843235034532
trend,2012-12-31,2013-01-31,71,0.02660743063621896,0.04062738372535739,0.06043731710012501,0.05725660010150259,0.002129901154704461,-0.0244775294815145
trend,2013-01-31,2013-02-28,71,-0.00273481014645253,-0.00028497945719133507,0.03157793077270874,0.014757139632056826,0.055644726738226014,0.05837953688467854
trend,2013-02-28,2013-03-31,71,0.058243123901114274,0.05544466267064331,0.062154167309425225,0.08905730284727116,0.11121251479775648,0.05296939089664221
trend,2013-03-31,2013-04-30,71,0.020344467246396093,-0.012471373801114991,-0.006214230349767179,0.02305823983624024,0.06684500479791802,0.046500537551521934
trend,2013-04-30,2013-05-31,71,0.047236001600274274,-0.023568896734681703,0.03389751940989239,0.033910342460622675,0.03056139937974991,-0.016674602220524363
trend,2013-05-31,2013-06-30,71,-0.13195942199546748,-0.09831892833592314,-0.08458473890695348,-0.09626997749868758,-0.06743393746295757,0.0645254845325099
trend,2013-06-30,2013-07-31,71,-0.00646133063752478,-0.005298459891078264,-0.039357087076290743,-0.020174876309477126,0.010315617111980186,0.016776947749504965
trend,2013-07-31,2013-08-31,73,-0.1305467544027416,-0.06950224794352244,-0.09186469471512192,-0.12123229091871354,-0.15052887054685532,-0.019982116144113715
trend,2013-08-31,2013-09-30,73,0.12273692680725268,0.12722941553377454,0.12677444719438366,0.15263026938447202,0.15483415400003472,0.032097227192782046
trend,2013-09-30,2013-10-31,73,0.09027938178924705,0.034777414532608485,0.05381667019522087,0.0557405039979735,0.04400871103445102,-0.04627067075479603
trend,2013-10-31,2013-11-30,73,-0.01885642275750025,-0.04337346274234472,-0.025407657226848478,0.0383709587208161,-0.010077654314936813,0.008778768442563438
trend,2013-11-30,2013-12-31,73,-0.12740331178088538,-0.11534297149364105,-0.10032808363910363,-0.08327977344249268,-0.08635696342852149,0.041046348352363884
trend,2013-12-31,2014-01-31,73,-0.05163101259288708,-0.0879512064439063,-0.05158995290879223,-0.05295791191748346,-0.06502548953977218,-0.0133944769468851
trend,2014-01-31,2014-02-28,73,0.04478678862983983,0.025300271403194973,0.02335515496937505,0.05445626167111647,-0.017821361627556386,-0.06260815025739622
trend,2014-02-28,2014-03-31,73,0.10831099916774235,0.031073432726962686,0.06450050887638975,0.08656771985922178,0.030436508229407577,-0.07787449093833478
trend,2014-03-31,2014-04-30,73,0.1471713043247544,0.1010820419411837,0.09395939839478754,0.07271247416414918,0.07458552336123102,-0.07258578096352337
trend,2014-04-30,2014-05-31,73,0.054385774320634565,0.08281977622438388,0.05624679351691733,0.05256539413484918,0.058073326137690014,0.0036875518170554483
trend,2014-05-31,2014-06-30,73,-0.006201207964102463,0.031961692883910375,-0.0034691060473579505,0.004259811377486814,0.02512235147969199,0.03132355944379445
trend,2014-06-30,2014-07-31,73,0.013626966518026898,0.055560077644107954,0.03964342090405145,0.061912494416989476,0.03723952213617578,0.023612555618148887
trend,2014-07-31,2014-08-31,73,0.02118039110429538,-0.017811213880059497,-0.025135325730523343,0.0018252352976895442,-0.015155227749052091,-0.036335618853347476
trend,2014-08-31,2014-09-30,73,-0.05741262744550557,-0.07466037046484329,-0.06837313274922531,-0.036960644793226825,0.02540838170063024,0.08282100914613581
trend,2014-09-30,2014-10-31,73,0.05456401220111178,0.0854709537896234,0.045711864023177284,0.06949906206358512,0.07689930934499364,0.022335297143881862
trend,2014-10-31,2014-11-30,73,0.0664467860600341,0.06449813953747403,0.05475723064489206,0.040765238111124,0.0509446135274465,-0.015502172532587594
trend,2014-11-30,2014-12-31,73,0.005698088237480977,-0.019614638754864355,-0.006272382237051917,0.044912197874761604,0.04166036468276502,0.03596227644528405
trend,2014-12-31,2015-01-31,73,0.02754221274832791,0.09585115447470134,0.05878345548307861,0.048709489401482335,0.03389178472642719,0.00634957197809928
trend,2015-01-31,2015-02-28,73,-0.051494385380475814,-0.006327716701662527,-0.0461755254467414,-0.019818923287178096,0.001537738339606524,0.05303212372008234
trend,2015-02-28,2015-03-31,73,-0.07986421842536132,-0.03950638222155997,-0.023428950690599974,-0.036361146202699104,-0.00960911685503109,0.07025510157033023
trend,2015-03-31,2015-04-30,73,0.05644282450859631,0.03697369288554247,0.052389458257365226,0.0566087939650829,0.028978474952840855,-0.027464349555755458
trend,2015-04-30,2015-05-31,73,-0.032098895829904245,-0.006252758382996346,0.004495795068976083,-0.017153236964110252,0.014005144295422241,0.046104040125326484
trend,2015-05-31,2015-06-30,73,-0.05531046472711212,-0.0412758750628085,-0.012928760343174969,0.015766199869129267,0.0029260813873401774,0.058236546114452295
trend,2015-06-30,2015-07-31,73,-0.0352420419738086,-0.027141960264901725,-0.01616950296005705,-0.007421569152685785,0.0006219396998252542,0.03586398167363385
trend,2015-07-31,2015-08-31,73,-0.041268905987538074,-0.09215758500700184,-0.05834609914472588,-0.06056862187858019,-0.06717331399001308,-0.02590440800247501
trend,2015-08-31,2015-09-30,73,0.005606991216457861,-0.01390690174647023,-0.0010035232282218736,0.03291889853278261,-0.03214170459514704,-0.03774869581160491
trend,2015-09-30,2015-10-31,73,0.041475816651907776,0.051800326175210215,0.07315502119158108,0.07184724296384519,0.03736355359717874,-0.004112263054729039
trend,2015-10-31,2015-11-30,73,-0.02015536539596406,-0.017191481394126257,0.007096145418733069,-0.011680033084574002,0.005956081328406334,0.026111446724370393
trend,2015-11-30,2015-12-31,73,0.009930911173912456,-0.028916904866498967,-0.023168635018122993,-0.038996436614844456,-0.02168849223486724,-0.031619403408779695
trend,2015-12-31,2016-01-31,73,-0.0050201520294594825,0.00621643969894523,0.004921250231667925,0.018138579509428394,0.007389902703942545,0.012410054733402027
trend,2016-01-31,2016-02-29,73,0.007389998430332434,0.004193472681185235,0.04040674557412282,0.056525579902036924,-0.0010108696992617405,-0.008400868129594175
trend,2016-02-29,2016-03-31,73,0.1005575965350188,0.10345824625631686,0.06745273753926007,0.10528241751041925,0.08689408292379212,-0.013663513611226683
trend,2016-03-31,2016-04-30,73,0.07054727647947914,0.03842382211354471,0.027329242558650473,0.055625951860041885,0.03866359522817696,-0.031883681251302184
trend,2016-04-30,2016-05-31,73,-0.06009612462921602,-0.08584659469282374,-0.03002015686687815,-0.08365393634954234,-0.025074860396837685,0.035021264232378335
trend,2016-05-31,2016-06-30,73,-0.054423844149178176,-0.027722833945039025,-0.03477634641724777,-0.018728390472946294,-0.003505497542078221,0.05091834660709996
trend,2016-06-30,2016-07-31,73,-0.000652695366212234,-0.012949841209778601,-0.019343585542033703,-0.007704585708876459,0.024665749956531858,0.02531844532274409
trend,2016-07-31,2016-08-31,73,0.060934621390862385,0.09073689957663274,0.014102804909076923,-0.0032646964312189925,-0.006145761659709829,-0.06708038305057222
trend,2016-08-31,2016-09-30,73,0.012513457970073298,0.016493901368178927,-0.012357831451712114,0.020533521057326636,-0.011075814097091286,-0.023589272067164584
trend,2016-09-30,2016-10-31,73,0.019642065579272942,0.02878099429198877,0.028066582652214934,0.007699040046126157,-0.015162751163431087,-0.034804816742704026
trend,2016-10-31,2016-11-30,73,-0.09052382448206399,-0.07687934146045693,-0.0750612895629607,-0.03138034366054711,-0.020196163921937415,0.07032766056012657
trend,2016-11-30,2016-12-31,73,0.04825265353806659,0.052522087779593954,0.04834365635523956,0.04689186943098202,0.09488075096922609,0.0466280974311595
trend,2016-12-31,2017-01-31,73,0.08926029981119311,0.08588611434394915,0.08342440715069976,0.09200147698615603,0.11023196538863246,0.020971665577439347
trend,2017-01-31,2017-02-28,73,-0.0031955452254325647,-0.00902448527703684,0.004701740110966298,0.0071854085310383686,0.031029686760412088,0.03422523198584465
trend,2017-02-28,2017-03-31,73,0.012251114436228594,-0.014533684823627071,0.017577898940416184,0.05417820017880728,0.05186938524791236,0.039618270811683766
trend,2017-03-31,2017-04-30,73,0.061628710048248145,0.08702393661186059,0.047277154137161416,0.08122227358450536,0.09253473710839734,0.030906027060149194
trend,2017-04-30,2017-05-31,73,0.09630091248258163,0.05253438321904786,0.03318363175391281,0.02394354977871779,0.08056778273337599,-0.01573312974920564
trend,2017-05-31,2017-06-30,73,0.06706155933392086,0.019122783878655698,0.016455367472611455,0.012534566669832516,0.008488369563731675,-0.05857318977018918
trend,2017-06-30,2017-07-31,73,0.08236058568325909,0.0889454008686744,0.0730513334214962,0.06747006879916977,0.026120163429100972,-0.056240422254158116
trend,2017-07-31,2017-08-31,73,-0.037347711814523676,-0.010486282493427765,0.08040567685950221,0.008671573759896467,0.0736109190546473,0.11095863086917097
trend,2017-08-31,2017-09-30,73,-0.0689097450705618,-0.06751997447827537,-0.06604624846953894,-0.06584243355792833,-0.04044117570328476,0.02846856936727704
trend,2017-09-30,2017-10-31,73,0.04675307495869829,0.01982540432887936,0.060072753481269975,0.07921897804995656,0.11676801990335121,0.07001494494465292
trend,2017-10-31,2017-11-30,73,-0.12113592861090326,-0.035229868440625936,-0.06996057872932178,-0.02871017547175541,-0.08264742570756527,0.038488502903337996
trend,2017-11-30,2017-12-31,73,0.15477669273234612,0.06592689906045353,0.13539028090760272,0.13430175025167085,0.12019397203341177,-0.03458272069893435
trend,2017-12-31,2018-01-31,73,0.05494447242460032,0.0728327133406749,0.06898369229377152,0.06832446199452007,0.0020599736836328874,-0.052884498740967435
trend,2018-01-31,2018-02-28,73,-0.049036366023355,-0.042963683284088124,-0.02833263687352568,-0.01946731931434697,0.017923979488900964,0.06696034551225596
trend,2018-02-28,2018-03-31,73,-0.006828428869520331,0.03885813564297611,-0.002549938104905891,0.0014928245757011096,-0.03347291772933117,-0.026644488859810838
trend,2018-03-31,2018-04-30,73,-0.05835516222198536,-0.07106511889644766,-0.08355970413198861,-0.059728193816854194,-0.10200127846920723,-0.04364611624722187
trend,2018-04-30,2018-05-31,73,-0.09097561010481865,-0.0630996516685944,-0.05319980806437479,-0.10717631626732785,-0.025936073187454025,0.06503953691736462
trend,2018-05-31,2018-06-30,73,0.04445646083025172,-0.044797915151806623,-0.01970042073241914,0.01019374509711553,-0.017099514291679396,-0.06155597512193112
trend,2018-06-30,2018-07-31,73,-0.039505450420162146,-0.044950402470760036,-0.0006836089867850929,0.04889312959104284,0.039290481050443776,0.07879593147060593
trend,2018-07-31,2018-08-31,73,-0.06989835596289022,-0.13136258108493165,-0.08927841049124445,0.03735721294106003,0.009008266859240706,0.07890662282213093
trend,2018-08-31,2018-09-30,73,0.048168043403478605,0.10248571086510504,0.05539041515827733,0.017382639169888494,0.026767808145827316,-0.02140023525765129
trend,2018-09-30,2018-10-31,73,-0.08817024874288863,-0.11358935257465566,-0.11417510390867504,-0.11646033405052192,-0.09948381673062873,-0.011313567987740095
trend,2018-10-31,2018-11-30,73,0.052773593099786124,0.0811742154149618,0.09573601308000491,0.011378365624928015,-0.012935627587800595,-0.06570922068758672
trend,2018-11-30,2018-12-31,73,-0.025159863185819687,-0.02429591248223632,-0.05752079853544781,-0.053789753621253655,-0.015034406797632209,0.010125456388187478
trend,2018-12-31,2019-01-31,73,0.12584885738493815,0.14670342030422073,0.13786627172014151,0.1267510114957934,0.07755632278139751,-0.04829253460354063
trend,2019-01-31,2019-02-28,73,0.0019268509826910012,0.0334176724801379,0.10620341465191864,0.05772669025939326,-0.008486586904595443,-0.010413437887286443
trend,2019-02-28,2019-03-31,73,-0.10903576507594724,-0.09518881027870098,-0.09977167256732491,-0.09678616367393136,-0.023487796525051428,0.08554796855089582
trend,2019-03-31,2019-04-30,73,-0.011949103022783507,0.03239587969266757,0.006821067235962001,0.04064699657401231,0.060185138687384475,0.07213424171016798
trend,2019-04-30,2019-05-31,73,-0.09694636787093189,-0.03249871528428257,-0.05340027295039204,-0.012968833242456837,-0.01218537380976182,0.08476099406117008
trend,2019-05-31,2019-06-30,73,0.10444125154337178,0.10720302721715953,0.06495343501436597,0.07798800888216557,0.06697869714036463,-0.03746255440300715
trend,2019-06-30,2019-07-31,73,0.06248570467194926,0.060254900999416085,0.04776407766298692,0.05698885940112371,-0.008133603016591228,-0.0706193076885405
trend,2019-07-31,2019-08-31,73,0.0052797876858686164,0.008300005702293547,-0.04550962180557241,-0.0431815563432895,0.04435440195057191,0.039074614264703295
trend,2019-08-31,2019-09-30,73,0.21834357643287527,0.10369332224856896,0.12130906987131099,0.06960135189077415,0.023125842113521984,-0.1952177343193533
trend,2019-09-30,2019-10-31,73,-0.03965921542958583,-0.013445742370447362,-0.02423805553931584,-0.015232671450270598,-0.012267946417045443,0.027391269012540388
trend,2019-10-31,2019-11-30,73,0.2367747126065425,0.1840512585671122,0.16891042979415807,0.13075572672360944,0.03270026608636071,-0.2040744465201818
trend,2019-11-30,2019-12-31,73,0.1675815013807803,0.08991556794514555,0.09830936632269988,0.10068633769623288,0.16335323200835075,-0.004228269372429538
trend,2019-12-31,2020-01-31,73,0.1500467353498091,0.06806833793343052,0.06738601951603153,0.06327775973202818,0.08415596443167292,-0.0658907709181362
trend,2020-01-31,2020-02-29,73,-0.11314295412163743,-0.11127962695758753,-0.1377864414489101,-0.09253970711945682,-0.07567663023629584,0.03746632388534159
trend,2020-02-29,2020-03-31,73,-0.20698773653100408,-0.16136048074381917,-0.15438597782300084,-0.15486829224644888,-0.19001809507550227,0.01696964145550181
trend,2020-03-31,2020-04-30,73,0.22156538544106,0.176164777628925,0.2286551213727682,0.27145319379466754,0.15630708489677816,-0.06525830054428183
trend,2020-04-30,2020-05-31,73,0.042485719514942,0.05003721015791198,0.05718407738523136,0.09219029338900711,0.11517092756530817,0.07268520805036617
trend,2020-05-31,2020-06-30,73,0.17865178598876047,0.17167865838703994,0.11696901968625842,0.1511645113190976,0.09380947538460514,-0.08484231060415533
trend,2020-06-30,2020-07-31,73,-0.043409394692993444,-0.02913930089314115,0.09158058028292074,0.026719564034117873,0.05220532341486118,0.09561471810785463
trend,2020-07-31,2020-08-31,73,-0.047488450631627765,-0.039207173610842604,-0.062333662898920665,-0.0720146732872889,-0.0011153997168513656,0.0463730509147764
trend,2020-08-31,2020-09-30,73,0.024818079769189053,0.09354952785408513,0.10468517441493415,0.12902323085981307,0.05346145768374783,0.02864337791455878
trend,2020-09-30,2020-10-31,73,-0.06475559304543352,0.12025208587435886,0.006828891996856597,0.0048285541523298,0.03595020268803203,0.10070579573346555
trend,2020-10-31,2020-11-30,73,0.26510582394628585,0.22462267181261386,0.09110672397016922,0.1398546085692531,0.14966628881280292,-0.11543953513348293
trend,2020-11-30,2020-12-31,73,0.11151243586995764,0.1412962945373676,0.29203913033191853,0.17552021745135857,0.09342483269934225,-0.01808760317061539
trend,2020-12-31,2021-01-31,73,-0.03121840515209368,0.05970387818907811,0.09527651579548672,0.03186462276612818,0.10396119860782176,0.13517960375991545
trend,2021-01-31,2021-02-28,73,0.0005125119161887662,-0.03935511111139948,-0.0006482084369885621,0.004014839594849202,0.009813541302796554,0.009301029386607788
trend,2021-02-28,2021-03-31,73,-0.1383115566785071,-0.001501484189754408,-0.05782420083658047,0.07265703064976746,0.055282445433583086,0.1935940021120902
trend,2021-03-31,2021-04-30,73,0.014495598470819115,-0.02689889024566065,-0.0044360123263200045,0.0007201155985876768,-0.09225410091808153,-0.10674969938890065
trend,2021-04-30,2021-05-31,73,0.05967105367746227,0.009593375946361933,-0.005861853953180151,0.011389616173870687,-0.01926575881367561,-0.07893681249113788
trend,2021-05-31,2021-06-30,73,-0.002023621050227612,-0.02943954193458211,-0.06404217165768417,-0.1071752738602197,-0.08924243364126498,-0.08721881259103736
trend,2021-06-30,2021-07-31,73,0.03523822271991177,0.029949100688761523,0.030723160202224594,0.05119318212119455,0.051276397060933364,0.016038174341021595
trend,2021-07-31,2021-08-31,73,0.04755100638487318,0.06367871380407077,0.05679493563386921,0.04831472154766081,0.019270560372518862,-0.02828044601235432
trend,2021-08-31,2021-09-30,73,-0.016541344296053955,0.0008997343010659195,-0.031364241188895865,-0.001334521417780605,-0.022766750311381163,-0.0062254060153272076
trend,2021-09-30,2021-10-31,73,0.08003261841495143,0.059028593561036034,0.06290237232244235,0.039404126807643804,0.08398922905108913,0.003956610636137697
trend,2021-10-31,2021-11-30,73,0.13609288973477557,0.13984739110032235,0.2215126325111681,0.14424763933244703,0.19398920568541791,0.057896315950642346
trend,2021-11-30,2021-12-31,73,0.027531269051381962,0.014901588990679004,0.013889720509342755,0.07367844137760092,0.02080394333823526,-0.006727325713146701
trend,2021-12-31,2022-01-31,73,0.09008579961699206,0.09530641122349258,0.08858436173039792,0.11802319311980233,0.03915228716954074,-0.05093351244745132
trend,2022-01-31,2022-02-28,73,-0.10967739549781295,-0.06253704988167805,-0.08114411142356026,-0.004718106565154677,0.014501293022418916,0.12417868852023187
trend,2022-02-28,2022-03-31,73,0.10794264309547583,0.15811614117667636,0.15734865779944848,0.14210425170881155,0.22879126182576368,0.12084861873028785
trend,2022-03-31,2022-04-30,73,0.09933698098283132,0.07080571201633838,0.10360029995807832,0.10181388100043443,0.07204403602512034,-0.02729294495771098
trend,2022-04-30,2022-05-31,73,-0.011802648077594523,0.023900452848857223,0.04308429327260118,0.059274437379770076,0.0999123197845145,0.11171496786210902
trend,2022-05-31,2022-06-30,73,-0.07269611676716266,-0.022826345661420167,0.024165353808476273,-0.014581706286961245,-0.03306893420364424,0.039627182563518416
trend,2022-06-30,2022-07-31,73,0.10680618922063881,0.16029260486645153,0.1195741051859347,0.0695120188165358,0.09689514168250637,-0.009911047538132434
trend,2022-07-31,2022-08-31,73,0.35916341487697273,0.37447549154100823,0.21609290132273148,0.14681136188997418,0.11291989402321632,-0.2462435208537564
trend,2022-08-31,2022-09-30,73,0.056643604577980816,0.027745506536325546,0.0037638274744872763,0.009768212868391737,-0.008330058795779393,-0.0649736633737602
trend,2022-09-30,2022-10-31,73,0.2764924804717206,0.17171119073049185,0.2789273444902201,0.1796640277928461,0.27729169469663717,0.0007992142249165779
trend,2022-10-31,2022-11-30,73,0.37337723444627036,0.3042162820209717,0.31304565361738884,0.23507767502130125,0.20713045033846814,-0.16624678410780222
trend,2022-11-30,2022-12-31,73,0.12309717759568232,0.12052019549566821,0.18023787794202073,0.12176146979200654,0.06940467331081228,-0.053692504284870046
trend,2022-12-31,2023-01-31,73,-0.12104515984733823,-0.11851673068921383,-0.1104141053009489,-0.13792129158771158,-0.13351119081213814,-0.01246603096479991
trend,2023-01-31,2023-02-28,73,-0.006247096736768495,0.0408748953026833,0.024836261547590364,0.09226028134816502,0.02562425000221132,0.03187134673897982
trend,2023-02-28,2023-03-31,73,0.017713406489555616,-0.02425481074672733,-0.04414578212009672,-0.05933893850162443,-0.13915029356224437,-0.15686370005179998
trend,2023-03-31,2023-04-30,73,-0.0681916425330805,-0.055435166894089546,-0.016337474843718,-0.06680405275648395,0.01574625329213518,0.08393789582521567
trend,2023-04-30,2023-05-31,73,0.051362759138740485,0.03637166012389644,0.07441093340420514,0.024254734173452062,0.133718626489164,0.08235586735042351
trend,2023-05-31,2023-06-30,73,0.14060045505429108,0.15485904592060393,0.1602775894296909,0.17784146373791065,0.2619228818061844,0.12132242675189331
trend,2023-06-30,2023-07-31,73,0.22164769123412859,0.29787288067664025,0.23595393277927243,0.23634286375888255,0.3020895669017688,0.08044187566764022
trend,2023-07-31,2023-08-31,73,0.16756575693691567,0.11594851034605018,0.1486362568541268,0.10635118594199103,0.2866690628580693,0.11910330592115365
trend,2023-08-31,2023-09-30,73,0.1521266227633089,0.15595403268795333,0.08128651803663142,0.07334954411835667,0.10039267289197537,-0.051733949871333534
trend,2023-09-30,2023-10-31,73,-0.10568879081226484,-0.055829951341435535,-0.09265860260799731,-0.1157042787469282,-0.061773604364218096,0.04391518644804675
trend,2023-10-31,2023-11-30,73,0.0819563802260898,0.029535696156356293,0.07754040008950312,0.04732849971594801,-0.00746553573942584,-0.08942191596551563
trend,2023-11-30,2023-12-31,73,-0.12220936612260361,-0.05331894512141367,-0.04339557407157182,-0.0783689142990733,-0.08613946146973449,0.03606990465286912
trend,2023-12-31,2024-01-31,73,0.1684069853656354,0.15291498821677196,0.19160344858970707,0.11576639315037686,0.04098372833733581,-0.1274232570282996
trend,2024-01-31,2024-02-29,73,0.1584446013796507,0.06842837789471064,0.1406007712703953,0.11899725967490005,0.07678346115500864,-0.08166114022464205
trend,2024-02-29,2024-03-31,73,0.03443781702138297,-0.07506980103820382,-0.002028889268885825,0.010193084955838086,0.004668216809898189,-0.029769600211484778
trend,2024-03-31,2024-04-30,73,0.09244373011010373,0.1256756544049993,0.11596554520699591,0.11597706261341635,0.16359005921824638,0.07114632910814264
trend,2024-04-30,2024-05-31,73,0.018167306282234796,0.05231022907982041,0.04138435925810145,0.08262801025087871,0.04313317147815366,0.024965865195918865
trend,2024-05-31,2024-06-30,73,-0.015232175318601163,9.006830666317769e-05,0.017458004228948817,0.03946262516810126,0.07971531587667698,0.09494749119527814
trend,2024-06-30,2024-07-31,73,0.0869038233606204,0.004142817835664241,-0.03706277428044276,-0.010685613747522717,-0.04910834674634426,-0.13601217010696465
trend,2024-07-31,2024-08-31,73,-0.06843562742632067,-0.09874681828379916,-0.042787384469389005,-0.05983918088317907,-0.1430254123912539,-0.07458978496493324
trend,2024-08-31,2024-09-30,73,0.0072119064046690514,0.02532207324177545,0.04039268281039215,0.0013130664432461833,0.004522435619197755,-0.0026894707854712967
trend,2024-09-30,2024-10-31,73,-0.04475123046555004,-0.04449500382502421,-0.05539831175348318,-0.05233089536677254,-0.07504998220810055,-0.030298751742550513
trend,2024-10-31,2024-11-30,73,0.05158133164238229,0.1252230529786104,0.12527360995528375,0.07856459886465181,0.06739789793486022,0.015816566292477928
trend,2024-11-30,2024-12-31,73,0.05343896492955492,0.04468366490620341,0.028879794304747113,0.025403523632061196,0.008365597111933246,-0.04507336781762167
trend,2024-12-31,2025-01-31,73,-0.03853492622642888,-0.033270251412268866,-0.015254394605120873,0.022659164222455747,0.04549676988971444,0.08403169611614332
trend,2025-01-31,2025-02-28,73,-0.05460625971474917,-0.06082577352539712,-0.040367495075180664,-0.021071064753167636,-0.047160663510296554,0.007445596204452613
trend,2025-02-28,2025-03-31,73,0.02916279510746393,0.06365747743829915,0.08976615746066276,0.028876079016566875,-0.014161906485482885,-0.04332470159294681
trend,2025-03-31,2025-04-30,73,-0.00953787800022529,-0.06792351037347297,-0.09104078171621106,-0.08401797067935078,-0.05392321261079009,-0.0443853346105648
trend,2025-04-30,2025-05-31,73,-0.038409042122325175,0.022781297571769627,-0.02635183230615541,0.03190589241079673,-0.01618279338682867,0.022226248735496505
trend,2025-05-31,2025-06-30,73,0.07222582077657087,0.028660191671178885,0.116356074674255,0.14464383189885294,0.10649550042580126,0.03426967964923039
trend,2025-06-30,2025-07-31,73,0.12460826175125399,0.11459180116786327,0.10796890127039814,0.050010445870377784,0.07319357579821904,-0.051414685953034944
trend,2025-07-31,2025-08-31,73,0.11491505278793827,0.05349460503855379,0.07312476026388118,0.0043467534504635285,0.008366875681851401,-0.10654817710608687
trend,2025-08-31,2025-09-30,73,-0.050099962773737544,-0.05376546132328216,-0.06259520263422558,0.0027670764664728636,-0.07255227665826768,-0.02245231388453013
trend,2025-09-30,2025-10-31,73,0.020466297098412908,0.018564750195479214,-0.0030342298704367407,-0.0031293588129992023,0.03329547337251421,0.012829176274101305
trend,2025-10-31,2025-11-30,73,-0.03754256287051478,-0.0450557360067678,-0.027367337955964636,0.022759844429774023,-0.010708832118547947,0.026833730751966833
trend,2025-11-30,2025-12-31,73,0.005492482787747499,0.05386152090766709,0.046765491658695056,0.04927583856952782,0.013614778656175797,0.008122295868428298
trend,2025-12-31,2026-01-31,73,0.13939715114314452,0.12353446596006527,0.1845422736418544,0.15849792677533855,0.19652005568461064,0.057122904541466124
trend,2026-01-31,2026-02-28,73,-0.043839195127555505,-0.015303159569672788,-0.03589021383723326,-0.010866472134700433,0.02256334356932981,0.06640253869688531
trend,2026-02-28,2026-03-31,73,-0.008087047655812637,-0.03155820866177591,-0.06927294493126886,-0.04702066293872318,-0.15063856466368655,-0.1425515170078739
trend,2026-03-31,2026-04-30,73,0.07170789109734939,0.23851797339643138,0.08576406460554462,0.12641198564459416,0.08814523390882259,0.016437342811473202
trend,2026-04-30,2026-05-31,73,-0.01692558758139399,-0.024138377133004034,-0.024791475736575554,-0.02073858477059553,0.040208329181822024,0.05713391676321601
